{
  "type": "FeatureCollection",
  "features": [
    {
      "type": "Feature",
      "geometry": {
        "type": "Point",
        "coordinates": [
          7.86317,
          51.6550665
        ]
      },
      "properties": {
        "id": "tk_nwr_osm_n10004690998",
        "name": "Peppersack",
        "address": {},
        "sources": [
          {
            "type": "osm",
            "id": "node/10004690998",
            "version": 0
          },
          {
            "type": "gmaps",
            "id": "ChIJk1Acqz9xuUcRPFn7_9E9H_c"
          }
        ],
        "created": "2026-05-29",
        "updated": "2026-06-29",
        "sources_by_field": {
          "name": "osm",
          "hours": "google"
        },
        "apple_id_attempted": "2026-05-29",
        "google_attempted": "2026-05-29",
        "hours": {
          "raw": "Tu 06:30-20:00; Th 06:30-20:00; Fr 06:30-20:00; We 06:30-20:00; Mo 06:30-20:00; Sa 06:30-20:00; Su 08:00-20:00"
        },
        "payment": {}
      }
    },
    {
      "type": "Feature",
      "geometry": {
        "type": "Point",
        "coordinates": [
          5.8903571,
          51.0203208
        ]
      },
      "properties": {
        "id": "tk_nwr_osm_n10058779590",
        "name": "Schramowski - Drinks",
        "address": {},
        "sources": [
          {
            "type": "osm",
            "id": "node/10058779590",
            "version": 0
          },
          {
            "type": "apple",
            "id": "13858038682909805657"
          }
        ],
        "created": "2026-05-29",
        "updated": "2026-06-29",
        "sources_by_field": {
          "name": "osm",
          "hours": "apple",
          "payment.cards": "apple",
          "payment.contactless": "apple"
        },
        "apple_attempted": "2026-05-29",
        "hours": {
          "raw": "Mo-Fr 08:00-18:30; Sa 08:00-14:00"
        },
        "payment": {
          "cards": "yes",
          "contactless": "yes"
        }
      }
    },
    {
      "type": "Feature",
      "geometry": {
        "type": "Point",
        "coordinates": [
          9.0594886,
          51.5569776
        ]
      },
      "properties": {
        "id": "tk_nwr_osm_n1023304486",
        "name": "Getränke Pennig",
        "address": {},
        "sources": [
          {
            "type": "osm",
            "id": "node/1023304486",
            "version": 0
          },
          {
            "type": "gmaps",
            "id": "ChIJ9ZjccxAHu0cRbr6wFPhkPGg"
          }
        ],
        "created": "2026-05-29",
        "updated": "2026-06-29",
        "sources_by_field": {
          "name": "osm",
          "hours": "google"
        },
        "apple_id_attempted": "2026-05-29",
        "google_attempted": "2026-05-29",
        "hours": {
          "raw": "Tu 15:30-17:00; Th 15:30-17:00; Fr 15:30-17:00; We 15:30-17:00; Mo 15:30-17:00"
        },
        "payment": {}
      }
    },
    {
      "type": "Feature",
      "geometry": {
        "type": "Point",
        "coordinates": [
          6.2593032,
          50.9593292
        ]
      },
      "properties": {
        "id": "tk_nwr_osm_n1028020052",
        "name": "Brauerei und Brennerei Jakob Rainer & Sohn",
        "address": {
          "street": "Kreisstraße",
          "number": "33",
          "postalcode": "52441",
          "city": "Linnich"
        },
        "sources": [
          {
            "type": "osm",
            "id": "node/1028020052",
            "version": 0
          },
          {
            "type": "apple",
            "id": "18442631033476952809"
          },
          {
            "type": "gmaps",
            "id": "ChIJJc7_yGSnwEcRAc6UKrlZCC4"
          }
        ],
        "created": "2026-05-29",
        "updated": "2026-06-29",
        "hours": {
          "raw": "Mo-Fr 08:00-12:00,13:00-18:00; Sa 08:30-12:00"
        },
        "sources_by_field": {
          "name": "osm",
          "address.street": "osm",
          "address.number": "osm",
          "address.postalcode": "osm",
          "address.city": "osm",
          "hours": "apple",
          "payment.cards": "google",
          "payment.girocard": "google"
        },
        "apple_attempted": "2026-05-29",
        "google_attempted": "2026-05-29",
        "payment": {
          "cards": "no",
          "girocard": "yes"
        }
      }
    },
    {
      "type": "Feature",
      "geometry": {
        "type": "Point",
        "coordinates": [
          8.4034564,
          51.3072237
        ]
      },
      "properties": {
        "id": "tk_nwr_osm_n1058851361",
        "name": "Getränke Nölke",
        "address": {
          "street": "Heinrich-Lübke-Straße",
          "number": "49",
          "postalcode": "59909",
          "city": "Bestwig"
        },
        "sources": [
          {
            "type": "osm",
            "id": "node/1058851361",
            "version": 0
          },
          {
            "type": "gmaps",
            "id": "ChIJIzovOfDru0cRhjM-jQbKsgQ"
          }
        ],
        "created": "2026-05-29",
        "updated": "2026-06-29",
        "hours": {
          "raw": "Th 14:00-18:00; Fr 14:00-18:00; We 14:00-18:00; Mo 14:00-18:00; Sa 09:00-14:00"
        },
        "sources_by_field": {
          "name": "osm",
          "address.street": "osm",
          "address.number": "osm",
          "address.postalcode": "osm",
          "address.city": "osm",
          "hours": "google",
          "payment.cards": "google",
          "payment.contactless": "google",
          "payment.girocard": "google"
        },
        "apple_id_attempted": "2026-05-29",
        "google_attempted": "2026-05-29",
        "payment": {
          "cards": "yes",
          "contactless": "yes",
          "girocard": "yes"
        }
      }
    },
    {
      "type": "Feature",
      "geometry": {
        "type": "Point",
        "coordinates": [
          7.4551532,
          52.2749779
        ]
      },
      "properties": {
        "id": "tk_nwr_osm_n10672168805",
        "name": "Lotto Maria Kügler",
        "address": {
          "street": "Elter Straße",
          "number": "100a",
          "postalcode": "48429",
          "city": "Rheine"
        },
        "sources": [
          {
            "type": "osm",
            "id": "node/10672168805",
            "version": 0
          },
          {
            "type": "gmaps",
            "id": "ChIJgxvHN7zNuUcRdxA0sUzWJlQ"
          }
        ],
        "created": "2026-05-29",
        "updated": "2026-06-29",
        "hours": {
          "raw": "Mo-Fr 10:00-18:00; Sa 10:00-15:00"
        },
        "tags": [
          "barrierefrei"
        ],
        "sources_by_field": {
          "name": "osm",
          "address.street": "osm",
          "address.number": "osm",
          "address.postalcode": "osm",
          "address.city": "osm",
          "hours": "osm"
        },
        "apple_id_attempted": "2026-05-29",
        "google_attempted": "2026-05-29",
        "payment": {}
      }
    },
    {
      "type": "Feature",
      "geometry": {
        "type": "Point",
        "coordinates": [
          7.8958565,
          51.7628876
        ]
      },
      "properties": {
        "id": "tk_nwr_osm_n10816282177",
        "name": "Ahlen Kiosk",
        "address": {
          "street": "Oststraße",
          "number": "3-5",
          "postalcode": "59227",
          "city": "Ahlen"
        },
        "sources": [
          {
            "type": "osm",
            "id": "node/10816282177",
            "version": 0
          },
          {
            "type": "apple",
            "id": "11205333951701247436"
          }
        ],
        "created": "2026-05-29",
        "updated": "2026-06-29",
        "hours": {
          "raw": "Mo-Th,Su 09:00-22:30; Fr-Sa 09:30-24:00"
        },
        "sources_by_field": {
          "name": "osm",
          "address.street": "osm",
          "address.number": "osm",
          "address.postalcode": "osm",
          "address.city": "osm",
          "hours": "apple",
          "payment.cards": "apple",
          "payment.contactless": "apple"
        },
        "apple_attempted": "2026-05-29",
        "payment": {
          "cards": "yes",
          "contactless": "yes"
        }
      }
    },
    {
      "type": "Feature",
      "geometry": {
        "type": "Point",
        "coordinates": [
          7.629334,
          51.2164724
        ]
      },
      "properties": {
        "id": "tk_nwr_osm_n10966088964",
        "name": "Kiosk Lotto Nitsch",
        "address": {
          "street": "Altenaer Straße",
          "number": "1",
          "postalcode": "58507",
          "city": "Lüdenscheid"
        },
        "sources": [
          {
            "type": "osm",
            "id": "node/10966088964",
            "version": 0
          },
          {
            "type": "apple",
            "id": "990799148489605527"
          }
        ],
        "created": "2026-05-29",
        "updated": "2026-06-29",
        "hours": {
          "raw": "Mo-Sa 07:00-19:00"
        },
        "tags": [
          "barrierefrei"
        ],
        "sources_by_field": {
          "name": "osm",
          "address.street": "osm",
          "address.number": "osm",
          "address.postalcode": "osm",
          "address.city": "osm",
          "hours": "apple",
          "payment.cards": "apple",
          "payment.contactless": "apple"
        },
        "apple_attempted": "2026-05-29",
        "payment": {
          "cards": "yes",
          "contactless": "yes"
        }
      }
    },
    {
      "type": "Feature",
      "geometry": {
        "type": "Point",
        "coordinates": [
          7.6410727,
          51.2199595
        ]
      },
      "properties": {
        "id": "tk_nwr_osm_n11047032564",
        "name": "Shan Kiosk",
        "address": {
          "street": "Werdohler Straße",
          "number": "87",
          "postalcode": "58511",
          "city": "Lüdenscheid"
        },
        "sources": [
          {
            "type": "osm",
            "id": "node/11047032564",
            "version": 0
          },
          {
            "type": "apple",
            "id": "10503547607730909943"
          }
        ],
        "created": "2026-05-29",
        "updated": "2026-06-29",
        "hours": {
          "raw": "Mo-Th,Su 09:30-23:30; Fr-Sa 00:00-00:30,09:30-24:00"
        },
        "sources_by_field": {
          "name": "osm",
          "address.street": "osm",
          "address.number": "osm",
          "address.postalcode": "osm",
          "address.city": "osm",
          "hours": "apple",
          "payment.cards": "apple",
          "payment.contactless": "apple"
        },
        "apple_attempted": "2026-05-29",
        "payment": {
          "cards": "yes",
          "contactless": "yes"
        }
      }
    },
    {
      "type": "Feature",
      "geometry": {
        "type": "Point",
        "coordinates": [
          6.0789994,
          51.1009153
        ]
      },
      "properties": {
        "id": "tk_nwr_osm_n11050686180",
        "name": "Hansen & Bildstein",
        "address": {},
        "sources": [
          {
            "type": "osm",
            "id": "node/11050686180",
            "version": 0
          },
          {
            "type": "apple",
            "id": "13877452698323419975"
          },
          {
            "type": "gmaps",
            "id": "ChIJy_mD6_mxwEcRHT4ccq1EErs"
          }
        ],
        "created": "2026-05-29",
        "updated": "2026-06-29",
        "sources_by_field": {
          "name": "osm",
          "hours": "apple"
        },
        "apple_attempted": "2026-05-29",
        "google_attempted": "2026-05-29",
        "hours": {
          "raw": "Mo-Fr 08:00-19:00"
        },
        "payment": {}
      }
    },
    {
      "type": "Feature",
      "geometry": {
        "type": "Point",
        "coordinates": [
          7.6415316,
          51.2212079
        ]
      },
      "properties": {
        "id": "tk_nwr_osm_n11054308215",
        "name": "Kiosk an der Worth",
        "address": {
          "street": "Worthstraße",
          "number": "1",
          "postalcode": "58511",
          "city": "Lüdenscheid"
        },
        "sources": [
          {
            "type": "osm",
            "id": "node/11054308215",
            "version": 0
          },
          {
            "type": "apple",
            "id": "5842910690154234754"
          },
          {
            "type": "gmaps",
            "id": "ChIJie8I1kpJuUcRhrzzDU8kj1A"
          }
        ],
        "created": "2026-05-29",
        "updated": "2026-06-29",
        "hours": {
          "raw": "Tu 08:00-22:00; Th 08:00-22:00; Fr 08:00-22:00; We 08:00-22:00; Mo 08:00-22:00; Sa 08:00-22:00; Su 10:00-21:00"
        },
        "sources_by_field": {
          "name": "osm",
          "address.street": "osm",
          "address.number": "osm",
          "address.postalcode": "osm",
          "address.city": "osm",
          "hours": "google"
        },
        "apple_attempted": "2026-05-29",
        "google_attempted": "2026-05-29",
        "payment": {}
      }
    },
    {
      "type": "Feature",
      "geometry": {
        "type": "Point",
        "coordinates": [
          6.5501648,
          50.943084
        ]
      },
      "properties": {
        "id": "tk_nwr_osm_n11172119079",
        "name": "Kiosk Glaeser",
        "address": {},
        "sources": [
          {
            "type": "osm",
            "id": "node/11172119079",
            "version": 0
          },
          {
            "type": "apple",
            "id": "3543725668844546883"
          }
        ],
        "created": "2026-05-29",
        "updated": "2026-06-29",
        "hours": {
          "raw": "Mo-Sa 05:30-22:00; Su 06:30-22:00"
        },
        "sources_by_field": {
          "name": "osm",
          "hours": "apple",
          "payment.cards": "apple",
          "payment.contactless": "apple"
        },
        "apple_attempted": "2026-05-29",
        "payment": {
          "cards": "yes",
          "contactless": "yes"
        }
      }
    },
    {
      "type": "Feature",
      "geometry": {
        "type": "Point",
        "coordinates": [
          6.2515997,
          51.8439431
        ]
      },
      "properties": {
        "id": "tk_nwr_osm_n11260383086",
        "name": "Cigo",
        "address": {},
        "sources": [
          {
            "type": "osm",
            "id": "node/11260383086",
            "version": 0
          },
          {
            "type": "gmaps",
            "id": "ChIJS0ZOPAB3x0cRnEN-KoDiArw"
          }
        ],
        "created": "2026-05-29",
        "updated": "2026-06-29",
        "hours": {
          "raw": "Tu 08:00-20:00; Th 08:00-20:00; Fr 08:00-20:00; We 08:00-20:00; Mo 08:00-20:00; Sa 08:00-20:00"
        },
        "sources_by_field": {
          "name": "osm",
          "hours": "google",
          "payment.cards": "google",
          "payment.contactless": "google",
          "payment.girocard": "google"
        },
        "apple_id_attempted": "2026-05-29",
        "google_attempted": "2026-05-29",
        "payment": {
          "cards": "yes",
          "contactless": "yes",
          "girocard": "yes"
        }
      }
    },
    {
      "type": "Feature",
      "geometry": {
        "type": "Point",
        "coordinates": [
          6.2377801,
          51.8325244
        ]
      },
      "properties": {
        "id": "tk_nwr_osm_n11264389417",
        "name": "van Bruck",
        "address": {},
        "sources": [
          {
            "type": "osm",
            "id": "node/11264389417",
            "version": 0
          },
          {
            "type": "gmaps",
            "id": "ChIJY4WcWJJ3x0cRzp2hNJMRspo"
          }
        ],
        "created": "2026-05-29",
        "updated": "2026-06-29",
        "hours": {
          "raw": "Tu 08:00-18:00; Th 08:00-18:00; Fr 08:00-18:00; We 08:00-18:00; Mo 08:00-18:00; Sa 08:00-13:00"
        },
        "sources_by_field": {
          "name": "osm",
          "hours": "google",
          "payment.cards": "google",
          "payment.contactless": "google",
          "payment.girocard": "google"
        },
        "apple_id_attempted": "2026-05-29",
        "google_attempted": "2026-05-29",
        "payment": {
          "cards": "no",
          "contactless": "yes",
          "girocard": "yes"
        }
      }
    },
    {
      "type": "Feature",
      "geometry": {
        "type": "Point",
        "coordinates": [
          6.2475364,
          51.8332399
        ]
      },
      "properties": {
        "id": "tk_nwr_osm_n11270001167",
        "name": "Tarek Kouta",
        "address": {},
        "sources": [
          {
            "type": "osm",
            "id": "node/11270001167",
            "version": 0
          },
          {
            "type": "gmaps",
            "id": "ChIJS-nkp613x0cRE1mnkdqaM7Q"
          }
        ],
        "created": "2026-05-29",
        "updated": "2026-06-29",
        "hours": {
          "raw": "Tu 08:00-18:30; Th 08:00-18:30; Fr 08:00-18:30; We 08:00-18:30; Mo 08:00-18:30; Sa 08:00-14:00"
        },
        "sources_by_field": {
          "name": "osm",
          "hours": "google"
        },
        "apple_id_attempted": "2026-05-29",
        "google_attempted": "2026-05-29",
        "payment": {}
      }
    },
    {
      "type": "Feature",
      "geometry": {
        "type": "Point",
        "coordinates": [
          6.4783164,
          50.8116721
        ]
      },
      "properties": {
        "id": "tk_nwr_osm_n11347112311",
        "name": "Kiosk & Getränke Boy",
        "address": {
          "street": "Alte Jülicher Straße",
          "number": "26",
          "postalcode": "52353",
          "city": "Düren"
        },
        "sources": [
          {
            "type": "osm",
            "id": "node/11347112311",
            "version": 0
          },
          {
            "type": "gmaps",
            "id": "ChIJQw6tgUdov0cR-2bd0FgofIE"
          }
        ],
        "created": "2026-05-29",
        "updated": "2026-06-29",
        "sources_by_field": {
          "name": "osm",
          "address.street": "osm",
          "address.number": "osm",
          "address.postalcode": "osm",
          "address.city": "osm",
          "hours": "google",
          "payment.cards": "google"
        },
        "apple_id_attempted": "2026-05-29",
        "google_attempted": "2026-05-29",
        "hours": {
          "raw": "Tu 06:30-19:00; Th 06:30-19:00; Fr 06:30-19:00; We 06:30-19:00; Mo 06:30-19:00; Sa 08:00-19:30; Su 12:00-16:00"
        },
        "payment": {
          "cards": "yes"
        }
      }
    },
    {
      "type": "Feature",
      "geometry": {
        "type": "Point",
        "coordinates": [
          8.2833336,
          51.3463586
        ]
      },
      "properties": {
        "id": "tk_nwr_osm_n1135770520",
        "name": "Gerstgarbe Tabak",
        "address": {
          "street": "Kaiser-Otto-Platz",
          "number": "2",
          "postalcode": "59872",
          "city": "Meschede"
        },
        "sources": [
          {
            "type": "osm",
            "id": "node/1135770520",
            "version": 0
          },
          {
            "type": "apple",
            "id": "11166968603398318322"
          },
          {
            "type": "gmaps",
            "id": "ChIJHZSpfSvmu0cR4slv9KBjj-I"
          }
        ],
        "created": "2026-05-29",
        "updated": "2026-06-29",
        "sources_by_field": {
          "name": "osm",
          "address.street": "osm",
          "address.number": "osm",
          "address.postalcode": "osm",
          "address.city": "osm",
          "hours": "google",
          "payment.cards": "google",
          "payment.contactless": "google",
          "payment.girocard": "google"
        },
        "apple_attempted": "2026-05-29",
        "google_attempted": "2026-05-29",
        "hours": {
          "raw": "Tu 08:00-18:00; Th 08:00-18:00; Fr 08:00-18:00; We 08:00-18:00; Mo 08:00-18:00; Sa 08:00-14:00"
        },
        "payment": {
          "cards": "yes",
          "contactless": "yes",
          "girocard": "yes"
        }
      }
    },
    {
      "type": "Feature",
      "geometry": {
        "type": "Point",
        "coordinates": [
          8.2825263,
          51.3476786
        ]
      },
      "properties": {
        "id": "tk_nwr_osm_n1135770655",
        "name": "Meschede Markt",
        "address": {},
        "sources": [
          {
            "type": "osm",
            "id": "node/1135770655",
            "version": 0
          },
          {
            "type": "apple",
            "id": "17594866868467030623"
          }
        ],
        "created": "2026-05-29",
        "updated": "2026-06-29",
        "sources_by_field": {
          "name": "osm",
          "hours": "apple",
          "payment.cards": "apple",
          "payment.contactless": "apple"
        },
        "apple_attempted": "2026-05-29",
        "hours": {
          "raw": "Mo-Sa 08:00-19:00"
        },
        "payment": {
          "cards": "yes",
          "contactless": "yes"
        }
      }
    },
    {
      "type": "Feature",
      "geometry": {
        "type": "Point",
        "coordinates": [
          8.3466865,
          51.6730826
        ]
      },
      "properties": {
        "id": "tk_nwr_osm_n11420997640",
        "name": "Tabak & Lotto Pöppelbaum",
        "address": {},
        "sources": [
          {
            "type": "osm",
            "id": "node/11420997640",
            "version": 0
          },
          {
            "type": "gmaps",
            "id": "ChIJ_e6YCGrTu0cRmKL0mHEN64M"
          }
        ],
        "created": "2026-05-29",
        "updated": "2026-06-29",
        "hours": {
          "raw": "Tu 09:30-13:30,14:00-18:00; Th 09:30-13:30,14:00-18:00; Fr 09:30-13:30,14:00-18:00; We 09:30-13:30,14:00-18:00; Mo 09:30-13:30,14:00-18:00; Sa 09:30-14:00"
        },
        "sources_by_field": {
          "name": "osm",
          "hours": "google"
        },
        "apple_id_attempted": "2026-05-29",
        "google_attempted": "2026-05-29",
        "payment": {}
      }
    },
    {
      "type": "Feature",
      "geometry": {
        "type": "Point",
        "coordinates": [
          8.6836857,
          51.6309658
        ]
      },
      "properties": {
        "id": "tk_nwr_osm_n1145377796",
        "name": "Getränke Star Kobuß",
        "address": {},
        "sources": [
          {
            "type": "osm",
            "id": "node/1145377796",
            "version": 0
          },
          {
            "type": "apple",
            "id": "14150241487426037690"
          }
        ],
        "created": "2026-05-29",
        "updated": "2026-06-29",
        "hours": {
          "raw": "Su 09:00-14:00; Tu-Sa 09:30-12:30,15:00-19:00"
        },
        "sources_by_field": {
          "name": "osm",
          "hours": "apple"
        },
        "apple_attempted": "2026-05-29",
        "google_attempted": "2026-05-29",
        "payment": {}
      }
    },
    {
      "type": "Feature",
      "geometry": {
        "type": "Point",
        "coordinates": [
          6.1531384,
          51.7959359
        ]
      },
      "properties": {
        "id": "tk_nwr_osm_n11557864278",
        "name": "Snackbox Kleve",
        "address": {},
        "sources": [
          {
            "type": "osm",
            "id": "node/11557864278",
            "version": 0
          },
          {
            "type": "gmaps",
            "id": "ChIJLZaJ30J3x0cRBA2q2q_QvK8"
          }
        ],
        "created": "2026-05-29",
        "updated": "2026-06-29",
        "hours": {
          "raw": "24/7"
        },
        "sources_by_field": {
          "name": "osm",
          "hours": "osm",
          "payment.cards": "google",
          "payment.contactless": "google",
          "payment.girocard": "google"
        },
        "apple_id_attempted": "2026-05-29",
        "google_attempted": "2026-05-29",
        "payment": {
          "cards": "no",
          "contactless": "yes",
          "girocard": "yes"
        }
      }
    },
    {
      "type": "Feature",
      "geometry": {
        "type": "Point",
        "coordinates": [
          6.1434858,
          51.7900275
        ]
      },
      "properties": {
        "id": "tk_nwr_osm_n11557864279",
        "name": "Snack Miyo",
        "address": {},
        "sources": [
          {
            "type": "osm",
            "id": "node/11557864279",
            "version": 0
          },
          {
            "type": "apple",
            "id": "5227241670912765726"
          }
        ],
        "created": "2026-05-29",
        "updated": "2026-06-29",
        "hours": {
          "raw": "Tu-Su 00:00-24:00; Mo 00:01-23:59"
        },
        "sources_by_field": {
          "name": "osm",
          "hours": "apple",
          "payment.cards": "apple",
          "payment.contactless": "apple"
        },
        "apple_attempted": "2026-05-29",
        "payment": {
          "cards": "yes",
          "contactless": "yes"
        }
      }
    },
    {
      "type": "Feature",
      "geometry": {
        "type": "Point",
        "coordinates": [
          9.1310363,
          51.6023575
        ]
      },
      "properties": {
        "id": "tk_nwr_osm_n1188935479",
        "name": "Star Tankstelle Peckelsheim",
        "address": {
          "street": "Lützer Straße",
          "number": "31",
          "postalcode": "34439",
          "city": "Willebadessen"
        },
        "sources": [
          {
            "type": "osm",
            "id": "node/1188935479",
            "version": 0
          },
          {
            "type": "apple",
            "id": "17122299661426518709"
          }
        ],
        "created": "2026-05-29",
        "updated": "2026-06-29",
        "hours": {
          "raw": "Su 08:00-20:00; Mo-Fr 06:00-21:00; Sa 06:30-20:00"
        },
        "sources_by_field": {
          "name": "osm",
          "address.street": "osm",
          "address.number": "osm",
          "address.postalcode": "osm",
          "address.city": "osm",
          "hours": "apple",
          "payment.cards": "apple",
          "payment.contactless": "apple"
        },
        "apple_attempted": "2026-05-29",
        "payment": {
          "cards": "yes",
          "contactless": "yes"
        }
      }
    },
    {
      "type": "Feature",
      "geometry": {
        "type": "Point",
        "coordinates": [
          7.3996083,
          51.118333
        ]
      },
      "properties": {
        "id": "tk_nwr_osm_n11998601452",
        "name": "Kiosk am Platz",
        "address": {
          "street": "Lüdenscheider Straße",
          "number": "7",
          "postalcode": "51688",
          "city": "Wipperfürth"
        },
        "sources": [
          {
            "type": "osm",
            "id": "node/11998601452",
            "version": 0
          },
          {
            "type": "gmaps",
            "id": "ChIJW9vw-E0zuUcRWiPro3J-dxQ"
          }
        ],
        "created": "2026-05-29",
        "updated": "2026-06-29",
        "hours": {
          "raw": "Tu 10:00-22:00; Th 10:00-22:00; Fr 10:00-23:00; We 10:00-22:00; Mo 10:00-22:00; Sa 10:00-00:00"
        },
        "sources_by_field": {
          "name": "osm",
          "address.street": "osm",
          "address.number": "osm",
          "address.postalcode": "osm",
          "address.city": "osm",
          "hours": "google",
          "payment.cards": "google",
          "payment.girocard": "google"
        },
        "apple_id_attempted": "2026-05-29",
        "google_attempted": "2026-05-29",
        "payment": {
          "cards": "no",
          "girocard": "yes"
        }
      }
    },
    {
      "type": "Feature",
      "geometry": {
        "type": "Point",
        "coordinates": [
          7.972414,
          51.4556793
        ]
      },
      "properties": {
        "id": "tk_nwr_osm_n1203309032",
        "name": "Getränke Star",
        "address": {},
        "sources": [
          {
            "type": "osm",
            "id": "node/1203309032",
            "version": 0
          },
          {
            "type": "gmaps",
            "id": "ChIJ9956Qd9muUcR-fszB4IcdUI"
          }
        ],
        "created": "2026-05-29",
        "updated": "2026-06-29",
        "tags": [
          "barrierefrei"
        ],
        "sources_by_field": {
          "name": "osm",
          "hours": "google",
          "payment.cards": "google",
          "payment.contactless": "google",
          "payment.girocard": "google"
        },
        "apple_id_attempted": "2026-05-29",
        "google_attempted": "2026-05-29",
        "hours": {
          "raw": "Tu 09:00-13:45,14:45-19:30; Th 09:00-13:45,14:45-19:30; Fr 09:00-13:45,14:45-19:30; We 09:00-13:45,14:45-19:30; Mo 09:00-13:45,14:45-19:30; Sa 09:00-19:00; Su 10:00-13:00"
        },
        "payment": {
          "cards": "yes",
          "contactless": "yes",
          "girocard": "yes"
        }
      }
    },
    {
      "type": "Feature",
      "geometry": {
        "type": "Point",
        "coordinates": [
          7.3767257,
          52.2386902
        ]
      },
      "properties": {
        "id": "tk_nwr_osm_n12212496588",
        "name": "Getränke Korte",
        "address": {},
        "sources": [
          {
            "type": "osm",
            "id": "node/12212496588",
            "version": 0
          },
          {
            "type": "gmaps",
            "id": "ChIJFYwBjaIzuEcR9fZecpQ4WZY"
          }
        ],
        "created": "2026-05-29",
        "updated": "2026-06-29",
        "hours": {
          "raw": "Tu 09:00-19:00; Th 09:00-19:00; Fr 09:00-19:00; We 09:00-19:00; Mo 09:00-19:00; Sa 09:00-18:00"
        },
        "sources_by_field": {
          "name": "osm",
          "hours": "google",
          "payment.cards": "google",
          "payment.contactless": "google",
          "payment.girocard": "google"
        },
        "apple_id_attempted": "2026-05-29",
        "google_attempted": "2026-05-29",
        "payment": {
          "cards": "yes",
          "contactless": "yes",
          "girocard": "yes"
        }
      }
    },
    {
      "type": "Feature",
      "geometry": {
        "type": "Point",
        "coordinates": [
          7.3526549,
          51.203298
        ]
      },
      "properties": {
        "id": "tk_nwr_osm_n12213755815",
        "name": "Pinguin Kiosk",
        "address": {
          "street": "Kaiserstraße",
          "number": "38",
          "postalcode": "42477",
          "city": "Radevormwald"
        },
        "sources": [
          {
            "type": "osm",
            "id": "node/12213755815",
            "version": 0
          },
          {
            "type": "apple",
            "id": "1219444157865744564"
          }
        ],
        "created": "2026-05-29",
        "updated": "2026-06-29",
        "hours": {
          "raw": "Mo-Fr 05:30-23:00; Sa 07:00-23:00; Su 14:00-19:00; PH off"
        },
        "payment": {
          "cash": "yes",
          "cards": "yes",
          "contactless": "unknown",
          "girocard": "unknown"
        },
        "sources_by_field": {
          "name": "osm",
          "address.street": "osm",
          "address.number": "osm",
          "address.postalcode": "osm",
          "address.city": "osm",
          "hours": "osm",
          "payment.cash": "osm",
          "payment.cards": "osm",
          "payment.contactless": "osm",
          "payment.girocard": "osm"
        }
      }
    },
    {
      "type": "Feature",
      "geometry": {
        "type": "Point",
        "coordinates": [
          8.7123205,
          51.6957177
        ]
      },
      "properties": {
        "id": "tk_nwr_osm_n12306880301",
        "name": "Getränke Dreps",
        "address": {
          "street": "Barkhauser Straße",
          "number": "257",
          "postalcode": "33106",
          "city": "Paderborn"
        },
        "sources": [
          {
            "type": "osm",
            "id": "node/12306880301",
            "version": 0
          },
          {
            "type": "gmaps",
            "id": "ChIJy-kpX7K0u0cRz6dD4Sg9ib0"
          }
        ],
        "created": "2026-05-29",
        "updated": "2026-06-15",
        "hours": {
          "raw": "Mo-Fr 08:30-18:30; Sa 08:30-14:00"
        },
        "sources_by_field": {
          "name": "osm",
          "address.street": "osm",
          "address.number": "osm",
          "address.postalcode": "osm",
          "address.city": "osm",
          "hours": "osm"
        },
        "apple_id_attempted": "2026-05-29",
        "google_attempted": "2026-05-29",
        "payment": {}
      }
    },
    {
      "type": "Feature",
      "geometry": {
        "type": "Point",
        "coordinates": [
          6.1549971,
          51.0977039
        ]
      },
      "properties": {
        "id": "tk_nwr_osm_n12318309053",
        "name": "Angora Kiosk",
        "address": {},
        "sources": [
          {
            "type": "osm",
            "id": "node/12318309053",
            "version": 0
          },
          {
            "type": "gmaps",
            "id": "ChIJoUDz5cevwEcRudqkI1R6SDo"
          }
        ],
        "created": "2026-05-29",
        "updated": "2026-06-29",
        "hours": {
          "raw": "Tu 08:00-22:00; Th 08:00-22:00; Fr 08:00-22:00; We 08:00-22:00; Mo 08:00-22:00; Sa 09:00-22:00; Su 10:00-21:00"
        },
        "sources_by_field": {
          "name": "osm",
          "hours": "google",
          "payment.cards": "google",
          "payment.contactless": "google",
          "payment.girocard": "google"
        },
        "apple_id_attempted": "2026-05-29",
        "google_attempted": "2026-05-29",
        "payment": {
          "cards": "no",
          "contactless": "yes",
          "girocard": "yes"
        }
      }
    },
    {
      "type": "Feature",
      "geometry": {
        "type": "Point",
        "coordinates": [
          6.8223934,
          52.030447
        ]
      },
      "properties": {
        "id": "tk_nwr_osm_n12435556800",
        "name": "Lösing Landhandel Getränke-Service",
        "address": {},
        "sources": [
          {
            "type": "osm",
            "id": "node/12435556800",
            "version": 0
          },
          {
            "type": "gmaps",
            "id": "ChIJF8y0LiRvuEcRUQdojh2UJw4"
          }
        ],
        "created": "2026-05-29",
        "updated": "2026-06-29",
        "sources_by_field": {
          "name": "osm",
          "hours": "google",
          "payment.cards": "google",
          "payment.contactless": "google",
          "payment.girocard": "google"
        },
        "apple_id_attempted": "2026-05-29",
        "google_attempted": "2026-05-29",
        "hours": {
          "raw": "Tu 09:00-18:00; Th 09:00-18:00; Fr 09:00-18:00; We 09:00-18:00; Mo 09:00-18:00; Sa 08:00-13:00"
        },
        "payment": {
          "cards": "no",
          "contactless": "yes",
          "girocard": "yes"
        }
      }
    },
    {
      "type": "Feature",
      "geometry": {
        "type": "Point",
        "coordinates": [
          8.3316651,
          51.6132447
        ]
      },
      "properties": {
        "id": "tk_nwr_osm_n12442309313",
        "name": "Kiosk bei SchÖber'S",
        "address": {
          "street": "Pestalozzistraße",
          "number": "2",
          "postalcode": "59597",
          "city": "Erwitte"
        },
        "sources": [
          {
            "type": "osm",
            "id": "node/12442309313",
            "version": 0
          },
          {
            "type": "apple",
            "id": "10989390801039114468"
          },
          {
            "type": "gmaps",
            "id": "ChIJHxJLParRu0cRcJWLKcaohF4"
          }
        ],
        "created": "2026-05-29",
        "updated": "2026-06-29",
        "hours": {
          "raw": "Tu 10:00-20:00; Th 10:00-20:00; Fr 10:00-00:00; We 10:00-20:00; Mo 10:00-20:00; Sa 10:00-00:00"
        },
        "sources_by_field": {
          "name": "osm",
          "address.street": "osm",
          "address.number": "osm",
          "address.postalcode": "osm",
          "address.city": "osm",
          "hours": "google",
          "payment.cards": "google",
          "payment.contactless": "google",
          "payment.girocard": "google"
        },
        "apple_attempted": "2026-05-29",
        "google_attempted": "2026-05-29",
        "payment": {
          "cards": "no",
          "contactless": "yes",
          "girocard": "yes"
        }
      }
    },
    {
      "type": "Feature",
      "geometry": {
        "type": "Point",
        "coordinates": [
          6.3963864,
          51.7608901
        ]
      },
      "properties": {
        "id": "tk_nwr_osm_n12798454787",
        "name": "Reeser Kiosk",
        "address": {},
        "sources": [
          {
            "type": "osm",
            "id": "node/12798454787",
            "version": 0
          },
          {
            "type": "gmaps",
            "id": "ChIJ8xCM3Cp8x0cRvWvuUGg8SzU"
          }
        ],
        "created": "2026-05-29",
        "updated": "2026-06-29",
        "sources_by_field": {
          "name": "osm"
        },
        "apple_id_attempted": "2026-05-29",
        "google_attempted": "2026-05-29",
        "payment": {}
      }
    },
    {
      "type": "Feature",
      "geometry": {
        "type": "Point",
        "coordinates": [
          7.5030699,
          51.1888178
        ]
      },
      "properties": {
        "id": "tk_nwr_osm_n12804998292",
        "name": "Clever tippen",
        "address": {},
        "sources": [
          {
            "type": "osm",
            "id": "node/12804998292",
            "version": 0
          },
          {
            "type": "apple",
            "id": "7408108556258330327"
          }
        ],
        "created": "2026-05-29",
        "updated": "2026-06-29",
        "hours": {
          "raw": "Mo-Th 08:00-13:00, 14:00-18:00; Fr 08:00-18:00; Sa 09:00-13:00; PH off"
        },
        "payment": {
          "cash": "yes",
          "cards": "unknown",
          "contactless": "unknown",
          "girocard": "unknown"
        },
        "sources_by_field": {
          "name": "osm",
          "hours": "osm",
          "payment.cash": "osm",
          "payment.cards": "osm",
          "payment.contactless": "osm",
          "payment.girocard": "osm"
        }
      }
    },
    {
      "type": "Feature",
      "geometry": {
        "type": "Point",
        "coordinates": [
          6.5421813,
          50.9636678
        ]
      },
      "properties": {
        "id": "tk_nwr_osm_n1306093042",
        "name": "Koala Café & Kiosk",
        "address": {},
        "sources": [
          {
            "type": "osm",
            "id": "node/1306093042",
            "version": 0
          },
          {
            "type": "apple",
            "id": "12177942375679573605"
          },
          {
            "type": "gmaps",
            "id": "ChIJxWLzAiNFv0cR2gDOoQvvySI"
          }
        ],
        "created": "2026-05-29",
        "updated": "2026-06-29",
        "sources_by_field": {
          "name": "osm",
          "hours": "google",
          "payment.cards": "google",
          "payment.contactless": "apple",
          "payment.girocard": "google"
        },
        "apple_attempted": "2026-05-29",
        "google_attempted": "2026-05-29",
        "hours": {
          "raw": "Tu 06:30-11:00,13:00-19:00; Th 09:00-15:00; Fr 06:30-11:00,13:00-19:00; Mo 06:30-11:00,13:00-19:00; Sa 08:30-12:00,13:00-17:00; Su 09:00-12:00,13:00-18:00"
        },
        "payment": {
          "cards": "no",
          "contactless": "yes",
          "girocard": "yes"
        }
      }
    },
    {
      "type": "Feature",
      "geometry": {
        "type": "Point",
        "coordinates": [
          6.2905997,
          50.8950577
        ]
      },
      "properties": {
        "id": "tk_nwr_osm_n1307007400",
        "name": "Kiosk Palace",
        "address": {},
        "sources": [
          {
            "type": "osm",
            "id": "node/1307007400",
            "version": 0
          },
          {
            "type": "apple",
            "id": "734097341700866090"
          },
          {
            "type": "gmaps",
            "id": "ChIJV4_QmWtfv0cRgSU9pTj1yeg"
          }
        ],
        "created": "2026-05-29",
        "updated": "2026-06-29",
        "sources_by_field": {
          "name": "osm",
          "hours": "google",
          "payment.cards": "google",
          "payment.contactless": "google",
          "payment.girocard": "google"
        },
        "apple_attempted": "2026-05-29",
        "google_attempted": "2026-05-29",
        "hours": {
          "raw": "Tu 07:00-10:30,12:00-19:00; Th 07:00-10:30,12:00-19:00; Fr 07:00-10:30,12:00-19:00; We 07:00-10:30,12:00-19:00; Mo 07:00-10:30,12:00-19:00; Sa 09:00-16:00"
        },
        "payment": {
          "cards": "no",
          "contactless": "yes",
          "girocard": "yes"
        }
      }
    },
    {
      "type": "Feature",
      "geometry": {
        "type": "Point",
        "coordinates": [
          8.3484024,
          51.6760564
        ]
      },
      "properties": {
        "id": "tk_nwr_osm_n13200626753",
        "name": "Barry's Afroshop + Kiosk",
        "address": {},
        "sources": [
          {
            "type": "osm",
            "id": "node/13200626753",
            "version": 0
          },
          {
            "type": "gmaps",
            "id": "ChIJMcmLvg7Tu0cRJtxmvlZDKcM"
          }
        ],
        "created": "2026-05-29",
        "updated": "2026-06-29",
        "sources_by_field": {
          "name": "osm"
        },
        "apple_id_attempted": "2026-05-29",
        "google_attempted": "2026-05-29",
        "payment": {}
      }
    },
    {
      "type": "Feature",
      "geometry": {
        "type": "Point",
        "coordinates": [
          7.3950339,
          52.124865
        ]
      },
      "properties": {
        "id": "tk_nwr_osm_n13206541523",
        "name": "Fitzy's Kiosk",
        "address": {
          "street": "Münsterstraße",
          "number": "9-11",
          "postalcode": "48565",
          "city": "Steinfurt"
        },
        "sources": [
          {
            "type": "osm",
            "id": "node/13206541523",
            "version": 0
          },
          {
            "type": "apple",
            "id": "14253465849230697175"
          }
        ],
        "created": "2026-05-29",
        "updated": "2026-06-29",
        "sources_by_field": {
          "name": "osm",
          "address.street": "osm",
          "address.number": "osm",
          "address.postalcode": "osm",
          "address.city": "osm",
          "hours": "apple",
          "payment.cards": "apple",
          "payment.contactless": "apple"
        },
        "apple_attempted": "2026-05-29",
        "hours": {
          "raw": "Mo-Th 11:00-22:00; Fr-Sa 11:00-24:00"
        },
        "payment": {
          "cards": "yes",
          "contactless": "yes"
        }
      }
    },
    {
      "type": "Feature",
      "geometry": {
        "type": "Point",
        "coordinates": [
          7.3941478,
          52.1214775
        ]
      },
      "properties": {
        "id": "tk_nwr_osm_n13206541536",
        "name": "Büdchen24",
        "address": {},
        "sources": [
          {
            "type": "osm",
            "id": "node/13206541536",
            "version": 0
          },
          {
            "type": "gmaps",
            "id": "ChIJR01NCT1LuEcRkaY5n67GEco"
          }
        ],
        "created": "2026-05-29",
        "updated": "2026-06-29",
        "sources_by_field": {
          "name": "osm"
        },
        "apple_id_attempted": "2026-05-29",
        "google_attempted": "2026-05-29",
        "payment": {}
      }
    },
    {
      "type": "Feature",
      "geometry": {
        "type": "Point",
        "coordinates": [
          7.0033926,
          52.2134535
        ]
      },
      "properties": {
        "id": "tk_nwr_osm_n1321579554",
        "name": "Lotto Oder",
        "address": {},
        "sources": [
          {
            "type": "osm",
            "id": "node/1321579554",
            "version": 0
          },
          {
            "type": "apple",
            "id": "1977477099349462590"
          }
        ],
        "created": "2026-05-29",
        "updated": "2026-06-29",
        "sources_by_field": {
          "name": "osm",
          "hours": "apple",
          "payment.cards": "apple",
          "payment.contactless": "apple"
        },
        "apple_attempted": "2026-05-29",
        "hours": {
          "raw": "Mo-Fr 09:00-18:00; Sa 09:00-17:00"
        },
        "payment": {
          "cards": "yes",
          "contactless": "yes"
        }
      }
    },
    {
      "type": "Feature",
      "geometry": {
        "type": "Point",
        "coordinates": [
          8.344904,
          51.6753323
        ]
      },
      "properties": {
        "id": "tk_nwr_osm_n13434334214",
        "name": "Hanan Kiosk",
        "address": {},
        "sources": [
          {
            "type": "osm",
            "id": "node/13434334214",
            "version": 0
          },
          {
            "type": "apple",
            "id": "15854959532302508126"
          }
        ],
        "created": "2026-05-29",
        "updated": "2026-06-29",
        "sources_by_field": {
          "name": "osm",
          "hours": "apple",
          "payment.cards": "apple",
          "payment.contactless": "apple"
        },
        "apple_attempted": "2026-05-29",
        "hours": {
          "raw": "Mo-Fr 09:30-13:00,14:00-18:00; Sa 09:30-14:00"
        },
        "payment": {
          "cards": "yes",
          "contactless": "yes"
        }
      }
    },
    {
      "type": "Feature",
      "geometry": {
        "type": "Point",
        "coordinates": [
          6.2662708,
          50.8174444
        ]
      },
      "properties": {
        "id": "tk_nwr_osm_n13688884026",
        "name": "Eschweilers Getränkewelt",
        "address": {},
        "sources": [
          {
            "type": "osm",
            "id": "node/13688884026",
            "version": 0
          },
          {
            "type": "apple",
            "id": "5686971238512392447"
          }
        ],
        "created": "2026-05-29",
        "updated": "2026-06-29",
        "sources_by_field": {
          "name": "osm",
          "hours": "apple",
          "payment.cards": "apple",
          "payment.contactless": "apple"
        },
        "apple_attempted": "2026-05-29",
        "hours": {
          "raw": "Tu-Su 00:00-24:00; Mo 10:00-22:00"
        },
        "payment": {
          "cards": "yes",
          "contactless": "yes"
        }
      }
    },
    {
      "type": "Feature",
      "geometry": {
        "type": "Point",
        "coordinates": [
          6.490711,
          50.7952416
        ]
      },
      "properties": {
        "id": "tk_nwr_osm_n13782440701",
        "name": "Anis Kiosk",
        "address": {
          "street": "Zülpicher Straße",
          "number": "29",
          "postalcode": "52349"
        },
        "sources": [
          {
            "type": "osm",
            "id": "node/13782440701",
            "version": 0
          },
          {
            "type": "apple",
            "id": "4929112890395400283"
          },
          {
            "type": "gmaps",
            "id": "ChIJ8f2-TQBpv0cR5okSotb0seE"
          }
        ],
        "created": "2026-05-29",
        "updated": "2026-06-29",
        "sources_by_field": {
          "name": "osm",
          "address.street": "osm",
          "address.number": "osm",
          "address.postalcode": "osm",
          "hours": "google",
          "payment.cards": "apple",
          "payment.contactless": "apple"
        },
        "apple_attempted": "2026-05-29",
        "google_attempted": "2026-05-29",
        "hours": {
          "raw": "Tu 07:30-23:00; Th 07:30-23:00; Fr 07:30-01:00; We 07:30-23:00; Mo 07:30-23:00; Sa 09:30-01:00; Su 09:30-23:00"
        },
        "payment": {
          "cards": "yes",
          "contactless": "yes"
        }
      }
    },
    {
      "type": "Feature",
      "geometry": {
        "type": "Point",
        "coordinates": [
          6.4641435,
          50.8849967
        ]
      },
      "properties": {
        "id": "tk_nwr_osm_n13789513294",
        "name": "Post & Kiosk Niederzier",
        "address": {
          "street": "Breitestraße",
          "number": "28",
          "postalcode": "52382",
          "city": "Niederzier"
        },
        "sources": [
          {
            "type": "osm",
            "id": "node/13789513294",
            "version": 0
          },
          {
            "type": "gmaps",
            "id": "ChIJnXVRki1Dv0cRoYo0W05B8Ug"
          }
        ],
        "created": "2026-05-29",
        "updated": "2026-06-29",
        "sources_by_field": {
          "name": "osm",
          "address.street": "osm",
          "address.number": "osm",
          "address.postalcode": "osm",
          "address.city": "osm",
          "hours": "google",
          "payment.cards": "google",
          "payment.contactless": "google",
          "payment.girocard": "google"
        },
        "apple_id_attempted": "2026-05-29",
        "google_attempted": "2026-05-29",
        "hours": {
          "raw": "Tu 07:00-18:00; Th 07:00-18:00; Fr 07:00-18:00; We 07:00-18:00; Mo 07:00-18:00; Sa 08:00-13:00"
        },
        "payment": {
          "cards": "yes",
          "contactless": "yes",
          "girocard": "yes"
        }
      }
    },
    {
      "type": "Feature",
      "geometry": {
        "type": "Point",
        "coordinates": [
          7.6131803,
          51.226874
        ]
      },
      "properties": {
        "id": "tk_nwr_osm_n1412944931",
        "name": "Openstore 24",
        "address": {
          "street": "Buckesfelder Straße",
          "number": "2",
          "postalcode": "58509",
          "city": "Lüdenscheid"
        },
        "sources": [
          {
            "type": "osm",
            "id": "node/1412944931",
            "version": 0
          },
          {
            "type": "apple",
            "id": "14005300946106831633"
          }
        ],
        "created": "2026-05-29",
        "updated": "2026-06-29",
        "hours": {
          "raw": "Mo-Su 00:00-24:00"
        },
        "sources_by_field": {
          "name": "osm",
          "address.street": "osm",
          "address.number": "osm",
          "address.postalcode": "osm",
          "address.city": "osm",
          "hours": "apple",
          "payment.cards": "apple",
          "payment.contactless": "apple"
        },
        "apple_attempted": "2026-05-29",
        "payment": {
          "cards": "yes",
          "contactless": "yes"
        }
      }
    },
    {
      "type": "Feature",
      "geometry": {
        "type": "Point",
        "coordinates": [
          8.015686,
          51.1402067
        ]
      },
      "properties": {
        "id": "tk_nwr_osm_n1614639754",
        "name": "schenken & genießen Vogt",
        "address": {},
        "sources": [
          {
            "type": "osm",
            "id": "node/1614639754",
            "version": 0
          },
          {
            "type": "gmaps",
            "id": "ChIJyfbNhx7-u0cR9MRI3X9ft2w"
          }
        ],
        "created": "2026-05-29",
        "updated": "2026-06-29",
        "sources_by_field": {
          "name": "osm",
          "payment.cards": "google",
          "payment.contactless": "google",
          "payment.girocard": "google"
        },
        "apple_id_attempted": "2026-05-29",
        "google_attempted": "2026-05-29",
        "payment": {
          "cards": "no",
          "contactless": "yes",
          "girocard": "yes"
        }
      }
    },
    {
      "type": "Feature",
      "geometry": {
        "type": "Point",
        "coordinates": [
          8.2457785,
          51.6652458
        ]
      },
      "properties": {
        "id": "tk_nwr_osm_n1672109008",
        "name": "Niemeier",
        "address": {},
        "sources": [
          {
            "type": "osm",
            "id": "node/1672109008",
            "version": 0
          },
          {
            "type": "gmaps",
            "id": "ChIJyYasRz7Uu0cRiJzWw9bwmR0"
          }
        ],
        "created": "2026-05-29",
        "updated": "2026-06-29",
        "sources_by_field": {
          "name": "osm",
          "hours": "google",
          "payment.cards": "google",
          "payment.contactless": "google",
          "payment.girocard": "google"
        },
        "apple_id_attempted": "2026-05-29",
        "google_attempted": "2026-05-29",
        "hours": {
          "raw": "Tu 08:00-17:00; Th 08:00-17:00; Fr 08:00-17:00; We 08:00-17:00; Mo 08:00-17:00"
        },
        "payment": {
          "cards": "yes",
          "contactless": "yes",
          "girocard": "yes"
        }
      }
    },
    {
      "type": "Feature",
      "geometry": {
        "type": "Point",
        "coordinates": [
          6.1961872,
          51.2861557
        ]
      },
      "properties": {
        "id": "tk_nwr_osm_n1708565336",
        "name": "TRLAN Kiosk",
        "address": {},
        "sources": [
          {
            "type": "osm",
            "id": "node/1708565336",
            "version": 0
          },
          {
            "type": "gmaps",
            "id": "ChIJixHSjXJRx0cRIEKAdUsM2_U"
          }
        ],
        "created": "2026-05-29",
        "updated": "2026-06-29",
        "sources_by_field": {
          "name": "osm",
          "hours": "google",
          "payment.cards": "google",
          "payment.contactless": "google",
          "payment.girocard": "google"
        },
        "apple_id_attempted": "2026-05-29",
        "google_attempted": "2026-05-29",
        "hours": {
          "raw": "Tu 15:00-22:00; Th 11:00-22:00; Fr 10:00-22:00; We 10:00-22:00; Mo 10:00-22:00; Sa 10:00-22:00; Su 10:00-22:00"
        },
        "payment": {
          "cards": "no",
          "contactless": "yes",
          "girocard": "yes"
        }
      }
    },
    {
      "type": "Feature",
      "geometry": {
        "type": "Point",
        "coordinates": [
          6.3585822,
          50.9231081
        ]
      },
      "properties": {
        "id": "tk_nwr_osm_n178511713",
        "name": "Zigarren Schmitz",
        "address": {
          "street": "Baierstraße",
          "number": "5",
          "postalcode": "52428",
          "city": "Jülich"
        },
        "sources": [
          {
            "type": "osm",
            "id": "node/178511713",
            "version": 0
          },
          {
            "type": "gmaps",
            "id": "ChIJFfU6slRZv0cRnTXrzACXCOw"
          }
        ],
        "created": "2026-05-29",
        "updated": "2026-06-29",
        "tags": [
          "barrierefrei"
        ],
        "sources_by_field": {
          "name": "osm",
          "address.street": "osm",
          "address.number": "osm",
          "address.postalcode": "osm",
          "address.city": "osm",
          "payment.cards": "google",
          "payment.contactless": "google",
          "payment.girocard": "google"
        },
        "apple_id_attempted": "2026-05-29",
        "google_attempted": "2026-05-29",
        "payment": {
          "cards": "no",
          "contactless": "yes",
          "girocard": "yes"
        }
      }
    },
    {
      "type": "Feature",
      "geometry": {
        "type": "Point",
        "coordinates": [
          7.9674887,
          51.4497026
        ]
      },
      "properties": {
        "id": "tk_nwr_osm_n1808731341",
        "name": "Tabakstore & more Lübben",
        "address": {},
        "sources": [
          {
            "type": "osm",
            "id": "node/1808731341",
            "version": 0
          },
          {
            "type": "gmaps",
            "id": "ChIJEXdaJyJnuUcRRUBf90FbbpY"
          }
        ],
        "created": "2026-05-29",
        "updated": "2026-06-29",
        "hours": {
          "raw": "Tu 07:00-19:00; Th 07:00-19:00; Fr 07:00-19:00; We 07:00-19:00; Mo 07:00-19:00; Sa 07:00-18:00"
        },
        "sources_by_field": {
          "name": "osm",
          "hours": "google",
          "payment.cards": "google",
          "payment.contactless": "google",
          "payment.girocard": "google"
        },
        "apple_id_attempted": "2026-05-29",
        "google_attempted": "2026-05-29",
        "payment": {
          "cards": "no",
          "contactless": "yes",
          "girocard": "yes"
        }
      }
    },
    {
      "type": "Feature",
      "geometry": {
        "type": "Point",
        "coordinates": [
          6.6724298,
          50.9098441
        ]
      },
      "properties": {
        "id": "tk_nwr_osm_n1895365465",
        "name": "Sindorfer Kiosk",
        "address": {},
        "sources": [
          {
            "type": "osm",
            "id": "node/1895365465",
            "version": 0
          },
          {
            "type": "gmaps",
            "id": "ChIJ_RF2w1VHv0cRngB9XMI3YqA"
          }
        ],
        "created": "2026-05-29",
        "updated": "2026-06-29",
        "sources_by_field": {
          "name": "osm",
          "hours": "google"
        },
        "apple_id_attempted": "2026-05-29",
        "google_attempted": "2026-06-05",
        "hours": {
          "raw": "Tu 07:30-22:00; Th 07:30-22:00; Fr 07:30-23:00; We 07:30-22:00; Mo 07:30-22:00; Sa 08:00-23:00; Su 09:00-22:00"
        },
        "payment": {}
      }
    },
    {
      "type": "Feature",
      "geometry": {
        "type": "Point",
        "coordinates": [
          7.8714527,
          51.2247456
        ]
      },
      "properties": {
        "id": "tk_nwr_osm_n1997280392",
        "name": "Esso Plettenberg",
        "address": {},
        "sources": [
          {
            "type": "osm",
            "id": "node/1997280392",
            "version": 0
          },
          {
            "type": "apple",
            "id": "9338075706231755794"
          }
        ],
        "created": "2026-05-29",
        "updated": "2026-06-29",
        "sources_by_field": {
          "name": "osm",
          "hours": "apple",
          "payment.cards": "apple",
          "payment.contactless": "apple"
        },
        "apple_attempted": "2026-05-29",
        "hours": {
          "raw": "Su 08:00-24:00; Mo-Fr 04:30-24:00; Sa 07:00-24:00"
        },
        "payment": {
          "cards": "yes",
          "contactless": "yes"
        }
      }
    },
    {
      "type": "Feature",
      "geometry": {
        "type": "Point",
        "coordinates": [
          7.2325456,
          52.0946695
        ]
      },
      "properties": {
        "id": "tk_nwr_osm_n2144123025",
        "name": "Schöppinger Dorfgrill & Pizzeria",
        "address": {},
        "sources": [
          {
            "type": "osm",
            "id": "node/2144123025",
            "version": 0
          },
          {
            "type": "gmaps",
            "id": "ChIJo8DoKf9IuEcRRwsZ-UjSxmQ"
          }
        ],
        "created": "2026-05-29",
        "updated": "2026-06-29",
        "hours": {
          "raw": "Tu 11:00-22:00; Th 11:00-22:00; Fr 11:00-22:00; We 11:00-22:00; Mo 11:00-22:00; Sa 11:00-22:00; Su 13:00-21:00"
        },
        "sources_by_field": {
          "name": "osm",
          "hours": "google"
        },
        "apple_id_attempted": "2026-05-29",
        "google_attempted": "2026-06-05",
        "payment": {}
      }
    },
    {
      "type": "Feature",
      "geometry": {
        "type": "Point",
        "coordinates": [
          8.3531279,
          51.4422702
        ]
      },
      "properties": {
        "id": "tk_nwr_osm_n2171346836",
        "name": "Weinhaus Wieskemper",
        "address": {
          "street": "Dieplohstraße",
          "number": "4",
          "postalcode": "59581",
          "city": "Warstein"
        },
        "sources": [
          {
            "type": "osm",
            "id": "node/2171346836",
            "version": 0
          },
          {
            "type": "apple",
            "id": "6600566090885007325"
          }
        ],
        "created": "2026-05-29",
        "updated": "2026-06-29",
        "hours": {
          "raw": "Mo-Fr 09:30-12:30,14:30-18:30; Sa 09:30-13:30"
        },
        "sources_by_field": {
          "name": "osm",
          "address.street": "osm",
          "address.number": "osm",
          "address.postalcode": "osm",
          "address.city": "osm",
          "hours": "apple",
          "payment.cards": "apple",
          "payment.contactless": "apple"
        },
        "apple_attempted": "2026-05-29",
        "payment": {
          "cards": "yes",
          "contactless": "yes"
        }
      }
    },
    {
      "type": "Feature",
      "geometry": {
        "type": "Point",
        "coordinates": [
          7.6338247,
          52.1757346
        ]
      },
      "properties": {
        "id": "tk_nwr_osm_n2354552498",
        "name": "Hövel Getränke GbR",
        "address": {
          "street": "Ibbenbürener Straße",
          "number": "2",
          "postalcode": "48369",
          "city": "Saerbeck"
        },
        "sources": [
          {
            "type": "osm",
            "id": "node/2354552498",
            "version": 0
          },
          {
            "type": "gmaps",
            "id": "ChIJq2iDK5jIuUcRcEzHCPzhiI0"
          }
        ],
        "created": "2026-05-29",
        "updated": "2026-06-29",
        "payment": {
          "cash": "yes",
          "cards": "yes",
          "contactless": "yes",
          "girocard": "yes"
        },
        "sources_by_field": {
          "name": "osm",
          "address.street": "osm",
          "address.number": "osm",
          "address.postalcode": "osm",
          "address.city": "osm",
          "payment.cash": "osm",
          "payment.cards": "osm",
          "payment.contactless": "google",
          "payment.girocard": "google",
          "hours": "google"
        },
        "apple_id_attempted": "2026-05-29",
        "google_attempted": "2026-06-05",
        "hours": {
          "raw": "Tu 09:00-12:30,14:00-18:00; Th 09:00-12:30,14:00-18:00; Fr 09:00-12:30,14:00-18:00; We 09:00-12:30,14:00-18:00; Mo 09:00-12:30,14:00-18:00; Sa 08:00-13:00"
        }
      }
    },
    {
      "type": "Feature",
      "geometry": {
        "type": "Point",
        "coordinates": [
          6.2464202,
          51.8323814
        ]
      },
      "properties": {
        "id": "tk_nwr_osm_n2429897388",
        "name": "Habesha Centrum",
        "address": {
          "street": "Kaßstraße",
          "number": "18",
          "postalcode": "46446",
          "city": "Emmerich am Rhein"
        },
        "sources": [
          {
            "type": "osm",
            "id": "node/2429897388",
            "version": 0
          },
          {
            "type": "apple",
            "id": "15456237217614643074"
          },
          {
            "type": "gmaps",
            "id": "ChIJabstctl3x0cR_ODIcAUGMt8"
          }
        ],
        "created": "2026-05-29",
        "updated": "2026-06-29",
        "hours": {
          "raw": "Tu 10:00-19:00; Th 10:00-19:00; Fr 10:00-19:00; We 10:00-19:00; Mo 11:00-19:00; Sa 10:00-14:30"
        },
        "sources_by_field": {
          "name": "osm",
          "address.street": "osm",
          "address.number": "osm",
          "address.postalcode": "osm",
          "address.city": "osm",
          "hours": "google",
          "payment.cards": "google",
          "payment.contactless": "google",
          "payment.girocard": "google"
        },
        "apple_attempted": "2026-05-29",
        "google_attempted": "2026-06-05",
        "payment": {
          "cards": "no",
          "contactless": "yes",
          "girocard": "yes"
        }
      }
    },
    {
      "type": "Feature",
      "geometry": {
        "type": "Point",
        "coordinates": [
          6.6798635,
          50.9035106
        ]
      },
      "properties": {
        "id": "tk_nwr_osm_n2497041168",
        "name": "Kiosk am Bahnhof",
        "address": {
          "street": "Thaliastraße",
          "number": "31",
          "postalcode": "50170",
          "city": "Kerpen",
          "district": "Sindorf"
        },
        "sources": [
          {
            "type": "osm",
            "id": "node/2497041168",
            "version": 0
          },
          {
            "type": "apple",
            "id": "5174038547473933787"
          }
        ],
        "created": "2026-05-29",
        "updated": "2026-06-29",
        "hours": {
          "raw": "Mo-Fr 05:30-23:00; Sa-Su 07:00-23:00"
        },
        "tags": [
          "barrierefrei"
        ],
        "sources_by_field": {
          "name": "osm",
          "address.street": "osm",
          "address.number": "osm",
          "address.postalcode": "osm",
          "address.city": "osm",
          "address.district": "osm",
          "hours": "apple",
          "payment.cards": "apple",
          "payment.contactless": "apple"
        },
        "apple_attempted": "2026-05-29",
        "payment": {
          "cards": "yes",
          "contactless": "yes"
        }
      }
    },
    {
      "type": "Feature",
      "geometry": {
        "type": "Point",
        "coordinates": [
          7.6276545,
          51.2172542
        ]
      },
      "properties": {
        "id": "tk_nwr_osm_n2504787778",
        "name": "XXL Kiosk",
        "address": {
          "street": "Knapper Straße",
          "number": "2a",
          "postalcode": "58507",
          "city": "Lüdenscheid"
        },
        "sources": [
          {
            "type": "osm",
            "id": "node/2504787778",
            "version": 0
          },
          {
            "type": "gmaps",
            "id": "ChIJ4chwyMlJuUcRxutnJfUb-bQ"
          }
        ],
        "created": "2026-05-29",
        "updated": "2026-06-29",
        "hours": {
          "raw": "Tu 08:00-00:00; Th 08:00-00:00; Fr 08:00-03:00; We 08:00-00:00; Mo 08:00-00:00; Sa 08:00-03:00; Su 09:00-00:00"
        },
        "tags": [
          "barrierefrei"
        ],
        "sources_by_field": {
          "name": "osm",
          "address.street": "osm",
          "address.number": "osm",
          "address.postalcode": "osm",
          "address.city": "osm",
          "hours": "google",
          "payment.cards": "google",
          "payment.contactless": "google",
          "payment.girocard": "google"
        },
        "apple_id_attempted": "2026-05-29",
        "google_attempted": "2026-06-05",
        "payment": {
          "cards": "yes",
          "contactless": "yes",
          "girocard": "yes"
        }
      }
    },
    {
      "type": "Feature",
      "geometry": {
        "type": "Point",
        "coordinates": [
          7.9619936,
          51.4316228
        ]
      },
      "properties": {
        "id": "tk_nwr_osm_n2584735867",
        "name": "Tankstelle Handelshof",
        "address": {},
        "sources": [
          {
            "type": "osm",
            "id": "node/2584735867",
            "version": 0
          },
          {
            "type": "gmaps",
            "id": "ChIJS4UFy0FnuUcRP0AdGxMhAQ8"
          }
        ],
        "created": "2026-05-29",
        "updated": "2026-06-29",
        "sources_by_field": {
          "name": "osm",
          "hours": "google",
          "payment.cards": "google",
          "payment.contactless": "google",
          "payment.girocard": "google"
        },
        "apple_id_attempted": "2026-05-29",
        "google_attempted": "2026-06-05",
        "hours": {
          "raw": "Tu 07:00-20:00; Th 07:00-20:00; Fr 07:00-20:00; We 07:00-20:00; Mo 07:00-20:00; Sa 07:30-18:00"
        },
        "payment": {
          "cards": "yes",
          "contactless": "yes",
          "girocard": "yes"
        }
      }
    },
    {
      "type": "Feature",
      "geometry": {
        "type": "Point",
        "coordinates": [
          7.4391162,
          52.2782382
        ]
      },
      "properties": {
        "id": "tk_nwr_osm_n2622654835",
        "name": "City Snax",
        "address": {
          "street": "Emsstraße",
          "number": "15",
          "postalcode": "48431",
          "city": "Rheine"
        },
        "sources": [
          {
            "type": "osm",
            "id": "node/2622654835",
            "version": 0
          },
          {
            "type": "apple",
            "id": "17711197730416384999"
          }
        ],
        "created": "2026-05-29",
        "updated": "2026-06-29",
        "sources_by_field": {
          "name": "osm",
          "address.street": "osm",
          "address.number": "osm",
          "address.postalcode": "osm",
          "address.city": "osm",
          "hours": "apple",
          "payment.cards": "apple",
          "payment.contactless": "apple"
        },
        "apple_attempted": "2026-05-29",
        "hours": {
          "raw": "Su 11:00-21:00; Mo-Th 10:00-22:00; Fr-Sa 10:00-23:00"
        },
        "payment": {
          "cards": "yes",
          "contactless": "yes"
        }
      }
    },
    {
      "type": "Feature",
      "geometry": {
        "type": "Point",
        "coordinates": [
          7.6039494,
          51.22572
        ]
      },
      "properties": {
        "id": "tk_nwr_osm_n2670706351",
        "name": "Kiosk Lotto Post - Stieborsky & Welzholz GbR",
        "address": {
          "street": "Buckesfelder Straße",
          "number": "100",
          "postalcode": "58509",
          "city": "Lüdenscheid"
        },
        "sources": [
          {
            "type": "osm",
            "id": "node/2670706351",
            "version": 0
          },
          {
            "type": "gmaps",
            "id": "ChIJMSPnsSo2uUcR8c2lqAGQXXM"
          }
        ],
        "created": "2026-05-29",
        "updated": "2026-06-29",
        "hours": {
          "raw": "Tu 06:30-18:00; Th 06:30-18:00; Fr 06:30-18:00; We 06:30-18:00; Mo 06:30-18:00; Sa 07:00-13:00"
        },
        "tags": [
          "barrierefrei"
        ],
        "sources_by_field": {
          "name": "osm",
          "address.street": "osm",
          "address.number": "osm",
          "address.postalcode": "osm",
          "address.city": "osm",
          "hours": "google",
          "payment.cards": "google",
          "payment.girocard": "google"
        },
        "apple_id_attempted": "2026-05-29",
        "google_attempted": "2026-06-05",
        "payment": {
          "cards": "yes",
          "girocard": "yes"
        }
      }
    },
    {
      "type": "Feature",
      "geometry": {
        "type": "Point",
        "coordinates": [
          7.6283534,
          52.1747213
        ]
      },
      "properties": {
        "id": "tk_nwr_osm_n280521515",
        "name": "Auto Richter",
        "address": {
          "street": "Industriestraße",
          "number": "2",
          "postalcode": "48369",
          "city": "Saerbeck"
        },
        "sources": [
          {
            "type": "osm",
            "id": "node/280521515",
            "version": 0
          },
          {
            "type": "gmaps",
            "id": "ChIJkTHFw5bIuUcRjRNwyxu2iSw"
          }
        ],
        "created": "2026-05-29",
        "updated": "2026-06-29",
        "hours": {
          "raw": "Tu 06:30-21:00; Th 06:30-21:00; Fr 06:30-21:00; We 06:30-21:00; Mo 06:30-21:00; Sa 06:30-21:00; Su 08:00-20:00"
        },
        "sources_by_field": {
          "name": "osm",
          "address.street": "osm",
          "address.number": "osm",
          "address.postalcode": "osm",
          "address.city": "osm",
          "hours": "google",
          "payment.cards": "google",
          "payment.contactless": "google",
          "payment.girocard": "google"
        },
        "apple_id_attempted": "2026-05-29",
        "google_attempted": "2026-06-05",
        "payment": {
          "cards": "no",
          "contactless": "yes",
          "girocard": "yes"
        }
      }
    },
    {
      "type": "Feature",
      "geometry": {
        "type": "Point",
        "coordinates": [
          7.6224773,
          51.2209996
        ]
      },
      "properties": {
        "id": "tk_nwr_osm_n2878533402",
        "name": "Knappa Kiosk",
        "address": {
          "street": "Knapper Straße",
          "number": "81",
          "postalcode": "58507",
          "city": "Lüdenscheid"
        },
        "sources": [
          {
            "type": "osm",
            "id": "node/2878533402",
            "version": 0
          },
          {
            "type": "gmaps",
            "id": "ChIJAb4u0hBJuUcRTV3YD9qW4_I"
          }
        ],
        "created": "2026-05-29",
        "updated": "2026-06-29",
        "hours": {
          "raw": "Tu 07:00-22:00; Th 07:00-22:00; Fr 07:00-23:00; We 07:00-22:00; Mo 07:00-22:00; Sa 08:00-23:00; Su 10:00-22:00"
        },
        "tags": [
          "barrierefrei"
        ],
        "sources_by_field": {
          "name": "osm",
          "address.street": "osm",
          "address.number": "osm",
          "address.postalcode": "osm",
          "address.city": "osm",
          "hours": "google",
          "payment.cards": "google",
          "payment.girocard": "google"
        },
        "apple_id_attempted": "2026-05-29",
        "google_attempted": "2026-06-05",
        "payment": {
          "cards": "no",
          "girocard": "yes"
        }
      }
    },
    {
      "type": "Feature",
      "geometry": {
        "type": "Point",
        "coordinates": [
          6.25845,
          51.8389351
        ]
      },
      "properties": {
        "id": "tk_nwr_osm_n2879479801",
        "name": "Leegmeer-Kiosk",
        "address": {
          "street": "Netterdensche Straße",
          "number": "2",
          "postalcode": "46446",
          "city": "Emmerich am Rhein"
        },
        "sources": [
          {
            "type": "osm",
            "id": "node/2879479801",
            "version": 0
          },
          {
            "type": "apple",
            "id": "14954043438051169374"
          }
        ],
        "created": "2026-05-29",
        "updated": "2026-06-29",
        "sources_by_field": {
          "name": "osm",
          "address.street": "osm",
          "address.number": "osm",
          "address.postalcode": "osm",
          "address.city": "osm",
          "hours": "apple",
          "payment.cards": "apple",
          "payment.contactless": "apple"
        },
        "apple_attempted": "2026-05-29",
        "hours": {
          "raw": "Su 13:00-20:00; Mo,We-Fr 07:30-21:00; Tu 07:30-22:00; Sa 09:00-21:00"
        },
        "payment": {
          "cards": "yes",
          "contactless": "yes"
        }
      }
    },
    {
      "type": "Feature",
      "geometry": {
        "type": "Point",
        "coordinates": [
          6.23869,
          51.8310036
        ]
      },
      "properties": {
        "id": "tk_nwr_osm_n2882951701",
        "name": "Rhein-Kiosk",
        "address": {},
        "sources": [
          {
            "type": "osm",
            "id": "node/2882951701",
            "version": 0
          },
          {
            "type": "apple",
            "id": "13644238251177670550"
          }
        ],
        "created": "2026-05-29",
        "updated": "2026-06-29",
        "hours": {
          "raw": "Mo-Th 09:00-22:00; Fr-Sa 09:00-23:00; Su 11:00-20:00"
        },
        "sources_by_field": {
          "name": "osm",
          "hours": "apple",
          "payment.cards": "apple",
          "payment.contactless": "apple"
        },
        "apple_attempted": "2026-05-29",
        "payment": {
          "cards": "yes",
          "contactless": "yes"
        }
      }
    },
    {
      "type": "Feature",
      "geometry": {
        "type": "Point",
        "coordinates": [
          7.6272694,
          51.2173073
        ]
      },
      "properties": {
        "id": "tk_nwr_osm_n2907738801",
        "name": "DHL Paketshop Lotto Acil",
        "address": {
          "street": "Knapper Straße",
          "number": "27",
          "postalcode": "58507",
          "city": "Lüdenscheid"
        },
        "sources": [
          {
            "type": "osm",
            "id": "node/2907738801",
            "version": 0
          },
          {
            "type": "gmaps",
            "id": "ChIJkybokXtJuUcRFiXruO5GzjU"
          }
        ],
        "created": "2026-05-29",
        "updated": "2026-06-29",
        "hours": {
          "raw": "Tu 07:30-18:30; Th 07:30-18:30; Fr 07:30-18:30; We 07:30-18:30; Mo 07:30-18:30; Sa 07:00-14:00"
        },
        "tags": [
          "barrierefrei"
        ],
        "sources_by_field": {
          "name": "osm",
          "address.street": "osm",
          "address.number": "osm",
          "address.postalcode": "osm",
          "address.city": "osm",
          "hours": "google"
        },
        "apple_id_attempted": "2026-05-29",
        "google_attempted": "2026-06-05",
        "payment": {}
      }
    },
    {
      "type": "Feature",
      "geometry": {
        "type": "Point",
        "coordinates": [
          7.653328,
          51.2175884
        ]
      },
      "properties": {
        "id": "tk_nwr_osm_n2907773601",
        "name": "Lotto-Toto Marina-Ann Gülicher",
        "address": {
          "street": "Bräuckenstraße",
          "number": "83",
          "postalcode": "58511",
          "city": "Lüdenscheid"
        },
        "sources": [
          {
            "type": "osm",
            "id": "node/2907773601",
            "version": 0
          },
          {
            "type": "gmaps",
            "id": "ChIJqaCLKKpJuUcRTJIm0K6XAt4"
          }
        ],
        "created": "2026-05-29",
        "updated": "2026-06-29",
        "hours": {
          "raw": "Mo-Sa 08:00-19:00; Su off"
        },
        "sources_by_field": {
          "name": "osm",
          "address.street": "osm",
          "address.number": "osm",
          "address.postalcode": "osm",
          "address.city": "osm",
          "hours": "osm"
        },
        "apple_id_attempted": "2026-05-29",
        "google_attempted": "2026-06-05",
        "payment": {}
      }
    },
    {
      "type": "Feature",
      "geometry": {
        "type": "Point",
        "coordinates": [
          7.6432252,
          51.2119314
        ]
      },
      "properties": {
        "id": "tk_nwr_osm_n2907776601",
        "name": "Kiosk / Lotto - Thomas Hanstein",
        "address": {
          "street": "Hochstraße",
          "number": "87",
          "postalcode": "58511",
          "city": "Lüdenscheid"
        },
        "sources": [
          {
            "type": "osm",
            "id": "node/2907776601",
            "version": 0
          },
          {
            "type": "apple",
            "id": "2428072758669497981"
          }
        ],
        "created": "2026-05-29",
        "updated": "2026-06-29",
        "hours": {
          "raw": "Mo-Fr 08:15-17:15; Sa 08:00-13:00"
        },
        "tags": [
          "barrierefrei"
        ],
        "sources_by_field": {
          "name": "osm",
          "address.street": "osm",
          "address.number": "osm",
          "address.postalcode": "osm",
          "address.city": "osm",
          "hours": "apple",
          "payment.cards": "apple",
          "payment.contactless": "apple"
        },
        "apple_attempted": "2026-05-29",
        "payment": {
          "cards": "yes",
          "contactless": "yes"
        }
      }
    },
    {
      "type": "Feature",
      "geometry": {
        "type": "Point",
        "coordinates": [
          7.6356328,
          51.2158831
        ]
      },
      "properties": {
        "id": "tk_nwr_osm_n2907778001",
        "name": "Kiosk / DHL Paketshop - Omar",
        "address": {
          "street": "Loher Straße",
          "number": "1",
          "postalcode": "58511",
          "city": "Lüdenscheid"
        },
        "sources": [
          {
            "type": "osm",
            "id": "node/2907778001",
            "version": 0
          },
          {
            "type": "gmaps",
            "id": "ChIJEZ9t1LBJuUcROkm9pWasREc"
          }
        ],
        "created": "2026-05-29",
        "updated": "2026-06-29",
        "hours": {
          "raw": "Tu 09:00-20:00; Th 09:00-20:00; Fr 09:00-20:00; We 09:00-20:00; Mo 09:00-20:00; Sa 09:00-20:00; Su 09:00-20:00"
        },
        "sources_by_field": {
          "name": "osm",
          "address.street": "osm",
          "address.number": "osm",
          "address.postalcode": "osm",
          "address.city": "osm",
          "hours": "google"
        },
        "apple_id_attempted": "2026-05-29",
        "google_attempted": "2026-06-05",
        "payment": {}
      }
    },
    {
      "type": "Feature",
      "geometry": {
        "type": "Point",
        "coordinates": [
          7.6411863,
          51.220779
        ]
      },
      "properties": {
        "id": "tk_nwr_osm_n2907779601",
        "name": "Lotto Jens Herberg",
        "address": {
          "street": "Werdohler Straße",
          "number": "97a",
          "postalcode": "58511",
          "city": "Lüdenscheid"
        },
        "sources": [
          {
            "type": "osm",
            "id": "node/2907779601",
            "version": 0
          },
          {
            "type": "gmaps",
            "id": "ChIJb_mQWbJJuUcR8bfUe2RVo9c"
          }
        ],
        "created": "2026-05-29",
        "updated": "2026-06-29",
        "hours": {
          "raw": "Tu 05:00-18:30; Th 05:00-18:30; Fr 05:00-18:30; We 05:00-18:30; Mo 05:00-18:30; Sa 07:30-18:00"
        },
        "sources_by_field": {
          "name": "osm",
          "address.street": "osm",
          "address.number": "osm",
          "address.postalcode": "osm",
          "address.city": "osm",
          "hours": "google",
          "payment.cards": "google",
          "payment.contactless": "google",
          "payment.girocard": "google"
        },
        "apple_id_attempted": "2026-05-29",
        "google_attempted": "2026-06-05",
        "payment": {
          "cards": "yes",
          "contactless": "yes",
          "girocard": "yes"
        }
      }
    },
    {
      "type": "Feature",
      "geometry": {
        "type": "Point",
        "coordinates": [
          7.6301516,
          51.2163121
        ]
      },
      "properties": {
        "id": "tk_nwr_osm_n2907785401",
        "name": "Wolsdorff",
        "address": {
          "street": "Wilhelmstraße",
          "number": "33",
          "postalcode": "58511",
          "city": "Lüdenscheid"
        },
        "sources": [
          {
            "type": "osm",
            "id": "node/2907785401",
            "version": 0
          },
          {
            "type": "gmaps",
            "id": "ChIJZ6BfyrdJuUcR-_nzA8A7SUk"
          }
        ],
        "created": "2026-05-29",
        "updated": "2026-06-29",
        "hours": {
          "raw": "Tu 09:00-20:00; Th 09:00-20:00; Fr 09:00-20:00; We 09:00-20:00; Mo 09:00-20:00; Sa 09:00-20:00"
        },
        "sources_by_field": {
          "name": "osm",
          "address.street": "osm",
          "address.number": "osm",
          "address.postalcode": "osm",
          "address.city": "osm",
          "hours": "google",
          "payment.cards": "google",
          "payment.girocard": "google"
        },
        "apple_id_attempted": "2026-05-29",
        "google_attempted": "2026-06-05",
        "payment": {
          "cards": "yes",
          "girocard": "yes"
        }
      }
    },
    {
      "type": "Feature",
      "geometry": {
        "type": "Point",
        "coordinates": [
          6.1944123,
          50.8548937
        ]
      },
      "properties": {
        "id": "tk_nwr_osm_n297296044",
        "name": "Gebrüder Feltes",
        "address": {},
        "sources": [
          {
            "type": "osm",
            "id": "node/297296044",
            "version": 0
          },
          {
            "type": "gmaps",
            "id": "ChIJ_-6XwSygwEcRGJnFYYBY_Xo"
          }
        ],
        "created": "2026-05-29",
        "updated": "2026-06-29",
        "hours": {
          "raw": "Tu 04:30-20:00; Th 04:30-20:00; Fr 04:30-20:00; We 04:30-20:00; Mo 04:30-20:00; Sa 04:30-20:00; Su 08:00-20:00"
        },
        "sources_by_field": {
          "name": "osm",
          "hours": "google",
          "payment.cards": "google",
          "payment.girocard": "google"
        },
        "apple_id_attempted": "2026-05-29",
        "google_attempted": "2026-06-05",
        "payment": {
          "cards": "yes",
          "girocard": "yes"
        }
      }
    },
    {
      "type": "Feature",
      "geometry": {
        "type": "Point",
        "coordinates": [
          6.2764559,
          51.3071517
        ]
      },
      "properties": {
        "id": "tk_nwr_osm_n303044240",
        "name": "Kiosk Last Minute",
        "address": {},
        "sources": [
          {
            "type": "osm",
            "id": "node/303044240",
            "version": 0
          },
          {
            "type": "apple",
            "id": "1343299033473124295"
          }
        ],
        "created": "2026-05-29",
        "updated": "2026-06-29",
        "hours": {
          "raw": "Sa-Su 09:00-22:00; Mo-Fr 07:00-22:00"
        },
        "tags": [
          "barrierefrei"
        ],
        "sources_by_field": {
          "name": "osm",
          "hours": "apple",
          "payment.cards": "apple",
          "payment.contactless": "apple"
        },
        "apple_attempted": "2026-05-29",
        "payment": {
          "cards": "yes",
          "contactless": "yes"
        }
      }
    },
    {
      "type": "Feature",
      "geometry": {
        "type": "Point",
        "coordinates": [
          8.5864998,
          51.6717015
        ]
      },
      "properties": {
        "id": "tk_nwr_osm_n3034494127",
        "name": "Burs & Schröder",
        "address": {
          "street": "Kugelbreite",
          "number": "3",
          "postalcode": "33154",
          "city": "Salzkotten"
        },
        "sources": [
          {
            "type": "osm",
            "id": "node/3034494127",
            "version": 0
          },
          {
            "type": "apple",
            "id": "6092934428814900310"
          },
          {
            "type": "gmaps",
            "id": "ChIJqwHUaIzKu0cRYhPmEtaKlcQ"
          }
        ],
        "created": "2026-05-29",
        "updated": "2026-06-29",
        "hours": {
          "raw": "Tu 08:00-16:00; Th 08:00-16:00; Fr 08:00-16:00; We 08:00-16:00; Mo 08:00-16:00"
        },
        "sources_by_field": {
          "name": "osm",
          "address.street": "osm",
          "address.number": "osm",
          "address.postalcode": "osm",
          "address.city": "osm",
          "hours": "google"
        },
        "apple_attempted": "2026-05-29",
        "google_attempted": "2026-06-05",
        "payment": {}
      }
    },
    {
      "type": "Feature",
      "geometry": {
        "type": "Point",
        "coordinates": [
          7.3082021,
          52.1059519
        ]
      },
      "properties": {
        "id": "tk_nwr_osm_n3131019176",
        "name": "Getränke Arning GmbH",
        "address": {
          "street": "Ostendorf",
          "number": "47",
          "postalcode": "48612",
          "city": "Horstmar"
        },
        "sources": [
          {
            "type": "osm",
            "id": "node/3131019176",
            "version": 0
          },
          {
            "type": "apple",
            "id": "8689105497870905900"
          }
        ],
        "created": "2026-05-29",
        "updated": "2026-06-29",
        "sources_by_field": {
          "name": "osm",
          "address.street": "osm",
          "address.number": "osm",
          "address.postalcode": "osm",
          "address.city": "osm",
          "hours": "apple",
          "payment.cards": "apple",
          "payment.contactless": "apple"
        },
        "apple_attempted": "2026-05-29",
        "hours": {
          "raw": "Mo-Fr 08:00-18:00; Sa 08:00-16:00"
        },
        "payment": {
          "cards": "yes",
          "contactless": "yes"
        }
      }
    },
    {
      "type": "Feature",
      "geometry": {
        "type": "Point",
        "coordinates": [
          6.485313,
          50.7995274
        ]
      },
      "properties": {
        "id": "tk_nwr_osm_n320599863",
        "name": "BARATIE Coffee&Snacks",
        "address": {
          "street": "Bonner Straße",
          "number": "2",
          "postalcode": "52349"
        },
        "sources": [
          {
            "type": "osm",
            "id": "node/320599863",
            "version": 0
          },
          {
            "type": "apple",
            "id": "6386631095263519999"
          }
        ],
        "created": "2026-05-29",
        "updated": "2026-06-29",
        "hours": {
          "raw": "Mo,We 06:00-18:00"
        },
        "sources_by_field": {
          "name": "osm",
          "address.street": "osm",
          "address.number": "osm",
          "address.postalcode": "osm",
          "hours": "apple",
          "payment.cards": "apple",
          "payment.contactless": "apple"
        },
        "apple_attempted": "2026-05-29",
        "payment": {
          "cards": "yes",
          "contactless": "yes"
        }
      }
    },
    {
      "type": "Feature",
      "geometry": {
        "type": "Point",
        "coordinates": [
          7.6262644,
          51.2180127
        ]
      },
      "properties": {
        "id": "tk_nwr_osm_n3224839808",
        "name": "Kiosk am Eck 2",
        "address": {
          "street": "Knapper Straße",
          "number": "10",
          "postalcode": "58507",
          "city": "Lüdenscheid"
        },
        "sources": [
          {
            "type": "osm",
            "id": "node/3224839808",
            "version": 0
          },
          {
            "type": "gmaps",
            "id": "ChIJX7DQelBJuUcR9AzE5I5pIHw"
          }
        ],
        "created": "2026-05-29",
        "updated": "2026-06-29",
        "sources_by_field": {
          "name": "osm",
          "address.street": "osm",
          "address.number": "osm",
          "address.postalcode": "osm",
          "address.city": "osm",
          "hours": "google",
          "payment.cards": "google",
          "payment.contactless": "google",
          "payment.girocard": "google"
        },
        "apple_id_attempted": "2026-05-29",
        "google_attempted": "2026-06-05",
        "hours": {
          "raw": "Tu 08:00-00:00; Th 08:00-00:00; Fr 08:00-02:00; We 08:00-00:00; Mo 08:00-00:00; Sa 08:00-02:00; Su 08:00-02:00"
        },
        "payment": {
          "cards": "no",
          "contactless": "yes",
          "girocard": "yes"
        }
      }
    },
    {
      "type": "Feature",
      "geometry": {
        "type": "Point",
        "coordinates": [
          7.6229906,
          51.2204387
        ]
      },
      "properties": {
        "id": "tk_nwr_osm_n3237187551",
        "name": "Express Kiosk Trinkhalle",
        "address": {
          "street": "Knapper Straße",
          "number": "52a",
          "postalcode": "58507",
          "city": "Lüdenscheid"
        },
        "sources": [
          {
            "type": "osm",
            "id": "node/3237187551",
            "version": 0
          },
          {
            "type": "gmaps",
            "id": "ChIJu5DfCMxJuUcRg6yQgzFExpI"
          }
        ],
        "created": "2026-05-29",
        "updated": "2026-06-29",
        "hours": {
          "raw": "Tu 11:00-22:00; Th 11:00-22:00; Fr 11:00-22:00; We 11:00-22:00; Mo 11:00-22:00; Sa 12:00-22:00; Su 13:00-22:00"
        },
        "sources_by_field": {
          "name": "osm",
          "address.street": "osm",
          "address.number": "osm",
          "address.postalcode": "osm",
          "address.city": "osm",
          "hours": "google",
          "payment.cards": "google",
          "payment.girocard": "google"
        },
        "apple_id_attempted": "2026-05-29",
        "google_attempted": "2026-06-05",
        "payment": {
          "cards": "yes",
          "girocard": "yes"
        }
      }
    },
    {
      "type": "Feature",
      "geometry": {
        "type": "Point",
        "coordinates": [
          8.6964949,
          51.5219225
        ]
      },
      "properties": {
        "id": "tk_nwr_osm_n3332995465",
        "name": "Elcampo",
        "address": {
          "street": "Rosenstraße",
          "number": "1",
          "postalcode": "33181",
          "city": "Bad Wünnenberg"
        },
        "sources": [
          {
            "type": "osm",
            "id": "node/3332995465",
            "version": 0
          },
          {
            "type": "gmaps",
            "id": "ChIJfctLtA26u0cRI-a2EACCZhc"
          }
        ],
        "created": "2026-05-29",
        "updated": "2026-06-29",
        "hours": {
          "raw": "Tu 10:00-12:00,15:00-18:00; Th 10:00-12:00,15:00-18:00; Fr 10:00-12:00,15:00-18:00; We 10:00-12:00,15:00-18:00; Mo 10:00-12:00,15:00-18:00; Sa 10:00-14:00"
        },
        "sources_by_field": {
          "name": "osm",
          "address.street": "osm",
          "address.number": "osm",
          "address.postalcode": "osm",
          "address.city": "osm",
          "hours": "google",
          "payment.cards": "google",
          "payment.contactless": "google",
          "payment.girocard": "google"
        },
        "apple_id_attempted": "2026-05-29",
        "google_attempted": "2026-06-05",
        "payment": {
          "cards": "yes",
          "contactless": "yes",
          "girocard": "yes"
        }
      }
    },
    {
      "type": "Feature",
      "geometry": {
        "type": "Point",
        "coordinates": [
          7.6290515,
          51.2176467
        ]
      },
      "properties": {
        "id": "tk_nwr_osm_n335765676",
        "name": "Kiosk Sultan Polat",
        "address": {
          "number": "25",
          "postalcode": "58507",
          "city": "Lüdenscheid",
          "street": "Rathausplatz"
        },
        "sources": [
          {
            "type": "osm",
            "id": "node/335765676",
            "version": 0
          },
          {
            "type": "apple",
            "id": "5376589018553850763"
          }
        ],
        "created": "2026-05-29",
        "updated": "2026-06-29",
        "hours": {
          "raw": "Su 00:00-01:00,08:00-22:00; Mo-Th 06:00-22:00; Fr 06:00-24:00; Sa 00:00-01:00,06:00-24:00"
        },
        "sources_by_field": {
          "name": "osm",
          "address.number": "osm",
          "address.postalcode": "osm",
          "address.city": "osm",
          "hours": "apple",
          "address.street": "osm",
          "payment.cards": "apple",
          "payment.contactless": "apple"
        },
        "apple_attempted": "2026-05-29",
        "payment": {
          "cards": "yes",
          "contactless": "yes"
        }
      }
    },
    {
      "type": "Feature",
      "geometry": {
        "type": "Point",
        "coordinates": [
          8.1002431,
          51.5749094
        ]
      },
      "properties": {
        "id": "tk_nwr_osm_n3453870669",
        "name": "Baukmann",
        "address": {},
        "sources": [
          {
            "type": "osm",
            "id": "node/3453870669",
            "version": 0
          },
          {
            "type": "gmaps",
            "id": "ChIJzXxe-zJ9uUcRBhG1BfU1bDI"
          }
        ],
        "created": "2026-05-29",
        "updated": "2026-06-29",
        "hours": {
          "raw": "Tu 06:00-21:00; Th 06:00-21:00; Fr 06:00-21:00; We 06:00-21:00; Mo 06:00-21:00; Sa 06:00-21:00; Su 07:00-21:00"
        },
        "sources_by_field": {
          "name": "osm",
          "hours": "google",
          "payment.cards": "google",
          "payment.contactless": "google",
          "payment.girocard": "google"
        },
        "apple_id_attempted": "2026-05-29",
        "google_attempted": "2026-06-05",
        "payment": {
          "cards": "yes",
          "contactless": "yes",
          "girocard": "yes"
        }
      }
    },
    {
      "type": "Feature",
      "geometry": {
        "type": "Point",
        "coordinates": [
          7.4142148,
          51.1264602
        ]
      },
      "properties": {
        "id": "tk_nwr_osm_n3460894554",
        "name": "Abstoß, Werner",
        "address": {
          "street": "Dreiner Weg",
          "number": "1",
          "postalcode": "51688",
          "city": "Wipperfürth"
        },
        "sources": [
          {
            "type": "osm",
            "id": "node/3460894554",
            "version": 0
          },
          {
            "type": "apple",
            "id": "1538148052257191045"
          }
        ],
        "created": "2026-05-29",
        "updated": "2026-06-29",
        "sources_by_field": {
          "name": "osm",
          "address.street": "osm",
          "address.number": "osm",
          "address.postalcode": "osm",
          "address.city": "osm",
          "hours": "apple",
          "payment.cards": "apple",
          "payment.contactless": "apple"
        },
        "apple_attempted": "2026-05-29",
        "hours": {
          "raw": "Mo-Fr 08:00-19:00; Sa 08:30-14:00"
        },
        "payment": {
          "cards": "yes",
          "contactless": "yes"
        }
      }
    },
    {
      "type": "Feature",
      "geometry": {
        "type": "Point",
        "coordinates": [
          7.6307846,
          51.2157647
        ]
      },
      "properties": {
        "id": "tk_nwr_osm_n3464095678",
        "name": "Dimo Kiosk 2",
        "address": {
          "street": "Wilhelmstraße",
          "number": "21",
          "postalcode": "58511",
          "city": "Lüdenscheid"
        },
        "sources": [
          {
            "type": "osm",
            "id": "node/3464095678",
            "version": 0
          },
          {
            "type": "apple",
            "id": "5923197672167288222"
          }
        ],
        "created": "2026-05-29",
        "updated": "2026-06-29",
        "sources_by_field": {
          "name": "osm",
          "address.street": "osm",
          "address.number": "osm",
          "address.postalcode": "osm",
          "address.city": "osm",
          "hours": "apple",
          "payment.cards": "apple",
          "payment.contactless": "apple"
        },
        "apple_attempted": "2026-05-29",
        "hours": {
          "raw": "Mo-Fr 07:00-21:00; Sa 07:00-20:00; Su 10:00-18:00"
        },
        "payment": {
          "cards": "yes",
          "contactless": "yes"
        }
      }
    },
    {
      "type": "Feature",
      "geometry": {
        "type": "Point",
        "coordinates": [
          7.6350062,
          51.2152995
        ]
      },
      "properties": {
        "id": "tk_nwr_osm_n3545789429",
        "name": "Kiosk + Asia-Markt",
        "address": {
          "street": "Hochstraße",
          "number": "8a",
          "postalcode": "58511",
          "city": "Lüdenscheid"
        },
        "sources": [
          {
            "type": "osm",
            "id": "node/3545789429",
            "version": 0
          },
          {
            "type": "apple",
            "id": "11227133205729059905"
          }
        ],
        "created": "2026-05-29",
        "updated": "2026-06-29",
        "sources_by_field": {
          "name": "osm",
          "address.street": "osm",
          "address.number": "osm",
          "address.postalcode": "osm",
          "address.city": "osm",
          "hours": "apple",
          "payment.cards": "apple",
          "payment.contactless": "apple"
        },
        "apple_attempted": "2026-05-29",
        "hours": {
          "raw": "Mo-Tu,Th-Fr,Su 10:00-21:00; We 14:00-21:00; Sa 10:00-22:00"
        },
        "payment": {
          "cards": "yes",
          "contactless": "yes"
        }
      }
    },
    {
      "type": "Feature",
      "geometry": {
        "type": "Point",
        "coordinates": [
          6.4454871,
          51.8195769
        ]
      },
      "properties": {
        "id": "tk_nwr_osm_n3561599056",
        "name": "Autohof Isselburg",
        "address": {
          "street": "Bocholter Straße",
          "number": "6",
          "postalcode": "46419",
          "city": "Isselburg"
        },
        "sources": [
          {
            "type": "osm",
            "id": "node/3561599056",
            "version": 0
          },
          {
            "type": "apple",
            "id": "13929478025290009787"
          },
          {
            "type": "gmaps",
            "id": "ChIJkUS98MN_x0cRGy7YtJ_rcvI"
          }
        ],
        "created": "2026-05-29",
        "updated": "2026-06-29",
        "tags": [
          "wc"
        ],
        "sources_by_field": {
          "name": "osm",
          "address.street": "osm",
          "address.number": "osm",
          "address.postalcode": "osm",
          "address.city": "osm",
          "payment.cards": "google",
          "payment.contactless": "google",
          "payment.girocard": "google"
        },
        "apple_attempted": "2026-05-29",
        "google_attempted": "2026-06-05",
        "payment": {
          "cards": "no",
          "contactless": "yes",
          "girocard": "yes"
        }
      }
    },
    {
      "type": "Feature",
      "geometry": {
        "type": "Point",
        "coordinates": [
          7.8136993,
          51.0781184
        ]
      },
      "properties": {
        "id": "tk_nwr_osm_n3688205725",
        "name": "Camping Eckmann",
        "address": {},
        "sources": [
          {
            "type": "osm",
            "id": "node/3688205725",
            "version": 0
          },
          {
            "type": "apple",
            "id": "2783098597832848805"
          },
          {
            "type": "gmaps",
            "id": "ChIJb1WYbTGtvkcRIHPKeouDv88"
          }
        ],
        "created": "2026-05-29",
        "updated": "2026-06-29",
        "sources_by_field": {
          "name": "osm"
        },
        "apple_attempted": "2026-05-29",
        "google_attempted": "2026-06-05",
        "payment": {}
      }
    },
    {
      "type": "Feature",
      "geometry": {
        "type": "Point",
        "coordinates": [
          7.8109984,
          51.0707589
        ]
      },
      "properties": {
        "id": "tk_nwr_osm_n3688205808",
        "name": "Kiosk Kalberschnacke",
        "address": {},
        "sources": [
          {
            "type": "osm",
            "id": "node/3688205808",
            "version": 0
          },
          {
            "type": "apple",
            "id": "3158501229199130432"
          }
        ],
        "created": "2026-05-29",
        "updated": "2026-06-29",
        "tags": [
          "barrierefrei"
        ],
        "sources_by_field": {
          "name": "osm",
          "hours": "apple",
          "payment.cards": "apple",
          "payment.contactless": "apple"
        },
        "apple_attempted": "2026-05-29",
        "hours": {
          "raw": "Tu-Su 10:00-19:00"
        },
        "payment": {
          "cards": "yes",
          "contactless": "yes"
        }
      }
    },
    {
      "type": "Feature",
      "geometry": {
        "type": "Point",
        "coordinates": [
          9.1076716,
          51.4863702
        ]
      },
      "properties": {
        "id": "tk_nwr_osm_n3737689896",
        "name": "Bender Getränke Fachgroßhandel",
        "address": {},
        "sources": [
          {
            "type": "osm",
            "id": "node/3737689896",
            "version": 0
          },
          {
            "type": "apple",
            "id": "7876505715028819415"
          }
        ],
        "created": "2026-05-29",
        "updated": "2026-06-29",
        "sources_by_field": {
          "name": "osm",
          "hours": "apple",
          "payment.cards": "apple",
          "payment.contactless": "apple"
        },
        "apple_attempted": "2026-05-29",
        "hours": {
          "raw": "Mo-Fr 07:30-16:30; Sa 08:30-12:30"
        },
        "payment": {
          "cards": "yes",
          "contactless": "yes"
        }
      }
    },
    {
      "type": "Feature",
      "geometry": {
        "type": "Point",
        "coordinates": [
          6.5709989,
          50.9761546
        ]
      },
      "properties": {
        "id": "tk_nwr_osm_n384828073",
        "name": "Lokalshop Kirdorfer Kiosk",
        "address": {
          "street": "Theodor-Heuss-Straße",
          "number": "30",
          "postalcode": "50181",
          "city": "Bedburg"
        },
        "sources": [
          {
            "type": "osm",
            "id": "node/384828073",
            "version": 0
          },
          {
            "type": "apple",
            "id": "6118371611503714659"
          }
        ],
        "created": "2026-05-29",
        "updated": "2026-06-29",
        "hours": {
          "raw": "Sa-Su 07:00-11:00; Mo-Fr 06:00-12:30,16:00-19:00"
        },
        "sources_by_field": {
          "name": "osm",
          "address.street": "osm",
          "address.number": "osm",
          "address.postalcode": "osm",
          "address.city": "osm",
          "hours": "apple",
          "payment.cards": "apple",
          "payment.contactless": "apple"
        },
        "apple_attempted": "2026-05-29",
        "payment": {
          "cards": "yes",
          "contactless": "yes"
        }
      }
    },
    {
      "type": "Feature",
      "geometry": {
        "type": "Point",
        "coordinates": [
          7.6222629,
          51.2213585
        ]
      },
      "properties": {
        "id": "tk_nwr_osm_n3855131000",
        "name": "M & A Kiosk",
        "address": {
          "street": "Knapper Straße",
          "number": "87",
          "postalcode": "58507",
          "city": "Lüdenscheid"
        },
        "sources": [
          {
            "type": "osm",
            "id": "node/3855131000",
            "version": 0
          },
          {
            "type": "apple",
            "id": "16973264311229407518"
          }
        ],
        "created": "2026-05-29",
        "updated": "2026-06-29",
        "hours": {
          "raw": "Su 09:00-24:00; Mo,We-Sa 06:00-24:00; Tu 00:00-03:00,06:00-24:00"
        },
        "sources_by_field": {
          "name": "osm",
          "address.street": "osm",
          "address.number": "osm",
          "address.postalcode": "osm",
          "address.city": "osm",
          "hours": "apple",
          "payment.cards": "apple",
          "payment.contactless": "apple"
        },
        "apple_attempted": "2026-05-29",
        "payment": {
          "cards": "yes",
          "contactless": "yes"
        }
      }
    },
    {
      "type": "Feature",
      "geometry": {
        "type": "Point",
        "coordinates": [
          8.3461342,
          51.6770694
        ]
      },
      "properties": {
        "id": "tk_nwr_osm_n389051065",
        "name": "Lippe Kiosk",
        "address": {},
        "sources": [
          {
            "type": "osm",
            "id": "node/389051065",
            "version": 0
          },
          {
            "type": "gmaps",
            "id": "ChIJXeHRyVDSu0cRKu1vfc0sT3E"
          }
        ],
        "created": "2026-05-29",
        "updated": "2026-06-29",
        "hours": {
          "raw": "Tu 09:00-23:00; Th 09:00-23:00; Fr 08:30-00:00; We 09:00-23:00; Mo 09:00-23:00; Sa 09:00-00:00; Su 09:00-23:00"
        },
        "sources_by_field": {
          "name": "osm",
          "hours": "google"
        },
        "apple_id_attempted": "2026-05-29",
        "google_attempted": "2026-06-05",
        "payment": {}
      }
    },
    {
      "type": "Feature",
      "geometry": {
        "type": "Point",
        "coordinates": [
          6.3582171,
          50.9202425
        ]
      },
      "properties": {
        "id": "tk_nwr_osm_n392673509",
        "name": "Berntheisel",
        "address": {
          "street": "Bongardstraße",
          "number": "10",
          "postalcode": "52428",
          "city": "Jülich"
        },
        "sources": [
          {
            "type": "osm",
            "id": "node/392673509",
            "version": 0
          },
          {
            "type": "gmaps",
            "id": "ChIJnRdanqtev0cRKrebWArbuJs"
          }
        ],
        "created": "2026-05-29",
        "updated": "2026-06-29",
        "sources_by_field": {
          "name": "osm",
          "address.street": "osm",
          "address.number": "osm",
          "address.postalcode": "osm",
          "address.city": "osm"
        },
        "apple_id_attempted": "2026-05-29",
        "google_attempted": "2026-06-05",
        "payment": {}
      }
    },
    {
      "type": "Feature",
      "geometry": {
        "type": "Point",
        "coordinates": [
          8.3374983,
          51.6738122
        ]
      },
      "properties": {
        "id": "tk_nwr_osm_n409029659",
        "name": "Kiosk am Soesttor",
        "address": {
          "street": "Soesttor",
          "number": "4",
          "postalcode": "59555",
          "city": "Lippstadt"
        },
        "sources": [
          {
            "type": "osm",
            "id": "node/409029659",
            "version": 0
          },
          {
            "type": "apple",
            "id": "17692666304301761927"
          },
          {
            "type": "gmaps",
            "id": "ChIJS0oAZlLSu0cRHt6R_y6uFZU"
          }
        ],
        "created": "2026-05-29",
        "updated": "2026-06-29",
        "hours": {
          "raw": "Tu 06:30-21:00; Th 06:30-21:00; Fr 06:30-21:00; We 06:30-21:00; Mo 06:30-21:00; Sa 07:30-21:00"
        },
        "sources_by_field": {
          "name": "osm",
          "address.street": "osm",
          "address.number": "osm",
          "address.postalcode": "osm",
          "address.city": "osm",
          "hours": "google"
        },
        "apple_attempted": "2026-05-29",
        "google_attempted": "2026-06-05",
        "payment": {}
      }
    },
    {
      "type": "Feature",
      "geometry": {
        "type": "Point",
        "coordinates": [
          7.1867993,
          52.2007946
        ]
      },
      "properties": {
        "id": "tk_nwr_osm_n4102504494",
        "name": "Getränke Kock",
        "address": {
          "street": "Schützenstraße",
          "number": "1",
          "postalcode": "48607",
          "city": "Ochtrup"
        },
        "sources": [
          {
            "type": "osm",
            "id": "node/4102504494",
            "version": 0
          },
          {
            "type": "apple",
            "id": "4474701536301297503"
          }
        ],
        "created": "2026-05-29",
        "updated": "2026-06-29",
        "hours": {
          "raw": "Mo-Fr 08:00-18:30; Sa 08:00-13:00"
        },
        "sources_by_field": {
          "name": "osm",
          "address.street": "osm",
          "address.number": "osm",
          "address.postalcode": "osm",
          "address.city": "osm",
          "hours": "apple",
          "payment.cards": "apple",
          "payment.contactless": "apple"
        },
        "apple_attempted": "2026-05-29",
        "payment": {
          "cards": "yes",
          "contactless": "yes"
        }
      }
    },
    {
      "type": "Feature",
      "geometry": {
        "type": "Point",
        "coordinates": [
          7.3050984,
          51.1484036
        ]
      },
      "properties": {
        "id": "tk_nwr_osm_n4258774494",
        "name": "Getränke Lorse",
        "address": {
          "street": "Industriestraße",
          "number": "2",
          "postalcode": "42499",
          "city": "Hückeswagen"
        },
        "sources": [
          {
            "type": "osm",
            "id": "node/4258774494",
            "version": 0
          },
          {
            "type": "apple",
            "id": "11511058728828200624"
          },
          {
            "type": "gmaps",
            "id": "ChIJHT4hBOUsuUcR1baHynGHZ1s"
          }
        ],
        "created": "2026-05-29",
        "updated": "2026-06-29",
        "tags": [
          "barrierefrei"
        ],
        "sources_by_field": {
          "name": "osm",
          "address.street": "osm",
          "address.number": "osm",
          "address.postalcode": "osm",
          "address.city": "osm",
          "hours": "google"
        },
        "apple_attempted": "2026-05-29",
        "google_attempted": "2026-06-05",
        "hours": {
          "raw": "Tu 08:00-14:00; Th 08:00-14:00; Fr 08:00-14:00; We 08:00-14:00; Mo 08:00-14:00"
        },
        "payment": {}
      }
    },
    {
      "type": "Feature",
      "geometry": {
        "type": "Point",
        "coordinates": [
          7.8612605,
          51.3342142
        ]
      },
      "properties": {
        "id": "tk_nwr_osm_n429835294",
        "name": "Weinhaus Anneliese Schmitz",
        "address": {
          "street": "Am Baumberg",
          "number": "13",
          "postalcode": "58802",
          "city": "Balve"
        },
        "sources": [
          {
            "type": "osm",
            "id": "node/429835294",
            "version": 0
          },
          {
            "type": "apple",
            "id": "10305655540350524654"
          },
          {
            "type": "gmaps",
            "id": "ChIJi997tVdbuUcRCbZbxf5vD2w"
          }
        ],
        "created": "2026-05-29",
        "updated": "2026-06-29",
        "sources_by_field": {
          "name": "osm",
          "address.street": "osm",
          "address.number": "osm",
          "address.postalcode": "osm",
          "address.city": "osm",
          "hours": "apple",
          "payment.cards": "google",
          "payment.contactless": "google",
          "payment.girocard": "google"
        },
        "apple_attempted": "2026-05-29",
        "google_attempted": "2026-06-05",
        "hours": {
          "raw": "Mo-Tu,Th 15:00-19:00; Fr 10:00-12:30,15:00-19:00; Sa 10:00-14:00"
        },
        "payment": {
          "cards": "no",
          "contactless": "yes",
          "girocard": "yes"
        }
      }
    },
    {
      "type": "Feature",
      "geometry": {
        "type": "Point",
        "coordinates": [
          6.6751615,
          50.9033182
        ]
      },
      "properties": {
        "id": "tk_nwr_osm_n4332143618",
        "name": "Kiosk am Platz",
        "address": {
          "street": "Hüttenstraße",
          "number": "8a",
          "postalcode": "50170",
          "city": "Kerpen",
          "district": "Sindorf"
        },
        "sources": [
          {
            "type": "osm",
            "id": "node/4332143618",
            "version": 0
          },
          {
            "type": "apple",
            "id": "4809030954748419208"
          }
        ],
        "created": "2026-05-29",
        "updated": "2026-06-29",
        "sources_by_field": {
          "name": "osm",
          "address.street": "osm",
          "address.number": "osm",
          "address.postalcode": "osm",
          "address.city": "osm",
          "address.district": "osm",
          "hours": "apple",
          "payment.cards": "apple",
          "payment.contactless": "apple"
        },
        "apple_attempted": "2026-05-29",
        "hours": {
          "raw": "Mo-Sa 09:00-21:00; Su 12:00-18:00"
        },
        "payment": {
          "cards": "yes",
          "contactless": "yes"
        }
      }
    },
    {
      "type": "Feature",
      "geometry": {
        "type": "Point",
        "coordinates": [
          6.1502824,
          50.8587372
        ]
      },
      "properties": {
        "id": "tk_nwr_osm_n4369340719",
        "name": "Der Durstloescher",
        "address": {},
        "sources": [
          {
            "type": "osm",
            "id": "node/4369340719",
            "version": 0
          },
          {
            "type": "gmaps",
            "id": "ChIJ5T7Xk--hwEcRqB4qana8nLA"
          }
        ],
        "created": "2026-05-29",
        "updated": "2026-06-29",
        "hours": {
          "raw": "Tu 07:00-18:30; Th 07:00-18:30; Fr 07:00-18:30; We 07:00-18:30; Mo 07:00-18:30; Sa 07:00-18:30; Su 08:00-12:00"
        },
        "sources_by_field": {
          "name": "osm",
          "hours": "google",
          "payment.cards": "google",
          "payment.contactless": "google",
          "payment.girocard": "google"
        },
        "apple_id_attempted": "2026-05-29",
        "google_attempted": "2026-06-05",
        "payment": {
          "cards": "no",
          "contactless": "yes",
          "girocard": "yes"
        }
      }
    },
    {
      "type": "Feature",
      "geometry": {
        "type": "Point",
        "coordinates": [
          6.1808762,
          50.9095304
        ]
      },
      "properties": {
        "id": "tk_nwr_osm_n440733960",
        "name": "Schreibwaren Burak Tavsan",
        "address": {
          "street": "Easingtonstraße",
          "number": "6",
          "postalcode": "52499",
          "city": "Baesweiler"
        },
        "sources": [
          {
            "type": "osm",
            "id": "node/440733960",
            "version": 0
          },
          {
            "type": "apple",
            "id": "12586137003385506332"
          },
          {
            "type": "gmaps",
            "id": "ChIJk8jxGRWhwEcR3PcWIGToTCk"
          }
        ],
        "created": "2026-05-29",
        "updated": "2026-06-29",
        "hours": {
          "raw": "Tu 09:00-13:00,14:00-18:00; Th 09:00-13:00,14:00-18:00; Fr 09:00-13:00,14:00-18:00; We 09:00-13:00,14:00-18:00; Mo 09:00-13:00,14:00-18:00; Sa 09:00-13:00"
        },
        "tags": [
          "barrierefrei"
        ],
        "sources_by_field": {
          "name": "osm",
          "address.street": "osm",
          "address.number": "osm",
          "address.postalcode": "osm",
          "address.city": "osm",
          "hours": "google",
          "payment.cards": "google",
          "payment.contactless": "google",
          "payment.girocard": "google"
        },
        "apple_attempted": "2026-05-29",
        "google_attempted": "2026-06-05",
        "payment": {
          "cards": "yes",
          "contactless": "yes",
          "girocard": "yes"
        }
      }
    },
    {
      "type": "Feature",
      "geometry": {
        "type": "Point",
        "coordinates": [
          6.4641173,
          51.8363881
        ]
      },
      "properties": {
        "id": "tk_nwr_osm_n4440728114",
        "name": "Probier Bollwerk GmbH & Co. KG",
        "address": {
          "street": "Bollwerksweide",
          "number": "6",
          "postalcode": "46419",
          "city": "Isselburg",
          "district": "Anholt"
        },
        "sources": [
          {
            "type": "osm",
            "id": "node/4440728114",
            "version": 0
          },
          {
            "type": "gmaps",
            "id": "ChIJ5Xt59vx_x0cRN1qyZGx0msE"
          }
        ],
        "created": "2026-05-29",
        "updated": "2026-06-29",
        "hours": {
          "raw": "08:00-18:00"
        },
        "sources_by_field": {
          "name": "osm",
          "address.street": "osm",
          "address.number": "osm",
          "address.postalcode": "osm",
          "address.city": "osm",
          "address.district": "osm",
          "hours": "osm"
        },
        "apple_id_attempted": "2026-05-29",
        "google_attempted": "2026-06-05",
        "payment": {}
      }
    },
    {
      "type": "Feature",
      "geometry": {
        "type": "Point",
        "coordinates": [
          7.8624927,
          51.3291273
        ]
      },
      "properties": {
        "id": "tk_nwr_osm_n444849677",
        "name": "Getränke Mertens",
        "address": {},
        "sources": [
          {
            "type": "osm",
            "id": "node/444849677",
            "version": 0
          },
          {
            "type": "apple",
            "id": "5447454704750372338"
          }
        ],
        "created": "2026-05-29",
        "updated": "2026-06-29",
        "hours": {
          "raw": "Mo-Tu,Th-Fr 09:00-12:00,14:00-18:00; We,Sa 09:00-12:00"
        },
        "tags": [
          "barrierefrei"
        ],
        "sources_by_field": {
          "name": "osm",
          "hours": "apple",
          "payment.cards": "apple",
          "payment.contactless": "apple"
        },
        "apple_attempted": "2026-05-29",
        "payment": {
          "cards": "yes",
          "contactless": "yes"
        }
      }
    },
    {
      "type": "Feature",
      "geometry": {
        "type": "Point",
        "coordinates": [
          7.3368997,
          52.1490116
        ]
      },
      "properties": {
        "id": "tk_nwr_osm_n457334945",
        "name": "Renates Tabakwelt",
        "address": {},
        "sources": [
          {
            "type": "osm",
            "id": "node/457334945",
            "version": 0
          },
          {
            "type": "apple",
            "id": "7101714717621367171"
          },
          {
            "type": "gmaps",
            "id": "ChIJ5Y2dmCQ1uEcR0YpMUKKY8Ik"
          }
        ],
        "created": "2026-05-29",
        "updated": "2026-06-29",
        "sources_by_field": {
          "name": "osm",
          "hours": "google"
        },
        "apple_attempted": "2026-05-29",
        "google_attempted": "2026-06-05",
        "hours": {
          "raw": "Tu 09:00-13:00,14:30-18:00; Th 09:00-13:00,14:30-18:00; Fr 09:00-18:00; We 09:00-13:00,14:30-18:00; Mo 09:00-13:00,14:30-18:00; Sa 09:00-13:00"
        },
        "payment": {}
      }
    },
    {
      "type": "Feature",
      "geometry": {
        "type": "Point",
        "coordinates": [
          6.0409396,
          50.7703634
        ]
      },
      "properties": {
        "id": "tk_nwr_osm_n4628007249",
        "name": "HIT trinken",
        "address": {},
        "sources": [
          {
            "type": "osm",
            "id": "node/4628007249",
            "version": 0
          },
          {
            "type": "apple",
            "id": "12291644758390428832"
          }
        ],
        "created": "2026-05-29",
        "updated": "2026-05-29",
        "hours": {
          "raw": "Mo-Sa 07:00-22:00"
        },
        "tags": [
          "barrierefrei"
        ],
        "sources_by_field": {
          "name": "osm",
          "hours": "apple",
          "payment.cards": "apple",
          "payment.contactless": "apple"
        },
        "payment": {
          "cards": "yes",
          "contactless": "yes"
        },
        "apple_attempted": "2026-05-29"
      }
    },
    {
      "type": "Feature",
      "geometry": {
        "type": "Point",
        "coordinates": [
          6.1125641,
          50.8426483
        ]
      },
      "properties": {
        "id": "tk_nwr_osm_n4716763761",
        "name": "Getränke Müllejans",
        "address": {
          "street": "Niederbardenberger Straße",
          "number": "1a",
          "postalcode": "52146",
          "city": "Würselen",
          "district": "Bardenberg"
        },
        "sources": [
          {
            "type": "osm",
            "id": "node/4716763761",
            "version": 0
          },
          {
            "type": "apple",
            "id": "9814955670783357811"
          }
        ],
        "created": "2026-05-29",
        "updated": "2026-06-29",
        "sources_by_field": {
          "name": "osm",
          "address.street": "osm",
          "address.number": "osm",
          "address.postalcode": "osm",
          "address.city": "osm",
          "address.district": "osm"
        },
        "apple_attempted": "2026-05-29",
        "google_attempted": "2026-06-05",
        "payment": {}
      }
    },
    {
      "type": "Feature",
      "geometry": {
        "type": "Point",
        "coordinates": [
          6.2604582,
          50.8153285
        ]
      },
      "properties": {
        "id": "tk_nwr_osm_n4747188919",
        "name": "Kiosk am Talbahnhof",
        "address": {
          "street": "Talstraße",
          "number": "11",
          "postalcode": "52249",
          "city": "Eschweiler"
        },
        "sources": [
          {
            "type": "osm",
            "id": "node/4747188919",
            "version": 0
          },
          {
            "type": "apple",
            "id": "1583911796027902696"
          }
        ],
        "created": "2026-05-29",
        "updated": "2026-06-29",
        "hours": {
          "raw": "Mo-Th,Su 10:00-23:00; Fr-Sa 10:00-24:00"
        },
        "sources_by_field": {
          "name": "osm",
          "address.street": "osm",
          "address.number": "osm",
          "address.postalcode": "osm",
          "address.city": "osm",
          "hours": "apple",
          "payment.cards": "apple",
          "payment.contactless": "apple"
        },
        "apple_attempted": "2026-05-29",
        "payment": {
          "cards": "yes",
          "contactless": "yes"
        }
      }
    },
    {
      "type": "Feature",
      "geometry": {
        "type": "Point",
        "coordinates": [
          6.1208117,
          50.9643579
        ]
      },
      "properties": {
        "id": "tk_nwr_osm_n4915447923",
        "name": "Kiosk am Markt by Vikinx",
        "address": {},
        "sources": [
          {
            "type": "osm",
            "id": "node/4915447923",
            "version": 0
          },
          {
            "type": "gmaps",
            "id": "ChIJ35q-GTSlwEcR8n3YjaPZhw4"
          }
        ],
        "created": "2026-05-29",
        "updated": "2026-06-29",
        "sources_by_field": {
          "name": "osm",
          "hours": "google",
          "payment.cards": "google",
          "payment.girocard": "google"
        },
        "apple_id_attempted": "2026-05-29",
        "google_attempted": "2026-06-05",
        "hours": {
          "raw": "Tu 07:00-20:00; Th 07:00-20:00; Fr 07:00-20:00; We 07:00-20:00; Mo 07:00-20:00; Sa 10:00-20:00"
        },
        "payment": {
          "cards": "yes",
          "girocard": "yes"
        }
      }
    },
    {
      "type": "Feature",
      "geometry": {
        "type": "Point",
        "coordinates": [
          8.5375886,
          51.1942713
        ]
      },
      "properties": {
        "id": "tk_nwr_osm_n4960062660",
        "name": "Pfälzer Weinlädchen",
        "address": {
          "street": "Hauptstraße",
          "number": "32",
          "postalcode": "59955",
          "city": "Winterberg"
        },
        "sources": [
          {
            "type": "osm",
            "id": "node/4960062660",
            "version": 0
          },
          {
            "type": "apple",
            "id": "9296833155937696155"
          }
        ],
        "created": "2026-05-29",
        "updated": "2026-06-29",
        "hours": {
          "raw": "Fr 16:00-19:00; Sa 10:00-13:00"
        },
        "tags": [
          "barrierefrei"
        ],
        "sources_by_field": {
          "name": "osm",
          "address.street": "osm",
          "address.number": "osm",
          "address.postalcode": "osm",
          "address.city": "osm",
          "hours": "apple",
          "payment.cards": "apple",
          "payment.contactless": "apple"
        },
        "apple_attempted": "2026-05-29",
        "payment": {
          "cards": "yes",
          "contactless": "yes"
        }
      }
    },
    {
      "type": "Feature",
      "geometry": {
        "type": "Point",
        "coordinates": [
          8.5311183,
          51.1936328
        ]
      },
      "properties": {
        "id": "tk_nwr_osm_n4960062682",
        "name": "Wineland",
        "address": {
          "street": "Am Waltenberg",
          "number": "16",
          "postalcode": "59955",
          "city": "Winterberg"
        },
        "sources": [
          {
            "type": "osm",
            "id": "node/4960062682",
            "version": 0
          },
          {
            "type": "gmaps",
            "id": "ChIJN5jr_Y-Nu0cR4KSAKIxeQ94"
          }
        ],
        "created": "2026-05-29",
        "updated": "2026-06-29",
        "hours": {
          "raw": "Tu 11:00-18:00; Th 11:00-18:00; Fr 11:00-18:00; We 11:00-18:00; Mo 11:00-18:00; Sa 11:00-16:00; Su 11:00-16:00"
        },
        "tags": [
          "barrierefrei"
        ],
        "sources_by_field": {
          "name": "osm",
          "address.street": "osm",
          "address.number": "osm",
          "address.postalcode": "osm",
          "address.city": "osm",
          "hours": "google",
          "payment.cards": "google",
          "payment.contactless": "google",
          "payment.girocard": "google"
        },
        "apple_id_attempted": "2026-05-29",
        "google_attempted": "2026-06-05",
        "payment": {
          "cards": "no",
          "contactless": "yes",
          "girocard": "yes"
        }
      }
    },
    {
      "type": "Feature",
      "geometry": {
        "type": "Point",
        "coordinates": [
          6.3561538,
          50.8184998
        ]
      },
      "properties": {
        "id": "tk_nwr_osm_n4975079457",
        "name": "Kalkan's Kiosk",
        "address": {
          "street": "Hauptstraße",
          "number": "5",
          "postalcode": "52379",
          "city": "Langerwehe"
        },
        "sources": [
          {
            "type": "osm",
            "id": "node/4975079457",
            "version": 0
          },
          {
            "type": "gmaps",
            "id": "ChIJTcpofmBnv0cR1lQZoTJO6Iw"
          }
        ],
        "created": "2026-05-29",
        "updated": "2026-06-29",
        "hours": {
          "raw": "Tu 09:00-12:00,13:00-19:00; Th 09:00-12:00,13:00-19:00; Fr 09:00-12:00,13:00-19:00; We 09:00-12:00,13:00-19:00; Mo 09:00-12:00,13:00-19:00; Sa 09:00-23:00; Su 13:00-18:00"
        },
        "sources_by_field": {
          "name": "osm",
          "address.street": "osm",
          "address.number": "osm",
          "address.postalcode": "osm",
          "address.city": "osm",
          "hours": "google",
          "payment.cards": "google",
          "payment.contactless": "google",
          "payment.girocard": "google"
        },
        "apple_id_attempted": "2026-05-29",
        "google_attempted": "2026-06-05",
        "payment": {
          "cards": "no",
          "contactless": "yes",
          "girocard": "yes"
        }
      }
    },
    {
      "type": "Feature",
      "geometry": {
        "type": "Point",
        "coordinates": [
          7.7168838,
          52.2760539
        ]
      },
      "properties": {
        "id": "tk_nwr_osm_n5037388557",
        "name": "Stadtkiosk 21",
        "address": {
          "street": "Bahnhofstraße",
          "number": "21",
          "postalcode": "49477",
          "city": "Ibbenbüren"
        },
        "sources": [
          {
            "type": "osm",
            "id": "node/5037388557",
            "version": 0
          },
          {
            "type": "apple",
            "id": "4560892278405527623"
          }
        ],
        "created": "2026-05-29",
        "updated": "2026-06-29",
        "tags": [
          "barrierefrei"
        ],
        "sources_by_field": {
          "name": "osm",
          "address.street": "osm",
          "address.number": "osm",
          "address.postalcode": "osm",
          "address.city": "osm",
          "hours": "apple",
          "payment.cards": "apple",
          "payment.contactless": "apple"
        },
        "apple_attempted": "2026-05-29",
        "hours": {
          "raw": "Su 12:00-22:00; Mo-Sa 07:00-22:00"
        },
        "payment": {
          "cards": "yes",
          "contactless": "yes"
        }
      }
    },
    {
      "type": "Feature",
      "geometry": {
        "type": "Point",
        "coordinates": [
          7.5275722,
          52.164236
        ]
      },
      "properties": {
        "id": "tk_nwr_osm_n513534009",
        "name": "Getränke Ellerkamp",
        "address": {
          "street": "Nordwalder Straße",
          "number": "110"
        },
        "sources": [
          {
            "type": "osm",
            "id": "node/513534009",
            "version": 0
          },
          {
            "type": "gmaps",
            "id": "ChIJB9v2s9TLuUcREPityzmtChI"
          }
        ],
        "created": "2026-05-29",
        "updated": "2026-06-29",
        "tags": [
          "barrierefrei"
        ],
        "sources_by_field": {
          "name": "osm",
          "address.street": "osm",
          "address.number": "osm",
          "hours": "google",
          "payment.cards": "google",
          "payment.contactless": "google",
          "payment.girocard": "google"
        },
        "apple_id_attempted": "2026-05-29",
        "google_attempted": "2026-06-05",
        "hours": {
          "raw": "Tu 09:00-18:00; Th 09:00-18:00; Fr 09:00-18:00; We 09:00-18:00; Mo 09:00-18:00; Sa 09:00-16:00"
        },
        "payment": {
          "cards": "no",
          "contactless": "yes",
          "girocard": "yes"
        }
      }
    },
    {
      "type": "Feature",
      "geometry": {
        "type": "Point",
        "coordinates": [
          6.2794461,
          51.1441552
        ]
      },
      "properties": {
        "id": "tk_nwr_osm_n521210339",
        "name": "Kiosk Laden Buschhüter",
        "address": {},
        "sources": [
          {
            "type": "osm",
            "id": "node/521210339",
            "version": 0
          },
          {
            "type": "gmaps",
            "id": "ChIJ9c4mrvOqwEcRqgLNaIXutuM"
          }
        ],
        "created": "2026-05-29",
        "updated": "2026-06-29",
        "hours": {
          "raw": "Tu 05:30-22:00; Th 05:30-22:00; Fr 05:30-22:00; We 05:30-22:00; Mo 05:30-22:00; Sa 07:00-22:00; Su 09:00-22:00"
        },
        "sources_by_field": {
          "name": "osm",
          "hours": "google",
          "payment.cards": "google",
          "payment.contactless": "google",
          "payment.girocard": "google"
        },
        "apple_id_attempted": "2026-05-29",
        "google_attempted": "2026-06-05",
        "payment": {
          "cards": "no",
          "contactless": "yes",
          "girocard": "yes"
        }
      }
    },
    {
      "type": "Feature",
      "geometry": {
        "type": "Point",
        "coordinates": [
          8.1084144,
          51.566038
        ]
      },
      "properties": {
        "id": "tk_nwr_osm_n5227196404",
        "name": "Niroj Kiosk",
        "address": {},
        "sources": [
          {
            "type": "osm",
            "id": "node/5227196404",
            "version": 0
          },
          {
            "type": "apple",
            "id": "14932706248171646807"
          },
          {
            "type": "gmaps",
            "id": "ChIJk9UA4sliuUcRZ7nYts0S7uQ"
          }
        ],
        "created": "2026-05-29",
        "updated": "2026-06-29",
        "sources_by_field": {
          "name": "osm",
          "hours": "google"
        },
        "apple_attempted": "2026-05-29",
        "google_attempted": "2026-06-05",
        "hours": {
          "raw": "Tu 10:00-23:00; Th 10:00-23:00; Fr 10:00-23:00; We 10:00-23:00; Mo 10:00-23:00; Sa 10:00-00:00; Su 10:00-23:00"
        },
        "payment": {}
      }
    },
    {
      "type": "Feature",
      "geometry": {
        "type": "Point",
        "coordinates": [
          7.1026162,
          52.1098673
        ]
      },
      "properties": {
        "id": "tk_nwr_osm_n5249493523",
        "name": "Ellerkamp",
        "address": {},
        "sources": [
          {
            "type": "osm",
            "id": "node/5249493523",
            "version": 0
          },
          {
            "type": "apple",
            "id": "9145449532521887083"
          }
        ],
        "created": "2026-05-29",
        "updated": "2026-06-29",
        "hours": {
          "raw": "Mo-Fr 09:00-18:00; Sa 09:00-14:00"
        },
        "sources_by_field": {
          "name": "osm",
          "hours": "apple",
          "payment.cards": "apple",
          "payment.contactless": "apple"
        },
        "apple_attempted": "2026-05-29",
        "payment": {
          "cards": "yes",
          "contactless": "yes"
        }
      }
    },
    {
      "type": "Feature",
      "geometry": {
        "type": "Point",
        "coordinates": [
          6.2726735,
          51.1443554
        ]
      },
      "properties": {
        "id": "tk_nwr_osm_n5354322089",
        "name": "Efe Post",
        "address": {
          "street": "Venloer Straße",
          "number": "47",
          "postalcode": "41844",
          "city": "Wegberg"
        },
        "sources": [
          {
            "type": "osm",
            "id": "node/5354322089",
            "version": 0
          },
          {
            "type": "gmaps",
            "id": "ChIJmy8atN2rwEcR0FQANpQP96A"
          }
        ],
        "created": "2026-05-29",
        "updated": "2026-06-29",
        "hours": {
          "raw": "Tu 09:00-13:00,14:00-18:00; Th 09:00-13:00,14:00-18:00; Fr 09:00-13:00,14:00-18:00; We 09:00-13:00,14:00-18:00; Mo 09:00-13:00,14:00-18:00; Sa 09:00-13:00"
        },
        "sources_by_field": {
          "name": "osm",
          "address.street": "osm",
          "address.number": "osm",
          "address.postalcode": "osm",
          "address.city": "osm",
          "hours": "google",
          "payment.cards": "google",
          "payment.contactless": "google",
          "payment.girocard": "google"
        },
        "apple_id_attempted": "2026-05-29",
        "google_attempted": "2026-06-05",
        "payment": {
          "cards": "yes",
          "contactless": "yes",
          "girocard": "yes"
        }
      }
    },
    {
      "type": "Feature",
      "geometry": {
        "type": "Point",
        "coordinates": [
          6.1848038,
          50.8736144
        ]
      },
      "properties": {
        "id": "tk_nwr_osm_n5364630404",
        "name": "Getränkefachgroßhandlung Kaspar Peters oHG",
        "address": {},
        "sources": [
          {
            "type": "osm",
            "id": "node/5364630404",
            "version": 0
          },
          {
            "type": "apple",
            "id": "14577627498414077593"
          }
        ],
        "created": "2026-05-29",
        "updated": "2026-06-29",
        "hours": {
          "raw": "Mo-Fr 09:00-18:00"
        },
        "sources_by_field": {
          "name": "osm",
          "hours": "apple",
          "payment.cards": "apple",
          "payment.contactless": "apple"
        },
        "apple_attempted": "2026-05-29",
        "payment": {
          "cards": "yes",
          "contactless": "yes"
        }
      }
    },
    {
      "type": "Feature",
      "geometry": {
        "type": "Point",
        "coordinates": [
          6.2781867,
          51.416699
        ]
      },
      "properties": {
        "id": "tk_nwr_osm_n5747586722",
        "name": "Straelener Brauhaus",
        "address": {
          "street": "Sanger Weg",
          "number": "68"
        },
        "sources": [
          {
            "type": "osm",
            "id": "node/5747586722",
            "version": 0
          },
          {
            "type": "apple",
            "id": "2974152196482930884"
          },
          {
            "type": "gmaps",
            "id": "ChIJXVkhQVtZx0cR41Bk8gS-qDM"
          }
        ],
        "created": "2026-05-29",
        "updated": "2026-06-29",
        "hours": {
          "raw": "Sa 09:00-09:05"
        },
        "sources_by_field": {
          "name": "osm",
          "address.street": "osm",
          "address.number": "osm",
          "hours": "osm",
          "payment.cards": "google",
          "payment.contactless": "google",
          "payment.girocard": "google"
        },
        "apple_attempted": "2026-05-29",
        "google_attempted": "2026-06-05",
        "payment": {
          "cards": "no",
          "contactless": "yes",
          "girocard": "yes"
        }
      }
    },
    {
      "type": "Feature",
      "geometry": {
        "type": "Point",
        "coordinates": [
          8.4071125,
          51.4975041
        ]
      },
      "properties": {
        "id": "tk_nwr_osm_n5934410388",
        "name": "Altenrüthener Landbierbrauerei",
        "address": {
          "street": "Altenrüthener Straße",
          "number": "7",
          "postalcode": "59602",
          "city": "Rüthen",
          "district": "Altenrüthen"
        },
        "sources": [
          {
            "type": "osm",
            "id": "node/5934410388",
            "version": 0
          },
          {
            "type": "gmaps",
            "id": "ChIJKwCsjtLFu0cRLb8Zy3_uGRw"
          }
        ],
        "created": "2026-05-29",
        "updated": "2026-06-29",
        "hours": {
          "raw": "Th, Sa 09:00-12:00; Fr 09:00-12:00,15:00-17:00"
        },
        "sources_by_field": {
          "name": "osm",
          "address.street": "osm",
          "address.number": "osm",
          "address.postalcode": "osm",
          "address.city": "osm",
          "address.district": "osm",
          "hours": "osm"
        },
        "apple_id_attempted": "2026-05-29",
        "google_attempted": "2026-06-05",
        "payment": {}
      }
    },
    {
      "type": "Feature",
      "geometry": {
        "type": "Point",
        "coordinates": [
          7.052198,
          52.2021309
        ]
      },
      "properties": {
        "id": "tk_nwr_osm_n598621070",
        "name": "Getränke Hewing",
        "address": {},
        "sources": [
          {
            "type": "osm",
            "id": "node/598621070",
            "version": 0
          },
          {
            "type": "apple",
            "id": "12595971084491468507"
          },
          {
            "type": "gmaps",
            "id": "ChIJCyHAiIY_uEcRP7ZRNgx2-wo"
          }
        ],
        "created": "2026-05-29",
        "updated": "2026-06-29",
        "hours": {
          "raw": "Tu 09:00-18:00; Th 09:00-18:00; Fr 09:00-18:00; We 09:00-18:00; Mo 09:00-18:00; Sa 09:00-14:00"
        },
        "sources_by_field": {
          "name": "osm",
          "hours": "google",
          "payment.cards": "google",
          "payment.contactless": "google",
          "payment.girocard": "google"
        },
        "apple_attempted": "2026-05-29",
        "google_attempted": "2026-06-05",
        "payment": {
          "cards": "no",
          "contactless": "yes",
          "girocard": "yes"
        }
      }
    },
    {
      "type": "Feature",
      "geometry": {
        "type": "Point",
        "coordinates": [
          7.5060265,
          51.1114095
        ]
      },
      "properties": {
        "id": "tk_nwr_osm_n6123336285",
        "name": "Historische Brennerei Rönsahl",
        "address": {},
        "sources": [
          {
            "type": "osm",
            "id": "node/6123336285",
            "version": 0
          },
          {
            "type": "apple",
            "id": "9064765214087296390"
          },
          {
            "type": "gmaps",
            "id": "ChIJ5Xbe_s00uUcRS-j1H8IDwpk"
          }
        ],
        "created": "2026-05-29",
        "updated": "2026-06-29",
        "hours": {
          "raw": "Fr 17:00-22:00; Su 12:00-18:00"
        },
        "sources_by_field": {
          "name": "osm",
          "hours": "google"
        },
        "apple_attempted": "2026-05-29",
        "google_attempted": "2026-06-05",
        "payment": {}
      }
    },
    {
      "type": "Feature",
      "geometry": {
        "type": "Point",
        "coordinates": [
          7.9553845,
          51.6170649
        ]
      },
      "properties": {
        "id": "tk_nwr_osm_n615906953",
        "name": "Kiosk am Markt",
        "address": {},
        "sources": [
          {
            "type": "osm",
            "id": "node/615906953",
            "version": 0
          },
          {
            "type": "apple",
            "id": "717225869983456725"
          }
        ],
        "created": "2026-05-29",
        "updated": "2026-06-29",
        "hours": {
          "raw": "Mo-Fr 06:00-20:00; Sa 07:00-21:00; Su 07:30-21:00"
        },
        "tags": [
          "barrierefrei"
        ],
        "sources_by_field": {
          "name": "osm",
          "hours": "apple",
          "payment.cards": "apple",
          "payment.contactless": "apple"
        },
        "apple_attempted": "2026-05-29",
        "payment": {
          "cards": "yes",
          "contactless": "yes"
        }
      }
    },
    {
      "type": "Feature",
      "geometry": {
        "type": "Point",
        "coordinates": [
          6.5307582,
          51.5410834
        ]
      },
      "properties": {
        "id": "tk_nwr_osm_n6237840885",
        "name": "Geilings Bräu",
        "address": {
          "street": "Saalhoffer Straße",
          "number": "327",
          "postalcode": "47475"
        },
        "sources": [
          {
            "type": "osm",
            "id": "node/6237840885",
            "version": 0
          },
          {
            "type": "apple",
            "id": "6085512867739960125"
          }
        ],
        "created": "2026-05-29",
        "updated": "2026-06-29",
        "hours": {
          "raw": "Sa 09:00-14:00"
        },
        "sources_by_field": {
          "name": "osm",
          "address.street": "osm",
          "address.number": "osm",
          "address.postalcode": "osm",
          "hours": "apple",
          "payment.cards": "apple",
          "payment.contactless": "apple"
        },
        "apple_attempted": "2026-05-29",
        "payment": {
          "cards": "yes",
          "contactless": "yes"
        }
      }
    },
    {
      "type": "Feature",
      "geometry": {
        "type": "Point",
        "coordinates": [
          7.6311851,
          51.2168175
        ]
      },
      "properties": {
        "id": "tk_nwr_osm_n6396481600",
        "name": "Tabac & Co. - Inh. Tabak Lomberg",
        "address": {
          "street": "Wilhelmstraße",
          "number": "33",
          "postalcode": "58511",
          "city": "Lüdenscheid"
        },
        "sources": [
          {
            "type": "osm",
            "id": "node/6396481600",
            "version": 0
          },
          {
            "type": "gmaps",
            "id": "ChIJI7LvpbdJuUcRbVX1ijQEJ0A"
          }
        ],
        "created": "2026-05-29",
        "updated": "2026-06-29",
        "hours": {
          "raw": "Tu 08:00-20:00; Th 08:00-20:00; Fr 08:00-20:00; We 08:00-20:00; Mo 08:00-20:00; Sa 08:00-20:00"
        },
        "sources_by_field": {
          "name": "osm",
          "address.street": "osm",
          "address.number": "osm",
          "address.postalcode": "osm",
          "address.city": "osm",
          "hours": "google",
          "payment.cards": "google",
          "payment.contactless": "google",
          "payment.girocard": "google"
        },
        "apple_id_attempted": "2026-05-29",
        "google_attempted": "2026-06-05",
        "payment": {
          "cards": "yes",
          "contactless": "yes",
          "girocard": "yes"
        }
      }
    },
    {
      "type": "Feature",
      "geometry": {
        "type": "Point",
        "coordinates": [
          8.0823224,
          51.23202
        ]
      },
      "properties": {
        "id": "tk_nwr_osm_n6442262186",
        "name": "Brauerei Metten Hefemännchen",
        "address": {},
        "sources": [
          {
            "type": "osm",
            "id": "node/6442262186",
            "version": 0
          },
          {
            "type": "apple",
            "id": "15787028653422138195"
          },
          {
            "type": "gmaps",
            "id": "ChIJXdvXxy39u0cR8yDrzXs0-ns"
          }
        ],
        "created": "2026-05-29",
        "updated": "2026-06-29",
        "sources_by_field": {
          "name": "osm",
          "payment.cards": "google",
          "payment.contactless": "google",
          "payment.girocard": "google"
        },
        "apple_attempted": "2026-05-29",
        "google_attempted": "2026-06-05",
        "payment": {
          "cards": "no",
          "contactless": "yes",
          "girocard": "yes"
        }
      }
    },
    {
      "type": "Feature",
      "geometry": {
        "type": "Point",
        "coordinates": [
          8.7038786,
          51.2040055
        ]
      },
      "properties": {
        "id": "tk_nwr_osm_n6479118828",
        "name": "GÜLA Getränke Service",
        "address": {},
        "sources": [
          {
            "type": "osm",
            "id": "node/6479118828",
            "version": 0
          },
          {
            "type": "apple",
            "id": "12995475044267635615"
          }
        ],
        "created": "2026-05-29",
        "updated": "2026-06-29",
        "hours": {
          "raw": "Mo-Fr 09:00-13:00,14:30-18:00; Sa 09:00-13:00"
        },
        "sources_by_field": {
          "name": "osm",
          "hours": "apple",
          "payment.cards": "apple",
          "payment.contactless": "apple"
        },
        "apple_attempted": "2026-05-29",
        "payment": {
          "cards": "yes",
          "contactless": "yes"
        }
      }
    },
    {
      "type": "Feature",
      "geometry": {
        "type": "Point",
        "coordinates": [
          8.4061351,
          51.6710075
        ]
      },
      "properties": {
        "id": "tk_nwr_osm_n6602827997",
        "name": "Getränkevertrieb Stratmann",
        "address": {},
        "sources": [
          {
            "type": "osm",
            "id": "node/6602827997",
            "version": 0
          },
          {
            "type": "gmaps",
            "id": "ChIJjQYwtJvNu0cR905jT0vLxyg"
          }
        ],
        "created": "2026-05-29",
        "updated": "2026-06-29",
        "sources_by_field": {
          "name": "osm"
        },
        "apple_id_attempted": "2026-05-29",
        "google_attempted": "2026-06-05",
        "payment": {}
      }
    },
    {
      "type": "Feature",
      "geometry": {
        "type": "Point",
        "coordinates": [
          8.2710904,
          51.3512207
        ]
      },
      "properties": {
        "id": "tk_nwr_osm_n6611522835",
        "name": "Ricke",
        "address": {},
        "sources": [
          {
            "type": "osm",
            "id": "node/6611522835",
            "version": 0
          },
          {
            "type": "gmaps",
            "id": "ChIJt09Cm8znu0cRCOwb0i3qi5c"
          }
        ],
        "created": "2026-05-29",
        "updated": "2026-06-29",
        "hours": {
          "raw": "Tu 07:30-19:00; Th 07:30-19:00; Fr 07:30-19:00; We 07:30-19:00; Mo 07:30-19:00; Sa 07:30-16:00"
        },
        "sources_by_field": {
          "name": "osm",
          "hours": "google",
          "payment.cards": "google",
          "payment.contactless": "google",
          "payment.girocard": "google"
        },
        "apple_id_attempted": "2026-05-29",
        "google_attempted": "2026-06-05",
        "payment": {
          "cards": "no",
          "contactless": "yes",
          "girocard": "yes"
        }
      }
    },
    {
      "type": "Feature",
      "geometry": {
        "type": "Point",
        "coordinates": [
          6.2681301,
          51.4482959
        ]
      },
      "properties": {
        "id": "tk_nwr_osm_n667035367",
        "name": "PM Tankstelle",
        "address": {},
        "sources": [
          {
            "type": "osm",
            "id": "node/667035367",
            "version": 0
          },
          {
            "type": "gmaps",
            "id": "ChIJFRlkoh5cx0cRPkTCg4VfpWA"
          }
        ],
        "created": "2026-05-29",
        "updated": "2026-06-29",
        "sources_by_field": {
          "name": "osm",
          "hours": "google",
          "payment.cards": "google",
          "payment.contactless": "google",
          "payment.girocard": "google"
        },
        "apple_id_attempted": "2026-05-29",
        "google_attempted": "2026-06-05",
        "hours": {
          "raw": "Tu 06:00-21:00; Th 06:00-21:00; Fr 06:00-21:00; We 06:00-21:00; Mo 06:00-21:00; Sa 07:00-21:00; Su 08:00-20:00"
        },
        "payment": {
          "cards": "yes",
          "contactless": "yes",
          "girocard": "yes"
        }
      }
    },
    {
      "type": "Feature",
      "geometry": {
        "type": "Point",
        "coordinates": [
          7.3994484,
          51.117952
        ]
      },
      "properties": {
        "id": "tk_nwr_osm_n669793969",
        "name": "Cataldo´s Smokeshop",
        "address": {
          "street": "Lüdenscheider Straße",
          "number": "6",
          "postalcode": "51688",
          "city": "Wipperfürth"
        },
        "sources": [
          {
            "type": "osm",
            "id": "node/669793969",
            "version": 0
          },
          {
            "type": "apple",
            "id": "16511710072752445192"
          }
        ],
        "created": "2026-05-29",
        "updated": "2026-06-29",
        "sources_by_field": {
          "name": "osm",
          "address.street": "osm",
          "address.number": "osm",
          "address.postalcode": "osm",
          "address.city": "osm",
          "hours": "apple",
          "payment.cards": "apple",
          "payment.contactless": "apple"
        },
        "apple_attempted": "2026-05-29",
        "hours": {
          "raw": "Mo-Fr 09:00-13:00,14:00-18:00; Sa 09:00-17:00"
        },
        "payment": {
          "cards": "yes",
          "contactless": "yes"
        }
      }
    },
    {
      "type": "Feature",
      "geometry": {
        "type": "Point",
        "coordinates": [
          6.089473,
          50.8663347
        ]
      },
      "properties": {
        "id": "tk_nwr_osm_n6729003230",
        "name": "Kiosk 36",
        "address": {},
        "sources": [
          {
            "type": "osm",
            "id": "node/6729003230",
            "version": 0
          },
          {
            "type": "apple",
            "id": "5807886309117442716"
          }
        ],
        "created": "2026-05-29",
        "updated": "2026-06-29",
        "sources_by_field": {
          "name": "osm",
          "hours": "apple",
          "payment.cards": "apple",
          "payment.contactless": "apple"
        },
        "apple_attempted": "2026-05-29",
        "hours": {
          "raw": "Su 12:00-22:00; Mo-Th 10:00-23:00; Fr-Sa 10:00-24:00"
        },
        "payment": {
          "cards": "yes",
          "contactless": "yes"
        }
      }
    },
    {
      "type": "Feature",
      "geometry": {
        "type": "Point",
        "coordinates": [
          6.1194718,
          50.886153
        ]
      },
      "properties": {
        "id": "tk_nwr_osm_n6799065194",
        "name": "Tabak Am August",
        "address": {
          "street": "August-Schmidt-Platz",
          "number": "17",
          "postalcode": "52134",
          "city": "Herzogenrath"
        },
        "sources": [
          {
            "type": "osm",
            "id": "node/6799065194",
            "version": 0
          },
          {
            "type": "apple",
            "id": "11919724971275782434"
          }
        ],
        "created": "2026-05-29",
        "updated": "2026-06-29",
        "hours": {
          "raw": "Mo-Fr 08:00-18:30; Sa 08:00-16:00"
        },
        "tags": [
          "barrierefrei"
        ],
        "sources_by_field": {
          "name": "osm",
          "address.street": "osm",
          "address.number": "osm",
          "address.postalcode": "osm",
          "address.city": "osm",
          "hours": "apple",
          "payment.cards": "apple",
          "payment.contactless": "apple"
        },
        "apple_attempted": "2026-05-29",
        "payment": {
          "cards": "yes",
          "contactless": "yes"
        }
      }
    },
    {
      "type": "Feature",
      "geometry": {
        "type": "Point",
        "coordinates": [
          7.8948491,
          51.7612797
        ]
      },
      "properties": {
        "id": "tk_nwr_osm_n6844299246",
        "name": "HBB Store",
        "address": {},
        "sources": [
          {
            "type": "osm",
            "id": "node/6844299246",
            "version": 0
          },
          {
            "type": "gmaps",
            "id": "ChIJlT9vjouduUcR2dOc_tJQN-Y"
          }
        ],
        "created": "2026-05-29",
        "updated": "2026-06-29",
        "hours": {
          "raw": "Tu 05:00-21:00; Th 05:00-21:00; Fr 05:00-21:00; We 05:00-21:00; Mo 05:00-21:00; Sa 06:00-21:00; Su 08:00-21:00"
        },
        "tags": [
          "barrierefrei"
        ],
        "sources_by_field": {
          "name": "osm",
          "hours": "google",
          "payment.cards": "google",
          "payment.girocard": "google"
        },
        "apple_id_attempted": "2026-05-29",
        "google_attempted": "2026-06-05",
        "payment": {
          "cards": "yes",
          "girocard": "yes"
        }
      }
    },
    {
      "type": "Feature",
      "geometry": {
        "type": "Point",
        "coordinates": [
          7.649704,
          52.179484
        ]
      },
      "properties": {
        "id": "tk_nwr_osm_n7082376188",
        "name": "Hövel Getränke GbR",
        "address": {
          "street": "Von-Zeppelin-Straße",
          "number": "7",
          "postalcode": "48369",
          "city": "Saerbeck"
        },
        "sources": [
          {
            "type": "osm",
            "id": "node/7082376188",
            "version": 0
          },
          {
            "type": "apple",
            "id": "16264229140546009909"
          }
        ],
        "created": "2026-05-29",
        "updated": "2026-06-29",
        "sources_by_field": {
          "name": "osm",
          "address.street": "osm",
          "address.number": "osm",
          "address.postalcode": "osm",
          "address.city": "osm",
          "hours": "apple",
          "payment.cards": "apple",
          "payment.contactless": "apple"
        },
        "apple_attempted": "2026-05-29",
        "hours": {
          "raw": "Mo-Fr 08:00-12:30,13:30-17:00; Sa 09:00-12:00"
        },
        "payment": {
          "cards": "yes",
          "contactless": "yes"
        }
      }
    },
    {
      "type": "Feature",
      "geometry": {
        "type": "Point",
        "coordinates": [
          6.0576639,
          51.1130929
        ]
      },
      "properties": {
        "id": "tk_nwr_osm_n7150934301",
        "name": "Alfonsius & Renate van Dijk GmbH",
        "address": {
          "street": "Roermonder Straße",
          "number": "253",
          "postalcode": "52525",
          "city": "Heinsberg",
          "district": "Karken"
        },
        "sources": [
          {
            "type": "osm",
            "id": "node/7150934301",
            "version": 0
          },
          {
            "type": "apple",
            "id": "16642426833108391834"
          }
        ],
        "created": "2026-05-29",
        "updated": "2026-06-29",
        "sources_by_field": {
          "name": "osm",
          "address.street": "osm",
          "address.number": "osm",
          "address.postalcode": "osm",
          "address.city": "osm",
          "address.district": "osm",
          "hours": "apple",
          "payment.cards": "apple",
          "payment.contactless": "apple"
        },
        "apple_attempted": "2026-05-29",
        "hours": {
          "raw": "Tu-Fr 09:30-18:00; Sa 09:00-16:00"
        },
        "payment": {
          "cards": "yes",
          "contactless": "yes"
        }
      }
    },
    {
      "type": "Feature",
      "geometry": {
        "type": "Point",
        "coordinates": [
          8.411492,
          51.6853381
        ]
      },
      "properties": {
        "id": "tk_nwr_osm_n7236997009",
        "name": "Getränke Schlink",
        "address": {
          "street": "Am Lämmerbach",
          "number": "5",
          "postalcode": "59558",
          "city": "Lippstadt",
          "district": "Hörste"
        },
        "sources": [
          {
            "type": "osm",
            "id": "node/7236997009",
            "version": 0
          },
          {
            "type": "gmaps",
            "id": "ChIJG9b633PNu0cREUtRRCxnQqw"
          }
        ],
        "created": "2026-05-29",
        "updated": "2026-06-29",
        "sources_by_field": {
          "name": "osm",
          "address.street": "osm",
          "address.number": "osm",
          "address.postalcode": "osm",
          "address.city": "osm",
          "address.district": "osm",
          "payment.cards": "google",
          "payment.contactless": "google",
          "payment.girocard": "google"
        },
        "apple_id_attempted": "2026-05-29",
        "google_attempted": "2026-06-05",
        "payment": {
          "cards": "no",
          "contactless": "yes",
          "girocard": "yes"
        }
      }
    },
    {
      "type": "Feature",
      "geometry": {
        "type": "Point",
        "coordinates": [
          8.0391119,
          51.4208733
        ]
      },
      "properties": {
        "id": "tk_nwr_osm_n732717748",
        "name": "T-Grüne Mineralöl GmbH & Co. KG",
        "address": {
          "street": "Niedereimerfeld",
          "number": "19a",
          "postalcode": "59823",
          "city": "Arnsberg"
        },
        "sources": [
          {
            "type": "osm",
            "id": "node/732717748",
            "version": 0
          },
          {
            "type": "gmaps",
            "id": "ChIJFcKJfWJguUcR4-diVrbYUeI"
          }
        ],
        "created": "2026-05-29",
        "updated": "2026-06-29",
        "hours": {
          "raw": "Tu 05:30-20:00; Th 05:30-20:00; Fr 05:30-20:00; We 05:30-20:00; Mo 05:30-20:00; Sa 07:00-20:00; Su 07:00-20:00"
        },
        "sources_by_field": {
          "name": "osm",
          "address.street": "osm",
          "address.number": "osm",
          "address.postalcode": "osm",
          "address.city": "osm",
          "hours": "google",
          "payment.cards": "google",
          "payment.contactless": "google",
          "payment.girocard": "google"
        },
        "apple_id_attempted": "2026-05-29",
        "google_attempted": "2026-06-05",
        "payment": {
          "cards": "no",
          "contactless": "yes",
          "girocard": "yes"
        }
      }
    },
    {
      "type": "Feature",
      "geometry": {
        "type": "Point",
        "coordinates": [
          7.9095225,
          51.5473501
        ]
      },
      "properties": {
        "id": "tk_nwr_osm_n7424778191",
        "name": "Getränke Oase XXL",
        "address": {
          "street": "Wickeder Straße",
          "number": "12",
          "postalcode": "59457",
          "city": "Werl"
        },
        "sources": [
          {
            "type": "osm",
            "id": "node/7424778191",
            "version": 0
          },
          {
            "type": "gmaps",
            "id": "ChIJqXkalYBvuUcRFwQzL9VWBpk"
          }
        ],
        "created": "2026-05-29",
        "updated": "2026-06-29",
        "sources_by_field": {
          "name": "osm",
          "address.street": "osm",
          "address.number": "osm",
          "address.postalcode": "osm",
          "address.city": "osm",
          "hours": "google",
          "payment.cards": "google",
          "payment.contactless": "google",
          "payment.girocard": "google"
        },
        "apple_id_attempted": "2026-05-29",
        "google_attempted": "2026-06-05",
        "hours": {
          "raw": "Tu 08:00-20:00; Th 08:00-20:00; Fr 08:00-20:00; We 08:00-20:00; Mo 08:00-20:00; Sa 08:00-20:00"
        },
        "payment": {
          "cards": "no",
          "contactless": "yes",
          "girocard": "yes"
        }
      }
    },
    {
      "type": "Feature",
      "geometry": {
        "type": "Point",
        "coordinates": [
          6.3614094,
          50.9223136
        ]
      },
      "properties": {
        "id": "tk_nwr_osm_n747075213",
        "name": "Kö3 Musik&Trends",
        "address": {},
        "sources": [
          {
            "type": "osm",
            "id": "node/747075213",
            "version": 0
          },
          {
            "type": "apple",
            "id": "10809784257308859481"
          },
          {
            "type": "gmaps",
            "id": "ChIJS4gDkQpfv0cRRflRwxjxXK8"
          }
        ],
        "created": "2026-05-29",
        "updated": "2026-06-29",
        "hours": {
          "raw": "Mo-Fr 10:00-18:00; Sa 10:00-14:00"
        },
        "tags": [
          "barrierefrei"
        ],
        "sources_by_field": {
          "name": "osm",
          "hours": "osm",
          "payment.cards": "google",
          "payment.contactless": "google",
          "payment.girocard": "google"
        },
        "apple_attempted": "2026-05-29",
        "google_attempted": "2026-06-05",
        "payment": {
          "cards": "no",
          "contactless": "yes",
          "girocard": "yes"
        }
      }
    },
    {
      "type": "Feature",
      "geometry": {
        "type": "Point",
        "coordinates": [
          6.6450216,
          50.9531926
        ]
      },
      "properties": {
        "id": "tk_nwr_osm_n7601567478",
        "name": "Stern - Lebensmittel und Kiosk",
        "address": {
          "street": "Kölner Straße",
          "number": "12",
          "postalcode": "50126",
          "city": "Bergheim"
        },
        "sources": [
          {
            "type": "osm",
            "id": "node/7601567478",
            "version": 0
          },
          {
            "type": "apple",
            "id": "9902355030764490504"
          }
        ],
        "created": "2026-05-29",
        "updated": "2026-06-29",
        "sources_by_field": {
          "name": "osm",
          "address.street": "osm",
          "address.number": "osm",
          "address.postalcode": "osm",
          "address.city": "osm",
          "hours": "apple",
          "payment.cards": "apple",
          "payment.contactless": "apple"
        },
        "apple_attempted": "2026-05-29",
        "hours": {
          "raw": "Su 13:00-22:30; Mo-Sa 11:30-22:30"
        },
        "payment": {
          "cards": "yes",
          "contactless": "yes"
        }
      }
    },
    {
      "type": "Feature",
      "geometry": {
        "type": "Point",
        "coordinates": [
          8.5069719,
          51.6424728
        ]
      },
      "properties": {
        "id": "tk_nwr_osm_n7643533829",
        "name": "Dick Getränkehandel",
        "address": {
          "street": "Calenhof",
          "number": "28",
          "postalcode": "59590",
          "city": "Geseke"
        },
        "sources": [
          {
            "type": "osm",
            "id": "node/7643533829",
            "version": 0
          },
          {
            "type": "apple",
            "id": "13048819248165568324"
          }
        ],
        "created": "2026-05-29",
        "updated": "2026-06-29",
        "sources_by_field": {
          "name": "osm",
          "address.street": "osm",
          "address.number": "osm",
          "address.postalcode": "osm",
          "address.city": "osm",
          "hours": "apple",
          "payment.cards": "apple",
          "payment.contactless": "apple"
        },
        "apple_attempted": "2026-05-29",
        "hours": {
          "raw": "Mo-Fr 09:00-12:30,14:00-18:00; Sa 08:00-13:00"
        },
        "payment": {
          "cards": "yes",
          "contactless": "yes"
        }
      }
    },
    {
      "type": "Feature",
      "geometry": {
        "type": "Point",
        "coordinates": [
          6.640032,
          50.9134764
        ]
      },
      "properties": {
        "id": "tk_nwr_osm_n7727102182",
        "name": "Kiosk und Pizzeria Nora",
        "address": {
          "street": "Sindorfer Straße",
          "number": "1",
          "postalcode": "50189",
          "city": "Elsdorf",
          "district": "Heppendorf"
        },
        "sources": [
          {
            "type": "osm",
            "id": "node/7727102182",
            "version": 0
          },
          {
            "type": "gmaps",
            "id": "ChIJESNgELFHv0cRl6RLawXwjrI"
          }
        ],
        "created": "2026-05-29",
        "updated": "2026-06-29",
        "hours": {
          "raw": "Mo-Fr 17:00-22:00; Sa,Su 11:00-22:00"
        },
        "tags": [
          "barrierefrei"
        ],
        "sources_by_field": {
          "name": "osm",
          "address.street": "osm",
          "address.number": "osm",
          "address.postalcode": "osm",
          "address.city": "osm",
          "address.district": "osm",
          "hours": "osm"
        },
        "apple_id_attempted": "2026-05-29",
        "google_attempted": "2026-06-05",
        "payment": {}
      }
    },
    {
      "type": "Feature",
      "geometry": {
        "type": "Point",
        "coordinates": [
          6.371515,
          51.1805989
        ]
      },
      "properties": {
        "id": "tk_nwr_osm_n7773661734",
        "name": "Kiosk Hehn",
        "address": {},
        "sources": [
          {
            "type": "osm",
            "id": "node/7773661734",
            "version": 0
          },
          {
            "type": "apple",
            "id": "10790397540613374240"
          }
        ],
        "created": "2026-05-29",
        "updated": "2026-06-29",
        "hours": {
          "raw": "Su 10:00-21:30; Mo-We,Fr-Sa 08:00-20:00; Th 06:30-21:30"
        },
        "sources_by_field": {
          "name": "osm",
          "hours": "apple",
          "payment.cards": "apple",
          "payment.contactless": "apple"
        },
        "apple_attempted": "2026-05-29",
        "payment": {
          "cards": "yes",
          "contactless": "yes"
        }
      }
    },
    {
      "type": "Feature",
      "geometry": {
        "type": "Point",
        "coordinates": [
          6.361469,
          51.1492281
        ]
      },
      "properties": {
        "id": "tk_nwr_osm_n7777772032",
        "name": "Kiosk Firat",
        "address": {
          "street": "Am Mühlentor",
          "number": "25",
          "postalcode": "41179",
          "city": "Mönchengladbach"
        },
        "sources": [
          {
            "type": "osm",
            "id": "node/7777772032",
            "version": 0
          },
          {
            "type": "apple",
            "id": "4598996346947670667"
          }
        ],
        "created": "2026-05-29",
        "updated": "2026-06-29",
        "hours": {
          "raw": "Su 14:00-18:00; Mo-Fr 09:00-22:00; Sa 09:00-22:30"
        },
        "sources_by_field": {
          "name": "osm",
          "address.street": "osm",
          "address.number": "osm",
          "address.postalcode": "osm",
          "address.city": "osm",
          "hours": "apple",
          "payment.cards": "apple",
          "payment.contactless": "apple"
        },
        "apple_attempted": "2026-05-29",
        "payment": {
          "cards": "yes",
          "contactless": "yes"
        }
      }
    },
    {
      "type": "Feature",
      "geometry": {
        "type": "Point",
        "coordinates": [
          6.4841233,
          50.8089352
        ]
      },
      "properties": {
        "id": "tk_nwr_osm_n782245333",
        "name": "De Bendeklepper",
        "address": {},
        "sources": [
          {
            "type": "osm",
            "id": "node/782245333",
            "version": 0
          },
          {
            "type": "apple",
            "id": "8128836200673520861"
          }
        ],
        "created": "2026-05-29",
        "updated": "2026-06-29",
        "tags": [
          "barrierefrei"
        ],
        "sources_by_field": {
          "name": "osm"
        },
        "apple_attempted": "2026-05-29",
        "google_attempted": "2026-06-05",
        "payment": {}
      }
    },
    {
      "type": "Feature",
      "geometry": {
        "type": "Point",
        "coordinates": [
          8.7005943,
          51.5203601
        ]
      },
      "properties": {
        "id": "tk_nwr_osm_n812417447",
        "name": "Vollgut Hötger",
        "address": {},
        "sources": [
          {
            "type": "osm",
            "id": "node/812417447",
            "version": 0
          },
          {
            "type": "gmaps",
            "id": "ChIJv5kNSQ26u0cR2diR7PNUOJ0"
          }
        ],
        "created": "2026-05-29",
        "updated": "2026-06-29",
        "tags": [
          "barrierefrei"
        ],
        "sources_by_field": {
          "name": "osm",
          "hours": "google",
          "payment.cards": "google",
          "payment.contactless": "google",
          "payment.girocard": "google"
        },
        "apple_id_attempted": "2026-05-29",
        "google_attempted": "2026-06-05",
        "hours": {
          "raw": "Tu 13:30-18:00; Th 09:00-12:45,13:30-18:00; Fr 09:00-12:45,13:30-18:30; We 13:30-18:00; Mo 09:00-12:45,13:30-18:00; Sa 08:00-15:00"
        },
        "payment": {
          "cards": "no",
          "contactless": "yes",
          "girocard": "yes"
        }
      }
    },
    {
      "type": "Feature",
      "geometry": {
        "type": "Point",
        "coordinates": [
          8.2836874,
          51.346804
        ]
      },
      "properties": {
        "id": "tk_nwr_osm_n8160986833",
        "name": "Stadt Kiosk & mehr",
        "address": {},
        "sources": [
          {
            "type": "osm",
            "id": "node/8160986833",
            "version": 0
          },
          {
            "type": "apple",
            "id": "5245762253317272165"
          }
        ],
        "created": "2026-05-29",
        "updated": "2026-06-29",
        "hours": {
          "raw": "Su 11:00-21:00; Mo-Th 09:00-21:00; Fr-Sa 09:00-24:00"
        },
        "sources_by_field": {
          "name": "osm",
          "hours": "apple",
          "payment.cards": "apple",
          "payment.contactless": "apple"
        },
        "apple_attempted": "2026-05-29",
        "payment": {
          "cards": "yes",
          "contactless": "yes"
        }
      }
    },
    {
      "type": "Feature",
      "geometry": {
        "type": "Point",
        "coordinates": [
          8.6004013,
          51.6667604
        ]
      },
      "properties": {
        "id": "tk_nwr_osm_n8274144284",
        "name": "Zero's Kiosk",
        "address": {
          "street": "Am Twerspring",
          "number": "3",
          "postalcode": "33154",
          "city": "Salzkotten"
        },
        "sources": [
          {
            "type": "osm",
            "id": "node/8274144284",
            "version": 0
          },
          {
            "type": "gmaps",
            "id": "ChIJs99QRPnLu0cRNy8qVNHoi9c"
          }
        ],
        "created": "2026-05-29",
        "updated": "2026-06-29",
        "sources_by_field": {
          "name": "osm",
          "address.street": "osm",
          "address.number": "osm",
          "address.postalcode": "osm",
          "address.city": "osm"
        },
        "apple_id_attempted": "2026-05-29",
        "google_attempted": "2026-06-05",
        "payment": {}
      }
    },
    {
      "type": "Feature",
      "geometry": {
        "type": "Point",
        "coordinates": [
          6.6845047,
          50.939728
        ]
      },
      "properties": {
        "id": "tk_nwr_osm_n8303074007",
        "name": "Quadrath International Stores",
        "address": {
          "street": "Köln-Aachener-Straße",
          "number": "144",
          "postalcode": "50127",
          "city": "Bergheim",
          "district": "Quadrath-Ichendorf"
        },
        "sources": [
          {
            "type": "osm",
            "id": "node/8303074007",
            "version": 0
          },
          {
            "type": "apple",
            "id": "12822943894944077333"
          }
        ],
        "created": "2026-05-29",
        "updated": "2026-06-29",
        "hours": {
          "raw": "Mo-Su 08:00-24:00"
        },
        "tags": [
          "barrierefrei"
        ],
        "sources_by_field": {
          "name": "osm",
          "address.street": "osm",
          "address.number": "osm",
          "address.postalcode": "osm",
          "address.city": "osm",
          "address.district": "osm",
          "hours": "apple",
          "payment.cards": "apple",
          "payment.contactless": "apple"
        },
        "apple_attempted": "2026-05-29",
        "payment": {
          "cards": "yes",
          "contactless": "yes"
        }
      }
    },
    {
      "type": "Feature",
      "geometry": {
        "type": "Point",
        "coordinates": [
          6.4829399,
          50.8026479
        ]
      },
      "properties": {
        "id": "tk_nwr_osm_n8306117602",
        "name": "Kiosk Bayro",
        "address": {},
        "sources": [
          {
            "type": "osm",
            "id": "node/8306117602",
            "version": 0
          },
          {
            "type": "apple",
            "id": "7917221190345245232"
          }
        ],
        "created": "2026-05-29",
        "updated": "2026-06-29",
        "sources_by_field": {
          "name": "osm",
          "hours": "apple",
          "payment.cards": "apple",
          "payment.contactless": "apple"
        },
        "apple_attempted": "2026-05-29",
        "hours": {
          "raw": "Su 07:00-22:00; Sa 05:00-23:00"
        },
        "payment": {
          "cards": "yes",
          "contactless": "yes"
        }
      }
    },
    {
      "type": "Feature",
      "geometry": {
        "type": "Point",
        "coordinates": [
          6.8268417,
          52.0359492
        ]
      },
      "properties": {
        "id": "tk_nwr_osm_n8544333064",
        "name": "Selbe Kiosk Afro-Asiatischen Lebensmittel",
        "address": {},
        "sources": [
          {
            "type": "osm",
            "id": "node/8544333064",
            "version": 0
          },
          {
            "type": "gmaps",
            "id": "ChIJd-4A8sxvuEcRUla91U5auYo"
          }
        ],
        "created": "2026-05-29",
        "updated": "2026-06-29",
        "sources_by_field": {
          "name": "osm",
          "hours": "google",
          "payment.cards": "google",
          "payment.contactless": "google",
          "payment.girocard": "google"
        },
        "apple_id_attempted": "2026-05-29",
        "google_attempted": "2026-06-05",
        "hours": {
          "raw": "Tu 10:00-20:00; Th 10:00-20:00; Fr 10:00-20:00; We 10:00-20:00; Mo 10:00-20:00; Sa 10:00-20:00; Su 10:00-20:00"
        },
        "payment": {
          "cards": "no",
          "contactless": "yes",
          "girocard": "yes"
        }
      }
    },
    {
      "type": "Feature",
      "geometry": {
        "type": "Point",
        "coordinates": [
          7.8868246,
          51.7632013
        ]
      },
      "properties": {
        "id": "tk_nwr_osm_n8548893486",
        "name": "Automaten Avengers",
        "address": {
          "street": "Weststraße",
          "number": "86",
          "postalcode": "59227",
          "city": "Ahlen"
        },
        "sources": [
          {
            "type": "osm",
            "id": "node/8548893486",
            "version": 0
          },
          {
            "type": "apple",
            "id": "7219747046142821659"
          },
          {
            "type": "gmaps",
            "id": "ChIJKWvSKByduUcRFEiclP-Lnh0"
          }
        ],
        "created": "2026-05-29",
        "updated": "2026-06-29",
        "hours": {
          "raw": "Mo-Su 00:00-24:00"
        },
        "sources_by_field": {
          "name": "osm",
          "address.street": "osm",
          "address.number": "osm",
          "address.postalcode": "osm",
          "address.city": "osm",
          "hours": "apple"
        },
        "apple_attempted": "2026-05-29",
        "google_attempted": "2026-06-05",
        "payment": {}
      }
    },
    {
      "type": "Feature",
      "geometry": {
        "type": "Point",
        "coordinates": [
          6.4933324,
          50.8110726
        ]
      },
      "properties": {
        "id": "tk_nwr_osm_n8824599139",
        "name": "Kiosk Grüngürtel",
        "address": {},
        "sources": [
          {
            "type": "osm",
            "id": "node/8824599139",
            "version": 0
          },
          {
            "type": "gmaps",
            "id": "ChIJNUq6WDVov0cRwp5Ng0WlDC8"
          }
        ],
        "created": "2026-05-29",
        "updated": "2026-06-29",
        "sources_by_field": {
          "name": "osm",
          "hours": "google",
          "payment.cards": "google",
          "payment.girocard": "google"
        },
        "apple_id_attempted": "2026-05-29",
        "google_attempted": "2026-06-05",
        "hours": {
          "raw": "Tu 07:00-21:00; Th 07:00-21:00; Fr 07:00-21:00; We 07:00-21:00; Mo 07:00-21:00; Sa 08:00-21:00; Su 09:00-21:00"
        },
        "payment": {
          "cards": "yes",
          "girocard": "yes"
        }
      }
    },
    {
      "type": "Feature",
      "geometry": {
        "type": "Point",
        "coordinates": [
          8.105731,
          51.5708872
        ]
      },
      "properties": {
        "id": "tk_nwr_osm_n8828430799",
        "name": "Altstadt Kiosk",
        "address": {},
        "sources": [
          {
            "type": "osm",
            "id": "node/8828430799",
            "version": 0
          },
          {
            "type": "gmaps",
            "id": "ChIJvcyZGctiuUcRVG_J1-FLE94"
          }
        ],
        "created": "2026-05-29",
        "updated": "2026-06-29",
        "tags": [
          "barrierefrei"
        ],
        "sources_by_field": {
          "name": "osm"
        },
        "apple_id_attempted": "2026-05-29",
        "google_attempted": "2026-06-05",
        "payment": {}
      }
    },
    {
      "type": "Feature",
      "geometry": {
        "type": "Point",
        "coordinates": [
          6.3562716,
          50.9209249
        ]
      },
      "properties": {
        "id": "tk_nwr_osm_n8867614450",
        "name": "Kings Kiosk",
        "address": {},
        "sources": [
          {
            "type": "osm",
            "id": "node/8867614450",
            "version": 0
          },
          {
            "type": "gmaps",
            "id": "ChIJd1U-Roxfv0cRbgFgs_tz6bU"
          }
        ],
        "created": "2026-05-29",
        "updated": "2026-06-29",
        "sources_by_field": {
          "name": "osm",
          "hours": "google",
          "payment.cards": "google",
          "payment.contactless": "google",
          "payment.girocard": "google"
        },
        "apple_id_attempted": "2026-05-29",
        "google_attempted": "2026-06-05",
        "hours": {
          "raw": "Tu 09:30-23:00; Th 09:30-23:00; Fr 09:00-01:00; We 09:30-23:00; Mo 09:30-23:00; Sa 10:00-01:00; Su 10:00-23:00"
        },
        "payment": {
          "cards": "no",
          "contactless": "yes",
          "girocard": "yes"
        }
      }
    },
    {
      "type": "Feature",
      "geometry": {
        "type": "Point",
        "coordinates": [
          6.3601412,
          50.9209778
        ]
      },
      "properties": {
        "id": "tk_nwr_osm_n8895637223",
        "name": "Jülicher Kiosk",
        "address": {},
        "sources": [
          {
            "type": "osm",
            "id": "node/8895637223",
            "version": 0
          },
          {
            "type": "apple",
            "id": "10002867510592666925"
          }
        ],
        "created": "2026-05-29",
        "updated": "2026-06-29",
        "sources_by_field": {
          "name": "osm",
          "hours": "apple",
          "payment.cards": "apple",
          "payment.contactless": "apple"
        },
        "apple_attempted": "2026-05-29",
        "hours": {
          "raw": "Su 09:30-23:30; Mo-Th 07:30-23:30; Fr 07:30-24:00; Sa 10:30-24:00"
        },
        "payment": {
          "cards": "yes",
          "contactless": "yes"
        }
      }
    },
    {
      "type": "Feature",
      "geometry": {
        "type": "Point",
        "coordinates": [
          6.6833622,
          50.9355567
        ]
      },
      "properties": {
        "id": "tk_nwr_osm_n8895775370",
        "name": "Kiosk Am Marktplatz",
        "address": {},
        "sources": [
          {
            "type": "osm",
            "id": "node/8895775370",
            "version": 0
          },
          {
            "type": "gmaps",
            "id": "ChIJ4XXAL504v0cRk8qEcb9cnSo"
          }
        ],
        "created": "2026-05-29",
        "updated": "2026-06-29",
        "sources_by_field": {
          "name": "osm",
          "hours": "google",
          "payment.cards": "google",
          "payment.contactless": "google",
          "payment.girocard": "google"
        },
        "apple_id_attempted": "2026-05-29",
        "google_attempted": "2026-06-05",
        "hours": {
          "raw": "Tu 07:00-22:00; Th 07:00-22:00; Fr 07:00-22:00; We 07:00-22:00; Mo 07:00-22:00; Sa 08:00-22:00; Su 08:00-22:00"
        },
        "payment": {
          "cards": "no",
          "contactless": "yes",
          "girocard": "yes"
        }
      }
    },
    {
      "type": "Feature",
      "geometry": {
        "type": "Point",
        "coordinates": [
          6.35652,
          51.198885
        ]
      },
      "properties": {
        "id": "tk_nwr_osm_n8921776122",
        "name": "Nisa Kiosk & Bistro",
        "address": {},
        "sources": [
          {
            "type": "osm",
            "id": "node/8921776122",
            "version": 0
          },
          {
            "type": "apple",
            "id": "8895936811643701815"
          }
        ],
        "created": "2026-05-29",
        "updated": "2026-06-29",
        "sources_by_field": {
          "name": "osm"
        },
        "apple_attempted": "2026-05-29",
        "google_attempted": "2026-06-05",
        "payment": {}
      }
    },
    {
      "type": "Feature",
      "geometry": {
        "type": "Point",
        "coordinates": [
          6.4996972,
          50.9569273
        ]
      },
      "properties": {
        "id": "tk_nwr_osm_n9040848467",
        "name": "Mina's Kiosk",
        "address": {},
        "sources": [
          {
            "type": "osm",
            "id": "node/9040848467",
            "version": 0
          },
          {
            "type": "gmaps",
            "id": "ChIJzbx3h99Ev0cRd5qTuvZVKeA"
          }
        ],
        "created": "2026-05-29",
        "updated": "2026-06-29",
        "sources_by_field": {
          "name": "osm"
        },
        "apple_id_attempted": "2026-05-29",
        "google_attempted": "2026-06-05",
        "payment": {}
      }
    },
    {
      "type": "Feature",
      "geometry": {
        "type": "Point",
        "coordinates": [
          7.9012976,
          51.7539781
        ]
      },
      "properties": {
        "id": "tk_nwr_osm_n9165539797",
        "name": "Werse-Kiosk",
        "address": {},
        "sources": [
          {
            "type": "osm",
            "id": "node/9165539797",
            "version": 0
          },
          {
            "type": "gmaps",
            "id": "ChIJtSQ3dh53uUcRxR-8f81p9cE"
          }
        ],
        "created": "2026-05-29",
        "updated": "2026-06-29",
        "hours": {
          "raw": "Tu 08:00-18:00; Th 08:00-18:00; Fr 08:00-18:00; We 08:00-18:00; Mo 08:00-18:00"
        },
        "sources_by_field": {
          "name": "osm",
          "hours": "google"
        },
        "apple_id_attempted": "2026-05-29",
        "google_attempted": "2026-06-05",
        "payment": {}
      }
    },
    {
      "type": "Feature",
      "geometry": {
        "type": "Point",
        "coordinates": [
          8.7184183,
          51.2434251
        ]
      },
      "properties": {
        "id": "tk_nwr_osm_n920327514",
        "name": "Getränke Bergenthal",
        "address": {
          "street": "Auf dem Graben",
          "number": "28",
          "postalcode": "59964",
          "city": "Medebach",
          "district": "Oberschledorn"
        },
        "sources": [
          {
            "type": "osm",
            "id": "node/920327514",
            "version": 0
          },
          {
            "type": "gmaps",
            "id": "ChIJ4UJOpGiau0cRQck3LRUDrQY"
          }
        ],
        "created": "2026-05-29",
        "updated": "2026-06-29",
        "sources_by_field": {
          "name": "osm",
          "address.street": "osm",
          "address.number": "osm",
          "address.postalcode": "osm",
          "address.city": "osm",
          "address.district": "osm",
          "hours": "google",
          "payment.cards": "google",
          "payment.contactless": "google",
          "payment.girocard": "google"
        },
        "apple_id_attempted": "2026-05-29",
        "google_attempted": "2026-06-05",
        "hours": {
          "raw": "Th 14:30-18:30; Fr 09:00-18:30; We 14:30-18:30; Mo 14:30-18:30; Sa 09:00-17:00"
        },
        "payment": {
          "cards": "no",
          "contactless": "yes",
          "girocard": "yes"
        }
      }
    },
    {
      "type": "Feature",
      "geometry": {
        "type": "Point",
        "coordinates": [
          7.8885717,
          50.9063681
        ]
      },
      "properties": {
        "id": "tk_nwr_osm_n9249100988",
        "name": "Getränke Roth",
        "address": {},
        "sources": [
          {
            "type": "osm",
            "id": "node/9249100988",
            "version": 0
          },
          {
            "type": "gmaps",
            "id": "ChIJ33GP8CenvkcRl_yoImoqaVg"
          }
        ],
        "created": "2026-05-29",
        "updated": "2026-06-29",
        "sources_by_field": {
          "name": "osm",
          "payment.cards": "google",
          "payment.contactless": "google",
          "payment.girocard": "google"
        },
        "apple_id_attempted": "2026-05-29",
        "google_attempted": "2026-06-05",
        "payment": {
          "cards": "no",
          "contactless": "yes",
          "girocard": "yes"
        }
      }
    },
    {
      "type": "Feature",
      "geometry": {
        "type": "Point",
        "coordinates": [
          6.1709498,
          51.8781784
        ]
      },
      "properties": {
        "id": "tk_nwr_osm_n9274107238",
        "name": "Getränkeknaller Elten",
        "address": {
          "street": "Groenlandstraße",
          "number": "1"
        },
        "sources": [
          {
            "type": "osm",
            "id": "node/9274107238",
            "version": 0
          },
          {
            "type": "apple",
            "id": "1163609339077281370"
          },
          {
            "type": "gmaps",
            "id": "ChIJ4Vl6huidx0cRrBr4RZOp1rI"
          }
        ],
        "created": "2026-05-29",
        "updated": "2026-06-29",
        "hours": {
          "raw": "Tu 10:00-18:00; Th 10:00-18:00; Fr 10:00-18:00; We 10:00-18:00; Mo 10:00-16:00; Sa 10:00-15:30"
        },
        "sources_by_field": {
          "name": "osm",
          "address.street": "osm",
          "address.number": "osm",
          "hours": "google",
          "payment.cards": "google",
          "payment.contactless": "google",
          "payment.girocard": "google"
        },
        "apple_attempted": "2026-05-29",
        "google_attempted": "2026-06-05",
        "payment": {
          "cards": "yes",
          "contactless": "yes",
          "girocard": "yes"
        }
      }
    },
    {
      "type": "Feature",
      "geometry": {
        "type": "Point",
        "coordinates": [
          6.6761215,
          50.9361515
        ]
      },
      "properties": {
        "id": "tk_nwr_osm_n9289008499",
        "name": "Qiosk",
        "address": {},
        "sources": [
          {
            "type": "osm",
            "id": "node/9289008499",
            "version": 0
          },
          {
            "type": "gmaps",
            "id": "ChIJba7oz6dHv0cRdAd-rBCdTdk"
          }
        ],
        "created": "2026-05-29",
        "updated": "2026-06-29",
        "sources_by_field": {
          "name": "osm",
          "hours": "google",
          "payment.cards": "google",
          "payment.contactless": "google",
          "payment.girocard": "google"
        },
        "apple_id_attempted": "2026-05-29",
        "google_attempted": "2026-06-05",
        "hours": {
          "raw": "Tu 05:00-22:00; Th 05:00-22:00; Fr 05:00-22:00; We 05:00-22:00; Mo 05:00-22:00; Sa 08:00-22:00; Su 08:00-22:00"
        },
        "payment": {
          "cards": "yes",
          "contactless": "yes",
          "girocard": "yes"
        }
      }
    },
    {
      "type": "Feature",
      "geometry": {
        "type": "Point",
        "coordinates": [
          7.0227211,
          52.2148802
        ]
      },
      "properties": {
        "id": "tk_nwr_osm_n929453524",
        "name": "Bistro & Kiosk am Bahnhof",
        "address": {
          "street": "Bahnhofstraße",
          "number": "45",
          "postalcode": "48599",
          "city": "Gronau"
        },
        "sources": [
          {
            "type": "osm",
            "id": "node/929453524",
            "version": 0
          },
          {
            "type": "apple",
            "id": "10531980255310066028"
          }
        ],
        "created": "2026-05-29",
        "updated": "2026-06-29",
        "hours": {
          "raw": "Mo-Fr 07:30-19:00; Sa-Su 08:00-19:00"
        },
        "payment": {
          "cash": "yes",
          "cards": "yes",
          "contactless": "unknown",
          "girocard": "unknown"
        },
        "tags": [
          "barrierefrei"
        ],
        "sources_by_field": {
          "name": "osm",
          "address.street": "osm",
          "address.number": "osm",
          "address.postalcode": "osm",
          "address.city": "osm",
          "hours": "osm",
          "payment.cash": "osm",
          "payment.cards": "osm",
          "payment.contactless": "osm",
          "payment.girocard": "osm"
        }
      }
    },
    {
      "type": "Feature",
      "geometry": {
        "type": "Point",
        "coordinates": [
          7.005227,
          52.0854099
        ]
      },
      "properties": {
        "id": "tk_nwr_osm_n9317569061",
        "name": "FRESH+COOL Grünewald",
        "address": {
          "street": "Fuistingstraße",
          "number": "54-56",
          "postalcode": "48683",
          "city": "Ahaus"
        },
        "sources": [
          {
            "type": "osm",
            "id": "node/9317569061",
            "version": 0
          },
          {
            "type": "gmaps",
            "id": "ChIJR5xr7JlBuEcRmCzUQrfyNxY"
          }
        ],
        "created": "2026-05-29",
        "updated": "2026-06-29",
        "sources_by_field": {
          "name": "osm",
          "address.street": "osm",
          "address.number": "osm",
          "address.postalcode": "osm",
          "address.city": "osm",
          "hours": "google",
          "payment.cards": "google"
        },
        "apple_id_attempted": "2026-05-29",
        "google_attempted": "2026-06-05",
        "hours": {
          "raw": "Tu 09:00-18:00; Th 09:00-18:00; Fr 09:00-18:00; We 09:00-18:00; Mo 09:00-18:00; Sa 09:00-14:00"
        },
        "payment": {
          "cards": "yes"
        }
      }
    },
    {
      "type": "Feature",
      "geometry": {
        "type": "Point",
        "coordinates": [
          6.0496742,
          50.7421223
        ]
      },
      "properties": {
        "id": "tk_nwr_osm_n937887850",
        "name": "Kletterwald Aachen",
        "address": {},
        "sources": [
          {
            "type": "osm",
            "id": "node/937887850",
            "version": 0
          },
          {
            "type": "apple",
            "id": "4539764551083936533"
          }
        ],
        "created": "2026-05-29",
        "updated": "2026-05-29",
        "hours": {
          "raw": "Su 10:45-16:00; Mo 12:30-17:45; Tu 13:00-17:30; We-Fr 11:30-16:00; Sa 10:45-16:45"
        },
        "sources_by_field": {
          "name": "osm",
          "hours": "apple",
          "payment.cards": "apple",
          "payment.contactless": "apple"
        },
        "payment": {
          "cards": "yes",
          "contactless": "yes"
        },
        "apple_attempted": "2026-05-29"
      }
    },
    {
      "type": "Feature",
      "geometry": {
        "type": "Point",
        "coordinates": [
          6.4158612,
          50.8263804
        ]
      },
      "properties": {
        "id": "tk_nwr_osm_n9396541460",
        "name": "Rene Hensch - Der Durstlöscher",
        "address": {
          "street": "Steinbißstraße",
          "number": "5",
          "postalcode": "52353",
          "city": "Düren"
        },
        "sources": [
          {
            "type": "osm",
            "id": "node/9396541460",
            "version": 0
          },
          {
            "type": "apple",
            "id": "3832201138560531948"
          },
          {
            "type": "gmaps",
            "id": "ChIJo9G0mo1nv0cRIR_ht7vTFk8"
          }
        ],
        "created": "2026-05-29",
        "updated": "2026-06-29",
        "sources_by_field": {
          "name": "osm",
          "address.street": "osm",
          "address.number": "osm",
          "address.postalcode": "osm",
          "address.city": "osm",
          "hours": "google"
        },
        "apple_attempted": "2026-05-29",
        "google_attempted": "2026-06-05",
        "hours": {
          "raw": "Tu 08:00-16:00; Th 08:00-16:00; Fr 08:00-16:00; We 08:00-16:00; Mo 08:00-16:00; Sa 08:00-16:00; Su 08:00-16:00"
        },
        "payment": {}
      }
    },
    {
      "type": "Feature",
      "geometry": {
        "type": "Point",
        "coordinates": [
          6.6303308,
          50.945328
        ]
      },
      "properties": {
        "id": "tk_nwr_osm_n9450318317",
        "name": "Bei Schreibi",
        "address": {},
        "sources": [
          {
            "type": "osm",
            "id": "node/9450318317",
            "version": 0
          },
          {
            "type": "gmaps",
            "id": "ChIJiw5UHv5Gv0cR7qRXn_EdcHA"
          }
        ],
        "created": "2026-05-29",
        "updated": "2026-06-29",
        "sources_by_field": {
          "name": "osm"
        },
        "apple_id_attempted": "2026-05-29",
        "google_attempted": "2026-06-05",
        "payment": {}
      }
    },
    {
      "type": "Feature",
      "geometry": {
        "type": "Point",
        "coordinates": [
          7.857585,
          51.6910295
        ]
      },
      "properties": {
        "id": "tk_nwr_osm_n9464136944",
        "name": "Kovan Kiosk im Osten",
        "address": {},
        "sources": [
          {
            "type": "osm",
            "id": "node/9464136944",
            "version": 0
          },
          {
            "type": "apple",
            "id": "17863551347167709795"
          }
        ],
        "created": "2026-05-29",
        "updated": "2026-06-29",
        "hours": {
          "raw": "Mo,We-Su 10:00-23:00; Tu 12:00-23:00"
        },
        "sources_by_field": {
          "name": "osm",
          "hours": "apple",
          "payment.cards": "apple",
          "payment.contactless": "apple"
        },
        "apple_attempted": "2026-05-29",
        "payment": {
          "cards": "yes",
          "contactless": "yes"
        }
      }
    },
    {
      "type": "Feature",
      "geometry": {
        "type": "Point",
        "coordinates": [
          6.3425494,
          51.3366901
        ]
      },
      "properties": {
        "id": "tk_nwr_osm_n9509898599",
        "name": "Irgat Kiosk Grefrath",
        "address": {},
        "sources": [
          {
            "type": "osm",
            "id": "node/9509898599",
            "version": 0
          },
          {
            "type": "apple",
            "id": "2458737971835367854"
          }
        ],
        "created": "2026-05-29",
        "updated": "2026-06-29",
        "hours": {
          "raw": "Mo-Sa 08:30-22:00; Su 09:00-22:00"
        },
        "sources_by_field": {
          "name": "osm",
          "hours": "apple",
          "payment.cards": "apple",
          "payment.contactless": "apple"
        },
        "apple_attempted": "2026-05-29",
        "payment": {
          "cards": "yes",
          "contactless": "yes"
        }
      }
    },
    {
      "type": "Feature",
      "geometry": {
        "type": "Point",
        "coordinates": [
          6.2451663,
          51.297689
        ]
      },
      "properties": {
        "id": "tk_nwr_osm_n9514642172",
        "name": "Netto Getränke-Discount",
        "address": {},
        "sources": [
          {
            "type": "osm",
            "id": "node/9514642172",
            "version": 0
          },
          {
            "type": "apple",
            "id": "7711928227275961898"
          }
        ],
        "created": "2026-05-29",
        "updated": "2026-06-15",
        "sources_by_field": {
          "name": "osm",
          "hours": "apple",
          "payment.cards": "apple",
          "payment.contactless": "apple"
        },
        "apple_attempted": "2026-05-29",
        "hours": {
          "raw": "Mo-Sa 08:00-20:00"
        },
        "payment": {
          "cards": "yes",
          "contactless": "yes"
        }
      }
    },
    {
      "type": "Feature",
      "geometry": {
        "type": "Point",
        "coordinates": [
          8.3438067,
          51.6749815
        ]
      },
      "properties": {
        "id": "tk_nwr_osm_n9743791078",
        "name": "GiiB’s Späti",
        "address": {},
        "sources": [
          {
            "type": "osm",
            "id": "node/9743791078",
            "version": 0
          },
          {
            "type": "apple",
            "id": "4765357615756549457"
          }
        ],
        "created": "2026-05-29",
        "updated": "2026-06-29",
        "sources_by_field": {
          "name": "osm",
          "hours": "apple",
          "payment.cards": "apple",
          "payment.contactless": "apple"
        },
        "apple_attempted": "2026-05-29",
        "hours": {
          "raw": "Su 00:00-02:00; Mo-Th 07:30-23:00; Fr 07:30-24:00; Sa 00:00-02:00,07:30-24:00"
        },
        "payment": {
          "cards": "yes",
          "contactless": "yes"
        }
      }
    },
    {
      "type": "Feature",
      "geometry": {
        "type": "Point",
        "coordinates": [
          8.3457187,
          51.6671226
        ]
      },
      "properties": {
        "id": "tk_nwr_osm_n9914387191",
        "name": "Lotto und Tabakwaren Bode",
        "address": {
          "street": "Erwitter Straße",
          "number": "11",
          "postalcode": "59557",
          "city": "Lippstadt"
        },
        "sources": [
          {
            "type": "osm",
            "id": "node/9914387191",
            "version": 0
          },
          {
            "type": "gmaps",
            "id": "ChIJie1v1ErTu0cR02yFrNGyZEw"
          }
        ],
        "created": "2026-05-29",
        "updated": "2026-06-29",
        "hours": {
          "raw": "Mo-Fr 07:30-18:00; Sa 07:30-16:00"
        },
        "sources_by_field": {
          "name": "osm",
          "address.street": "osm",
          "address.number": "osm",
          "address.postalcode": "osm",
          "address.city": "osm",
          "hours": "osm",
          "payment.cards": "google",
          "payment.contactless": "google",
          "payment.girocard": "google"
        },
        "apple_id_attempted": "2026-05-29",
        "google_attempted": "2026-06-05",
        "payment": {
          "cards": "no",
          "contactless": "yes",
          "girocard": "yes"
        }
      }
    },
    {
      "type": "Feature",
      "geometry": {
        "type": "Point",
        "coordinates": [
          7.8521279,
          51.6299641
        ]
      },
      "properties": {
        "id": "tk_nwr_osm_w101781240",
        "name": "Getränke-Paradies Gefromm",
        "address": {
          "street": "Unnaer Straße",
          "number": "18 - 20",
          "postalcode": "59069",
          "city": "Hamm",
          "district": "Rhynern"
        },
        "sources": [
          {
            "type": "osm",
            "id": "way/101781240",
            "version": 0
          },
          {
            "type": "apple",
            "id": "12494135404551238628"
          }
        ],
        "created": "2026-05-29",
        "updated": "2026-06-29",
        "hours": {
          "raw": "Mo-Fr 08:30-20:00; Sa 08:00-18:00"
        },
        "sources_by_field": {
          "name": "osm",
          "address.street": "osm",
          "address.number": "osm",
          "address.postalcode": "osm",
          "address.city": "osm",
          "address.district": "osm",
          "hours": "apple",
          "payment.cards": "apple",
          "payment.contactless": "apple"
        },
        "apple_attempted": "2026-05-29",
        "payment": {
          "cards": "yes",
          "contactless": "yes"
        }
      }
    },
    {
      "type": "Feature",
      "geometry": {
        "type": "Point",
        "coordinates": [
          6.1323425,
          51.7833315
        ]
      },
      "properties": {
        "id": "tk_nwr_osm_w111976179",
        "name": "Kiosk Kleeblatt",
        "address": {
          "street": "Hagsche Straße",
          "number": "94",
          "postalcode": "47533",
          "city": "Kleve"
        },
        "sources": [
          {
            "type": "osm",
            "id": "way/111976179",
            "version": 0
          },
          {
            "type": "apple",
            "id": "2150299234060498926"
          }
        ],
        "created": "2026-05-29",
        "updated": "2026-06-29",
        "sources_by_field": {
          "name": "osm",
          "address.street": "osm",
          "address.number": "osm",
          "address.postalcode": "osm",
          "address.city": "osm",
          "hours": "apple",
          "payment.cards": "apple",
          "payment.contactless": "apple"
        },
        "apple_attempted": "2026-05-29",
        "hours": {
          "raw": "Mo,We,Fr 10:00-16:00; Tu,Th 07:00-20:00; Sa 07:00-16:00"
        },
        "payment": {
          "cards": "yes",
          "contactless": "yes"
        }
      }
    },
    {
      "type": "Feature",
      "geometry": {
        "type": "Point",
        "coordinates": [
          7.9300252,
          51.6908708
        ]
      },
      "properties": {
        "id": "tk_nwr_osm_w114454995",
        "name": "Kiosk Klos",
        "address": {
          "street": "Mühlenstraße",
          "number": "2b",
          "postalcode": "59071",
          "city": "Hamm"
        },
        "sources": [
          {
            "type": "osm",
            "id": "way/114454995",
            "version": 0
          },
          {
            "type": "apple",
            "id": "13739899054516386876"
          }
        ],
        "created": "2026-05-29",
        "updated": "2026-06-29",
        "sources_by_field": {
          "name": "osm",
          "address.street": "osm",
          "address.number": "osm",
          "address.postalcode": "osm",
          "address.city": "osm",
          "hours": "apple",
          "payment.cards": "apple",
          "payment.contactless": "apple"
        },
        "apple_attempted": "2026-05-29",
        "hours": {
          "raw": "Mo-Tu 05:30-21:00"
        },
        "payment": {
          "cards": "yes",
          "contactless": "yes"
        }
      }
    },
    {
      "type": "Feature",
      "geometry": {
        "type": "Point",
        "coordinates": [
          6.8985046,
          51.989317
        ]
      },
      "properties": {
        "id": "tk_nwr_osm_w118900284",
        "name": "Getränke Ellerkamp",
        "address": {
          "street": "Gutenbergstraße",
          "number": "11",
          "postalcode": "48703",
          "city": "Stadtlohn"
        },
        "sources": [
          {
            "type": "osm",
            "id": "way/118900284",
            "version": 0
          },
          {
            "type": "gmaps",
            "id": "ChIJtexPTuxnuEcR4-OW7jpJhWY"
          }
        ],
        "created": "2026-05-29",
        "updated": "2026-06-29",
        "sources_by_field": {
          "name": "osm",
          "address.street": "osm",
          "address.number": "osm",
          "address.postalcode": "osm",
          "address.city": "osm",
          "hours": "google",
          "payment.cards": "google",
          "payment.contactless": "google",
          "payment.girocard": "google"
        },
        "apple_id_attempted": "2026-05-29",
        "google_attempted": "2026-06-11",
        "hours": {
          "raw": "Tu 09:00-18:00; Th 09:00-18:00; Fr 09:00-18:00; We 09:00-18:00; Mo 09:00-18:00; Sa 09:00-14:00"
        },
        "payment": {
          "cards": "no",
          "contactless": "yes",
          "girocard": "yes"
        }
      }
    },
    {
      "type": "Feature",
      "geometry": {
        "type": "Point",
        "coordinates": [
          5.886998,
          51.0173048
        ]
      },
      "properties": {
        "id": "tk_nwr_osm_w119966360",
        "name": "Drinks4You",
        "address": {
          "street": "Millener Weg",
          "number": "51",
          "postalcode": "52538",
          "city": "Selfkant",
          "district": "Tüddern"
        },
        "sources": [
          {
            "type": "osm",
            "id": "way/119966360",
            "version": 0
          },
          {
            "type": "apple",
            "id": "9680476889224587040"
          }
        ],
        "created": "2026-05-29",
        "updated": "2026-06-29",
        "hours": {
          "raw": "Tu-Fr 10:00-18:00; Sa 10:00-16:00"
        },
        "sources_by_field": {
          "name": "osm",
          "address.street": "osm",
          "address.number": "osm",
          "address.postalcode": "osm",
          "address.city": "osm",
          "address.district": "osm",
          "hours": "apple",
          "payment.cards": "apple",
          "payment.contactless": "apple"
        },
        "apple_attempted": "2026-05-29",
        "payment": {
          "cards": "yes",
          "contactless": "yes"
        }
      }
    },
    {
      "type": "Feature",
      "geometry": {
        "type": "Point",
        "coordinates": [
          7.8816111,
          51.6805737
        ]
      },
      "properties": {
        "id": "tk_nwr_osm_w128789352",
        "name": "Seekiosk",
        "address": {},
        "sources": [
          {
            "type": "osm",
            "id": "way/128789352",
            "version": 0
          },
          {
            "type": "gmaps",
            "id": "ChIJc3_BmrJ3uUcRUXAEB1RrWjE"
          }
        ],
        "created": "2026-05-29",
        "updated": "2026-06-29",
        "tags": [
          "barrierefrei",
          "draussen"
        ],
        "sources_by_field": {
          "name": "osm",
          "hours": "google",
          "payment.cards": "google",
          "payment.contactless": "google",
          "payment.girocard": "google"
        },
        "apple_id_attempted": "2026-05-29",
        "google_attempted": "2026-06-11",
        "hours": {
          "raw": "Tu 11:00-18:00; Th 11:00-21:00; Fr 11:00-18:00; We 11:00-18:00; Mo 11:00-18:00; Sa 11:00-18:00; Su 11:00-18:00"
        },
        "payment": {
          "cards": "yes",
          "contactless": "yes",
          "girocard": "yes"
        }
      }
    },
    {
      "type": "Feature",
      "geometry": {
        "type": "Point",
        "coordinates": [
          6.9189926,
          51.9932674
        ]
      },
      "properties": {
        "id": "tk_nwr_osm_w1333777758",
        "name": "Wolf of Candy",
        "address": {},
        "sources": [
          {
            "type": "osm",
            "id": "way/1333777758",
            "version": 0
          },
          {
            "type": "apple",
            "id": "10122190444549515888"
          },
          {
            "type": "gmaps",
            "id": "ChIJQ5fLp0RpuEcRNjeDnKDB2oM"
          }
        ],
        "created": "2026-05-29",
        "updated": "2026-06-29",
        "hours": {
          "raw": "Mo-Su 00:00-24:00"
        },
        "sources_by_field": {
          "name": "osm",
          "hours": "apple",
          "payment.cards": "google",
          "payment.contactless": "google",
          "payment.girocard": "google"
        },
        "apple_attempted": "2026-05-29",
        "google_attempted": "2026-06-05",
        "payment": {
          "cards": "yes",
          "contactless": "yes",
          "girocard": "yes"
        }
      }
    },
    {
      "type": "Feature",
      "geometry": {
        "type": "Point",
        "coordinates": [
          8.3370746,
          51.4868355
        ]
      },
      "properties": {
        "id": "tk_nwr_osm_w134518520",
        "name": "Tag und Nacht Phil's 24/7",
        "address": {
          "street": "Bahnhofstraße",
          "number": "23",
          "postalcode": "59581",
          "city": "Warstein",
          "district": "Belecke"
        },
        "sources": [
          {
            "type": "osm",
            "id": "way/134518520",
            "version": 0
          },
          {
            "type": "gmaps",
            "id": "ChIJXfQUk1_Fu0cR6AlyRGISM2c"
          }
        ],
        "created": "2026-05-29",
        "updated": "2026-06-29",
        "hours": {
          "raw": "24/7"
        },
        "sources_by_field": {
          "name": "osm",
          "address.street": "osm",
          "address.number": "osm",
          "address.postalcode": "osm",
          "address.city": "osm",
          "address.district": "osm",
          "hours": "osm",
          "payment.cards": "google",
          "payment.contactless": "google",
          "payment.girocard": "google"
        },
        "apple_id_attempted": "2026-05-29",
        "google_attempted": "2026-06-11",
        "payment": {
          "cards": "yes",
          "contactless": "yes",
          "girocard": "yes"
        }
      }
    },
    {
      "type": "Feature",
      "geometry": {
        "type": "Point",
        "coordinates": [
          8.8217162,
          51.8024036
        ]
      },
      "properties": {
        "id": "tk_nwr_osm_w137119428",
        "name": "vollgut Getränkepartner Schnippenkötter",
        "address": {
          "street": "Gewerbepark",
          "number": "7",
          "postalcode": "33189",
          "city": "Schlangen"
        },
        "sources": [
          {
            "type": "osm",
            "id": "way/137119428",
            "version": 0
          },
          {
            "type": "gmaps",
            "id": "ChIJ5aT-KFlOukcRwmKrAv57yUM"
          }
        ],
        "created": "2026-05-29",
        "updated": "2026-06-29",
        "hours": {
          "raw": "Mo-Fr 09:30-13:00,15:00-18:30; Sa 09:00-14:00"
        },
        "tags": [
          "barrierefrei"
        ],
        "sources_by_field": {
          "name": "osm",
          "address.street": "osm",
          "address.number": "osm",
          "address.postalcode": "osm",
          "address.city": "osm",
          "hours": "osm"
        },
        "apple_id_attempted": "2026-05-29",
        "google_attempted": "2026-06-11",
        "payment": {}
      }
    },
    {
      "type": "Feature",
      "geometry": {
        "type": "Point",
        "coordinates": [
          6.2171607,
          51.0960755
        ]
      },
      "properties": {
        "id": "tk_nwr_osm_w145580954",
        "name": "HS Kiosk",
        "address": {
          "street": "Lauerstraße",
          "number": "17",
          "postalcode": "41812",
          "city": "Erkelenz",
          "district": "Gerderath"
        },
        "sources": [
          {
            "type": "osm",
            "id": "way/145580954",
            "version": 0
          },
          {
            "type": "gmaps",
            "id": "ChIJZXIbqF-pwEcRnUs3rA7tx3o"
          }
        ],
        "created": "2026-05-29",
        "updated": "2026-06-29",
        "hours": {
          "raw": "Tu 10:00-18:00; Th 10:00-18:00; Fr 10:00-18:00; We 10:00-18:00; Mo 10:00-18:00; Sa 08:00-14:00"
        },
        "sources_by_field": {
          "name": "osm",
          "address.street": "osm",
          "address.number": "osm",
          "address.postalcode": "osm",
          "address.city": "osm",
          "address.district": "osm",
          "hours": "google",
          "payment.cards": "google",
          "payment.contactless": "google",
          "payment.girocard": "google"
        },
        "apple_id_attempted": "2026-05-29",
        "google_attempted": "2026-06-11",
        "payment": {
          "cards": "yes",
          "contactless": "yes",
          "girocard": "yes"
        }
      }
    },
    {
      "type": "Feature",
      "geometry": {
        "type": "Point",
        "coordinates": [
          8.8424528,
          51.7459555
        ]
      },
      "properties": {
        "id": "tk_nwr_osm_w153675915",
        "name": "Getränke Beineke",
        "address": {
          "street": "Am Freistuhl",
          "number": "9",
          "postalcode": "33100",
          "city": "Paderborn",
          "district": "Neuenbeken"
        },
        "sources": [
          {
            "type": "osm",
            "id": "way/153675915",
            "version": 0
          },
          {
            "type": "gmaps",
            "id": "ChIJb0KMIo5NukcR0hz-fH4RA08"
          }
        ],
        "created": "2026-05-29",
        "updated": "2026-06-29",
        "hours": {
          "raw": "Mo 10:00-10:01"
        },
        "sources_by_field": {
          "name": "osm",
          "address.street": "osm",
          "address.number": "osm",
          "address.postalcode": "osm",
          "address.city": "osm",
          "address.district": "osm",
          "hours": "google"
        },
        "apple_id_attempted": "2026-05-29",
        "google_attempted": "2026-06-11",
        "payment": {}
      }
    },
    {
      "type": "Feature",
      "geometry": {
        "type": "Point",
        "coordinates": [
          7.5112298,
          52.1629327
        ]
      },
      "properties": {
        "id": "tk_nwr_osm_w156996339",
        "name": "Recker-Butschkowski",
        "address": {},
        "sources": [
          {
            "type": "osm",
            "id": "way/156996339",
            "version": 0
          },
          {
            "type": "apple",
            "id": "13327967292112104302"
          }
        ],
        "created": "2026-05-29",
        "updated": "2026-06-29",
        "tags": [
          "barrierefrei"
        ],
        "sources_by_field": {
          "name": "osm",
          "hours": "apple",
          "payment.cards": "apple",
          "payment.contactless": "apple"
        },
        "apple_attempted": "2026-05-29",
        "hours": {
          "raw": "Mo-Fr 08:30-12:30,14:00-18:00; Sa 08:30-13:00"
        },
        "payment": {
          "cards": "yes",
          "contactless": "yes"
        }
      }
    },
    {
      "type": "Feature",
      "geometry": {
        "type": "Point",
        "coordinates": [
          6.9175708,
          52.0789967
        ]
      },
      "properties": {
        "id": "tk_nwr_osm_w181657793",
        "name": "Getränke Ellinghaus",
        "address": {
          "street": "Im Garbrock",
          "number": "1",
          "postalcode": "48683",
          "city": "Ahaus"
        },
        "sources": [
          {
            "type": "osm",
            "id": "way/181657793",
            "version": 0
          },
          {
            "type": "apple",
            "id": "4033200388718310615"
          }
        ],
        "created": "2026-05-29",
        "updated": "2026-06-29",
        "hours": {
          "raw": "Mo-Fr 09:00-18:00; Sa 09:00-13:00"
        },
        "sources_by_field": {
          "name": "osm",
          "address.street": "osm",
          "address.number": "osm",
          "address.postalcode": "osm",
          "address.city": "osm",
          "hours": "apple",
          "payment.cards": "apple",
          "payment.contactless": "apple"
        },
        "apple_attempted": "2026-05-29",
        "payment": {
          "cards": "yes",
          "contactless": "yes"
        }
      }
    },
    {
      "type": "Feature",
      "geometry": {
        "type": "Point",
        "coordinates": [
          6.5567836,
          51.4952183
        ]
      },
      "properties": {
        "id": "tk_nwr_osm_w194678886",
        "name": "Kiosk am Markt",
        "address": {
          "street": "Kattenstraße",
          "number": "120",
          "postalcode": "47475",
          "city": "Kamp-Lintfort"
        },
        "sources": [
          {
            "type": "osm",
            "id": "way/194678886",
            "version": 0
          },
          {
            "type": "apple",
            "id": "17825631208592459857"
          }
        ],
        "created": "2026-05-29",
        "updated": "2026-06-29",
        "hours": {
          "raw": "Mo-Sa 09:00-21:00; Su 08:00-21:00"
        },
        "sources_by_field": {
          "name": "osm",
          "address.street": "osm",
          "address.number": "osm",
          "address.postalcode": "osm",
          "address.city": "osm",
          "hours": "apple"
        },
        "apple_attempted": "2026-05-29",
        "google_attempted": "2026-06-05",
        "payment": {}
      }
    },
    {
      "type": "Feature",
      "geometry": {
        "type": "Point",
        "coordinates": [
          7.7733418,
          52.2620134
        ]
      },
      "properties": {
        "id": "tk_nwr_osm_w197700179",
        "name": "Raiffeisen Laggenbeck",
        "address": {
          "street": "Fuggerstraße",
          "number": "4",
          "postalcode": "49479",
          "city": "Ibbenbüren",
          "district": "Laggenbeck"
        },
        "sources": [
          {
            "type": "osm",
            "id": "way/197700179",
            "version": 0
          },
          {
            "type": "apple",
            "id": "567170876097404780"
          }
        ],
        "created": "2026-05-29",
        "updated": "2026-06-29",
        "sources_by_field": {
          "name": "osm",
          "address.street": "osm",
          "address.number": "osm",
          "address.postalcode": "osm",
          "address.city": "osm",
          "address.district": "osm",
          "hours": "apple"
        },
        "apple_attempted": "2026-05-29",
        "google_attempted": "2026-06-05",
        "hours": {
          "raw": "Mo-Su 00:00-24:00"
        },
        "payment": {}
      }
    },
    {
      "type": "Feature",
      "geometry": {
        "type": "Point",
        "coordinates": [
          7.744908,
          52.1342939
        ]
      },
      "properties": {
        "id": "tk_nwr_osm_w198740336",
        "name": "Getränke Ellerkamp",
        "address": {
          "street": "Kattenvenner Straße",
          "number": "15",
          "postalcode": "49549",
          "city": "Ladbergen"
        },
        "sources": [
          {
            "type": "osm",
            "id": "way/198740336",
            "version": 0
          },
          {
            "type": "gmaps",
            "id": "ChIJYf6P4GLHuUcRJwlGxZLtZDQ"
          }
        ],
        "created": "2026-05-29",
        "updated": "2026-06-29",
        "hours": {
          "raw": "Tu 09:00-18:00; Th 09:00-18:00; Fr 09:00-18:00; We 09:00-18:00; Mo 09:00-18:00; Sa 09:00-14:00"
        },
        "tags": [
          "barrierefrei"
        ],
        "sources_by_field": {
          "name": "osm",
          "address.street": "osm",
          "address.number": "osm",
          "address.postalcode": "osm",
          "address.city": "osm",
          "hours": "google",
          "payment.cards": "google",
          "payment.contactless": "google",
          "payment.girocard": "google"
        },
        "apple_id_attempted": "2026-05-29",
        "google_attempted": "2026-06-11",
        "payment": {
          "cards": "no",
          "contactless": "yes",
          "girocard": "yes"
        }
      }
    },
    {
      "type": "Feature",
      "geometry": {
        "type": "Point",
        "coordinates": [
          7.7446738,
          52.2705623
        ]
      },
      "properties": {
        "id": "tk_nwr_osm_w202976105",
        "name": "Ungruh Getränke",
        "address": {},
        "sources": [
          {
            "type": "osm",
            "id": "way/202976105",
            "version": 0
          },
          {
            "type": "apple",
            "id": "4317708504894051705"
          }
        ],
        "created": "2026-05-29",
        "updated": "2026-06-29",
        "sources_by_field": {
          "name": "osm",
          "hours": "apple",
          "payment.cards": "apple",
          "payment.contactless": "apple"
        },
        "apple_attempted": "2026-05-29",
        "hours": {
          "raw": "Mo-Th 13:00-18:00; Fr 08:30-18:00; Sa 09:00-14:00"
        },
        "payment": {
          "cards": "yes",
          "contactless": "yes"
        }
      }
    },
    {
      "type": "Feature",
      "geometry": {
        "type": "Point",
        "coordinates": [
          8.1102443,
          51.5779538
        ]
      },
      "properties": {
        "id": "tk_nwr_osm_w209410364",
        "name": "Getränke Falkenberg",
        "address": {
          "street": "Vor dem Walburgertor",
          "number": "1",
          "postalcode": "59494",
          "city": "Soest"
        },
        "sources": [
          {
            "type": "osm",
            "id": "way/209410364",
            "version": 0
          },
          {
            "type": "apple",
            "id": "6770232103943071344"
          }
        ],
        "created": "2026-05-29",
        "updated": "2026-06-29",
        "sources_by_field": {
          "name": "osm",
          "address.street": "osm",
          "address.number": "osm",
          "address.postalcode": "osm",
          "address.city": "osm",
          "hours": "apple",
          "payment.cards": "apple",
          "payment.contactless": "apple"
        },
        "apple_attempted": "2026-05-29",
        "hours": {
          "raw": "Mo-Fr 08:00-16:00"
        },
        "payment": {
          "cards": "yes",
          "contactless": "yes"
        }
      }
    },
    {
      "type": "Feature",
      "geometry": {
        "type": "Point",
        "coordinates": [
          6.1233405,
          50.961081
        ]
      },
      "properties": {
        "id": "tk_nwr_osm_w230911545",
        "name": "Kiosk am Busbahnhof",
        "address": {
          "street": "Geilenkirchener Kreisbahn",
          "number": "4",
          "postalcode": "52511",
          "city": "Geilenkirchen"
        },
        "sources": [
          {
            "type": "osm",
            "id": "way/230911545",
            "version": 0
          },
          {
            "type": "gmaps",
            "id": "ChIJP0y9Je6lwEcRzxlmhwiSuh0"
          }
        ],
        "created": "2026-05-29",
        "updated": "2026-06-29",
        "hours": {
          "raw": "Tu 07:00-20:00; Th 07:00-20:00; Fr 07:00-20:00; We 07:00-20:00; Mo 07:00-20:00; Sa 09:00-18:00"
        },
        "sources_by_field": {
          "name": "osm",
          "address.street": "osm",
          "address.number": "osm",
          "address.postalcode": "osm",
          "address.city": "osm",
          "hours": "google",
          "payment.cards": "google",
          "payment.contactless": "google",
          "payment.girocard": "google"
        },
        "apple_id_attempted": "2026-05-29",
        "google_attempted": "2026-06-11",
        "payment": {
          "cards": "no",
          "contactless": "yes",
          "girocard": "yes"
        }
      }
    },
    {
      "type": "Feature",
      "geometry": {
        "type": "Point",
        "coordinates": [
          8.1217772,
          51.5579884
        ]
      },
      "properties": {
        "id": "tk_nwr_osm_w232772690",
        "name": "Kiosk Brockmann",
        "address": {},
        "sources": [
          {
            "type": "osm",
            "id": "way/232772690",
            "version": 0
          },
          {
            "type": "gmaps",
            "id": "ChIJSxnN4aRiuUcRRCYdECA6W5Y"
          }
        ],
        "created": "2026-05-29",
        "updated": "2026-06-29",
        "sources_by_field": {
          "name": "osm"
        },
        "apple_id_attempted": "2026-05-29",
        "google_attempted": "2026-06-11",
        "payment": {}
      }
    },
    {
      "type": "Feature",
      "geometry": {
        "type": "Point",
        "coordinates": [
          6.2421034,
          51.8588633
        ]
      },
      "properties": {
        "id": "tk_nwr_osm_w237296261",
        "name": "Kuster Oil",
        "address": {
          "street": "Kapellenberger Weg",
          "number": "1",
          "postalcode": "46446",
          "city": "Emmerich am Rhein"
        },
        "sources": [
          {
            "type": "osm",
            "id": "way/237296261",
            "version": 0
          },
          {
            "type": "gmaps",
            "id": "ChIJL6I4Almdx0cRd5ewK8A94nM"
          }
        ],
        "created": "2026-05-29",
        "updated": "2026-06-29",
        "hours": {
          "raw": "Tu 06:00-22:00; Th 06:00-22:00; Fr 06:00-22:00; We 06:00-22:00; Mo 06:00-22:00; Sa 08:00-22:00; Su 08:00-22:00"
        },
        "sources_by_field": {
          "name": "osm",
          "address.street": "osm",
          "address.number": "osm",
          "address.postalcode": "osm",
          "address.city": "osm",
          "hours": "google",
          "payment.cards": "google",
          "payment.contactless": "google",
          "payment.girocard": "google"
        },
        "apple_id_attempted": "2026-05-29",
        "google_attempted": "2026-06-11",
        "payment": {
          "cards": "yes",
          "contactless": "yes",
          "girocard": "yes"
        }
      }
    },
    {
      "type": "Feature",
      "geometry": {
        "type": "Point",
        "coordinates": [
          6.3215441,
          51.8260469
        ]
      },
      "properties": {
        "id": "tk_nwr_osm_w239982983",
        "name": "Getränke Wismans",
        "address": {},
        "sources": [
          {
            "type": "osm",
            "id": "way/239982983",
            "version": 0
          },
          {
            "type": "gmaps",
            "id": "ChIJhW6GOHYccEERKU_GmRxmYkw"
          }
        ],
        "created": "2026-05-29",
        "updated": "2026-06-29",
        "hours": {
          "raw": "Mo-Sa 08:30-06:30"
        },
        "sources_by_field": {
          "name": "osm",
          "hours": "osm"
        },
        "apple_id_attempted": "2026-05-29",
        "google_attempted": "2026-06-11",
        "payment": {}
      }
    },
    {
      "type": "Feature",
      "geometry": {
        "type": "Point",
        "coordinates": [
          8.7414839,
          51.5170108
        ]
      },
      "properties": {
        "id": "tk_nwr_osm_w248558728",
        "name": "Getränkeshop Friedrich",
        "address": {
          "street": "Forstenburgstraße",
          "number": "1",
          "postalcode": "33181",
          "city": "Bad Wünnenberg"
        },
        "sources": [
          {
            "type": "osm",
            "id": "way/248558728",
            "version": 0
          },
          {
            "type": "gmaps",
            "id": "ChIJm2lmQQS7u0cRC-3S4JmAvyk"
          }
        ],
        "created": "2026-05-29",
        "updated": "2026-06-29",
        "tags": [
          "barrierefrei"
        ],
        "sources_by_field": {
          "name": "osm",
          "address.street": "osm",
          "address.number": "osm",
          "address.postalcode": "osm",
          "address.city": "osm"
        },
        "apple_id_attempted": "2026-05-29",
        "google_attempted": "2026-06-11",
        "payment": {}
      }
    },
    {
      "type": "Feature",
      "geometry": {
        "type": "Point",
        "coordinates": [
          8.4903568,
          51.3500954
        ]
      },
      "properties": {
        "id": "tk_nwr_osm_w250850129",
        "name": "Netto Getränke-Discount",
        "address": {},
        "sources": [
          {
            "type": "osm",
            "id": "way/250850129",
            "version": 0
          },
          {
            "type": "gmaps",
            "id": "ChIJ0_gIppbru0cR-Th3kpJNxCs"
          }
        ],
        "created": "2026-05-29",
        "updated": "2026-06-15",
        "sources_by_field": {
          "name": "osm",
          "hours": "google",
          "payment.cards": "google",
          "payment.contactless": "google",
          "payment.girocard": "google"
        },
        "apple_id_attempted": "2026-05-29",
        "google_attempted": "2026-06-11",
        "hours": {
          "raw": "Tu 08:00-20:00; Th 08:00-20:00; Fr 08:00-20:00; We 08:00-20:00; Mo 08:00-20:00; Sa 08:00-20:00"
        },
        "payment": {
          "cards": "no",
          "contactless": "yes",
          "girocard": "yes"
        }
      }
    },
    {
      "type": "Feature",
      "geometry": {
        "type": "Point",
        "coordinates": [
          7.6227523,
          51.2252924
        ]
      },
      "properties": {
        "id": "tk_nwr_osm_w251875561",
        "name": "Kiosk am Eck",
        "address": {
          "street": "Wehberger Straße",
          "number": "44",
          "postalcode": "58507",
          "city": "Lüdenscheid"
        },
        "sources": [
          {
            "type": "osm",
            "id": "way/251875561",
            "version": 0
          },
          {
            "type": "gmaps",
            "id": "ChIJLRWL1FNJuUcRgv1IAAeb3mg"
          }
        ],
        "created": "2026-05-29",
        "updated": "2026-06-29",
        "hours": {
          "raw": "Tu 05:30-00:00; Th 05:30-00:00; Fr 05:30-00:00; We 05:30-00:00; Mo 05:30-00:00; Sa 05:30-00:00; Su 05:30-00:00"
        },
        "sources_by_field": {
          "name": "osm",
          "address.street": "osm",
          "address.number": "osm",
          "address.postalcode": "osm",
          "address.city": "osm",
          "hours": "google",
          "payment.cards": "google",
          "payment.contactless": "google",
          "payment.girocard": "google"
        },
        "apple_id_attempted": "2026-05-29",
        "google_attempted": "2026-06-11",
        "payment": {
          "cards": "no",
          "contactless": "yes",
          "girocard": "yes"
        }
      }
    },
    {
      "type": "Feature",
      "geometry": {
        "type": "Point",
        "coordinates": [
          7.6205956,
          51.2166857
        ]
      },
      "properties": {
        "id": "tk_nwr_osm_w251876913",
        "name": "Lotto Toto Matthews",
        "address": {
          "street": "Kölner Straße",
          "number": "60",
          "postalcode": "58509",
          "city": "Lüdenscheid"
        },
        "sources": [
          {
            "type": "osm",
            "id": "way/251876913",
            "version": 0
          },
          {
            "type": "gmaps",
            "id": "ChIJB_wnv_pJuUcRYOzj5dNGxpw"
          }
        ],
        "created": "2026-05-29",
        "updated": "2026-06-29",
        "hours": {
          "raw": "Tu 09:00-18:00; Th 09:00-18:00; Fr 09:00-18:00; We 09:00-18:00; Sa 09:00-14:00"
        },
        "sources_by_field": {
          "name": "osm",
          "address.street": "osm",
          "address.number": "osm",
          "address.postalcode": "osm",
          "address.city": "osm",
          "hours": "google"
        },
        "apple_id_attempted": "2026-05-29",
        "google_attempted": "2026-06-11",
        "payment": {}
      }
    },
    {
      "type": "Feature",
      "geometry": {
        "type": "Point",
        "coordinates": [
          7.6460588,
          51.2269676
        ]
      },
      "properties": {
        "id": "tk_nwr_osm_w252019196",
        "name": "Späti 585",
        "address": {
          "street": "Lennestraße",
          "number": "90",
          "postalcode": "58507",
          "city": "Lüdenscheid"
        },
        "sources": [
          {
            "type": "osm",
            "id": "way/252019196",
            "version": 0
          },
          {
            "type": "gmaps",
            "id": "ChIJ450YclJIuUcRJalJqOwwKvs"
          }
        ],
        "created": "2026-05-29",
        "updated": "2026-06-29",
        "hours": {
          "raw": "Mo-Fr 05:00-24:00; Sa-Su 07:00-24:00"
        },
        "sources_by_field": {
          "name": "osm",
          "address.street": "osm",
          "address.number": "osm",
          "address.postalcode": "osm",
          "address.city": "osm",
          "hours": "osm"
        },
        "apple_id_attempted": "2026-05-29",
        "google_attempted": "2026-06-11",
        "payment": {}
      }
    },
    {
      "type": "Feature",
      "geometry": {
        "type": "Point",
        "coordinates": [
          7.9680593,
          51.4480968
        ]
      },
      "properties": {
        "id": "tk_nwr_osm_w252035048",
        "name": "Q1 Tankstelle",
        "address": {},
        "sources": [
          {
            "type": "osm",
            "id": "way/252035048",
            "version": 0
          },
          {
            "type": "gmaps",
            "id": "ChIJJ--sTSJnuUcRSQpu__z8pzc"
          }
        ],
        "created": "2026-05-29",
        "updated": "2026-06-29",
        "hours": {
          "raw": "Tu 07:00-21:00; Th 07:00-21:00; Fr 07:00-21:00; We 07:00-21:00; Mo 07:00-21:00; Sa 07:00-21:00; Su 08:30-21:00"
        },
        "tags": [
          "barrierefrei"
        ],
        "sources_by_field": {
          "name": "osm",
          "hours": "google",
          "payment.cards": "google",
          "payment.contactless": "google",
          "payment.girocard": "google"
        },
        "apple_id_attempted": "2026-05-29",
        "google_attempted": "2026-06-11",
        "payment": {
          "cards": "no",
          "contactless": "yes",
          "girocard": "yes"
        }
      }
    },
    {
      "type": "Feature",
      "geometry": {
        "type": "Point",
        "coordinates": [
          6.1836722,
          50.8586964
        ]
      },
      "properties": {
        "id": "tk_nwr_osm_w256390717",
        "name": "Getränkehandel Büter",
        "address": {
          "street": "Blumenrather Straße",
          "number": "140",
          "postalcode": "52477",
          "city": "Alsdorf"
        },
        "sources": [
          {
            "type": "osm",
            "id": "way/256390717",
            "version": 0
          },
          {
            "type": "gmaps",
            "id": "ChIJSROxLdChwEcRXP8rUK5oD-0"
          }
        ],
        "created": "2026-05-29",
        "updated": "2026-06-29",
        "sources_by_field": {
          "name": "osm",
          "address.street": "osm",
          "address.number": "osm",
          "address.postalcode": "osm",
          "address.city": "osm"
        },
        "apple_id_attempted": "2026-05-29",
        "google_attempted": "2026-06-11",
        "payment": {}
      }
    },
    {
      "type": "Feature",
      "geometry": {
        "type": "Point",
        "coordinates": [
          7.8893914,
          51.7482743
        ]
      },
      "properties": {
        "id": "tk_nwr_osm_w260165271",
        "name": "YEE'S KIOSK",
        "address": {
          "street": "Am Röteringshof",
          "number": "92",
          "postalcode": "59229",
          "city": "Ahlen"
        },
        "sources": [
          {
            "type": "osm",
            "id": "way/260165271",
            "version": 0
          },
          {
            "type": "apple",
            "id": "14612988120020022864"
          }
        ],
        "created": "2026-05-29",
        "updated": "2026-06-29",
        "sources_by_field": {
          "name": "osm",
          "address.street": "osm",
          "address.number": "osm",
          "address.postalcode": "osm",
          "address.city": "osm",
          "hours": "apple",
          "payment.cards": "apple",
          "payment.contactless": "apple"
        },
        "apple_attempted": "2026-05-29",
        "hours": {
          "raw": "Su 07:00-20:00; Mo-Th 09:00-22:00; Fr-Sa 09:00-24:00"
        },
        "payment": {
          "cards": "yes",
          "contactless": "yes"
        }
      }
    },
    {
      "type": "Feature",
      "geometry": {
        "type": "Point",
        "coordinates": [
          7.8863919,
          51.7667731
        ]
      },
      "properties": {
        "id": "tk_nwr_osm_w263082326",
        "name": "Büdchenliebe",
        "address": {
          "street": "Parkstraße",
          "number": "15",
          "postalcode": "59227",
          "city": "Ahlen"
        },
        "sources": [
          {
            "type": "osm",
            "id": "way/263082326",
            "version": 0
          },
          {
            "type": "apple",
            "id": "17467019457885157767"
          }
        ],
        "created": "2026-05-29",
        "updated": "2026-06-29",
        "hours": {
          "raw": "Mo-Su 08:00-18:00"
        },
        "tags": [
          "barrierefrei"
        ],
        "sources_by_field": {
          "name": "osm",
          "address.street": "osm",
          "address.number": "osm",
          "address.postalcode": "osm",
          "address.city": "osm",
          "hours": "apple",
          "payment.cards": "apple",
          "payment.contactless": "apple"
        },
        "apple_attempted": "2026-05-29",
        "payment": {
          "cards": "yes",
          "contactless": "yes"
        }
      }
    },
    {
      "type": "Feature",
      "geometry": {
        "type": "Point",
        "coordinates": [
          7.8935682,
          51.7654853
        ]
      },
      "properties": {
        "id": "tk_nwr_osm_w274095578",
        "name": "Kiosk 59",
        "address": {
          "street": "Nordstraße",
          "number": "40",
          "postalcode": "59227",
          "city": "Ahlen"
        },
        "sources": [
          {
            "type": "osm",
            "id": "way/274095578",
            "version": 0
          },
          {
            "type": "gmaps",
            "id": "ChIJl2dPEY2duUcRqnpDYwg8gSo"
          }
        ],
        "created": "2026-05-29",
        "updated": "2026-06-29",
        "sources_by_field": {
          "name": "osm",
          "address.street": "osm",
          "address.number": "osm",
          "address.postalcode": "osm",
          "address.city": "osm",
          "hours": "google"
        },
        "apple_id_attempted": "2026-05-29",
        "google_attempted": "2026-06-11",
        "hours": {
          "raw": "Tu 07:30-00:30; Th 07:30-00:30; Fr 07:30-00:30; We 07:30-00:30; Mo 07:30-00:30; Sa 08:00-01:30; Su 08:00-01:30"
        },
        "payment": {}
      }
    },
    {
      "type": "Feature",
      "geometry": {
        "type": "Point",
        "coordinates": [
          8.5639444,
          51.5466742
        ]
      },
      "properties": {
        "id": "tk_nwr_osm_w281469707",
        "name": "Plopp-Shop Getränke Thomas Dietz",
        "address": {
          "street": "Fürstenberger Straße",
          "number": "18",
          "postalcode": "33142",
          "city": "Büren"
        },
        "sources": [
          {
            "type": "osm",
            "id": "way/281469707",
            "version": 0
          },
          {
            "type": "gmaps",
            "id": "ChIJyx2ZEcbHu0cR42QBIjG5OS0"
          }
        ],
        "created": "2026-05-29",
        "updated": "2026-06-29",
        "hours": {
          "raw": "Th 09:00-18:00; Fr 09:00-18:00; We 09:00-18:00; Sa 09:00-14:00"
        },
        "sources_by_field": {
          "name": "osm",
          "address.street": "osm",
          "address.number": "osm",
          "address.postalcode": "osm",
          "address.city": "osm",
          "hours": "google",
          "payment.cards": "google",
          "payment.contactless": "google",
          "payment.girocard": "google"
        },
        "apple_id_attempted": "2026-05-29",
        "google_attempted": "2026-06-11",
        "payment": {
          "cards": "yes",
          "contactless": "yes",
          "girocard": "yes"
        }
      }
    },
    {
      "type": "Feature",
      "geometry": {
        "type": "Point",
        "coordinates": [
          7.6220595,
          52.1023356
        ]
      },
      "properties": {
        "id": "tk_nwr_osm_w283866891",
        "name": "Getränkeparter Bierzwerg",
        "address": {
          "street": "Grüner Weg",
          "number": "73",
          "postalcode": "48268",
          "city": "Greven"
        },
        "sources": [
          {
            "type": "osm",
            "id": "way/283866891",
            "version": 0
          },
          {
            "type": "gmaps",
            "id": "ChIJbeCCOvu3uUcRVzcf3VXNaJg"
          }
        ],
        "created": "2026-05-29",
        "updated": "2026-06-29",
        "hours": {
          "raw": "Tu 09:00-19:00; Th 09:00-19:00; Fr 09:00-19:00; We 09:00-19:00; Mo 09:00-19:00; Sa 08:00-16:00"
        },
        "sources_by_field": {
          "name": "osm",
          "address.street": "osm",
          "address.number": "osm",
          "address.postalcode": "osm",
          "address.city": "osm",
          "hours": "google",
          "payment.cards": "google",
          "payment.contactless": "google",
          "payment.girocard": "google"
        },
        "apple_id_attempted": "2026-05-29",
        "google_attempted": "2026-06-11",
        "payment": {
          "cards": "no",
          "contactless": "yes",
          "girocard": "yes"
        }
      }
    },
    {
      "type": "Feature",
      "geometry": {
        "type": "Point",
        "coordinates": [
          8.5634234,
          51.5467623
        ]
      },
      "properties": {
        "id": "tk_nwr_osm_w284468026",
        "name": "Heindörfer Getränke",
        "address": {
          "street": "Fürstenberger Straße",
          "number": "16",
          "postalcode": "33142",
          "city": "Büren"
        },
        "sources": [
          {
            "type": "osm",
            "id": "way/284468026",
            "version": 0
          },
          {
            "type": "gmaps",
            "id": "ChIJS2frdgTIu0cRVwRieTDscwc"
          }
        ],
        "created": "2026-05-29",
        "updated": "2026-06-29",
        "sources_by_field": {
          "name": "osm",
          "address.street": "osm",
          "address.number": "osm",
          "address.postalcode": "osm",
          "address.city": "osm"
        },
        "apple_id_attempted": "2026-05-29",
        "google_attempted": "2026-06-11",
        "payment": {}
      }
    },
    {
      "type": "Feature",
      "geometry": {
        "type": "Point",
        "coordinates": [
          8.1201405,
          51.4831384
        ]
      },
      "properties": {
        "id": "tk_nwr_osm_w284482959",
        "name": "Möhne Grill",
        "address": {
          "street": "Südufer",
          "number": "4",
          "postalcode": "59519",
          "city": "Möhnesee",
          "district": "Körbecke"
        },
        "sources": [
          {
            "type": "osm",
            "id": "way/284482959",
            "version": 0
          },
          {
            "type": "apple",
            "id": "717447085559551037"
          },
          {
            "type": "gmaps",
            "id": "ChIJ3xpzllPfu0cRmkH33mj-LNQ"
          }
        ],
        "created": "2026-05-29",
        "updated": "2026-06-29",
        "sources_by_field": {
          "name": "osm",
          "address.street": "osm",
          "address.number": "osm",
          "address.postalcode": "osm",
          "address.city": "osm",
          "address.district": "osm",
          "hours": "google"
        },
        "apple_attempted": "2026-05-29",
        "google_attempted": "2026-06-05",
        "hours": {
          "raw": "Th 11:30-18:00; Fr 11:30-18:00; Sa 11:30-18:00; Su 11:00-18:00"
        },
        "payment": {}
      }
    },
    {
      "type": "Feature",
      "geometry": {
        "type": "Point",
        "coordinates": [
          7.8788258,
          51.741274
        ]
      },
      "properties": {
        "id": "tk_nwr_osm_w308769867",
        "name": "Getränke Spiekenheuer",
        "address": {
          "street": "Kleiwellenfeld",
          "number": "4",
          "postalcode": "59229",
          "city": "Ahlen"
        },
        "sources": [
          {
            "type": "osm",
            "id": "way/308769867",
            "version": 0
          },
          {
            "type": "apple",
            "id": "2035149572500694042"
          }
        ],
        "created": "2026-05-29",
        "updated": "2026-06-29",
        "sources_by_field": {
          "name": "osm",
          "address.street": "osm",
          "address.number": "osm",
          "address.postalcode": "osm",
          "address.city": "osm"
        },
        "apple_attempted": "2026-05-29",
        "google_attempted": "2026-06-05",
        "payment": {}
      }
    },
    {
      "type": "Feature",
      "geometry": {
        "type": "Point",
        "coordinates": [
          6.1649354,
          51.7086696
        ]
      },
      "properties": {
        "id": "tk_nwr_osm_w313488260",
        "name": "Kiosk Holzmann",
        "address": {
          "street": "Hevelingstraße",
          "number": "140",
          "postalcode": "47574",
          "city": "Goch"
        },
        "sources": [
          {
            "type": "osm",
            "id": "way/313488260",
            "version": 0
          },
          {
            "type": "apple",
            "id": "10188951392946504229"
          },
          {
            "type": "gmaps",
            "id": "ChIJ65gLcMlxx0cRwBrswmkBHFc"
          }
        ],
        "created": "2026-05-29",
        "updated": "2026-06-29",
        "sources_by_field": {
          "name": "osm",
          "address.street": "osm",
          "address.number": "osm",
          "address.postalcode": "osm",
          "address.city": "osm",
          "hours": "google"
        },
        "apple_attempted": "2026-05-29",
        "google_attempted": "2026-06-05",
        "hours": {
          "raw": "Tu 09:00-20:00; Th 09:00-20:00; Fr 09:00-20:00; We 09:00-20:00; Mo 09:00-12:00; Sa 09:00-20:00; Su 09:00-20:00"
        },
        "payment": {}
      }
    },
    {
      "type": "Feature",
      "geometry": {
        "type": "Point",
        "coordinates": [
          8.0745461,
          51.3928028
        ]
      },
      "properties": {
        "id": "tk_nwr_osm_w313875849",
        "name": "Ehmseneck",
        "address": {
          "street": "Ehmsenstraße",
          "number": "1",
          "postalcode": "59821",
          "city": "Arnsberg"
        },
        "sources": [
          {
            "type": "osm",
            "id": "way/313875849",
            "version": 0
          },
          {
            "type": "apple",
            "id": "3300522216185649315"
          },
          {
            "type": "gmaps",
            "id": "ChIJQZqjUPBfuUcRlqkw5wfVGpA"
          }
        ],
        "created": "2026-05-29",
        "updated": "2026-06-29",
        "sources_by_field": {
          "name": "osm",
          "address.street": "osm",
          "address.number": "osm",
          "address.postalcode": "osm",
          "address.city": "osm"
        },
        "apple_attempted": "2026-05-29",
        "google_attempted": "2026-06-05",
        "payment": {}
      }
    },
    {
      "type": "Feature",
      "geometry": {
        "type": "Point",
        "coordinates": [
          7.2774149,
          52.0251823
        ]
      },
      "properties": {
        "id": "tk_nwr_osm_w314656382",
        "name": "Getränke Kreuziger",
        "address": {
          "street": "Höpinger Straße",
          "number": "16",
          "postalcode": "48720",
          "city": "Rosendahl",
          "district": "Darfeld"
        },
        "sources": [
          {
            "type": "osm",
            "id": "way/314656382",
            "version": 0
          },
          {
            "type": "gmaps",
            "id": "ChIJEzQMyyBMuEcROucaTxULq8I"
          }
        ],
        "created": "2026-05-29",
        "updated": "2026-06-29",
        "hours": {
          "raw": "Tu 14:00-18:00; Th 14:00-18:00; Fr 14:00-18:00; We 08:30-12:00,14:00-18:00; Mo 08:30-12:00,14:00-18:00; Sa 08:30-17:00"
        },
        "sources_by_field": {
          "name": "osm",
          "address.street": "osm",
          "address.number": "osm",
          "address.postalcode": "osm",
          "address.city": "osm",
          "address.district": "osm",
          "hours": "google",
          "payment.cards": "google",
          "payment.contactless": "google",
          "payment.girocard": "google"
        },
        "apple_id_attempted": "2026-05-29",
        "google_attempted": "2026-06-11",
        "payment": {
          "cards": "yes",
          "contactless": "yes",
          "girocard": "yes"
        }
      }
    },
    {
      "type": "Feature",
      "geometry": {
        "type": "Point",
        "coordinates": [
          6.5527123,
          51.5545888
        ]
      },
      "properties": {
        "id": "tk_nwr_osm_w332195862",
        "name": "Millinger Schreibwaren",
        "address": {
          "street": "Jahnstraße",
          "number": "2",
          "postalcode": "47495",
          "city": "Rheinberg"
        },
        "sources": [
          {
            "type": "osm",
            "id": "way/332195862",
            "version": 0
          },
          {
            "type": "apple",
            "id": "13156467011178965526"
          }
        ],
        "created": "2026-05-29",
        "updated": "2026-06-29",
        "hours": {
          "raw": "Su 08:00-11:00; Mo-Fr 07:00-12:30,15:00-18:30; Sa 07:00-12:30"
        },
        "sources_by_field": {
          "name": "osm",
          "address.street": "osm",
          "address.number": "osm",
          "address.postalcode": "osm",
          "address.city": "osm",
          "hours": "apple",
          "payment.cards": "apple",
          "payment.contactless": "apple"
        },
        "apple_attempted": "2026-05-29",
        "payment": {
          "cards": "yes",
          "contactless": "yes"
        }
      }
    },
    {
      "type": "Feature",
      "geometry": {
        "type": "Point",
        "coordinates": [
          8.7261419,
          51.5672376
        ]
      },
      "properties": {
        "id": "tk_nwr_osm_w35340751",
        "name": "Offeln",
        "address": {
          "street": "Kirchweg",
          "number": "8",
          "postalcode": "33181",
          "city": "Bad Wünnenberg",
          "district": "Haaren"
        },
        "sources": [
          {
            "type": "osm",
            "id": "way/35340751",
            "version": 0
          },
          {
            "type": "gmaps",
            "id": "ChIJSZ9DB-Owu0cR-6xTcZKDy8U"
          }
        ],
        "created": "2026-05-29",
        "updated": "2026-06-29",
        "tags": [
          "barrierefrei"
        ],
        "sources_by_field": {
          "name": "osm",
          "address.street": "osm",
          "address.number": "osm",
          "address.postalcode": "osm",
          "address.city": "osm",
          "address.district": "osm",
          "hours": "google",
          "payment.cards": "google",
          "payment.contactless": "google",
          "payment.girocard": "google"
        },
        "apple_id_attempted": "2026-05-29",
        "google_attempted": "2026-06-18",
        "hours": {
          "raw": "Tu 16:00-18:30; Th 16:00-18:30; Fr 16:00-18:30; We 16:00-18:30; Mo 16:00-18:30; Sa 10:30-14:00"
        },
        "payment": {
          "cards": "yes",
          "contactless": "yes",
          "girocard": "yes"
        }
      }
    },
    {
      "type": "Feature",
      "geometry": {
        "type": "Point",
        "coordinates": [
          6.4397084,
          51.4906507
        ]
      },
      "properties": {
        "id": "tk_nwr_osm_w377036226",
        "name": "Getränke Hüsch",
        "address": {
          "street": "Rheurdter Straße",
          "number": "70",
          "postalcode": "47661",
          "city": "Issum",
          "district": "Sevelen"
        },
        "sources": [
          {
            "type": "osm",
            "id": "way/377036226",
            "version": 0
          },
          {
            "type": "gmaps",
            "id": "ChIJKT8KmzSguEcRVO9petBTqqQ"
          }
        ],
        "created": "2026-05-29",
        "updated": "2026-06-29",
        "hours": {
          "raw": "Mo-Fr 08:00-20:00"
        },
        "tags": [
          "barrierefrei"
        ],
        "sources_by_field": {
          "name": "osm",
          "address.street": "osm",
          "address.number": "osm",
          "address.postalcode": "osm",
          "address.city": "osm",
          "address.district": "osm",
          "hours": "osm",
          "payment.cards": "google",
          "payment.contactless": "google",
          "payment.girocard": "google"
        },
        "apple_id_attempted": "2026-05-29",
        "google_attempted": "2026-06-18",
        "payment": {
          "cards": "no",
          "contactless": "yes",
          "girocard": "yes"
        }
      }
    },
    {
      "type": "Feature",
      "geometry": {
        "type": "Point",
        "coordinates": [
          6.5866941,
          50.9268058
        ]
      },
      "properties": {
        "id": "tk_nwr_osm_w380668635",
        "name": "Presse Bialek",
        "address": {
          "street": "Giesendorfer Straße",
          "number": "2",
          "postalcode": "50189",
          "city": "Elsdorf",
          "district": "Berrendorf-Wüllenrath"
        },
        "sources": [
          {
            "type": "osm",
            "id": "way/380668635",
            "version": 0
          },
          {
            "type": "apple",
            "id": "2951388807062091588"
          },
          {
            "type": "gmaps",
            "id": "ChIJka39TKNGv0cR90D22gKQftw"
          }
        ],
        "created": "2026-05-29",
        "updated": "2026-06-29",
        "hours": {
          "raw": "Tu 06:30-18:30; Th 06:30-18:30; Fr 06:30-18:30; We 06:30-18:30; Mo 06:30-18:30; Sa 06:30-15:30"
        },
        "sources_by_field": {
          "name": "osm",
          "address.street": "osm",
          "address.number": "osm",
          "address.postalcode": "osm",
          "address.city": "osm",
          "address.district": "osm",
          "hours": "google",
          "payment.cards": "google",
          "payment.contactless": "google",
          "payment.girocard": "google"
        },
        "apple_attempted": "2026-05-29",
        "google_attempted": "2026-06-05",
        "payment": {
          "cards": "no",
          "contactless": "yes",
          "girocard": "yes"
        }
      }
    },
    {
      "type": "Feature",
      "geometry": {
        "type": "Point",
        "coordinates": [
          7.7511047,
          50.9400348
        ]
      },
      "properties": {
        "id": "tk_nwr_osm_w390839390",
        "name": "Getränke Frenzel",
        "address": {
          "street": "Siegener Straße",
          "number": "42",
          "postalcode": "51580",
          "city": "Reichshof"
        },
        "sources": [
          {
            "type": "osm",
            "id": "way/390839390",
            "version": 0
          },
          {
            "type": "apple",
            "id": "16593638727472168717"
          }
        ],
        "created": "2026-05-29",
        "updated": "2026-06-29",
        "sources_by_field": {
          "name": "osm",
          "address.street": "osm",
          "address.number": "osm",
          "address.postalcode": "osm",
          "address.city": "osm"
        },
        "apple_attempted": "2026-05-29",
        "google_attempted": "2026-06-05",
        "payment": {}
      }
    },
    {
      "type": "Feature",
      "geometry": {
        "type": "Point",
        "coordinates": [
          8.3111245,
          51.1894798
        ]
      },
      "properties": {
        "id": "tk_nwr_osm_w392965715",
        "name": "Ulla's Kiosk",
        "address": {
          "street": "Im Ohle",
          "number": "11",
          "postalcode": "57392",
          "city": "Schmallenberg",
          "district": "Bad Fredeburg"
        },
        "sources": [
          {
            "type": "osm",
            "id": "way/392965715",
            "version": 0
          },
          {
            "type": "gmaps",
            "id": "ChIJ6doAp7rxu0cRWXtXBPliypY"
          }
        ],
        "created": "2026-05-29",
        "updated": "2026-06-29",
        "tags": [
          "barrierefrei"
        ],
        "sources_by_field": {
          "name": "osm",
          "address.street": "osm",
          "address.number": "osm",
          "address.postalcode": "osm",
          "address.city": "osm",
          "address.district": "osm",
          "hours": "google"
        },
        "apple_id_attempted": "2026-05-29",
        "google_attempted": "2026-06-18",
        "hours": {
          "raw": "Tu 12:00-20:00; Th 12:00-20:00; Fr 12:00-20:00; We 12:00-20:00; Su 12:00-20:00"
        },
        "payment": {}
      }
    },
    {
      "type": "Feature",
      "geometry": {
        "type": "Point",
        "coordinates": [
          6.9142849,
          52.0035912
        ]
      },
      "properties": {
        "id": "tk_nwr_osm_w398528258",
        "name": "Kiosk am Hengeler Eck",
        "address": {
          "street": "Birkenweg",
          "number": "11",
          "postalcode": "48703",
          "city": "Stadtlohn"
        },
        "sources": [
          {
            "type": "osm",
            "id": "way/398528258",
            "version": 0
          },
          {
            "type": "apple",
            "id": "12063759177565556964"
          }
        ],
        "created": "2026-05-29",
        "updated": "2026-06-29",
        "sources_by_field": {
          "name": "osm",
          "address.street": "osm",
          "address.number": "osm",
          "address.postalcode": "osm",
          "address.city": "osm",
          "hours": "apple",
          "payment.cards": "apple",
          "payment.contactless": "apple"
        },
        "apple_attempted": "2026-05-29",
        "hours": {
          "raw": "Su 09:00-21:00; Mo-Fr 04:30-21:00; Sa 07:00-21:00"
        },
        "payment": {
          "cards": "yes",
          "contactless": "yes"
        }
      }
    },
    {
      "type": "Feature",
      "geometry": {
        "type": "Point",
        "coordinates": [
          7.9213003,
          51.4688972
        ]
      },
      "properties": {
        "id": "tk_nwr_osm_w400843235",
        "name": "Getränke Ludwig Vogt GmbH",
        "address": {
          "street": "Specksloh",
          "number": "12",
          "postalcode": "59757",
          "city": "Arnsberg"
        },
        "sources": [
          {
            "type": "osm",
            "id": "way/400843235",
            "version": 0
          },
          {
            "type": "apple",
            "id": "16382401407620799671"
          },
          {
            "type": "gmaps",
            "id": "ChIJ28g9ostguUcR0P1jTlAZ02k"
          }
        ],
        "created": "2026-05-29",
        "updated": "2026-06-29",
        "sources_by_field": {
          "name": "osm",
          "address.street": "osm",
          "address.number": "osm",
          "address.postalcode": "osm",
          "address.city": "osm",
          "hours": "google"
        },
        "apple_attempted": "2026-05-29",
        "google_attempted": "2026-06-05",
        "hours": {
          "raw": "Tu 07:00-18:00; Th 07:00-18:00; Fr 07:00-18:00; We 07:00-18:00; Mo 07:00-18:00; Sa 07:00-13:00"
        },
        "payment": {}
      }
    },
    {
      "type": "Feature",
      "geometry": {
        "type": "Point",
        "coordinates": [
          6.5581564,
          50.9333539
        ]
      },
      "properties": {
        "id": "tk_nwr_osm_w419547487",
        "name": "Getränke Schnitzler",
        "address": {
          "street": "Birkenweg",
          "number": "47",
          "postalcode": "50189",
          "city": "Elsdorf"
        },
        "sources": [
          {
            "type": "osm",
            "id": "way/419547487",
            "version": 0
          },
          {
            "type": "apple",
            "id": "17177151873170103828"
          },
          {
            "type": "gmaps",
            "id": "ChIJD4Y1hD1Ev0cR-tqV2b6reus"
          }
        ],
        "created": "2026-05-29",
        "updated": "2026-06-29",
        "tags": [
          "barrierefrei"
        ],
        "sources_by_field": {
          "name": "osm",
          "address.street": "osm",
          "address.number": "osm",
          "address.postalcode": "osm",
          "address.city": "osm",
          "hours": "google",
          "payment.cards": "google",
          "payment.contactless": "google",
          "payment.girocard": "google"
        },
        "apple_attempted": "2026-05-29",
        "google_attempted": "2026-06-05",
        "hours": {
          "raw": "Tu 09:00-19:00; Th 09:00-19:00; Fr 09:00-19:00; We 09:00-19:00; Mo 09:00-19:00; Sa 09:00-15:00"
        },
        "payment": {
          "cards": "yes",
          "contactless": "yes",
          "girocard": "yes"
        }
      }
    },
    {
      "type": "Feature",
      "geometry": {
        "type": "Point",
        "coordinates": [
          7.8570744,
          51.0354259
        ]
      },
      "properties": {
        "id": "tk_nwr_osm_w522867118",
        "name": "Olper Getränkeservice",
        "address": {
          "street": "Bilsteiner Straße",
          "number": "10",
          "postalcode": "57462",
          "city": "Olpe"
        },
        "sources": [
          {
            "type": "osm",
            "id": "way/522867118",
            "version": 0
          },
          {
            "type": "apple",
            "id": "18278185134850116802"
          }
        ],
        "created": "2026-05-29",
        "updated": "2026-06-29",
        "hours": {
          "raw": "Mo-Fr 10:00-18:00; Sa 09:00-14:00"
        },
        "sources_by_field": {
          "name": "osm",
          "address.street": "osm",
          "address.number": "osm",
          "address.postalcode": "osm",
          "address.city": "osm",
          "hours": "apple",
          "payment.cards": "apple",
          "payment.contactless": "apple"
        },
        "apple_attempted": "2026-05-29",
        "payment": {
          "cards": "yes",
          "contactless": "yes"
        }
      }
    },
    {
      "type": "Feature",
      "geometry": {
        "type": "Point",
        "coordinates": [
          7.8500324,
          52.0454215
        ]
      },
      "properties": {
        "id": "tk_nwr_osm_w531681363",
        "name": "Peppenhorst",
        "address": {
          "street": "Wischhausstraße",
          "number": "15h",
          "postalcode": "48346",
          "city": "Ostbevern"
        },
        "sources": [
          {
            "type": "osm",
            "id": "way/531681363",
            "version": 0
          },
          {
            "type": "apple",
            "id": "10082990867951758632"
          },
          {
            "type": "gmaps",
            "id": "ChIJ9XWmX5CVuUcRolfncJuFNWY"
          }
        ],
        "created": "2026-05-29",
        "updated": "2026-06-29",
        "sources_by_field": {
          "name": "osm",
          "address.street": "osm",
          "address.number": "osm",
          "address.postalcode": "osm",
          "address.city": "osm",
          "hours": "google",
          "payment.cards": "google",
          "payment.contactless": "google",
          "payment.girocard": "google"
        },
        "apple_attempted": "2026-05-29",
        "google_attempted": "2026-06-05",
        "hours": {
          "raw": "Tu 08:30-13:00,14:00-18:30; Th 08:30-13:00,14:00-18:30; Fr 08:30-13:00,14:00-18:30; We 08:30-13:00,14:00-18:30; Mo 08:30-13:00,14:00-18:30; Sa 08:00-14:00"
        },
        "payment": {
          "cards": "yes",
          "contactless": "yes",
          "girocard": "yes"
        }
      }
    },
    {
      "type": "Feature",
      "geometry": {
        "type": "Point",
        "coordinates": [
          6.1386936,
          51.8123861
        ]
      },
      "properties": {
        "id": "tk_nwr_osm_w57395076",
        "name": "Rütter Getränkegroßhandel",
        "address": {
          "street": "Siemensstraße",
          "number": "23",
          "postalcode": "47533",
          "city": "Kleve"
        },
        "sources": [
          {
            "type": "osm",
            "id": "way/57395076",
            "version": 0
          },
          {
            "type": "gmaps",
            "id": "ChIJT9MSuil0x0cRfvquj58C1i0"
          }
        ],
        "created": "2026-05-29",
        "updated": "2026-06-29",
        "sources_by_field": {
          "name": "osm",
          "address.street": "osm",
          "address.number": "osm",
          "address.postalcode": "osm",
          "address.city": "osm"
        },
        "apple_id_attempted": "2026-05-29",
        "google_attempted": "2026-06-18",
        "payment": {}
      }
    },
    {
      "type": "Feature",
      "geometry": {
        "type": "Point",
        "coordinates": [
          7.3591678,
          51.2009544
        ]
      },
      "properties": {
        "id": "tk_nwr_osm_w662733471",
        "name": "Axels Kiosk",
        "address": {
          "street": "Bahnstraße",
          "number": "9",
          "postalcode": "42477",
          "city": "Radevormwald"
        },
        "sources": [
          {
            "type": "osm",
            "id": "way/662733471",
            "version": 0
          },
          {
            "type": "apple",
            "id": "2091828271127234080"
          }
        ],
        "created": "2026-05-29",
        "updated": "2026-06-29",
        "hours": {
          "raw": "Mo-Sa 05:00-21:00, Su \"nach Aushang\""
        },
        "payment": {
          "cash": "yes",
          "cards": "yes",
          "contactless": "unknown",
          "girocard": "unknown"
        },
        "tags": [
          "barrierefrei"
        ],
        "sources_by_field": {
          "name": "osm",
          "address.street": "osm",
          "address.number": "osm",
          "address.postalcode": "osm",
          "address.city": "osm",
          "hours": "osm",
          "payment.cash": "osm",
          "payment.cards": "osm",
          "payment.contactless": "osm",
          "payment.girocard": "osm"
        }
      }
    },
    {
      "type": "Feature",
      "geometry": {
        "type": "Point",
        "coordinates": [
          9.0298554,
          51.6259236
        ]
      },
      "properties": {
        "id": "tk_nwr_osm_w839952514",
        "name": "Mosterei Peters",
        "address": {
          "street": "Gartenstraße",
          "number": "9",
          "postalcode": "34439",
          "city": "Willebadessen"
        },
        "sources": [
          {
            "type": "osm",
            "id": "way/839952514",
            "version": 0
          },
          {
            "type": "apple",
            "id": "4709334641000857618"
          },
          {
            "type": "gmaps",
            "id": "ChIJ19NdT3-qu0cRe5pfO8bT9qY"
          }
        ],
        "created": "2026-05-29",
        "updated": "2026-06-29",
        "hours": {
          "raw": "We 16:30-17:30; Sa 10:30-11:30"
        },
        "sources_by_field": {
          "name": "osm",
          "address.street": "osm",
          "address.number": "osm",
          "address.postalcode": "osm",
          "address.city": "osm",
          "hours": "google"
        },
        "apple_attempted": "2026-05-29",
        "google_attempted": "2026-06-05",
        "payment": {}
      }
    },
    {
      "type": "Feature",
      "geometry": {
        "type": "Point",
        "coordinates": [
          6.1398524,
          51.7876431
        ]
      },
      "properties": {
        "id": "tk_nwr_osm_w89428319",
        "name": "Weinhaus Peters",
        "address": {
          "street": "Wasserstraße",
          "number": "12",
          "postalcode": "47533",
          "city": "Kleve"
        },
        "sources": [
          {
            "type": "osm",
            "id": "way/89428319",
            "version": 0
          },
          {
            "type": "gmaps",
            "id": "ChIJMd-gVw10x0cRmwb41lmaCks"
          }
        ],
        "created": "2026-05-29",
        "updated": "2026-06-29",
        "hours": {
          "raw": "Tu 10:00-18:30; Th 10:00-18:30; Fr 10:00-18:30; We 10:00-18:30; Mo 10:00-18:30; Sa 10:00-16:00"
        },
        "sources_by_field": {
          "name": "osm",
          "address.street": "osm",
          "address.number": "osm",
          "address.postalcode": "osm",
          "address.city": "osm",
          "hours": "google",
          "payment.cards": "google",
          "payment.contactless": "google",
          "payment.girocard": "google"
        },
        "apple_id_attempted": "2026-05-29",
        "google_attempted": "2026-06-18",
        "payment": {
          "cards": "no",
          "contactless": "yes",
          "girocard": "yes"
        }
      }
    },
    {
      "type": "Feature",
      "geometry": {
        "type": "Point",
        "coordinates": [
          7.8744084,
          50.8895062
        ]
      },
      "properties": {
        "id": "tk_nwr_osm_w95931176",
        "name": "Getränke Roth",
        "address": {
          "street": "Asdorfer Straße",
          "number": "55",
          "postalcode": "57258",
          "city": "Freudenberg"
        },
        "sources": [
          {
            "type": "osm",
            "id": "way/95931176",
            "version": 0
          },
          {
            "type": "gmaps",
            "id": "ChIJl0QfkUimvkcRb9pRMuFRzNg"
          }
        ],
        "created": "2026-05-29",
        "updated": "2026-06-29",
        "hours": {
          "raw": "Tu 09:00-18:30; Th 09:00-18:30; Fr 09:00-18:30; We 09:00-18:30; Mo 09:00-18:30; Sa 09:00-14:00"
        },
        "sources_by_field": {
          "name": "osm",
          "address.street": "osm",
          "address.number": "osm",
          "address.postalcode": "osm",
          "address.city": "osm",
          "hours": "google",
          "payment.cards": "google",
          "payment.contactless": "google",
          "payment.girocard": "google"
        },
        "apple_id_attempted": "2026-05-29",
        "google_attempted": "2026-06-18",
        "payment": {
          "cards": "no",
          "contactless": "yes",
          "girocard": "yes"
        }
      }
    },
    {
      "type": "Feature",
      "geometry": {
        "type": "Point",
        "coordinates": [
          6.0612457,
          50.8114355
        ]
      },
      "properties": {
        "id": "tk_nwr_osm_n10010889291",
        "name": "AIX'Press",
        "address": {
          "street": "Rathausplatz",
          "number": "5",
          "postalcode": "52072",
          "city": "Aachen"
        },
        "sources": [
          {
            "type": "osm",
            "id": "node/10010889291",
            "version": 0
          }
        ],
        "created": "2026-05-29",
        "updated": "2026-06-29",
        "tags": [
          "barrierefrei"
        ],
        "sources_by_field": {
          "name": "osm",
          "address.street": "osm",
          "address.number": "osm",
          "address.postalcode": "osm",
          "address.city": "osm"
        },
        "apple_id_attempted": "2026-05-29",
        "google_attempted": "2026-05-29",
        "payment": {}
      }
    },
    {
      "type": "Feature",
      "geometry": {
        "type": "Point",
        "coordinates": [
          6.6827356,
          50.9402759
        ]
      },
      "properties": {
        "id": "tk_nwr_osm_n10010935086",
        "name": "Brhane Habesha",
        "address": {},
        "sources": [
          {
            "type": "osm",
            "id": "node/10010935086",
            "version": 0
          }
        ],
        "created": "2026-05-29",
        "updated": "2026-06-29",
        "sources_by_field": {
          "name": "osm"
        },
        "apple_id_attempted": "2026-05-29",
        "google_attempted": "2026-05-29",
        "payment": {}
      }
    },
    {
      "type": "Feature",
      "geometry": {
        "type": "Point",
        "coordinates": [
          8.3479828,
          51.6712305
        ]
      },
      "properties": {
        "id": "tk_nwr_osm_n10076365745",
        "name": "City Kiosk",
        "address": {
          "street": "Am Bernhardbrunnen",
          "number": "4",
          "postalcode": "59555",
          "city": "Lippstadt"
        },
        "sources": [
          {
            "type": "osm",
            "id": "node/10076365745",
            "version": 0
          }
        ],
        "created": "2026-05-29",
        "updated": "2026-06-29",
        "hours": {
          "raw": "Mo-Su 08:30-23:00"
        },
        "sources_by_field": {
          "name": "osm",
          "address.street": "osm",
          "address.number": "osm",
          "address.postalcode": "osm",
          "address.city": "osm",
          "hours": "osm"
        },
        "apple_id_attempted": "2026-05-29",
        "google_attempted": "2026-05-29",
        "payment": {}
      }
    },
    {
      "type": "Feature",
      "geometry": {
        "type": "Point",
        "coordinates": [
          8.5753086,
          51.3496347
        ]
      },
      "properties": {
        "id": "tk_nwr_osm_n10112213218",
        "name": "Gleis 0.0",
        "address": {},
        "sources": [
          {
            "type": "osm",
            "id": "node/10112213218",
            "version": 0
          }
        ],
        "created": "2026-05-29",
        "updated": "2026-06-29",
        "sources_by_field": {
          "name": "osm"
        },
        "apple_id_attempted": "2026-05-29",
        "google_attempted": "2026-05-29",
        "payment": {}
      }
    },
    {
      "type": "Feature",
      "geometry": {
        "type": "Point",
        "coordinates": [
          7.8877789,
          51.76327
        ]
      },
      "properties": {
        "id": "tk_nwr_osm_n10143333905",
        "name": "Minimarkt",
        "address": {},
        "sources": [
          {
            "type": "osm",
            "id": "node/10143333905",
            "version": 0
          }
        ],
        "created": "2026-05-29",
        "updated": "2026-06-29",
        "sources_by_field": {
          "name": "osm"
        },
        "apple_id_attempted": "2026-05-29",
        "google_attempted": "2026-05-29",
        "payment": {}
      }
    },
    {
      "type": "Feature",
      "geometry": {
        "type": "Point",
        "coordinates": [
          7.8144957,
          52.219257
        ]
      },
      "properties": {
        "id": "tk_nwr_osm_n10240367994",
        "name": "Autoschilder",
        "address": {},
        "sources": [
          {
            "type": "osm",
            "id": "node/10240367994",
            "version": 0
          }
        ],
        "created": "2026-05-29",
        "updated": "2026-06-29",
        "sources_by_field": {
          "name": "osm"
        },
        "apple_id_attempted": "2026-05-29",
        "google_attempted": "2026-05-29",
        "payment": {}
      }
    },
    {
      "type": "Feature",
      "geometry": {
        "type": "Point",
        "coordinates": [
          7.8146173,
          52.2189637
        ]
      },
      "properties": {
        "id": "tk_nwr_osm_n10240372022",
        "name": "Autoschilder",
        "address": {},
        "sources": [
          {
            "type": "osm",
            "id": "node/10240372022",
            "version": 0
          }
        ],
        "created": "2026-05-29",
        "updated": "2026-06-29",
        "sources_by_field": {
          "name": "osm"
        },
        "apple_id_attempted": "2026-05-29",
        "google_attempted": "2026-05-29",
        "payment": {}
      }
    },
    {
      "type": "Feature",
      "geometry": {
        "type": "Point",
        "coordinates": [
          7.4582693,
          52.2850842
        ]
      },
      "properties": {
        "id": "tk_nwr_osm_n10719143632",
        "name": "Tabak & Presse Lotto/Toto",
        "address": {
          "street": "Sonnenstraße",
          "number": "18",
          "postalcode": "48429",
          "city": "Rheine"
        },
        "sources": [
          {
            "type": "osm",
            "id": "node/10719143632",
            "version": 0
          }
        ],
        "created": "2026-05-29",
        "updated": "2026-06-29",
        "sources_by_field": {
          "name": "osm",
          "address.street": "osm",
          "address.number": "osm",
          "address.postalcode": "osm",
          "address.city": "osm"
        },
        "apple_id_attempted": "2026-05-29",
        "google_attempted": "2026-05-29",
        "payment": {}
      }
    },
    {
      "type": "Feature",
      "geometry": {
        "type": "Point",
        "coordinates": [
          6.5365083,
          51.6429308
        ]
      },
      "properties": {
        "id": "tk_nwr_osm_n10863824374",
        "name": "WaBüMat Kiosk Wasserbüffelfleisch",
        "address": {
          "street": "Kuhport",
          "number": "9",
          "postalcode": "46487",
          "city": "Wesel"
        },
        "sources": [
          {
            "type": "osm",
            "id": "node/10863824374",
            "version": 0
          }
        ],
        "created": "2026-05-29",
        "updated": "2026-06-29",
        "hours": {
          "raw": "24/7"
        },
        "payment": {
          "cash": "yes",
          "cards": "unknown",
          "contactless": "unknown",
          "girocard": "unknown"
        },
        "sources_by_field": {
          "name": "osm",
          "address.street": "osm",
          "address.number": "osm",
          "address.postalcode": "osm",
          "address.city": "osm",
          "hours": "osm",
          "payment.cash": "osm",
          "payment.cards": "osm",
          "payment.contactless": "osm",
          "payment.girocard": "osm"
        },
        "apple_id_attempted": "2026-05-29"
      }
    },
    {
      "type": "Feature",
      "geometry": {
        "type": "Point",
        "coordinates": [
          8.3746444,
          51.1304661
        ]
      },
      "properties": {
        "id": "tk_nwr_osm_n10946823661",
        "name": "Landschaftsgasthaus Schanze 1 / Kiosk 717",
        "address": {
          "street": "Schanze",
          "number": "1",
          "postalcode": "57392",
          "city": "Schmallenberg"
        },
        "sources": [
          {
            "type": "osm",
            "id": "node/10946823661",
            "version": 0
          }
        ],
        "created": "2026-05-29",
        "updated": "2026-06-29",
        "hours": {
          "raw": "Außerhalb der Wandersaison hat unser Waldkiosk flexible Öffnungszeiten."
        },
        "payment": {
          "cash": "yes",
          "cards": "unknown",
          "contactless": "unknown",
          "girocard": "unknown"
        },
        "sources_by_field": {
          "name": "osm",
          "address.street": "osm",
          "address.number": "osm",
          "address.postalcode": "osm",
          "address.city": "osm",
          "hours": "osm",
          "payment.cash": "osm",
          "payment.cards": "osm",
          "payment.contactless": "osm",
          "payment.girocard": "osm"
        },
        "apple_id_attempted": "2026-05-29"
      }
    },
    {
      "type": "Feature",
      "geometry": {
        "type": "Point",
        "coordinates": [
          8.167769,
          51.2512207
        ]
      },
      "properties": {
        "id": "tk_nwr_osm_n11226434234",
        "name": "Getränke Werk Eslohe / DHL Paketshop",
        "address": {
          "number": "2"
        },
        "sources": [
          {
            "type": "osm",
            "id": "node/11226434234",
            "version": 0
          }
        ],
        "created": "2026-05-29",
        "updated": "2026-06-29",
        "hours": {
          "raw": "Mo-Fr 09:00-19:00; Sa 09:00-16:00"
        },
        "sources_by_field": {
          "name": "osm",
          "address.number": "osm",
          "hours": "osm"
        },
        "apple_id_attempted": "2026-05-29",
        "google_attempted": "2026-05-29",
        "payment": {}
      }
    },
    {
      "type": "Feature",
      "geometry": {
        "type": "Point",
        "coordinates": [
          6.2476054,
          51.8329363
        ]
      },
      "properties": {
        "id": "tk_nwr_osm_n11270023480",
        "name": "City Kiosk",
        "address": {},
        "sources": [
          {
            "type": "osm",
            "id": "node/11270023480",
            "version": 0
          }
        ],
        "created": "2026-05-29",
        "updated": "2026-06-29",
        "sources_by_field": {
          "name": "osm"
        },
        "apple_id_attempted": "2026-05-29",
        "google_attempted": "2026-05-29",
        "payment": {}
      }
    },
    {
      "type": "Feature",
      "geometry": {
        "type": "Point",
        "coordinates": [
          7.5297023,
          52.1743207
        ]
      },
      "properties": {
        "id": "tk_nwr_osm_n11394671193",
        "name": "West-Lotto",
        "address": {},
        "sources": [
          {
            "type": "osm",
            "id": "node/11394671193",
            "version": 0
          }
        ],
        "created": "2026-05-29",
        "updated": "2026-06-29",
        "sources_by_field": {
          "name": "osm"
        },
        "apple_id_attempted": "2026-05-29",
        "google_attempted": "2026-05-29",
        "payment": {}
      }
    },
    {
      "type": "Feature",
      "geometry": {
        "type": "Point",
        "coordinates": [
          8.3298765,
          51.6576528
        ]
      },
      "properties": {
        "id": "tk_nwr_osm_n11428799361",
        "name": "EDEKA Getränkmarkt",
        "address": {},
        "sources": [
          {
            "type": "osm",
            "id": "node/11428799361",
            "version": 0
          }
        ],
        "created": "2026-05-29",
        "updated": "2026-06-15",
        "sources_by_field": {
          "name": "osm"
        },
        "apple_id_attempted": "2026-05-29",
        "google_attempted": "2026-05-29",
        "payment": {},
        "osm_removed": true
      }
    },
    {
      "type": "Feature",
      "geometry": {
        "type": "Point",
        "coordinates": [
          6.1197174,
          51.7829
        ]
      },
      "properties": {
        "id": "tk_nwr_osm_n11557864275",
        "name": "Snackbox",
        "address": {},
        "sources": [
          {
            "type": "osm",
            "id": "node/11557864275",
            "version": 0
          }
        ],
        "created": "2026-05-29",
        "updated": "2026-06-29",
        "hours": {
          "raw": "24/7"
        },
        "sources_by_field": {
          "name": "osm",
          "hours": "osm"
        },
        "apple_id_attempted": "2026-05-29",
        "google_attempted": "2026-05-29",
        "payment": {}
      }
    },
    {
      "type": "Feature",
      "geometry": {
        "type": "Point",
        "coordinates": [
          6.1294176,
          51.7816418
        ]
      },
      "properties": {
        "id": "tk_nwr_osm_n11557864277",
        "name": "Späti24",
        "address": {},
        "sources": [
          {
            "type": "osm",
            "id": "node/11557864277",
            "version": 0
          }
        ],
        "created": "2026-05-29",
        "updated": "2026-06-29",
        "hours": {
          "raw": "24/7"
        },
        "sources_by_field": {
          "name": "osm",
          "hours": "osm"
        },
        "apple_id_attempted": "2026-05-29",
        "google_attempted": "2026-05-29",
        "payment": {}
      }
    },
    {
      "type": "Feature",
      "geometry": {
        "type": "Point",
        "coordinates": [
          6.8237835,
          52.029354
        ]
      },
      "properties": {
        "id": "tk_nwr_osm_n11579672206",
        "name": "Ellerkamp",
        "address": {
          "street": "Stadtlohner Straße",
          "number": "5",
          "postalcode": "48691",
          "city": "Vreden"
        },
        "sources": [
          {
            "type": "osm",
            "id": "node/11579672206",
            "version": 0
          }
        ],
        "created": "2026-05-29",
        "updated": "2026-06-29",
        "hours": {
          "raw": "Mo-Fr 09:00-19:00; Sa 08:00-14:00"
        },
        "sources_by_field": {
          "name": "osm",
          "address.street": "osm",
          "address.number": "osm",
          "address.postalcode": "osm",
          "address.city": "osm",
          "hours": "osm"
        },
        "apple_id_attempted": "2026-05-29",
        "google_attempted": "2026-05-29",
        "payment": {}
      }
    },
    {
      "type": "Feature",
      "geometry": {
        "type": "Point",
        "coordinates": [
          8.4803532,
          51.3583429
        ]
      },
      "properties": {
        "id": "tk_nwr_osm_n1174491245",
        "name": "HIT",
        "address": {},
        "sources": [
          {
            "type": "osm",
            "id": "node/1174491245",
            "version": 0
          }
        ],
        "created": "2026-05-29",
        "updated": "2026-06-29",
        "tags": [
          "barrierefrei"
        ],
        "sources_by_field": {
          "name": "osm"
        },
        "apple_id_attempted": "2026-05-29",
        "google_attempted": "2026-05-29",
        "payment": {}
      }
    },
    {
      "type": "Feature",
      "geometry": {
        "type": "Point",
        "coordinates": [
          6.1126618,
          50.8867413
        ]
      },
      "properties": {
        "id": "tk_nwr_osm_n11939245668",
        "name": "Cenan",
        "address": {
          "street": "Kirchrather Straße",
          "number": "136",
          "postalcode": "52134",
          "city": "Herzogenrath"
        },
        "sources": [
          {
            "type": "osm",
            "id": "node/11939245668",
            "version": 0
          }
        ],
        "created": "2026-05-29",
        "updated": "2026-06-29",
        "sources_by_field": {
          "name": "osm",
          "address.street": "osm",
          "address.number": "osm",
          "address.postalcode": "osm",
          "address.city": "osm"
        },
        "apple_id_attempted": "2026-05-29",
        "google_attempted": "2026-05-29",
        "payment": {}
      }
    },
    {
      "type": "Feature",
      "geometry": {
        "type": "Point",
        "coordinates": [
          6.2480629,
          51.8336804
        ]
      },
      "properties": {
        "id": "tk_nwr_osm_n11989793079",
        "name": "Areamat Automatenkiosk",
        "address": {},
        "sources": [
          {
            "type": "osm",
            "id": "node/11989793079",
            "version": 0
          }
        ],
        "created": "2026-05-29",
        "updated": "2026-06-15",
        "sources_by_field": {
          "name": "osm"
        },
        "apple_id_attempted": "2026-05-29",
        "google_attempted": "2026-05-29",
        "payment": {},
        "osm_removed": true
      }
    },
    {
      "type": "Feature",
      "geometry": {
        "type": "Point",
        "coordinates": [
          6.4003997,
          51.7682996
        ]
      },
      "properties": {
        "id": "tk_nwr_osm_n1214144762",
        "name": "AVIA International",
        "address": {},
        "sources": [
          {
            "type": "osm",
            "id": "node/1214144762",
            "version": 0
          }
        ],
        "created": "2026-05-29",
        "updated": "2026-06-29",
        "hours": {
          "raw": "Mo-Fr 08:30-20:00"
        },
        "tags": [
          "barrierefrei"
        ],
        "sources_by_field": {
          "name": "osm",
          "hours": "osm"
        },
        "apple_id_attempted": "2026-05-29",
        "google_attempted": "2026-05-29",
        "payment": {}
      }
    },
    {
      "type": "Feature",
      "geometry": {
        "type": "Point",
        "coordinates": [
          8.3457923,
          51.6696614
        ]
      },
      "properties": {
        "id": "tk_nwr_osm_n12170111451",
        "name": "Kiosk",
        "address": {},
        "sources": [
          {
            "type": "osm",
            "id": "node/12170111451",
            "version": 0
          }
        ],
        "created": "2026-05-29",
        "updated": "2026-06-29",
        "sources_by_field": {
          "name": "osm"
        },
        "apple_id_attempted": "2026-05-29",
        "google_attempted": "2026-05-29",
        "payment": {}
      }
    },
    {
      "type": "Feature",
      "geometry": {
        "type": "Point",
        "coordinates": [
          6.6379081,
          50.9533825
        ]
      },
      "properties": {
        "id": "tk_nwr_osm_n12287497511",
        "name": "Bagdad Kiosk & Minimarkt",
        "address": {},
        "sources": [
          {
            "type": "osm",
            "id": "node/12287497511",
            "version": 0
          }
        ],
        "created": "2026-05-29",
        "updated": "2026-06-29",
        "sources_by_field": {
          "name": "osm"
        },
        "apple_id_attempted": "2026-05-29",
        "google_attempted": "2026-05-29",
        "payment": {}
      }
    },
    {
      "type": "Feature",
      "geometry": {
        "type": "Point",
        "coordinates": [
          8.4397665,
          51.3114255
        ]
      },
      "properties": {
        "id": "tk_nwr_osm_n12311168258",
        "name": "Sweets",
        "address": {},
        "sources": [
          {
            "type": "osm",
            "id": "node/12311168258",
            "version": 0
          }
        ],
        "created": "2026-05-29",
        "updated": "2026-06-29",
        "sources_by_field": {
          "name": "osm"
        },
        "apple_id_attempted": "2026-05-29",
        "google_attempted": "2026-05-29",
        "payment": {}
      }
    },
    {
      "type": "Feature",
      "geometry": {
        "type": "Point",
        "coordinates": [
          7.0350375,
          52.1765575
        ]
      },
      "properties": {
        "id": "tk_nwr_osm_n1241087472",
        "name": "Fresh & Cool Getränkecenter",
        "address": {
          "street": "Vennstraße",
          "number": "3",
          "postalcode": "48599",
          "city": "Gronau"
        },
        "sources": [
          {
            "type": "osm",
            "id": "node/1241087472",
            "version": 0
          }
        ],
        "created": "2026-05-29",
        "updated": "2026-06-29",
        "hours": {
          "raw": "Mo-Fr 08:00-19:00, Sa 08:00-16:00"
        },
        "tags": [
          "barrierefrei"
        ],
        "sources_by_field": {
          "name": "osm",
          "address.street": "osm",
          "address.number": "osm",
          "address.postalcode": "osm",
          "address.city": "osm",
          "hours": "osm"
        },
        "apple_id_attempted": "2026-05-29",
        "google_attempted": "2026-05-29",
        "payment": {}
      }
    },
    {
      "type": "Feature",
      "geometry": {
        "type": "Point",
        "coordinates": [
          7.9793411,
          51.458059
        ]
      },
      "properties": {
        "id": "tk_nwr_osm_n12653644040",
        "name": "Netto Getränke-Discount",
        "address": {},
        "sources": [
          {
            "type": "osm",
            "id": "node/12653644040",
            "version": 0
          }
        ],
        "created": "2026-05-29",
        "updated": "2026-06-15",
        "hours": {
          "raw": "Mo-Sa 07:00-20:00; Su, PH off"
        },
        "sources_by_field": {
          "name": "osm",
          "hours": "osm"
        },
        "apple_id_attempted": "2026-05-29",
        "google_attempted": "2026-05-29",
        "payment": {},
        "osm_removed": true
      }
    },
    {
      "type": "Feature",
      "geometry": {
        "type": "Point",
        "coordinates": [
          6.3977756,
          51.8092277
        ]
      },
      "properties": {
        "id": "tk_nwr_osm_n12688063303",
        "name": "Star-Kiosk NK-995",
        "address": {},
        "sources": [
          {
            "type": "osm",
            "id": "node/12688063303",
            "version": 0
          }
        ],
        "created": "2026-05-29",
        "updated": "2026-06-29",
        "hours": {
          "raw": "Tu-Su 10:00-23:00; Mo off"
        },
        "sources_by_field": {
          "name": "osm",
          "hours": "osm"
        },
        "apple_id_attempted": "2026-05-29",
        "google_attempted": "2026-05-29",
        "payment": {}
      }
    },
    {
      "type": "Feature",
      "geometry": {
        "type": "Point",
        "coordinates": [
          8.3456497,
          51.6731762
        ]
      },
      "properties": {
        "id": "tk_nwr_osm_n12696083155",
        "name": "Kiosk Habesha",
        "address": {},
        "sources": [
          {
            "type": "osm",
            "id": "node/12696083155",
            "version": 0
          }
        ],
        "created": "2026-05-29",
        "updated": "2026-06-29",
        "sources_by_field": {
          "name": "osm"
        },
        "apple_id_attempted": "2026-05-29",
        "google_attempted": "2026-05-29",
        "payment": {}
      }
    },
    {
      "type": "Feature",
      "geometry": {
        "type": "Point",
        "coordinates": [
          8.3468454,
          51.6752498
        ]
      },
      "properties": {
        "id": "tk_nwr_osm_n12696083680",
        "name": "7 Days",
        "address": {
          "street": "Lange Straße",
          "number": "20",
          "postalcode": "59555",
          "city": "Lippstadt"
        },
        "sources": [
          {
            "type": "osm",
            "id": "node/12696083680",
            "version": 0
          }
        ],
        "created": "2026-05-29",
        "updated": "2026-06-29",
        "sources_by_field": {
          "name": "osm",
          "address.street": "osm",
          "address.number": "osm",
          "address.postalcode": "osm",
          "address.city": "osm"
        },
        "apple_id_attempted": "2026-05-29",
        "google_attempted": "2026-05-29",
        "payment": {}
      }
    },
    {
      "type": "Feature",
      "geometry": {
        "type": "Point",
        "coordinates": [
          6.8265218,
          52.0359787
        ]
      },
      "properties": {
        "id": "tk_nwr_osm_n12757263184",
        "name": "E-Kiosk 24/7",
        "address": {
          "street": "Wüllener Straße",
          "number": "27",
          "postalcode": "48691",
          "city": "Vreden"
        },
        "sources": [
          {
            "type": "osm",
            "id": "node/12757263184",
            "version": 0
          }
        ],
        "created": "2026-05-29",
        "updated": "2026-06-29",
        "sources_by_field": {
          "name": "osm",
          "address.street": "osm",
          "address.number": "osm",
          "address.postalcode": "osm",
          "address.city": "osm"
        },
        "apple_id_attempted": "2026-05-29",
        "google_attempted": "2026-05-29",
        "payment": {}
      }
    },
    {
      "type": "Feature",
      "geometry": {
        "type": "Point",
        "coordinates": [
          6.158658,
          51.6844888
        ]
      },
      "properties": {
        "id": "tk_nwr_osm_n12855023276",
        "name": "Trink & Spare",
        "address": {},
        "sources": [
          {
            "type": "osm",
            "id": "node/12855023276",
            "version": 0
          }
        ],
        "created": "2026-05-29",
        "updated": "2026-06-15",
        "hours": {
          "raw": "Mo-Fr 09:00-20:00; Sa 09:00-18:00; Su, PH off"
        },
        "sources_by_field": {
          "name": "osm",
          "hours": "osm"
        },
        "apple_id_attempted": "2026-05-29",
        "google_attempted": "2026-05-29",
        "payment": {},
        "osm_removed": true
      }
    },
    {
      "type": "Feature",
      "geometry": {
        "type": "Point",
        "coordinates": [
          7.1683615,
          52.2104369
        ]
      },
      "properties": {
        "id": "tk_nwr_osm_n12877532906",
        "name": "Kiosk am Bergfreibad",
        "address": {},
        "sources": [
          {
            "type": "osm",
            "id": "node/12877532906",
            "version": 0
          }
        ],
        "created": "2026-05-29",
        "updated": "2026-06-29",
        "sources_by_field": {
          "name": "osm"
        },
        "apple_id_attempted": "2026-05-29",
        "google_attempted": "2026-05-29",
        "payment": {}
      }
    },
    {
      "type": "Feature",
      "geometry": {
        "type": "Point",
        "coordinates": [
          6.321031,
          51.0764801
        ]
      },
      "properties": {
        "id": "tk_nwr_osm_n12907499792",
        "name": "Kiosk am Bahnhof",
        "address": {},
        "sources": [
          {
            "type": "osm",
            "id": "node/12907499792",
            "version": 0
          }
        ],
        "created": "2026-05-29",
        "updated": "2026-06-29",
        "sources_by_field": {
          "name": "osm"
        },
        "apple_id_attempted": "2026-05-29",
        "google_attempted": "2026-05-29",
        "payment": {}
      }
    },
    {
      "type": "Feature",
      "geometry": {
        "type": "Point",
        "coordinates": [
          7.8844788,
          51.6888483
        ]
      },
      "properties": {
        "id": "tk_nwr_osm_n1315124700",
        "name": "Lotto",
        "address": {},
        "sources": [
          {
            "type": "osm",
            "id": "node/1315124700",
            "version": 0
          }
        ],
        "created": "2026-05-29",
        "updated": "2026-06-29",
        "sources_by_field": {
          "name": "osm"
        },
        "apple_id_attempted": "2026-05-29",
        "google_attempted": "2026-05-29",
        "payment": {}
      }
    },
    {
      "type": "Feature",
      "geometry": {
        "type": "Point",
        "coordinates": [
          7.884204,
          51.6893676
        ]
      },
      "properties": {
        "id": "tk_nwr_osm_n1317335615",
        "name": "Rewe Lauer",
        "address": {},
        "sources": [
          {
            "type": "osm",
            "id": "node/1317335615",
            "version": 0
          }
        ],
        "created": "2026-05-29",
        "updated": "2026-06-29",
        "hours": {
          "raw": "Mo-Sa 08:00-20:00"
        },
        "sources_by_field": {
          "name": "osm",
          "hours": "osm"
        },
        "apple_id_attempted": "2026-05-29",
        "google_attempted": "2026-05-29",
        "payment": {}
      }
    },
    {
      "type": "Feature",
      "geometry": {
        "type": "Point",
        "coordinates": [
          6.3601995,
          51.2979956
        ]
      },
      "properties": {
        "id": "tk_nwr_osm_n1326223515",
        "name": "kio",
        "address": {},
        "sources": [
          {
            "type": "osm",
            "id": "node/1326223515",
            "version": 0
          }
        ],
        "created": "2026-05-29",
        "updated": "2026-06-29",
        "hours": {
          "raw": "Mo-Sa 06:00-22:00; Su 07:00-22:00"
        },
        "sources_by_field": {
          "name": "osm",
          "hours": "osm"
        },
        "apple_id_attempted": "2026-05-29",
        "google_attempted": "2026-05-29",
        "payment": {}
      }
    },
    {
      "type": "Feature",
      "geometry": {
        "type": "Point",
        "coordinates": [
          7.3581563,
          51.2025735
        ]
      },
      "properties": {
        "id": "tk_nwr_osm_n13358766725",
        "name": "Rade Kiosk",
        "address": {
          "street": "Kaiserstraße",
          "number": "94",
          "postalcode": "42477",
          "city": "Radevormwald"
        },
        "sources": [
          {
            "type": "osm",
            "id": "node/13358766725",
            "version": 0
          }
        ],
        "created": "2026-05-29",
        "updated": "2026-06-29",
        "hours": {
          "raw": "Mo-Fr 08:00-23:00; Sa 09:00-23:00; Su 14:00-20:00; PH off"
        },
        "payment": {
          "cash": "yes",
          "cards": "yes",
          "contactless": "unknown",
          "girocard": "unknown"
        },
        "sources_by_field": {
          "name": "osm",
          "address.street": "osm",
          "address.number": "osm",
          "address.postalcode": "osm",
          "address.city": "osm",
          "hours": "osm",
          "payment.cash": "osm",
          "payment.cards": "osm",
          "payment.contactless": "osm",
          "payment.girocard": "osm"
        },
        "apple_id_attempted": "2026-05-29"
      }
    },
    {
      "type": "Feature",
      "geometry": {
        "type": "Point",
        "coordinates": [
          6.4481787,
          50.850053
        ]
      },
      "properties": {
        "id": "tk_nwr_osm_n13659746563",
        "name": "Post-Kiosk",
        "address": {},
        "sources": [
          {
            "type": "osm",
            "id": "node/13659746563",
            "version": 0
          }
        ],
        "created": "2026-05-29",
        "updated": "2026-06-29",
        "hours": {
          "raw": "Mo-Fr 09:00-13:00,14:00-19:00; Sa 09:00-16:00; PH off"
        },
        "sources_by_field": {
          "name": "osm",
          "hours": "osm"
        },
        "apple_id_attempted": "2026-05-29",
        "google_attempted": "2026-05-29",
        "payment": {}
      }
    },
    {
      "type": "Feature",
      "geometry": {
        "type": "Point",
        "coordinates": [
          8.6042921,
          51.6716769
        ]
      },
      "properties": {
        "id": "tk_nwr_osm_n13720791501",
        "name": "Kiosk Deluxe",
        "address": {},
        "sources": [
          {
            "type": "osm",
            "id": "node/13720791501",
            "version": 0
          }
        ],
        "created": "2026-05-29",
        "updated": "2026-06-29",
        "sources_by_field": {
          "name": "osm"
        },
        "apple_id_attempted": "2026-05-29",
        "google_attempted": "2026-05-29",
        "payment": {}
      }
    },
    {
      "type": "Feature",
      "geometry": {
        "type": "Point",
        "coordinates": [
          8.605904,
          51.6724091
        ]
      },
      "properties": {
        "id": "tk_nwr_osm_n13720803252",
        "name": "24/4 Snackautomaten",
        "address": {},
        "sources": [
          {
            "type": "osm",
            "id": "node/13720803252",
            "version": 0
          }
        ],
        "created": "2026-05-29",
        "updated": "2026-06-29",
        "sources_by_field": {
          "name": "osm"
        },
        "apple_id_attempted": "2026-05-29",
        "google_attempted": "2026-05-29",
        "payment": {}
      }
    },
    {
      "type": "Feature",
      "geometry": {
        "type": "Point",
        "coordinates": [
          6.4900821,
          50.8001041
        ]
      },
      "properties": {
        "id": "tk_nwr_osm_n13819453901",
        "name": "Löwen Kiosk",
        "address": {
          "street": "Bonner Platz",
          "number": "5",
          "postalcode": "52351"
        },
        "sources": [
          {
            "type": "osm",
            "id": "node/13819453901",
            "version": 0
          }
        ],
        "created": "2026-05-29",
        "updated": "2026-06-29",
        "sources_by_field": {
          "name": "osm",
          "address.street": "osm",
          "address.number": "osm",
          "address.postalcode": "osm"
        },
        "apple_id_attempted": "2026-05-29",
        "google_attempted": "2026-05-29",
        "payment": {}
      }
    },
    {
      "type": "Feature",
      "geometry": {
        "type": "Point",
        "coordinates": [
          6.4879092,
          50.7965036
        ]
      },
      "properties": {
        "id": "tk_nwr_osm_n13839107101",
        "name": "Der Kiosk",
        "address": {
          "street": "Oberstraße",
          "number": "149",
          "postalcode": "52349"
        },
        "sources": [
          {
            "type": "osm",
            "id": "node/13839107101",
            "version": 0
          }
        ],
        "created": "2026-05-29",
        "updated": "2026-06-29",
        "hours": {
          "raw": "Mo-Fr 08:00-00:00; Sa 08:00-01:00; Su 08:00-23:00"
        },
        "sources_by_field": {
          "name": "osm",
          "address.street": "osm",
          "address.number": "osm",
          "address.postalcode": "osm",
          "hours": "osm"
        },
        "apple_id_attempted": "2026-05-29",
        "google_attempted": "2026-05-29",
        "payment": {}
      }
    },
    {
      "type": "Feature",
      "geometry": {
        "type": "Point",
        "coordinates": [
          7.3899438,
          51.1145004
        ]
      },
      "properties": {
        "id": "tk_nwr_osm_n13905212478",
        "name": "Multi-Getränke-Center",
        "address": {
          "street": "Gladbacher Straße",
          "number": "5",
          "postalcode": "51688",
          "city": "Wipperfürth"
        },
        "sources": [
          {
            "type": "osm",
            "id": "node/13905212478",
            "version": 0
          }
        ],
        "created": "2026-06-15",
        "updated": "2026-06-29",
        "sources_by_field": {
          "name": "osm",
          "address.street": "osm",
          "address.number": "osm",
          "address.postalcode": "osm",
          "address.city": "osm"
        },
        "apple_id_attempted": "2026-06-18",
        "google_attempted": "2026-06-18",
        "payment": {}
      }
    },
    {
      "type": "Feature",
      "geometry": {
        "type": "Point",
        "coordinates": [
          7.9719675,
          51.3491068
        ]
      },
      "properties": {
        "id": "tk_nwr_osm_n1445647012",
        "name": "Budchen am Damm",
        "address": {},
        "sources": [
          {
            "type": "osm",
            "id": "node/1445647012",
            "version": 0
          }
        ],
        "created": "2026-05-29",
        "updated": "2026-06-29",
        "tags": [
          "barrierefrei"
        ],
        "sources_by_field": {
          "name": "osm"
        },
        "apple_id_attempted": "2026-05-29",
        "google_attempted": "2026-05-29",
        "payment": {}
      }
    },
    {
      "type": "Feature",
      "geometry": {
        "type": "Point",
        "coordinates": [
          6.3195488,
          51.0898381
        ]
      },
      "properties": {
        "id": "tk_nwr_osm_n1478923616",
        "name": "Presse, Lotto Tabak, Inh. J. Nida",
        "address": {},
        "sources": [
          {
            "type": "osm",
            "id": "node/1478923616",
            "version": 0
          }
        ],
        "created": "2026-05-29",
        "updated": "2026-06-29",
        "hours": {
          "raw": "Mo-Fr 07:30-19:00; Sa 07:30-16:00"
        },
        "tags": [
          "barrierefrei"
        ],
        "sources_by_field": {
          "name": "osm",
          "hours": "osm"
        },
        "apple_id_attempted": "2026-05-29",
        "google_attempted": "2026-05-29",
        "payment": {}
      }
    },
    {
      "type": "Feature",
      "geometry": {
        "type": "Point",
        "coordinates": [
          8.3302289,
          51.6810073
        ]
      },
      "properties": {
        "id": "tk_nwr_osm_n1550186629",
        "name": "Praxis S.Dienefeld",
        "address": {},
        "sources": [
          {
            "type": "osm",
            "id": "node/1550186629",
            "version": 0
          }
        ],
        "created": "2026-05-29",
        "updated": "2026-06-29",
        "sources_by_field": {
          "name": "osm"
        },
        "apple_id_attempted": "2026-05-29",
        "google_attempted": "2026-05-29",
        "payment": {}
      }
    },
    {
      "type": "Feature",
      "geometry": {
        "type": "Point",
        "coordinates": [
          8.3427967,
          51.6863244
        ]
      },
      "properties": {
        "id": "tk_nwr_osm_n1582675327",
        "name": "Getränke Oase",
        "address": {},
        "sources": [
          {
            "type": "osm",
            "id": "node/1582675327",
            "version": 0
          }
        ],
        "created": "2026-05-29",
        "updated": "2026-06-29",
        "hours": {
          "raw": "Mo-Fr 09:00-19:00;Sa 08:00-16:00"
        },
        "tags": [
          "barrierefrei"
        ],
        "sources_by_field": {
          "name": "osm",
          "hours": "osm"
        },
        "apple_id_attempted": "2026-05-29",
        "google_attempted": "2026-05-29",
        "payment": {}
      }
    },
    {
      "type": "Feature",
      "geometry": {
        "type": "Point",
        "coordinates": [
          6.2198501,
          51.0958634
        ]
      },
      "properties": {
        "id": "tk_nwr_osm_n1590805671",
        "name": "Meurer",
        "address": {},
        "sources": [
          {
            "type": "osm",
            "id": "node/1590805671",
            "version": 0
          }
        ],
        "created": "2026-05-29",
        "updated": "2026-06-29",
        "tags": [
          "barrierefrei"
        ],
        "sources_by_field": {
          "name": "osm"
        },
        "apple_id_attempted": "2026-05-29",
        "google_attempted": "2026-05-29",
        "payment": {}
      }
    },
    {
      "type": "Feature",
      "geometry": {
        "type": "Point",
        "coordinates": [
          6.1372064,
          50.9085589
        ]
      },
      "properties": {
        "id": "tk_nwr_osm_n1644931559",
        "name": "Fries",
        "address": {},
        "sources": [
          {
            "type": "osm",
            "id": "node/1644931559",
            "version": 0
          }
        ],
        "created": "2026-05-29",
        "updated": "2026-06-29",
        "tags": [
          "barrierefrei"
        ],
        "sources_by_field": {
          "name": "osm"
        },
        "apple_id_attempted": "2026-05-29",
        "google_attempted": "2026-05-29",
        "payment": {}
      }
    },
    {
      "type": "Feature",
      "geometry": {
        "type": "Point",
        "coordinates": [
          9.0356656,
          51.626344
        ]
      },
      "properties": {
        "id": "tk_nwr_osm_n1678182079",
        "name": "West Lotto",
        "address": {
          "street": "Lange Straße",
          "number": "30",
          "postalcode": "34439",
          "city": "Willebadessen"
        },
        "sources": [
          {
            "type": "osm",
            "id": "node/1678182079",
            "version": 0
          }
        ],
        "created": "2026-05-29",
        "updated": "2026-06-29",
        "hours": {
          "raw": "Mo-Fr 8:30-12:30, 15:00-18:00; We 8:30-12:30; Th-Fr 8:30-12:30, 15:00-18:00; Sa 8:30-13:00"
        },
        "sources_by_field": {
          "name": "osm",
          "address.street": "osm",
          "address.number": "osm",
          "address.postalcode": "osm",
          "address.city": "osm",
          "hours": "osm"
        },
        "apple_id_attempted": "2026-05-29",
        "google_attempted": "2026-05-29",
        "payment": {}
      }
    },
    {
      "type": "Feature",
      "geometry": {
        "type": "Point",
        "coordinates": [
          8.2858274,
          51.3461195
        ]
      },
      "properties": {
        "id": "tk_nwr_osm_n1700805342",
        "name": "Automaten Kiosk",
        "address": {},
        "sources": [
          {
            "type": "osm",
            "id": "node/1700805342",
            "version": 0
          }
        ],
        "created": "2026-05-29",
        "updated": "2026-06-29",
        "sources_by_field": {
          "name": "osm"
        },
        "apple_id_attempted": "2026-05-29",
        "google_attempted": "2026-05-29",
        "payment": {}
      }
    },
    {
      "type": "Feature",
      "geometry": {
        "type": "Point",
        "coordinates": [
          9.0269327,
          51.6280485
        ]
      },
      "properties": {
        "id": "tk_nwr_osm_n1723263294",
        "name": "Braun",
        "address": {
          "street": "Gänsebruch",
          "number": "37a",
          "postalcode": "34439",
          "city": "Willebadessen"
        },
        "sources": [
          {
            "type": "osm",
            "id": "node/1723263294",
            "version": 0
          }
        ],
        "created": "2026-05-29",
        "updated": "2026-06-29",
        "sources_by_field": {
          "name": "osm",
          "address.street": "osm",
          "address.number": "osm",
          "address.postalcode": "osm",
          "address.city": "osm"
        },
        "apple_id_attempted": "2026-05-29",
        "google_attempted": "2026-05-29",
        "payment": {}
      }
    },
    {
      "type": "Feature",
      "geometry": {
        "type": "Point",
        "coordinates": [
          7.7213816,
          52.2766369
        ]
      },
      "properties": {
        "id": "tk_nwr_osm_n1760361998",
        "name": "Bahnhofsvorplatz",
        "address": {
          "street": "Wilhelmstraße",
          "number": "11",
          "postalcode": "49477",
          "city": "Ibbenbüren"
        },
        "sources": [
          {
            "type": "osm",
            "id": "node/1760361998",
            "version": 0
          }
        ],
        "created": "2026-05-29",
        "updated": "2026-06-29",
        "sources_by_field": {
          "name": "osm",
          "address.street": "osm",
          "address.number": "osm",
          "address.postalcode": "osm",
          "address.city": "osm"
        },
        "apple_id_attempted": "2026-05-29",
        "google_attempted": "2026-05-29",
        "payment": {}
      }
    },
    {
      "type": "Feature",
      "geometry": {
        "type": "Point",
        "coordinates": [
          7.717159,
          52.271394
        ]
      },
      "properties": {
        "id": "tk_nwr_osm_n1786948037",
        "name": "Schallenberg",
        "address": {
          "street": "Weberstraße",
          "number": "1",
          "postalcode": "49477",
          "city": "Ibbenbüren"
        },
        "sources": [
          {
            "type": "osm",
            "id": "node/1786948037",
            "version": 0
          }
        ],
        "created": "2026-05-29",
        "updated": "2026-06-29",
        "sources_by_field": {
          "name": "osm",
          "address.street": "osm",
          "address.number": "osm",
          "address.postalcode": "osm",
          "address.city": "osm"
        },
        "apple_id_attempted": "2026-05-29",
        "google_attempted": "2026-05-29",
        "payment": {}
      }
    },
    {
      "type": "Feature",
      "geometry": {
        "type": "Point",
        "coordinates": [
          6.9189892,
          51.9941068
        ]
      },
      "properties": {
        "id": "tk_nwr_osm_n1797333145",
        "name": "Pressefachgeschäft Perlik",
        "address": {},
        "sources": [
          {
            "type": "osm",
            "id": "node/1797333145",
            "version": 0
          }
        ],
        "created": "2026-05-29",
        "updated": "2026-06-29",
        "tags": [
          "barrierefrei"
        ],
        "sources_by_field": {
          "name": "osm"
        },
        "apple_id_attempted": "2026-05-29",
        "google_attempted": "2026-05-29",
        "payment": {}
      }
    },
    {
      "type": "Feature",
      "geometry": {
        "type": "Point",
        "coordinates": [
          8.6923338,
          51.6856454
        ]
      },
      "properties": {
        "id": "tk_nwr_osm_n1825203614",
        "name": "Dreps",
        "address": {
          "street": "Melkweg",
          "number": "22",
          "postalcode": "33106",
          "city": "Paderborn",
          "district": "Wewer"
        },
        "sources": [
          {
            "type": "osm",
            "id": "node/1825203614",
            "version": 0
          }
        ],
        "created": "2026-05-29",
        "updated": "2026-06-29",
        "sources_by_field": {
          "name": "osm",
          "address.street": "osm",
          "address.number": "osm",
          "address.postalcode": "osm",
          "address.city": "osm",
          "address.district": "osm"
        },
        "apple_id_attempted": "2026-05-29",
        "google_attempted": "2026-05-29",
        "payment": {}
      }
    },
    {
      "type": "Feature",
      "geometry": {
        "type": "Point",
        "coordinates": [
          6.1581322,
          50.8713464
        ]
      },
      "properties": {
        "id": "tk_nwr_osm_n1829586556",
        "name": "CIGO",
        "address": {
          "street": "Bahnhofstraße",
          "number": "37",
          "postalcode": "52477",
          "city": "Alsdorf"
        },
        "sources": [
          {
            "type": "osm",
            "id": "node/1829586556",
            "version": 0
          }
        ],
        "created": "2026-05-29",
        "updated": "2026-06-29",
        "tags": [
          "barrierefrei"
        ],
        "sources_by_field": {
          "name": "osm",
          "address.street": "osm",
          "address.number": "osm",
          "address.postalcode": "osm",
          "address.city": "osm"
        },
        "apple_id_attempted": "2026-05-29",
        "google_attempted": "2026-05-29",
        "payment": {}
      }
    },
    {
      "type": "Feature",
      "geometry": {
        "type": "Point",
        "coordinates": [
          8.5955549,
          51.5851709
        ]
      },
      "properties": {
        "id": "tk_nwr_osm_n1873467241",
        "name": "Getränkehandel",
        "address": {
          "street": "Kilianstraße",
          "number": "63a",
          "postalcode": "33142",
          "city": "Büren"
        },
        "sources": [
          {
            "type": "osm",
            "id": "node/1873467241",
            "version": 0
          }
        ],
        "created": "2026-05-29",
        "updated": "2026-06-29",
        "tags": [
          "barrierefrei"
        ],
        "sources_by_field": {
          "name": "osm",
          "address.street": "osm",
          "address.number": "osm",
          "address.postalcode": "osm",
          "address.city": "osm"
        },
        "apple_id_attempted": "2026-05-29",
        "google_attempted": "2026-06-05",
        "payment": {}
      }
    },
    {
      "type": "Feature",
      "geometry": {
        "type": "Point",
        "coordinates": [
          6.3593559,
          50.9305715
        ]
      },
      "properties": {
        "id": "tk_nwr_osm_n1893461308",
        "name": "Schreibwaren / Zeitschriften",
        "address": {
          "street": "Nordstraße",
          "number": "3",
          "postalcode": "52428",
          "city": "Jülich"
        },
        "sources": [
          {
            "type": "osm",
            "id": "node/1893461308",
            "version": 0
          }
        ],
        "created": "2026-05-29",
        "updated": "2026-06-29",
        "hours": {
          "raw": "Mo-Th 07:00-13:00,14:30-18:30; Fr 07:00-18:30; Sa 07:00-13:00"
        },
        "sources_by_field": {
          "name": "osm",
          "address.street": "osm",
          "address.number": "osm",
          "address.postalcode": "osm",
          "address.city": "osm",
          "hours": "osm"
        },
        "apple_id_attempted": "2026-05-29",
        "google_attempted": "2026-06-05",
        "payment": {}
      }
    },
    {
      "type": "Feature",
      "geometry": {
        "type": "Point",
        "coordinates": [
          6.6820675,
          50.8999674
        ]
      },
      "properties": {
        "id": "tk_nwr_osm_n1897004393",
        "name": "Westlotto",
        "address": {},
        "sources": [
          {
            "type": "osm",
            "id": "node/1897004393",
            "version": 0
          }
        ],
        "created": "2026-05-29",
        "updated": "2026-06-29",
        "hours": {
          "raw": "Mo-Sa 08:00-20:00"
        },
        "tags": [
          "barrierefrei"
        ],
        "sources_by_field": {
          "name": "osm",
          "hours": "osm"
        },
        "apple_id_attempted": "2026-05-29",
        "google_attempted": "2026-06-05",
        "payment": {}
      }
    },
    {
      "type": "Feature",
      "geometry": {
        "type": "Point",
        "coordinates": [
          6.2197731,
          51.0408138
        ]
      },
      "properties": {
        "id": "tk_nwr_osm_n1943011584",
        "name": "Gabler",
        "address": {},
        "sources": [
          {
            "type": "osm",
            "id": "node/1943011584",
            "version": 0
          }
        ],
        "created": "2026-05-29",
        "updated": "2026-06-29",
        "hours": {
          "raw": "Mo-Fr 08:30-18:00; Sa 08:30-13:00"
        },
        "sources_by_field": {
          "name": "osm",
          "hours": "osm"
        },
        "apple_id_attempted": "2026-05-29",
        "google_attempted": "2026-06-05",
        "payment": {}
      }
    },
    {
      "type": "Feature",
      "geometry": {
        "type": "Point",
        "coordinates": [
          8.9488135,
          51.7381293
        ]
      },
      "properties": {
        "id": "tk_nwr_osm_n1978393302",
        "name": "Getränke J. Keuter",
        "address": {
          "street": "Schwaneyer Straße",
          "number": "6",
          "postalcode": "33184",
          "city": "Altenbeken",
          "district": "Buke"
        },
        "sources": [
          {
            "type": "osm",
            "id": "node/1978393302",
            "version": 0
          }
        ],
        "created": "2026-05-29",
        "updated": "2026-06-29",
        "hours": {
          "raw": "We-Sa 10:00-19:00"
        },
        "sources_by_field": {
          "name": "osm",
          "address.street": "osm",
          "address.number": "osm",
          "address.postalcode": "osm",
          "address.city": "osm",
          "address.district": "osm",
          "hours": "osm"
        },
        "apple_id_attempted": "2026-05-29",
        "google_attempted": "2026-06-05",
        "payment": {}
      }
    },
    {
      "type": "Feature",
      "geometry": {
        "type": "Point",
        "coordinates": [
          6.2740379,
          51.1019819
        ]
      },
      "properties": {
        "id": "tk_nwr_osm_n1997661477",
        "name": "Angies Lädchen",
        "address": {},
        "sources": [
          {
            "type": "osm",
            "id": "node/1997661477",
            "version": 0
          }
        ],
        "created": "2026-05-29",
        "updated": "2026-06-29",
        "hours": {
          "raw": "Mo-Fr 09:15-12:30,14:00-16:30; We,Th 09:15-12:30; Sa 09:15-13:00; Su, PH off"
        },
        "sources_by_field": {
          "name": "osm",
          "hours": "osm"
        },
        "apple_id_attempted": "2026-05-29",
        "google_attempted": "2026-06-05",
        "payment": {}
      }
    },
    {
      "type": "Feature",
      "geometry": {
        "type": "Point",
        "coordinates": [
          7.4007829,
          52.1109239
        ]
      },
      "properties": {
        "id": "tk_nwr_osm_n2032437886",
        "name": "Westfalen",
        "address": {},
        "sources": [
          {
            "type": "osm",
            "id": "node/2032437886",
            "version": 0
          }
        ],
        "created": "2026-05-29",
        "updated": "2026-06-29",
        "sources_by_field": {
          "name": "osm"
        },
        "apple_id_attempted": "2026-05-29",
        "google_attempted": "2026-06-05",
        "payment": {}
      }
    },
    {
      "type": "Feature",
      "geometry": {
        "type": "Point",
        "coordinates": [
          8.2560483,
          51.3333996
        ]
      },
      "properties": {
        "id": "tk_nwr_osm_n2041856807",
        "name": "Kiosk an der Badebucht",
        "address": {},
        "sources": [
          {
            "type": "osm",
            "id": "node/2041856807",
            "version": 0
          }
        ],
        "created": "2026-05-29",
        "updated": "2026-06-29",
        "sources_by_field": {
          "name": "osm"
        },
        "apple_id_attempted": "2026-05-29",
        "google_attempted": "2026-06-05",
        "payment": {}
      }
    },
    {
      "type": "Feature",
      "geometry": {
        "type": "Point",
        "coordinates": [
          6.1947093,
          51.2845127
        ]
      },
      "properties": {
        "id": "tk_nwr_osm_n2091318458",
        "name": "Trink Spar",
        "address": {},
        "sources": [
          {
            "type": "osm",
            "id": "node/2091318458",
            "version": 0
          }
        ],
        "created": "2026-05-29",
        "updated": "2026-06-29",
        "sources_by_field": {
          "name": "osm"
        },
        "apple_id_attempted": "2026-05-29",
        "google_attempted": "2026-06-05",
        "payment": {}
      }
    },
    {
      "type": "Feature",
      "geometry": {
        "type": "Point",
        "coordinates": [
          7.9668463,
          51.6155662
        ]
      },
      "properties": {
        "id": "tk_nwr_osm_n2104861709",
        "name": "Getränkeparadies Gefromm",
        "address": {
          "street": "Ladestraße",
          "number": "38a",
          "postalcode": "59514",
          "city": "Welver"
        },
        "sources": [
          {
            "type": "osm",
            "id": "node/2104861709",
            "version": 0
          }
        ],
        "created": "2026-05-29",
        "updated": "2026-06-29",
        "hours": {
          "raw": "Mo-Fr 8:00-19:00; Sa 8:00-18:00"
        },
        "sources_by_field": {
          "name": "osm",
          "address.street": "osm",
          "address.number": "osm",
          "address.postalcode": "osm",
          "address.city": "osm",
          "hours": "osm"
        },
        "apple_id_attempted": "2026-05-29",
        "google_attempted": "2026-06-05",
        "payment": {}
      }
    },
    {
      "type": "Feature",
      "geometry": {
        "type": "Point",
        "coordinates": [
          8.5684158,
          51.3949323
        ]
      },
      "properties": {
        "id": "tk_nwr_osm_n2178987468",
        "name": "Rita Misselke",
        "address": {},
        "sources": [
          {
            "type": "osm",
            "id": "node/2178987468",
            "version": 0
          }
        ],
        "created": "2026-05-29",
        "updated": "2026-06-29",
        "sources_by_field": {
          "name": "osm"
        },
        "apple_id_attempted": "2026-05-29",
        "google_attempted": "2026-06-05",
        "payment": {}
      }
    },
    {
      "type": "Feature",
      "geometry": {
        "type": "Point",
        "coordinates": [
          7.8775847,
          52.175691
        ]
      },
      "properties": {
        "id": "tk_nwr_osm_n2204822050",
        "name": "Café 38",
        "address": {},
        "sources": [
          {
            "type": "osm",
            "id": "node/2204822050",
            "version": 0
          }
        ],
        "created": "2026-05-29",
        "updated": "2026-06-29",
        "sources_by_field": {
          "name": "osm"
        },
        "apple_id_attempted": "2026-05-29",
        "google_attempted": "2026-06-05",
        "payment": {}
      }
    },
    {
      "type": "Feature",
      "geometry": {
        "type": "Point",
        "coordinates": [
          8.8516537,
          51.6950476
        ]
      },
      "properties": {
        "id": "tk_nwr_osm_n2278468719",
        "name": "Beineke vollgut Getränkepartner",
        "address": {
          "street": "Schlotmannstraße",
          "number": "7",
          "postalcode": "33100",
          "city": "Paderborn",
          "district": "Dahl"
        },
        "sources": [
          {
            "type": "osm",
            "id": "node/2278468719",
            "version": 0
          }
        ],
        "created": "2026-05-29",
        "updated": "2026-06-29",
        "hours": {
          "raw": "Mo,We 15:00-18:00, Tu,Th,Fr 10:00-12:00,15:00-18:00, Sa 09:00-13:00"
        },
        "sources_by_field": {
          "name": "osm",
          "address.street": "osm",
          "address.number": "osm",
          "address.postalcode": "osm",
          "address.city": "osm",
          "address.district": "osm",
          "hours": "osm"
        },
        "apple_id_attempted": "2026-05-29",
        "google_attempted": "2026-06-05",
        "payment": {}
      }
    },
    {
      "type": "Feature",
      "geometry": {
        "type": "Point",
        "coordinates": [
          6.667577,
          50.9128699
        ]
      },
      "properties": {
        "id": "tk_nwr_osm_n2284224112",
        "name": "Lotto im EDEKA",
        "address": {
          "street": "Zum Wasserwerk",
          "number": "7",
          "postalcode": "50170",
          "city": "Kerpen"
        },
        "sources": [
          {
            "type": "osm",
            "id": "node/2284224112",
            "version": 0
          }
        ],
        "created": "2026-05-29",
        "updated": "2026-06-29",
        "hours": {
          "raw": "Mo-Sa 08:00-20:00"
        },
        "payment": {
          "cash": "yes",
          "cards": "unknown",
          "contactless": "unknown",
          "girocard": "unknown"
        },
        "tags": [
          "barrierefrei"
        ],
        "sources_by_field": {
          "name": "osm",
          "address.street": "osm",
          "address.number": "osm",
          "address.postalcode": "osm",
          "address.city": "osm",
          "hours": "osm",
          "payment.cash": "osm",
          "payment.cards": "osm",
          "payment.contactless": "osm",
          "payment.girocard": "osm"
        },
        "apple_id_attempted": "2026-05-29"
      }
    },
    {
      "type": "Feature",
      "geometry": {
        "type": "Point",
        "coordinates": [
          6.6728731,
          50.9345215
        ]
      },
      "properties": {
        "id": "tk_nwr_osm_n2323351397",
        "name": "Family Queen's",
        "address": {},
        "sources": [
          {
            "type": "osm",
            "id": "node/2323351397",
            "version": 0
          }
        ],
        "created": "2026-05-29",
        "updated": "2026-06-29",
        "sources_by_field": {
          "name": "osm"
        },
        "apple_id_attempted": "2026-05-29",
        "google_attempted": "2026-06-05",
        "payment": {}
      }
    },
    {
      "type": "Feature",
      "geometry": {
        "type": "Point",
        "coordinates": [
          8.1321847,
          51.6489121
        ]
      },
      "properties": {
        "id": "tk_nwr_osm_n2334713109",
        "name": "Getränke - Destille - Schilling",
        "address": {},
        "sources": [
          {
            "type": "osm",
            "id": "node/2334713109",
            "version": 0
          }
        ],
        "created": "2026-05-29",
        "updated": "2026-06-29",
        "sources_by_field": {
          "name": "osm"
        },
        "apple_id_attempted": "2026-05-29",
        "google_attempted": "2026-06-05",
        "payment": {}
      }
    },
    {
      "type": "Feature",
      "geometry": {
        "type": "Point",
        "coordinates": [
          7.9699445,
          51.4381681
        ]
      },
      "properties": {
        "id": "tk_nwr_osm_n2378400721",
        "name": "ServiceStore DB",
        "address": {},
        "sources": [
          {
            "type": "osm",
            "id": "node/2378400721",
            "version": 0
          }
        ],
        "created": "2026-05-29",
        "updated": "2026-06-29",
        "hours": {
          "raw": "Mo-Fr 08:30-12:00,15:00-17:00"
        },
        "sources_by_field": {
          "name": "osm",
          "hours": "osm"
        },
        "apple_id_attempted": "2026-05-29",
        "google_attempted": "2026-06-05",
        "payment": {}
      }
    },
    {
      "type": "Feature",
      "geometry": {
        "type": "Point",
        "coordinates": [
          6.3406726,
          51.8209565
        ]
      },
      "properties": {
        "id": "tk_nwr_osm_n2430780045",
        "name": "Das Lädchen an der Be-Acht",
        "address": {},
        "sources": [
          {
            "type": "osm",
            "id": "node/2430780045",
            "version": 0
          }
        ],
        "created": "2026-05-29",
        "updated": "2026-06-29",
        "sources_by_field": {
          "name": "osm"
        },
        "apple_id_attempted": "2026-05-29",
        "google_attempted": "2026-06-05",
        "payment": {}
      }
    },
    {
      "type": "Feature",
      "geometry": {
        "type": "Point",
        "coordinates": [
          7.7425772,
          51.175344
        ]
      },
      "properties": {
        "id": "tk_nwr_osm_n2433833448",
        "name": "Freibad-Kiosk",
        "address": {},
        "sources": [
          {
            "type": "osm",
            "id": "node/2433833448",
            "version": 0
          }
        ],
        "created": "2026-05-29",
        "updated": "2026-06-29",
        "sources_by_field": {
          "name": "osm"
        },
        "apple_id_attempted": "2026-05-29",
        "google_attempted": "2026-06-05",
        "payment": {}
      }
    },
    {
      "type": "Feature",
      "geometry": {
        "type": "Point",
        "coordinates": [
          8.00471,
          51.331051
        ]
      },
      "properties": {
        "id": "tk_nwr_osm_n2450450660",
        "name": "Ellen's Kiosk",
        "address": {},
        "sources": [
          {
            "type": "osm",
            "id": "node/2450450660",
            "version": 0
          }
        ],
        "created": "2026-05-29",
        "updated": "2026-06-29",
        "sources_by_field": {
          "name": "osm"
        },
        "apple_id_attempted": "2026-05-29",
        "google_attempted": "2026-06-05",
        "payment": {}
      }
    },
    {
      "type": "Feature",
      "geometry": {
        "type": "Point",
        "coordinates": [
          8.0046713,
          51.330833
        ]
      },
      "properties": {
        "id": "tk_nwr_osm_n2450450865",
        "name": "Kiosk am Bahnhof",
        "address": {},
        "sources": [
          {
            "type": "osm",
            "id": "node/2450450865",
            "version": 0
          }
        ],
        "created": "2026-05-29",
        "updated": "2026-06-29",
        "sources_by_field": {
          "name": "osm"
        },
        "apple_id_attempted": "2026-05-29",
        "google_attempted": "2026-06-05",
        "payment": {}
      }
    },
    {
      "type": "Feature",
      "geometry": {
        "type": "Point",
        "coordinates": [
          8.3517963,
          51.4421187
        ]
      },
      "properties": {
        "id": "tk_nwr_osm_n2466032768",
        "name": "Kio",
        "address": {
          "street": "Domring",
          "number": "7",
          "postalcode": "59581",
          "city": "Warstein"
        },
        "sources": [
          {
            "type": "osm",
            "id": "node/2466032768",
            "version": 0
          }
        ],
        "created": "2026-05-29",
        "updated": "2026-06-29",
        "tags": [
          "barrierefrei"
        ],
        "sources_by_field": {
          "name": "osm",
          "address.street": "osm",
          "address.number": "osm",
          "address.postalcode": "osm",
          "address.city": "osm"
        },
        "apple_id_attempted": "2026-05-29",
        "google_attempted": "2026-06-05",
        "payment": {}
      }
    },
    {
      "type": "Feature",
      "geometry": {
        "type": "Point",
        "coordinates": [
          8.8503478,
          51.7220269
        ]
      },
      "properties": {
        "id": "tk_nwr_osm_n2506451010",
        "name": "Raiffeisen",
        "address": {},
        "sources": [
          {
            "type": "osm",
            "id": "node/2506451010",
            "version": 0
          }
        ],
        "created": "2026-05-29",
        "updated": "2026-06-29",
        "hours": {
          "raw": "Mo-Fr 5:00-22:00; Sa 6:00-22:00; Su 8:00-22:00"
        },
        "sources_by_field": {
          "name": "osm",
          "hours": "osm"
        },
        "apple_id_attempted": "2026-05-29",
        "google_attempted": "2026-06-05",
        "payment": {}
      }
    },
    {
      "type": "Feature",
      "geometry": {
        "type": "Point",
        "coordinates": [
          6.2042224,
          51.8488363
        ]
      },
      "properties": {
        "id": "tk_nwr_osm_n2509306071",
        "name": "Zum Kronprinzen",
        "address": {},
        "sources": [
          {
            "type": "osm",
            "id": "node/2509306071",
            "version": 0
          }
        ],
        "created": "2026-05-29",
        "updated": "2026-06-29",
        "sources_by_field": {
          "name": "osm"
        },
        "apple_id_attempted": "2026-05-29",
        "google_attempted": "2026-06-05",
        "payment": {}
      }
    },
    {
      "type": "Feature",
      "geometry": {
        "type": "Point",
        "coordinates": [
          7.6875261,
          50.9971888
        ]
      },
      "properties": {
        "id": "tk_nwr_osm_n2591650192",
        "name": "Piratenkiosk",
        "address": {},
        "sources": [
          {
            "type": "osm",
            "id": "node/2591650192",
            "version": 0
          }
        ],
        "created": "2026-05-29",
        "updated": "2026-06-29",
        "sources_by_field": {
          "name": "osm"
        },
        "apple_id_attempted": "2026-05-29",
        "google_attempted": "2026-06-05",
        "payment": {}
      }
    },
    {
      "type": "Feature",
      "geometry": {
        "type": "Point",
        "coordinates": [
          7.9649108,
          51.4460034
        ]
      },
      "properties": {
        "id": "tk_nwr_osm_n2603026949",
        "name": "Lotto am Lidl",
        "address": {
          "street": "Tappeweg",
          "number": "17",
          "postalcode": "59755",
          "city": "Arnsberg",
          "district": "Neheim-Hüsten"
        },
        "sources": [
          {
            "type": "osm",
            "id": "node/2603026949",
            "version": 0
          }
        ],
        "created": "2026-05-29",
        "updated": "2026-06-29",
        "sources_by_field": {
          "name": "osm",
          "address.street": "osm",
          "address.number": "osm",
          "address.postalcode": "osm",
          "address.city": "osm",
          "address.district": "osm"
        },
        "apple_id_attempted": "2026-05-29",
        "google_attempted": "2026-06-05",
        "payment": {}
      }
    },
    {
      "type": "Feature",
      "geometry": {
        "type": "Point",
        "coordinates": [
          7.9945065,
          51.4291774
        ]
      },
      "properties": {
        "id": "tk_nwr_osm_n2606028548",
        "name": "Lottogeschäft",
        "address": {},
        "sources": [
          {
            "type": "osm",
            "id": "node/2606028548",
            "version": 0
          }
        ],
        "created": "2026-05-29",
        "updated": "2026-06-29",
        "sources_by_field": {
          "name": "osm"
        },
        "apple_id_attempted": "2026-05-29",
        "google_attempted": "2026-06-05",
        "payment": {}
      }
    },
    {
      "type": "Feature",
      "geometry": {
        "type": "Point",
        "coordinates": [
          7.3890155,
          52.1192389
        ]
      },
      "properties": {
        "id": "tk_nwr_osm_n2657429888",
        "name": "Look In",
        "address": {
          "street": "Westfalenring",
          "number": "88",
          "postalcode": "48565",
          "city": "Steinfurt"
        },
        "sources": [
          {
            "type": "osm",
            "id": "node/2657429888",
            "version": 0
          }
        ],
        "created": "2026-05-29",
        "updated": "2026-06-29",
        "sources_by_field": {
          "name": "osm",
          "address.street": "osm",
          "address.number": "osm",
          "address.postalcode": "osm",
          "address.city": "osm"
        },
        "apple_id_attempted": "2026-05-29",
        "google_attempted": "2026-06-05",
        "payment": {}
      }
    },
    {
      "type": "Feature",
      "geometry": {
        "type": "Point",
        "coordinates": [
          7.398259,
          51.1178072
        ]
      },
      "properties": {
        "id": "tk_nwr_osm_n2736060117",
        "name": "Fulko",
        "address": {
          "street": "Untere Straße",
          "number": "47",
          "postalcode": "51688",
          "city": "Wipperfürth"
        },
        "sources": [
          {
            "type": "osm",
            "id": "node/2736060117",
            "version": 0
          }
        ],
        "created": "2026-05-29",
        "updated": "2026-06-29",
        "hours": {
          "raw": "Mo-Th 07:30-18:30; Fr 06:30-18:30; Sa 07:30-13:00; PH off"
        },
        "sources_by_field": {
          "name": "osm",
          "address.street": "osm",
          "address.number": "osm",
          "address.postalcode": "osm",
          "address.city": "osm",
          "hours": "osm"
        },
        "apple_id_attempted": "2026-05-29",
        "google_attempted": "2026-06-05",
        "payment": {}
      }
    },
    {
      "type": "Feature",
      "geometry": {
        "type": "Point",
        "coordinates": [
          6.0579315,
          50.8148232
        ]
      },
      "properties": {
        "id": "tk_nwr_osm_n290688912",
        "name": "Lotto Totto Kiosk",
        "address": {},
        "sources": [
          {
            "type": "osm",
            "id": "node/290688912",
            "version": 0
          }
        ],
        "created": "2026-05-29",
        "updated": "2026-06-29",
        "sources_by_field": {
          "name": "osm"
        },
        "apple_id_attempted": "2026-05-29",
        "google_attempted": "2026-06-05",
        "payment": {}
      }
    },
    {
      "type": "Feature",
      "geometry": {
        "type": "Point",
        "coordinates": [
          7.6531293,
          51.2286728
        ]
      },
      "properties": {
        "id": "tk_nwr_osm_n2907775701",
        "name": "Lotto-Toto",
        "address": {
          "street": "Glatzer Straße",
          "number": "1",
          "postalcode": "58511",
          "city": "Lüdenscheid"
        },
        "sources": [
          {
            "type": "osm",
            "id": "node/2907775701",
            "version": 0
          }
        ],
        "created": "2026-05-29",
        "updated": "2026-06-29",
        "hours": {
          "raw": "Mo-Sa 08:00-20:00; Su off"
        },
        "tags": [
          "barrierefrei"
        ],
        "sources_by_field": {
          "name": "osm",
          "address.street": "osm",
          "address.number": "osm",
          "address.postalcode": "osm",
          "address.city": "osm",
          "hours": "osm"
        },
        "apple_id_attempted": "2026-05-29",
        "google_attempted": "2026-06-05",
        "payment": {}
      }
    },
    {
      "type": "Feature",
      "geometry": {
        "type": "Point",
        "coordinates": [
          7.6554292,
          51.2081686
        ]
      },
      "properties": {
        "id": "tk_nwr_osm_n2907786401",
        "name": "Lotto-Toto Edgar Oehms",
        "address": {
          "street": "Paulmannshöher Straße",
          "number": "5",
          "postalcode": "58515",
          "city": "Lüdenscheid"
        },
        "sources": [
          {
            "type": "osm",
            "id": "node/2907786401",
            "version": 0
          }
        ],
        "created": "2026-05-29",
        "updated": "2026-06-29",
        "hours": {
          "raw": "Mo-Fr 07:30-18:00; Sa 08:00-13:00; Su off"
        },
        "tags": [
          "barrierefrei"
        ],
        "sources_by_field": {
          "name": "osm",
          "address.street": "osm",
          "address.number": "osm",
          "address.postalcode": "osm",
          "address.city": "osm",
          "hours": "osm"
        },
        "apple_id_attempted": "2026-05-29",
        "google_attempted": "2026-06-05",
        "payment": {}
      }
    },
    {
      "type": "Feature",
      "geometry": {
        "type": "Point",
        "coordinates": [
          6.140999,
          50.8794667
        ]
      },
      "properties": {
        "id": "tk_nwr_osm_n291828076",
        "name": "Busch-Oase",
        "address": {},
        "sources": [
          {
            "type": "osm",
            "id": "node/291828076",
            "version": 0
          }
        ],
        "created": "2026-05-29",
        "updated": "2026-06-29",
        "sources_by_field": {
          "name": "osm"
        },
        "apple_id_attempted": "2026-05-29",
        "google_attempted": "2026-06-05",
        "payment": {}
      }
    },
    {
      "type": "Feature",
      "geometry": {
        "type": "Point",
        "coordinates": [
          7.8750203,
          51.3146764
        ]
      },
      "properties": {
        "id": "tk_nwr_osm_n296332960",
        "name": "Aral",
        "address": {
          "street": "Neuenrader Straße",
          "number": "2",
          "postalcode": "58802",
          "city": "Balve",
          "district": "Langenholthausen"
        },
        "sources": [
          {
            "type": "osm",
            "id": "node/296332960",
            "version": 0
          }
        ],
        "created": "2026-05-29",
        "updated": "2026-06-29",
        "sources_by_field": {
          "name": "osm",
          "address.street": "osm",
          "address.number": "osm",
          "address.postalcode": "osm",
          "address.city": "osm",
          "address.district": "osm"
        },
        "apple_id_attempted": "2026-05-29",
        "google_attempted": "2026-06-05",
        "payment": {}
      }
    },
    {
      "type": "Feature",
      "geometry": {
        "type": "Point",
        "coordinates": [
          7.8659745,
          51.333023
        ]
      },
      "properties": {
        "id": "tk_nwr_osm_n296333255",
        "name": "Schneider",
        "address": {
          "street": "Hönnetalstraße",
          "number": "20",
          "postalcode": "58802",
          "city": "Balve"
        },
        "sources": [
          {
            "type": "osm",
            "id": "node/296333255",
            "version": 0
          }
        ],
        "created": "2026-05-29",
        "updated": "2026-06-29",
        "sources_by_field": {
          "name": "osm",
          "address.street": "osm",
          "address.number": "osm",
          "address.postalcode": "osm",
          "address.city": "osm"
        },
        "apple_id_attempted": "2026-05-29",
        "google_attempted": "2026-06-05",
        "payment": {}
      }
    },
    {
      "type": "Feature",
      "geometry": {
        "type": "Point",
        "coordinates": [
          6.3730741,
          51.2817276
        ]
      },
      "properties": {
        "id": "tk_nwr_osm_n3292608123",
        "name": "Stehcafé Loredana",
        "address": {},
        "sources": [
          {
            "type": "osm",
            "id": "node/3292608123",
            "version": 0
          }
        ],
        "created": "2026-05-29",
        "updated": "2026-06-29",
        "hours": {
          "raw": "Mo-Sa 06:00-22:30; Su 07:00-22:30"
        },
        "sources_by_field": {
          "name": "osm",
          "hours": "osm"
        },
        "apple_id_attempted": "2026-05-29",
        "google_attempted": "2026-06-05",
        "payment": {}
      }
    },
    {
      "type": "Feature",
      "geometry": {
        "type": "Point",
        "coordinates": [
          8.2437125,
          51.6553695
        ]
      },
      "properties": {
        "id": "tk_nwr_osm_n3362054295",
        "name": "Biswas",
        "address": {
          "street": "Dorfstraße",
          "number": "2",
          "postalcode": "59556",
          "city": "Lippstadt",
          "district": "Benninghausen"
        },
        "sources": [
          {
            "type": "osm",
            "id": "node/3362054295",
            "version": 0
          }
        ],
        "created": "2026-05-29",
        "updated": "2026-06-29",
        "sources_by_field": {
          "name": "osm",
          "address.street": "osm",
          "address.number": "osm",
          "address.postalcode": "osm",
          "address.city": "osm",
          "address.district": "osm"
        },
        "apple_id_attempted": "2026-05-29",
        "google_attempted": "2026-06-05",
        "payment": {}
      }
    },
    {
      "type": "Feature",
      "geometry": {
        "type": "Point",
        "coordinates": [
          8.3389165,
          51.6678795
        ]
      },
      "properties": {
        "id": "tk_nwr_osm_n3421438359",
        "name": "Kiosk Zwischenstop",
        "address": {},
        "sources": [
          {
            "type": "osm",
            "id": "node/3421438359",
            "version": 0
          }
        ],
        "created": "2026-05-29",
        "updated": "2026-06-29",
        "sources_by_field": {
          "name": "osm"
        },
        "apple_id_attempted": "2026-05-29",
        "google_attempted": "2026-06-05",
        "payment": {}
      }
    },
    {
      "type": "Feature",
      "geometry": {
        "type": "Point",
        "coordinates": [
          6.5753067,
          51.6848862
        ]
      },
      "properties": {
        "id": "tk_nwr_osm_n3617555966",
        "name": "Getränke Oase",
        "address": {
          "street": "Reeser Landstraße",
          "number": "211",
          "postalcode": "46487",
          "city": "Wesel"
        },
        "sources": [
          {
            "type": "osm",
            "id": "node/3617555966",
            "version": 0
          }
        ],
        "created": "2026-05-29",
        "updated": "2026-06-29",
        "sources_by_field": {
          "name": "osm",
          "address.street": "osm",
          "address.number": "osm",
          "address.postalcode": "osm",
          "address.city": "osm"
        },
        "apple_id_attempted": "2026-05-29",
        "google_attempted": "2026-06-05",
        "payment": {}
      }
    },
    {
      "type": "Feature",
      "geometry": {
        "type": "Point",
        "coordinates": [
          6.2828426,
          50.8201144
        ]
      },
      "properties": {
        "id": "tk_nwr_osm_n364427541",
        "name": "W. Frings",
        "address": {
          "street": "Eduard-Mörike-Straße",
          "number": "2a",
          "postalcode": "52249",
          "city": "Eschweiler"
        },
        "sources": [
          {
            "type": "osm",
            "id": "node/364427541",
            "version": 0
          }
        ],
        "created": "2026-05-29",
        "updated": "2026-06-29",
        "sources_by_field": {
          "name": "osm",
          "address.street": "osm",
          "address.number": "osm",
          "address.postalcode": "osm",
          "address.city": "osm"
        },
        "apple_id_attempted": "2026-05-29",
        "google_attempted": "2026-06-05",
        "payment": {}
      }
    },
    {
      "type": "Feature",
      "geometry": {
        "type": "Point",
        "coordinates": [
          8.5340371,
          51.1934523
        ]
      },
      "properties": {
        "id": "tk_nwr_osm_n3662249416",
        "name": "REWE Getränke-Shop",
        "address": {},
        "sources": [
          {
            "type": "osm",
            "id": "node/3662249416",
            "version": 0
          }
        ],
        "created": "2026-05-29",
        "updated": "2026-06-29",
        "sources_by_field": {
          "name": "osm"
        },
        "apple_id_attempted": "2026-05-29",
        "google_attempted": "2026-06-05",
        "payment": {}
      }
    },
    {
      "type": "Feature",
      "geometry": {
        "type": "Point",
        "coordinates": [
          7.3310037,
          52.1423512
        ]
      },
      "properties": {
        "id": "tk_nwr_osm_n366733979",
        "name": "GPS",
        "address": {},
        "sources": [
          {
            "type": "osm",
            "id": "node/366733979",
            "version": 0
          }
        ],
        "created": "2026-05-29",
        "updated": "2026-06-29",
        "sources_by_field": {
          "name": "osm"
        },
        "apple_id_attempted": "2026-05-29",
        "google_attempted": "2026-06-05",
        "payment": {}
      }
    },
    {
      "type": "Feature",
      "geometry": {
        "type": "Point",
        "coordinates": [
          7.3318827,
          52.1431157
        ]
      },
      "properties": {
        "id": "tk_nwr_osm_n366734059",
        "name": "Prima Shop (24 h)",
        "address": {},
        "sources": [
          {
            "type": "osm",
            "id": "node/366734059",
            "version": 0
          }
        ],
        "created": "2026-05-29",
        "updated": "2026-06-29",
        "sources_by_field": {
          "name": "osm"
        },
        "apple_id_attempted": "2026-05-29",
        "google_attempted": "2026-06-05",
        "payment": {}
      }
    },
    {
      "type": "Feature",
      "geometry": {
        "type": "Point",
        "coordinates": [
          6.4067037,
          51.7824014
        ]
      },
      "properties": {
        "id": "tk_nwr_osm_n3700410603",
        "name": "Trink & Spare",
        "address": {
          "street": "Empeler Straße",
          "number": "113",
          "postalcode": "46459",
          "city": "Rees"
        },
        "sources": [
          {
            "type": "osm",
            "id": "node/3700410603",
            "version": 0
          }
        ],
        "created": "2026-05-29",
        "updated": "2026-06-29",
        "sources_by_field": {
          "name": "osm",
          "address.street": "osm",
          "address.number": "osm",
          "address.postalcode": "osm",
          "address.city": "osm"
        },
        "apple_id_attempted": "2026-05-29",
        "google_attempted": "2026-06-05",
        "payment": {}
      }
    },
    {
      "type": "Feature",
      "geometry": {
        "type": "Point",
        "coordinates": [
          6.3957307,
          51.7608093
        ]
      },
      "properties": {
        "id": "tk_nwr_osm_n3711970900",
        "name": "Westlotto Partner Filiale",
        "address": {
          "street": "Vor dem Delltor",
          "number": "9",
          "postalcode": "46459",
          "city": "Rees"
        },
        "sources": [
          {
            "type": "osm",
            "id": "node/3711970900",
            "version": 0
          }
        ],
        "created": "2026-05-29",
        "updated": "2026-06-29",
        "sources_by_field": {
          "name": "osm",
          "address.street": "osm",
          "address.number": "osm",
          "address.postalcode": "osm",
          "address.city": "osm"
        },
        "apple_id_attempted": "2026-05-29",
        "google_attempted": "2026-06-05",
        "payment": {}
      }
    },
    {
      "type": "Feature",
      "geometry": {
        "type": "Point",
        "coordinates": [
          8.0420647,
          50.9866457
        ]
      },
      "properties": {
        "id": "tk_nwr_osm_n3721086432",
        "name": "Schattinger Getränke",
        "address": {},
        "sources": [
          {
            "type": "osm",
            "id": "node/3721086432",
            "version": 0
          }
        ],
        "created": "2026-05-29",
        "updated": "2026-06-29",
        "tags": [
          "barrierefrei"
        ],
        "sources_by_field": {
          "name": "osm"
        },
        "apple_id_attempted": "2026-05-29",
        "google_attempted": "2026-06-05",
        "payment": {}
      }
    },
    {
      "type": "Feature",
      "geometry": {
        "type": "Point",
        "coordinates": [
          7.9134819,
          51.758238
        ]
      },
      "properties": {
        "id": "tk_nwr_osm_n3789928291",
        "name": "Wetterweg",
        "address": {
          "street": "Wetterweg",
          "number": "8",
          "postalcode": "59229",
          "city": "Ahlen"
        },
        "sources": [
          {
            "type": "osm",
            "id": "node/3789928291",
            "version": 0
          }
        ],
        "created": "2026-05-29",
        "updated": "2026-06-29",
        "sources_by_field": {
          "name": "osm",
          "address.street": "osm",
          "address.number": "osm",
          "address.postalcode": "osm",
          "address.city": "osm"
        },
        "apple_id_attempted": "2026-05-29",
        "google_attempted": "2026-06-05",
        "payment": {}
      }
    },
    {
      "type": "Feature",
      "geometry": {
        "type": "Point",
        "coordinates": [
          7.906874,
          51.7645595
        ]
      },
      "properties": {
        "id": "tk_nwr_osm_n3801227470",
        "name": "Trink & Spare",
        "address": {
          "street": "Beckumer Straße",
          "number": "61",
          "postalcode": "59229",
          "city": "Ahlen"
        },
        "sources": [
          {
            "type": "osm",
            "id": "node/3801227470",
            "version": 0
          }
        ],
        "created": "2026-05-29",
        "updated": "2026-06-15",
        "hours": {
          "raw": "Mo-Fr 09:00-19:00; Sa 09:00-18:00"
        },
        "sources_by_field": {
          "name": "osm",
          "address.street": "osm",
          "address.number": "osm",
          "address.postalcode": "osm",
          "address.city": "osm",
          "hours": "osm"
        },
        "apple_id_attempted": "2026-05-29",
        "google_attempted": "2026-06-05",
        "payment": {},
        "osm_removed": true
      }
    },
    {
      "type": "Feature",
      "geometry": {
        "type": "Point",
        "coordinates": [
          8.1890094,
          51.1032489
        ]
      },
      "properties": {
        "id": "tk_nwr_osm_n387524397",
        "name": "Alpenhaus",
        "address": {
          "street": "Alpenhaus",
          "number": "1",
          "postalcode": "57399",
          "city": "Kirchhundem"
        },
        "sources": [
          {
            "type": "osm",
            "id": "node/387524397",
            "version": 0
          }
        ],
        "created": "2026-05-29",
        "updated": "2026-06-29",
        "hours": {
          "raw": "Mo 11:30-18:00; Th-Su 10:00-18:00"
        },
        "payment": {
          "cash": "yes",
          "cards": "unknown",
          "contactless": "unknown",
          "girocard": "unknown"
        },
        "tags": [
          "barrierefrei"
        ],
        "kind": "vending_machine",
        "sources_by_field": {
          "name": "osm",
          "address.street": "osm",
          "address.number": "osm",
          "address.postalcode": "osm",
          "address.city": "osm",
          "hours": "osm",
          "payment.cash": "osm",
          "payment.cards": "osm",
          "payment.contactless": "osm",
          "payment.girocard": "osm"
        }
      }
    },
    {
      "type": "Feature",
      "geometry": {
        "type": "Point",
        "coordinates": [
          6.6984095,
          52.0478776
        ]
      },
      "properties": {
        "id": "tk_nwr_osm_n390344073",
        "name": "Remise am Zwillbrocker Venn",
        "address": {},
        "sources": [
          {
            "type": "osm",
            "id": "node/390344073",
            "version": 0
          }
        ],
        "created": "2026-05-29",
        "updated": "2026-06-29",
        "hours": {
          "raw": "Sa-Su,PH 12:00-17:00"
        },
        "tags": [
          "barrierefrei"
        ],
        "sources_by_field": {
          "name": "osm",
          "hours": "osm"
        },
        "apple_id_attempted": "2026-05-29",
        "google_attempted": "2026-06-05",
        "payment": {}
      }
    },
    {
      "type": "Feature",
      "geometry": {
        "type": "Point",
        "coordinates": [
          8.3646331,
          51.6716767
        ]
      },
      "properties": {
        "id": "tk_nwr_osm_n3909515580",
        "name": "Netto Getränke-Discount",
        "address": {
          "street": "Rixbecker Straße",
          "number": "124",
          "postalcode": "59557",
          "city": "Lippstadt"
        },
        "sources": [
          {
            "type": "osm",
            "id": "node/3909515580",
            "version": 0
          }
        ],
        "created": "2026-05-29",
        "updated": "2026-06-15",
        "hours": {
          "raw": "Mo-Sa 08:00-20:00"
        },
        "sources_by_field": {
          "name": "osm",
          "address.street": "osm",
          "address.number": "osm",
          "address.postalcode": "osm",
          "address.city": "osm",
          "hours": "osm"
        },
        "apple_id_attempted": "2026-05-29",
        "google_attempted": "2026-06-05",
        "payment": {},
        "osm_removed": true
      }
    },
    {
      "type": "Feature",
      "geometry": {
        "type": "Point",
        "coordinates": [
          8.7220962,
          51.4313438
        ]
      },
      "properties": {
        "id": "tk_nwr_osm_n392749301",
        "name": "Shell",
        "address": {
          "street": "Bernhard-Bartmann-Straße",
          "number": "10",
          "postalcode": "59929",
          "city": "Brilon"
        },
        "sources": [
          {
            "type": "osm",
            "id": "node/392749301",
            "version": 0
          }
        ],
        "created": "2026-05-29",
        "updated": "2026-06-29",
        "hours": {
          "raw": "Mo-Fr 06:00-20:00; Sa 07:00-20:00; Su 11:00-16:00"
        },
        "sources_by_field": {
          "name": "osm",
          "address.street": "osm",
          "address.number": "osm",
          "address.postalcode": "osm",
          "address.city": "osm",
          "hours": "osm"
        },
        "apple_id_attempted": "2026-05-29",
        "google_attempted": "2026-06-05",
        "payment": {}
      }
    },
    {
      "type": "Feature",
      "geometry": {
        "type": "Point",
        "coordinates": [
          7.6539054,
          51.1056488
        ]
      },
      "properties": {
        "id": "tk_nwr_osm_n3937897230",
        "name": "Hoffmann",
        "address": {},
        "sources": [
          {
            "type": "osm",
            "id": "node/3937897230",
            "version": 0
          }
        ],
        "created": "2026-05-29",
        "updated": "2026-06-15",
        "hours": {
          "raw": "Mo-Fr 09:00-19:00, Sa 08:30-18:00"
        },
        "tags": [
          "barrierefrei"
        ],
        "sources_by_field": {
          "name": "osm",
          "hours": "osm"
        },
        "apple_id_attempted": "2026-05-29",
        "google_attempted": "2026-06-05",
        "payment": {},
        "osm_removed": true
      }
    },
    {
      "type": "Feature",
      "geometry": {
        "type": "Point",
        "coordinates": [
          8.3429104,
          51.6761293
        ]
      },
      "properties": {
        "id": "tk_nwr_osm_n3954269172",
        "name": "KIOSK",
        "address": {},
        "sources": [
          {
            "type": "osm",
            "id": "node/3954269172",
            "version": 0
          }
        ],
        "created": "2026-05-29",
        "updated": "2026-06-29",
        "sources_by_field": {
          "name": "osm"
        },
        "apple_id_attempted": "2026-05-29",
        "google_attempted": "2026-06-05",
        "payment": {}
      }
    },
    {
      "type": "Feature",
      "geometry": {
        "type": "Point",
        "coordinates": [
          8.3922914,
          51.0489638
        ]
      },
      "properties": {
        "id": "tk_nwr_osm_n3965632561",
        "name": "Glöser",
        "address": {
          "street": "Poststraße",
          "number": "15",
          "postalcode": "57319",
          "city": "Bad Berleburg"
        },
        "sources": [
          {
            "type": "osm",
            "id": "node/3965632561",
            "version": 0
          }
        ],
        "created": "2026-05-29",
        "updated": "2026-06-29",
        "sources_by_field": {
          "name": "osm",
          "address.street": "osm",
          "address.number": "osm",
          "address.postalcode": "osm",
          "address.city": "osm"
        },
        "apple_id_attempted": "2026-05-29",
        "google_attempted": "2026-06-05",
        "payment": {}
      }
    },
    {
      "type": "Feature",
      "geometry": {
        "type": "Point",
        "coordinates": [
          8.1047978,
          51.5750062
        ]
      },
      "properties": {
        "id": "tk_nwr_osm_n3994233668",
        "name": "Lotto Schmidt",
        "address": {},
        "sources": [
          {
            "type": "osm",
            "id": "node/3994233668",
            "version": 0
          }
        ],
        "created": "2026-05-29",
        "updated": "2026-06-29",
        "tags": [
          "barrierefrei"
        ],
        "sources_by_field": {
          "name": "osm"
        },
        "apple_id_attempted": "2026-05-29",
        "google_attempted": "2026-06-05",
        "payment": {}
      }
    },
    {
      "type": "Feature",
      "geometry": {
        "type": "Point",
        "coordinates": [
          7.713028,
          52.2744973
        ]
      },
      "properties": {
        "id": "tk_nwr_osm_n4058890734",
        "name": "Presse Elsholz",
        "address": {
          "street": "Am Alten Posthof",
          "number": "23",
          "postalcode": "49477",
          "city": "Ibbenbüren"
        },
        "sources": [
          {
            "type": "osm",
            "id": "node/4058890734",
            "version": 0
          }
        ],
        "created": "2026-05-29",
        "updated": "2026-06-29",
        "hours": {
          "raw": "Mo,Tu,Th 08:30-18:00; We,Fr 08:00-18:00; Sa 09:00-14:00"
        },
        "sources_by_field": {
          "name": "osm",
          "address.street": "osm",
          "address.number": "osm",
          "address.postalcode": "osm",
          "address.city": "osm",
          "hours": "osm"
        },
        "apple_id_attempted": "2026-05-29",
        "google_attempted": "2026-06-05",
        "payment": {}
      }
    },
    {
      "type": "Feature",
      "geometry": {
        "type": "Point",
        "coordinates": [
          6.4556197,
          51.6601698
        ]
      },
      "properties": {
        "id": "tk_nwr_osm_n4127139133",
        "name": "Stadt-Kiosk",
        "address": {},
        "sources": [
          {
            "type": "osm",
            "id": "node/4127139133",
            "version": 0
          }
        ],
        "created": "2026-05-29",
        "updated": "2026-06-29",
        "hours": {
          "raw": "Mo-Th,Su 09:00-22:00; Fr-Sa 09:00-22:30"
        },
        "payment": {
          "cash": "yes",
          "cards": "yes",
          "contactless": "unknown",
          "girocard": "unknown"
        },
        "tags": [
          "barrierefrei"
        ],
        "sources_by_field": {
          "name": "osm",
          "hours": "osm",
          "payment.cash": "osm",
          "payment.cards": "osm",
          "payment.contactless": "osm",
          "payment.girocard": "osm"
        },
        "apple_id_attempted": "2026-05-29"
      }
    },
    {
      "type": "Feature",
      "geometry": {
        "type": "Point",
        "coordinates": [
          6.2434486,
          51.2287109
        ]
      },
      "properties": {
        "id": "tk_nwr_osm_n415339273",
        "name": "Sandra's Kaffeebud",
        "address": {},
        "sources": [
          {
            "type": "osm",
            "id": "node/415339273",
            "version": 0
          }
        ],
        "created": "2026-05-29",
        "updated": "2026-06-29",
        "sources_by_field": {
          "name": "osm"
        },
        "apple_id_attempted": "2026-05-29",
        "google_attempted": "2026-06-05",
        "payment": {}
      }
    },
    {
      "type": "Feature",
      "geometry": {
        "type": "Point",
        "coordinates": [
          8.1032154,
          51.576751
        ]
      },
      "properties": {
        "id": "tk_nwr_osm_n4202872134",
        "name": "Snack Dealer",
        "address": {},
        "sources": [
          {
            "type": "osm",
            "id": "node/4202872134",
            "version": 0
          }
        ],
        "created": "2026-05-29",
        "updated": "2026-06-29",
        "sources_by_field": {
          "name": "osm"
        },
        "apple_id_attempted": "2026-05-29",
        "google_attempted": "2026-06-05",
        "payment": {}
      }
    },
    {
      "type": "Feature",
      "geometry": {
        "type": "Point",
        "coordinates": [
          7.8874393,
          50.9054427
        ]
      },
      "properties": {
        "id": "tk_nwr_osm_n420794993",
        "name": "Terbek",
        "address": {},
        "sources": [
          {
            "type": "osm",
            "id": "node/420794993",
            "version": 0
          }
        ],
        "created": "2026-05-29",
        "updated": "2026-06-29",
        "tags": [
          "barrierefrei"
        ],
        "sources_by_field": {
          "name": "osm"
        },
        "apple_id_attempted": "2026-05-29",
        "google_attempted": "2026-06-05",
        "payment": {}
      }
    },
    {
      "type": "Feature",
      "geometry": {
        "type": "Point",
        "coordinates": [
          7.587078,
          51.1359664
        ]
      },
      "properties": {
        "id": "tk_nwr_osm_n4270101867",
        "name": "Dorf Kiosk",
        "address": {},
        "sources": [
          {
            "type": "osm",
            "id": "node/4270101867",
            "version": 0
          }
        ],
        "created": "2026-05-29",
        "updated": "2026-06-29",
        "sources_by_field": {
          "name": "osm"
        },
        "apple_id_attempted": "2026-05-29",
        "google_attempted": "2026-06-05",
        "payment": {}
      }
    },
    {
      "type": "Feature",
      "geometry": {
        "type": "Point",
        "coordinates": [
          6.3678079,
          50.9186724
        ]
      },
      "properties": {
        "id": "tk_nwr_osm_n438300465",
        "name": "Kiosk am Bahnhof",
        "address": {
          "street": "Bahnhofstraße",
          "number": "13",
          "postalcode": "52428",
          "city": "Jülich"
        },
        "sources": [
          {
            "type": "osm",
            "id": "node/438300465",
            "version": 0
          }
        ],
        "created": "2026-05-29",
        "updated": "2026-06-29",
        "hours": {
          "raw": "Mo-Fr 05:30-11:00,13:00-17:30"
        },
        "sources_by_field": {
          "name": "osm",
          "address.street": "osm",
          "address.number": "osm",
          "address.postalcode": "osm",
          "address.city": "osm",
          "hours": "osm"
        },
        "apple_id_attempted": "2026-05-29",
        "google_attempted": "2026-06-05",
        "payment": {}
      }
    },
    {
      "type": "Feature",
      "geometry": {
        "type": "Point",
        "coordinates": [
          7.4409838,
          52.2785366
        ]
      },
      "properties": {
        "id": "tk_nwr_osm_n4417805805",
        "name": "Tabac & Co",
        "address": {},
        "sources": [
          {
            "type": "osm",
            "id": "node/4417805805",
            "version": 0
          }
        ],
        "created": "2026-05-29",
        "updated": "2026-06-29",
        "tags": [
          "barrierefrei"
        ],
        "sources_by_field": {
          "name": "osm"
        },
        "apple_id_attempted": "2026-05-29",
        "google_attempted": "2026-06-05",
        "payment": {}
      }
    },
    {
      "type": "Feature",
      "geometry": {
        "type": "Point",
        "coordinates": [
          5.9870357,
          50.9946666
        ]
      },
      "properties": {
        "id": "tk_nwr_osm_n462739330",
        "name": "Nöhte",
        "address": {},
        "sources": [
          {
            "type": "osm",
            "id": "node/462739330",
            "version": 0
          }
        ],
        "created": "2026-05-29",
        "updated": "2026-06-29",
        "sources_by_field": {
          "name": "osm"
        },
        "apple_id_attempted": "2026-05-29",
        "google_attempted": "2026-06-05",
        "payment": {}
      }
    },
    {
      "type": "Feature",
      "geometry": {
        "type": "Point",
        "coordinates": [
          6.0957175,
          50.9729873
        ]
      },
      "properties": {
        "id": "tk_nwr_osm_n4915400325",
        "name": "MusikPark Geilenkirchen",
        "address": {
          "postalcode": "52511",
          "city": "Geilenkirchen"
        },
        "sources": [
          {
            "type": "osm",
            "id": "node/4915400325",
            "version": 0
          }
        ],
        "created": "2026-05-29",
        "updated": "2026-06-01",
        "sources_by_field": {
          "name": "osm",
          "address.postalcode": "osm",
          "address.city": "osm"
        },
        "apple_id_attempted": "2026-05-29",
        "payment": {},
        "google_attempted": "2026-06-05",
        "osm_removed": true
      }
    },
    {
      "type": "Feature",
      "geometry": {
        "type": "Point",
        "coordinates": [
          6.1240296,
          50.9610819
        ]
      },
      "properties": {
        "id": "tk_nwr_osm_n4915447922",
        "name": "ServiceStore DB",
        "address": {
          "street": "Bahnhofstraße",
          "number": "1",
          "postalcode": "52511",
          "city": "Geilenkirchen"
        },
        "sources": [
          {
            "type": "osm",
            "id": "node/4915447922",
            "version": 0
          }
        ],
        "created": "2026-05-29",
        "updated": "2026-06-29",
        "hours": {
          "raw": "Mo-Fr 06:00-19:00; Sa 07:00-17:00; Su,PH 08:00-16:00"
        },
        "payment": {
          "cash": "unknown",
          "cards": "yes",
          "contactless": "unknown",
          "girocard": "unknown"
        },
        "sources_by_field": {
          "name": "osm",
          "address.street": "osm",
          "address.number": "osm",
          "address.postalcode": "osm",
          "address.city": "osm",
          "hours": "osm",
          "payment.cash": "osm",
          "payment.cards": "osm",
          "payment.contactless": "osm",
          "payment.girocard": "osm"
        },
        "apple_id_attempted": "2026-05-29"
      }
    },
    {
      "type": "Feature",
      "geometry": {
        "type": "Point",
        "coordinates": [
          8.5288156,
          51.1935105
        ]
      },
      "properties": {
        "id": "tk_nwr_osm_n4960062498",
        "name": "Dunhill",
        "address": {
          "street": "Am Waltenberg",
          "number": "27",
          "postalcode": "59955",
          "city": "Winterberg"
        },
        "sources": [
          {
            "type": "osm",
            "id": "node/4960062498",
            "version": 0
          }
        ],
        "created": "2026-05-29",
        "updated": "2026-06-29",
        "sources_by_field": {
          "name": "osm",
          "address.street": "osm",
          "address.number": "osm",
          "address.postalcode": "osm",
          "address.city": "osm"
        },
        "apple_id_attempted": "2026-05-29",
        "google_attempted": "2026-06-05",
        "payment": {}
      }
    },
    {
      "type": "Feature",
      "geometry": {
        "type": "Point",
        "coordinates": [
          8.531112,
          51.1939846
        ]
      },
      "properties": {
        "id": "tk_nwr_osm_n4960062668",
        "name": "City Kiosk",
        "address": {
          "street": "Am Waltenberg",
          "number": "13",
          "postalcode": "59955",
          "city": "Winterberg"
        },
        "sources": [
          {
            "type": "osm",
            "id": "node/4960062668",
            "version": 0
          }
        ],
        "created": "2026-05-29",
        "updated": "2026-06-29",
        "sources_by_field": {
          "name": "osm",
          "address.street": "osm",
          "address.number": "osm",
          "address.postalcode": "osm",
          "address.city": "osm"
        },
        "apple_id_attempted": "2026-05-29",
        "google_attempted": "2026-06-05",
        "payment": {}
      }
    },
    {
      "type": "Feature",
      "geometry": {
        "type": "Point",
        "coordinates": [
          8.0003026,
          51.9470226
        ]
      },
      "properties": {
        "id": "tk_nwr_osm_n500878842",
        "name": "Hit",
        "address": {},
        "sources": [
          {
            "type": "osm",
            "id": "node/500878842",
            "version": 0
          }
        ],
        "created": "2026-05-29",
        "updated": "2026-06-29",
        "tags": [
          "barrierefrei"
        ],
        "sources_by_field": {
          "name": "osm"
        },
        "apple_id_attempted": "2026-05-29",
        "google_attempted": "2026-06-05",
        "payment": {}
      }
    },
    {
      "type": "Feature",
      "geometry": {
        "type": "Point",
        "coordinates": [
          6.2629782,
          50.8201849
        ]
      },
      "properties": {
        "id": "tk_nwr_osm_n5015451185",
        "name": "Boxenstopp",
        "address": {
          "street": "Langwahn",
          "number": "6"
        },
        "sources": [
          {
            "type": "osm",
            "id": "node/5015451185",
            "version": 0
          }
        ],
        "created": "2026-05-29",
        "updated": "2026-06-29",
        "tags": [
          "barrierefrei"
        ],
        "sources_by_field": {
          "name": "osm",
          "address.street": "osm",
          "address.number": "osm"
        },
        "apple_id_attempted": "2026-05-29",
        "google_attempted": "2026-06-05",
        "payment": {}
      }
    },
    {
      "type": "Feature",
      "geometry": {
        "type": "Point",
        "coordinates": [
          7.5229832,
          52.1800889
        ]
      },
      "properties": {
        "id": "tk_nwr_osm_n513534007",
        "name": "Kotze",
        "address": {},
        "sources": [
          {
            "type": "osm",
            "id": "node/513534007",
            "version": 0
          }
        ],
        "created": "2026-05-29",
        "updated": "2026-06-29",
        "sources_by_field": {
          "name": "osm"
        },
        "apple_id_attempted": "2026-05-29",
        "google_attempted": "2026-06-05",
        "payment": {}
      }
    },
    {
      "type": "Feature",
      "geometry": {
        "type": "Point",
        "coordinates": [
          6.0527315,
          50.7853082
        ]
      },
      "properties": {
        "id": "tk_nwr_osm_n5272219130",
        "name": "express markt",
        "address": {
          "street": "Kastanienweg",
          "number": "12",
          "postalcode": "52074",
          "city": "Aachen"
        },
        "sources": [
          {
            "type": "osm",
            "id": "node/5272219130",
            "version": 0
          }
        ],
        "created": "2026-05-29",
        "updated": "2026-06-29",
        "hours": {
          "raw": "Mo-Fr 07:00-24:00; Sa,Su 08:00-24:00"
        },
        "payment": {
          "cash": "yes",
          "cards": "unknown",
          "contactless": "unknown",
          "girocard": "yes"
        },
        "tags": [
          "barrierefrei"
        ],
        "sources_by_field": {
          "name": "osm",
          "address.street": "osm",
          "address.number": "osm",
          "address.postalcode": "osm",
          "address.city": "osm",
          "hours": "osm",
          "payment.cash": "osm",
          "payment.cards": "osm",
          "payment.contactless": "osm",
          "payment.girocard": "osm"
        },
        "apple_id_attempted": "2026-05-29"
      }
    },
    {
      "type": "Feature",
      "geometry": {
        "type": "Point",
        "coordinates": [
          6.4231288,
          51.8450157
        ]
      },
      "properties": {
        "id": "tk_nwr_osm_n5704029837",
        "name": "Getränkeservice ONSTEIN",
        "address": {},
        "sources": [
          {
            "type": "osm",
            "id": "node/5704029837",
            "version": 0
          }
        ],
        "created": "2026-05-29",
        "updated": "2026-06-29",
        "hours": {
          "raw": "Mo-Fr 09:00-21:00; Sa 08:00-21:00"
        },
        "sources_by_field": {
          "name": "osm",
          "hours": "osm"
        },
        "apple_id_attempted": "2026-05-29",
        "google_attempted": "2026-06-05",
        "payment": {}
      }
    },
    {
      "type": "Feature",
      "geometry": {
        "type": "Point",
        "coordinates": [
          6.350403,
          51.338616
        ]
      },
      "properties": {
        "id": "tk_nwr_osm_n578027340",
        "name": "Netto Getränke-Discount",
        "address": {},
        "sources": [
          {
            "type": "osm",
            "id": "node/578027340",
            "version": 0
          }
        ],
        "created": "2026-05-29",
        "updated": "2026-06-15",
        "hours": {
          "raw": "Mo-Sa 08:00-20:00; Su off"
        },
        "sources_by_field": {
          "name": "osm",
          "hours": "osm"
        },
        "apple_id_attempted": "2026-05-29",
        "google_attempted": "2026-06-05",
        "payment": {},
        "osm_removed": true
      }
    },
    {
      "type": "Feature",
      "geometry": {
        "type": "Point",
        "coordinates": [
          6.4668269,
          50.7976164
        ]
      },
      "properties": {
        "id": "tk_nwr_osm_n5783762058",
        "name": "Die Getränke Profis",
        "address": {},
        "sources": [
          {
            "type": "osm",
            "id": "node/5783762058",
            "version": 0
          }
        ],
        "created": "2026-05-29",
        "updated": "2026-06-29",
        "hours": {
          "raw": "Mo-Fr 09:00-19:00; Sa 08:00-16:00"
        },
        "tags": [
          "barrierefrei"
        ],
        "sources_by_field": {
          "name": "osm",
          "hours": "osm"
        },
        "apple_id_attempted": "2026-05-29",
        "google_attempted": "2026-06-05",
        "payment": {}
      }
    },
    {
      "type": "Feature",
      "geometry": {
        "type": "Point",
        "coordinates": [
          7.8083755,
          52.2260475
        ]
      },
      "properties": {
        "id": "tk_nwr_osm_n5820006688",
        "name": "Freibadkiosk",
        "address": {},
        "sources": [
          {
            "type": "osm",
            "id": "node/5820006688",
            "version": 0
          }
        ],
        "created": "2026-05-29",
        "updated": "2026-06-29",
        "sources_by_field": {
          "name": "osm"
        },
        "apple_id_attempted": "2026-05-29",
        "google_attempted": "2026-06-05",
        "payment": {}
      }
    },
    {
      "type": "Feature",
      "geometry": {
        "type": "Point",
        "coordinates": [
          7.9601578,
          52.1486899
        ]
      },
      "properties": {
        "id": "tk_nwr_osm_n597358957",
        "name": "Raiffeisen",
        "address": {},
        "sources": [
          {
            "type": "osm",
            "id": "node/597358957",
            "version": 0
          }
        ],
        "created": "2026-05-29",
        "updated": "2026-06-29",
        "sources_by_field": {
          "name": "osm"
        },
        "apple_id_attempted": "2026-05-29",
        "google_attempted": "2026-06-05",
        "payment": {}
      }
    },
    {
      "type": "Feature",
      "geometry": {
        "type": "Point",
        "coordinates": [
          7.4577514,
          52.2845659
        ]
      },
      "properties": {
        "id": "tk_nwr_osm_n599340619",
        "name": "Star",
        "address": {
          "street": "Osnabrücker Straße",
          "number": "161",
          "postalcode": "48429"
        },
        "sources": [
          {
            "type": "osm",
            "id": "node/599340619",
            "version": 0
          }
        ],
        "created": "2026-05-29",
        "updated": "2026-06-29",
        "hours": {
          "raw": "24/7"
        },
        "sources_by_field": {
          "name": "osm",
          "address.street": "osm",
          "address.number": "osm",
          "address.postalcode": "osm",
          "hours": "osm"
        },
        "apple_id_attempted": "2026-05-29",
        "google_attempted": "2026-06-05",
        "payment": {}
      }
    },
    {
      "type": "Feature",
      "geometry": {
        "type": "Point",
        "coordinates": [
          7.7415251,
          52.2729698
        ]
      },
      "properties": {
        "id": "tk_nwr_osm_n6384057592",
        "name": "MARKTKAUF Getränke",
        "address": {},
        "sources": [
          {
            "type": "osm",
            "id": "node/6384057592",
            "version": 0
          }
        ],
        "created": "2026-05-29",
        "updated": "2026-06-29",
        "hours": {
          "raw": "Mo-Sa 08:00-21:00"
        },
        "tags": [
          "barrierefrei"
        ],
        "sources_by_field": {
          "name": "osm",
          "hours": "osm"
        },
        "apple_id_attempted": "2026-05-29",
        "google_attempted": "2026-06-05",
        "payment": {}
      }
    },
    {
      "type": "Feature",
      "geometry": {
        "type": "Point",
        "coordinates": [
          6.4991641,
          51.8602317
        ]
      },
      "properties": {
        "id": "tk_nwr_osm_n6467938409",
        "name": "Trink Gut",
        "address": {},
        "sources": [
          {
            "type": "osm",
            "id": "node/6467938409",
            "version": 0
          }
        ],
        "created": "2026-05-29",
        "updated": "2026-06-29",
        "hours": {
          "raw": "Mo-Sa 09:00-19:00"
        },
        "sources_by_field": {
          "name": "osm",
          "hours": "osm"
        },
        "apple_id_attempted": "2026-05-29",
        "google_attempted": "2026-06-05",
        "payment": {}
      }
    },
    {
      "type": "Feature",
      "geometry": {
        "type": "Point",
        "coordinates": [
          8.509406,
          51.6396664
        ]
      },
      "properties": {
        "id": "tk_nwr_osm_n6486634941",
        "name": "10 Eleven",
        "address": {
          "street": "Bachstraße",
          "number": "32",
          "postalcode": "59590",
          "city": "Geseke"
        },
        "sources": [
          {
            "type": "osm",
            "id": "node/6486634941",
            "version": 0
          }
        ],
        "created": "2026-05-29",
        "updated": "2026-06-29",
        "hours": {
          "raw": "Tu-Th 16:00-22:00; Fr-Sa 16:00-00:00"
        },
        "sources_by_field": {
          "name": "osm",
          "address.street": "osm",
          "address.number": "osm",
          "address.postalcode": "osm",
          "address.city": "osm",
          "hours": "osm"
        },
        "apple_id_attempted": "2026-05-29",
        "google_attempted": "2026-06-05",
        "payment": {}
      }
    },
    {
      "type": "Feature",
      "geometry": {
        "type": "Point",
        "coordinates": [
          7.4577255,
          52.3044557
        ]
      },
      "properties": {
        "id": "tk_nwr_osm_n670389728",
        "name": "Auge",
        "address": {},
        "sources": [
          {
            "type": "osm",
            "id": "node/670389728",
            "version": 0
          }
        ],
        "created": "2026-05-29",
        "updated": "2026-06-29",
        "tags": [
          "barrierefrei"
        ],
        "sources_by_field": {
          "name": "osm"
        },
        "apple_id_attempted": "2026-05-29",
        "google_attempted": "2026-06-05",
        "payment": {}
      }
    },
    {
      "type": "Feature",
      "geometry": {
        "type": "Point",
        "coordinates": [
          6.4842135,
          50.8071144
        ]
      },
      "properties": {
        "id": "tk_nwr_osm_n6733247796",
        "name": "Stadtkiosk",
        "address": {},
        "sources": [
          {
            "type": "osm",
            "id": "node/6733247796",
            "version": 0
          }
        ],
        "created": "2026-05-29",
        "updated": "2026-06-29",
        "hours": {
          "raw": "Mo-Fr 07:00-21:00; Sa 08:00-21:00; Su 09:00-21:00"
        },
        "sources_by_field": {
          "name": "osm",
          "hours": "osm"
        },
        "apple_id_attempted": "2026-05-29",
        "google_attempted": "2026-06-05",
        "payment": {}
      }
    },
    {
      "type": "Feature",
      "geometry": {
        "type": "Point",
        "coordinates": [
          6.2754631,
          51.1397752
        ]
      },
      "properties": {
        "id": "tk_nwr_osm_n6738649461",
        "name": "Automatenkiosk",
        "address": {
          "street": "Passage Alt Berk",
          "number": "9",
          "postalcode": "41844",
          "city": "Wegberg"
        },
        "sources": [
          {
            "type": "osm",
            "id": "node/6738649461",
            "version": 0
          }
        ],
        "created": "2026-05-29",
        "updated": "2026-06-29",
        "hours": {
          "raw": "24/7"
        },
        "tags": [
          "barrierefrei"
        ],
        "kind": "vending_machine",
        "sources_by_field": {
          "name": "osm",
          "address.street": "osm",
          "address.number": "osm",
          "address.postalcode": "osm",
          "address.city": "osm",
          "hours": "osm"
        },
        "payment": {}
      }
    },
    {
      "type": "Feature",
      "geometry": {
        "type": "Point",
        "coordinates": [
          7.4109785,
          52.2716096
        ]
      },
      "properties": {
        "id": "tk_nwr_osm_n682373189",
        "name": "EDEKA",
        "address": {},
        "sources": [
          {
            "type": "osm",
            "id": "node/682373189",
            "version": 0
          }
        ],
        "created": "2026-05-29",
        "updated": "2026-06-29",
        "sources_by_field": {
          "name": "osm"
        },
        "apple_id_attempted": "2026-05-29",
        "google_attempted": "2026-06-05",
        "payment": {}
      }
    },
    {
      "type": "Feature",
      "geometry": {
        "type": "Point",
        "coordinates": [
          7.4423151,
          52.2868313
        ]
      },
      "properties": {
        "id": "tk_nwr_osm_n689225240",
        "name": "Migo",
        "address": {},
        "sources": [
          {
            "type": "osm",
            "id": "node/689225240",
            "version": 0
          }
        ],
        "created": "2026-05-29",
        "updated": "2026-06-29",
        "hours": {
          "raw": "Mo-Sa 15:00-21:00"
        },
        "tags": [
          "barrierefrei"
        ],
        "sources_by_field": {
          "name": "osm",
          "hours": "osm"
        },
        "apple_id_attempted": "2026-05-29",
        "google_attempted": "2026-06-05",
        "payment": {}
      }
    },
    {
      "type": "Feature",
      "geometry": {
        "type": "Point",
        "coordinates": [
          7.9093822,
          51.132354
        ]
      },
      "properties": {
        "id": "tk_nwr_osm_n701333153",
        "name": "Getränkequelle",
        "address": {},
        "sources": [
          {
            "type": "osm",
            "id": "node/701333153",
            "version": 0
          }
        ],
        "created": "2026-05-29",
        "updated": "2026-06-29",
        "sources_by_field": {
          "name": "osm"
        },
        "apple_id_attempted": "2026-05-29",
        "google_attempted": "2026-06-05",
        "payment": {}
      }
    },
    {
      "type": "Feature",
      "geometry": {
        "type": "Point",
        "coordinates": [
          6.4857108,
          50.8080462
        ]
      },
      "properties": {
        "id": "tk_nwr_osm_n7080118768",
        "name": "Kiosk & Cafe",
        "address": {
          "street": "Kreuzstraße",
          "number": "12",
          "postalcode": "52351",
          "city": "Düren"
        },
        "sources": [
          {
            "type": "osm",
            "id": "node/7080118768",
            "version": 0
          }
        ],
        "created": "2026-05-29",
        "updated": "2026-06-29",
        "sources_by_field": {
          "name": "osm",
          "address.street": "osm",
          "address.number": "osm",
          "address.postalcode": "osm",
          "address.city": "osm"
        },
        "apple_id_attempted": "2026-05-29",
        "google_attempted": "2026-06-05",
        "payment": {}
      }
    },
    {
      "type": "Feature",
      "geometry": {
        "type": "Point",
        "coordinates": [
          6.2034596,
          51.7663368
        ]
      },
      "properties": {
        "id": "tk_nwr_osm_n718675121",
        "name": "Getränkeservice Simons",
        "address": {},
        "sources": [
          {
            "type": "osm",
            "id": "node/718675121",
            "version": 0
          }
        ],
        "created": "2026-05-29",
        "updated": "2026-06-29",
        "sources_by_field": {
          "name": "osm"
        },
        "apple_id_attempted": "2026-05-29",
        "google_attempted": "2026-06-05",
        "payment": {}
      }
    },
    {
      "type": "Feature",
      "geometry": {
        "type": "Point",
        "coordinates": [
          7.3667647,
          52.0612209
        ]
      },
      "properties": {
        "id": "tk_nwr_osm_n7237067487",
        "name": "Pinkus Müller Brauerei",
        "address": {
          "street": "Bleiche",
          "number": "12",
          "postalcode": "48366",
          "city": "Laer"
        },
        "sources": [
          {
            "type": "osm",
            "id": "node/7237067487",
            "version": 0
          }
        ],
        "created": "2026-05-29",
        "updated": "2026-06-29",
        "sources_by_field": {
          "name": "osm",
          "address.street": "osm",
          "address.number": "osm",
          "address.postalcode": "osm",
          "address.city": "osm"
        },
        "apple_id_attempted": "2026-05-29",
        "google_attempted": "2026-06-05",
        "payment": {}
      }
    },
    {
      "type": "Feature",
      "geometry": {
        "type": "Point",
        "coordinates": [
          6.3658951,
          51.2849399
        ]
      },
      "properties": {
        "id": "tk_nwr_osm_n7318600069",
        "name": "bft",
        "address": {},
        "sources": [
          {
            "type": "osm",
            "id": "node/7318600069",
            "version": 0
          }
        ],
        "created": "2026-05-29",
        "updated": "2026-06-29",
        "hours": {
          "raw": "Mo-Sa 08:00-21:30; Su 11:00-21:30"
        },
        "sources_by_field": {
          "name": "osm",
          "hours": "osm"
        },
        "apple_id_attempted": "2026-05-29",
        "google_attempted": "2026-06-05",
        "payment": {}
      }
    },
    {
      "type": "Feature",
      "geometry": {
        "type": "Point",
        "coordinates": [
          8.1393459,
          51.5567042
        ]
      },
      "properties": {
        "id": "tk_nwr_osm_n7360222472",
        "name": "Sprenger GetränkeService",
        "address": {
          "street": "Overweg",
          "number": "11",
          "postalcode": "59494",
          "city": "Soest"
        },
        "sources": [
          {
            "type": "osm",
            "id": "node/7360222472",
            "version": 0
          }
        ],
        "created": "2026-05-29",
        "updated": "2026-06-29",
        "hours": {
          "raw": "Mo-Fr 09:00-18:00, Sa 09:00-13:00"
        },
        "payment": {
          "cash": "yes",
          "cards": "yes",
          "contactless": "unknown",
          "girocard": "unknown"
        },
        "tags": [
          "barrierefrei"
        ],
        "sources_by_field": {
          "name": "osm",
          "address.street": "osm",
          "address.number": "osm",
          "address.postalcode": "osm",
          "address.city": "osm",
          "hours": "osm",
          "payment.cash": "osm",
          "payment.cards": "osm",
          "payment.contactless": "osm",
          "payment.girocard": "osm"
        },
        "apple_id_attempted": "2026-05-29"
      }
    },
    {
      "type": "Feature",
      "geometry": {
        "type": "Point",
        "coordinates": [
          8.9287872,
          51.7170789
        ]
      },
      "properties": {
        "id": "tk_nwr_osm_n743541855",
        "name": "Käohers",
        "address": {},
        "sources": [
          {
            "type": "osm",
            "id": "node/743541855",
            "version": 0
          }
        ],
        "created": "2026-05-29",
        "updated": "2026-06-29",
        "sources_by_field": {
          "name": "osm"
        },
        "apple_id_attempted": "2026-05-29",
        "google_attempted": "2026-06-05",
        "payment": {}
      }
    },
    {
      "type": "Feature",
      "geometry": {
        "type": "Point",
        "coordinates": [
          9.0374073,
          51.527823
        ]
      },
      "properties": {
        "id": "tk_nwr_osm_n755853417",
        "name": "REWE Getränke",
        "address": {},
        "sources": [
          {
            "type": "osm",
            "id": "node/755853417",
            "version": 0
          }
        ],
        "created": "2026-05-29",
        "updated": "2026-06-29",
        "hours": {
          "raw": "Mo-Sa 07:00-22:00"
        },
        "sources_by_field": {
          "name": "osm",
          "hours": "osm"
        },
        "apple_id_attempted": "2026-05-29",
        "google_attempted": "2026-06-05",
        "payment": {}
      }
    },
    {
      "type": "Feature",
      "geometry": {
        "type": "Point",
        "coordinates": [
          6.4993694,
          50.7921141
        ]
      },
      "properties": {
        "id": "tk_nwr_osm_n7570045129",
        "name": "Lotto/Toto Martick",
        "address": {
          "street": "Eberhard-Hoesch-Straße",
          "number": "122",
          "postalcode": "52351",
          "city": "Düren"
        },
        "sources": [
          {
            "type": "osm",
            "id": "node/7570045129",
            "version": 0
          }
        ],
        "created": "2026-05-29",
        "updated": "2026-06-29",
        "hours": {
          "raw": "Mo-Fr 08:00-18:00; Sa 08:00-14:00; Su,PH off"
        },
        "sources_by_field": {
          "name": "osm",
          "address.street": "osm",
          "address.number": "osm",
          "address.postalcode": "osm",
          "address.city": "osm",
          "hours": "osm"
        },
        "apple_id_attempted": "2026-05-29",
        "google_attempted": "2026-06-05",
        "payment": {}
      }
    },
    {
      "type": "Feature",
      "geometry": {
        "type": "Point",
        "coordinates": [
          6.6279983,
          50.9396442
        ]
      },
      "properties": {
        "id": "tk_nwr_osm_n7710658113",
        "name": "Grill-Stube",
        "address": {},
        "sources": [
          {
            "type": "osm",
            "id": "node/7710658113",
            "version": 0
          }
        ],
        "created": "2026-05-29",
        "updated": "2026-06-29",
        "sources_by_field": {
          "name": "osm"
        },
        "apple_id_attempted": "2026-05-29",
        "google_attempted": "2026-06-05",
        "payment": {}
      }
    },
    {
      "type": "Feature",
      "geometry": {
        "type": "Point",
        "coordinates": [
          6.6370149,
          50.9530066
        ]
      },
      "properties": {
        "id": "tk_nwr_osm_n7826086151",
        "name": "Baraka Kiosk",
        "address": {},
        "sources": [
          {
            "type": "osm",
            "id": "node/7826086151",
            "version": 0
          }
        ],
        "created": "2026-05-29",
        "updated": "2026-06-29",
        "hours": {
          "raw": "Mo-Su 06:00-23:00"
        },
        "sources_by_field": {
          "name": "osm",
          "hours": "osm"
        },
        "apple_id_attempted": "2026-05-29",
        "google_attempted": "2026-06-05",
        "payment": {}
      }
    },
    {
      "type": "Feature",
      "geometry": {
        "type": "Point",
        "coordinates": [
          6.2791005,
          51.3418682
        ]
      },
      "properties": {
        "id": "tk_nwr_osm_n7900079243",
        "name": "Kletterpark Niederrhein",
        "address": {},
        "sources": [
          {
            "type": "osm",
            "id": "node/7900079243",
            "version": 0
          }
        ],
        "created": "2026-05-29",
        "updated": "2026-06-29",
        "hours": {
          "raw": "Jul-Aug: Mo-Su 09:30-19:00; Nov-Mar: Mo-Su off; Apr-Jun, Sep-Oct: Mo-We off, Th, Fr 13:00-19:00, Sa, Su 09:30-19:00"
        },
        "payment": {
          "cash": "yes",
          "cards": "unknown",
          "contactless": "unknown",
          "girocard": "yes"
        },
        "sources_by_field": {
          "name": "osm",
          "hours": "osm",
          "payment.cash": "osm",
          "payment.cards": "osm",
          "payment.contactless": "osm",
          "payment.girocard": "osm"
        },
        "apple_id_attempted": "2026-05-29"
      }
    },
    {
      "type": "Feature",
      "geometry": {
        "type": "Point",
        "coordinates": [
          8.2869328,
          51.1437703
        ]
      },
      "properties": {
        "id": "tk_nwr_osm_n7966067003",
        "name": "Getränkeshop",
        "address": {
          "street": "Unterm Werth",
          "number": "24b",
          "postalcode": "57392",
          "city": "Schmallenberg"
        },
        "sources": [
          {
            "type": "osm",
            "id": "node/7966067003",
            "version": 0
          }
        ],
        "created": "2026-05-29",
        "updated": "2026-06-29",
        "hours": {
          "raw": "Mo-Sa 07:00-20:00"
        },
        "tags": [
          "barrierefrei"
        ],
        "sources_by_field": {
          "name": "osm",
          "address.street": "osm",
          "address.number": "osm",
          "address.postalcode": "osm",
          "address.city": "osm",
          "hours": "osm"
        },
        "apple_id_attempted": "2026-05-29",
        "google_attempted": "2026-06-05",
        "payment": {}
      }
    },
    {
      "type": "Feature",
      "geometry": {
        "type": "Point",
        "coordinates": [
          6.2869839,
          51.7375458
        ]
      },
      "properties": {
        "id": "tk_nwr_osm_n802164414",
        "name": "SB Tank",
        "address": {
          "street": "Bahnhofstraße",
          "number": "6",
          "postalcode": "47546",
          "city": "Kalkar"
        },
        "sources": [
          {
            "type": "osm",
            "id": "node/802164414",
            "version": 0
          }
        ],
        "created": "2026-05-29",
        "updated": "2026-06-29",
        "sources_by_field": {
          "name": "osm",
          "address.street": "osm",
          "address.number": "osm",
          "address.postalcode": "osm",
          "address.city": "osm"
        },
        "apple_id_attempted": "2026-05-29",
        "google_attempted": "2026-06-05",
        "payment": {}
      }
    },
    {
      "type": "Feature",
      "geometry": {
        "type": "Point",
        "coordinates": [
          6.5896092,
          51.8360789
        ]
      },
      "properties": {
        "id": "tk_nwr_osm_n8273570137",
        "name": "Feldmark Kiosk",
        "address": {
          "street": "Werther Straße",
          "number": "125",
          "postalcode": "46395",
          "city": "Bocholt"
        },
        "sources": [
          {
            "type": "osm",
            "id": "node/8273570137",
            "version": 0
          }
        ],
        "created": "2026-05-29",
        "updated": "2026-06-29",
        "sources_by_field": {
          "name": "osm",
          "address.street": "osm",
          "address.number": "osm",
          "address.postalcode": "osm",
          "address.city": "osm"
        },
        "apple_id_attempted": "2026-05-29",
        "google_attempted": "2026-06-05",
        "payment": {}
      }
    },
    {
      "type": "Feature",
      "geometry": {
        "type": "Point",
        "coordinates": [
          6.4893055,
          50.8381606
        ]
      },
      "properties": {
        "id": "tk_nwr_osm_n843323895",
        "name": "Kiosk am Eck",
        "address": {
          "street": "Arnoldusstraße",
          "number": "32",
          "postalcode": "52353",
          "city": "Düren",
          "district": "Arnoldsweiler"
        },
        "sources": [
          {
            "type": "osm",
            "id": "node/843323895",
            "version": 0
          }
        ],
        "created": "2026-05-29",
        "updated": "2026-06-29",
        "sources_by_field": {
          "name": "osm",
          "address.street": "osm",
          "address.number": "osm",
          "address.postalcode": "osm",
          "address.city": "osm",
          "address.district": "osm"
        },
        "apple_id_attempted": "2026-05-29",
        "google_attempted": "2026-06-05",
        "payment": {}
      }
    },
    {
      "type": "Feature",
      "geometry": {
        "type": "Point",
        "coordinates": [
          7.9075011,
          51.1259875
        ]
      },
      "properties": {
        "id": "tk_nwr_osm_n855190627",
        "name": "Brüsers Kiosk",
        "address": {},
        "sources": [
          {
            "type": "osm",
            "id": "node/855190627",
            "version": 0
          }
        ],
        "created": "2026-05-29",
        "updated": "2026-06-29",
        "sources_by_field": {
          "name": "osm"
        },
        "apple_id_attempted": "2026-05-29",
        "google_attempted": "2026-06-05",
        "payment": {}
      }
    },
    {
      "type": "Feature",
      "geometry": {
        "type": "Point",
        "coordinates": [
          6.6431585,
          50.9567786
        ]
      },
      "properties": {
        "id": "tk_nwr_osm_n8579043486",
        "name": "Op de Eck bei Rosa",
        "address": {},
        "sources": [
          {
            "type": "osm",
            "id": "node/8579043486",
            "version": 0
          }
        ],
        "created": "2026-05-29",
        "updated": "2026-06-29",
        "sources_by_field": {
          "name": "osm"
        },
        "apple_id_attempted": "2026-05-29",
        "google_attempted": "2026-06-05",
        "payment": {}
      }
    },
    {
      "type": "Feature",
      "geometry": {
        "type": "Point",
        "coordinates": [
          7.5313849,
          52.1765402
        ]
      },
      "properties": {
        "id": "tk_nwr_osm_n859324195",
        "name": "Break",
        "address": {},
        "sources": [
          {
            "type": "osm",
            "id": "node/859324195",
            "version": 0
          }
        ],
        "created": "2026-05-29",
        "updated": "2026-06-29",
        "hours": {
          "raw": "Mo-Fr 05:00-19:00; Sa 07:00-17:00, PH off"
        },
        "sources_by_field": {
          "name": "osm",
          "hours": "osm"
        },
        "apple_id_attempted": "2026-05-29",
        "google_attempted": "2026-06-05",
        "payment": {}
      }
    },
    {
      "type": "Feature",
      "geometry": {
        "type": "Point",
        "coordinates": [
          8.2693047,
          51.2627478
        ]
      },
      "properties": {
        "id": "tk_nwr_osm_n8807415215",
        "name": "\"Biergarten\" - Getränkebox im Boden",
        "address": {},
        "sources": [
          {
            "type": "osm",
            "id": "node/8807415215",
            "version": 0
          }
        ],
        "created": "2026-05-29",
        "updated": "2026-06-29",
        "hours": {
          "raw": "PH,Mo-Su 00:00-23:00+"
        },
        "sources_by_field": {
          "name": "osm",
          "hours": "osm"
        },
        "apple_id_attempted": "2026-05-29",
        "google_attempted": "2026-06-05",
        "payment": {}
      }
    },
    {
      "type": "Feature",
      "geometry": {
        "type": "Point",
        "coordinates": [
          6.2827236,
          50.8955878
        ]
      },
      "properties": {
        "id": "tk_nwr_osm_n8809302600",
        "name": "City Shop",
        "address": {},
        "sources": [
          {
            "type": "osm",
            "id": "node/8809302600",
            "version": 0
          }
        ],
        "created": "2026-05-29",
        "updated": "2026-06-29",
        "sources_by_field": {
          "name": "osm"
        },
        "apple_id_attempted": "2026-05-29",
        "google_attempted": "2026-06-05",
        "payment": {}
      }
    },
    {
      "type": "Feature",
      "geometry": {
        "type": "Point",
        "coordinates": [
          6.5718273,
          50.9347528
        ]
      },
      "properties": {
        "id": "tk_nwr_osm_n9193147206",
        "name": "Der Kiosk",
        "address": {},
        "sources": [
          {
            "type": "osm",
            "id": "node/9193147206",
            "version": 0
          }
        ],
        "created": "2026-05-29",
        "updated": "2026-06-29",
        "sources_by_field": {
          "name": "osm"
        },
        "apple_id_attempted": "2026-05-29",
        "google_attempted": "2026-06-05",
        "payment": {}
      }
    },
    {
      "type": "Feature",
      "geometry": {
        "type": "Point",
        "coordinates": [
          6.3252134,
          51.0319774
        ]
      },
      "properties": {
        "id": "tk_nwr_osm_n923233092",
        "name": "Kiosk 1",
        "address": {
          "street": "Kirchplatz",
          "postalcode": "41812",
          "city": "Erkelenz"
        },
        "sources": [
          {
            "type": "osm",
            "id": "node/923233092",
            "version": 0
          }
        ],
        "created": "2026-05-29",
        "updated": "2026-06-29",
        "sources_by_field": {
          "name": "osm",
          "address.street": "osm",
          "address.postalcode": "osm",
          "address.city": "osm"
        },
        "apple_id_attempted": "2026-05-29",
        "google_attempted": "2026-06-05",
        "payment": {}
      }
    },
    {
      "type": "Feature",
      "geometry": {
        "type": "Point",
        "coordinates": [
          6.134783,
          51.7914881
        ]
      },
      "properties": {
        "id": "tk_nwr_osm_n9426819779",
        "name": "Esso",
        "address": {},
        "sources": [
          {
            "type": "osm",
            "id": "node/9426819779",
            "version": 0
          }
        ],
        "created": "2026-05-29",
        "updated": "2026-06-29",
        "hours": {
          "raw": "Mo-Su 06:00-22:00"
        },
        "sources_by_field": {
          "name": "osm",
          "hours": "osm"
        },
        "apple_id_attempted": "2026-05-29",
        "google_attempted": "2026-06-05",
        "payment": {}
      }
    },
    {
      "type": "Feature",
      "geometry": {
        "type": "Point",
        "coordinates": [
          7.887161,
          51.7490889
        ]
      },
      "properties": {
        "id": "tk_nwr_osm_n9505780220",
        "name": "Shop 67",
        "address": {},
        "sources": [
          {
            "type": "osm",
            "id": "node/9505780220",
            "version": 0
          }
        ],
        "created": "2026-05-29",
        "updated": "2026-06-29",
        "sources_by_field": {
          "name": "osm"
        },
        "apple_id_attempted": "2026-05-29",
        "google_attempted": "2026-06-05",
        "payment": {}
      }
    },
    {
      "type": "Feature",
      "geometry": {
        "type": "Point",
        "coordinates": [
          6.2281247,
          51.2197668
        ]
      },
      "properties": {
        "id": "tk_nwr_osm_n951371341",
        "name": "Kiosk am Minigolfplatz",
        "address": {
          "street": "Harikseeweg",
          "number": "75",
          "postalcode": "41366",
          "city": "Schwalmtal"
        },
        "sources": [
          {
            "type": "osm",
            "id": "node/951371341",
            "version": 0
          }
        ],
        "created": "2026-05-29",
        "updated": "2026-06-29",
        "hours": {
          "raw": "Mar-Oct 11:00-19:00"
        },
        "sources_by_field": {
          "name": "osm",
          "address.street": "osm",
          "address.number": "osm",
          "address.postalcode": "osm",
          "address.city": "osm",
          "hours": "osm"
        },
        "apple_id_attempted": "2026-05-29",
        "google_attempted": "2026-06-05",
        "payment": {}
      }
    },
    {
      "type": "Feature",
      "geometry": {
        "type": "Point",
        "coordinates": [
          6.8164707,
          52.0417069
        ]
      },
      "properties": {
        "id": "tk_nwr_osm_n9658167050",
        "name": "Esseling Haus- und Energietechnik",
        "address": {
          "street": "Hooge Süringe",
          "number": "7",
          "postalcode": "48691",
          "city": "Vreden"
        },
        "sources": [
          {
            "type": "osm",
            "id": "node/9658167050",
            "version": 0
          }
        ],
        "created": "2026-05-29",
        "updated": "2026-06-15",
        "sources_by_field": {
          "name": "osm",
          "address.street": "osm",
          "address.number": "osm",
          "address.postalcode": "osm",
          "address.city": "osm"
        },
        "apple_id_attempted": "2026-05-29",
        "google_attempted": "2026-06-05",
        "payment": {},
        "osm_removed": true
      }
    },
    {
      "type": "Feature",
      "geometry": {
        "type": "Point",
        "coordinates": [
          8.8957661,
          51.6140294
        ]
      },
      "properties": {
        "id": "tk_nwr_osm_n9943412513",
        "name": "Edeka",
        "address": {},
        "sources": [
          {
            "type": "osm",
            "id": "node/9943412513",
            "version": 0
          }
        ],
        "created": "2026-05-29",
        "updated": "2026-06-29",
        "hours": {
          "raw": "Mo-Sa 7:00-20:00"
        },
        "sources_by_field": {
          "name": "osm",
          "hours": "osm"
        },
        "apple_id_attempted": "2026-05-29",
        "google_attempted": "2026-06-05",
        "payment": {}
      }
    },
    {
      "type": "Feature",
      "geometry": {
        "type": "Point",
        "coordinates": [
          7.9051541,
          51.5517638
        ]
      },
      "properties": {
        "id": "tk_nwr_osm_w113238708",
        "name": "Kiosk Presse",
        "address": {
          "street": "Unnaer Straße",
          "number": "17",
          "postalcode": "59457",
          "city": "Werl"
        },
        "sources": [
          {
            "type": "osm",
            "id": "way/113238708",
            "version": 0
          }
        ],
        "created": "2026-05-29",
        "updated": "2026-06-29",
        "tags": [
          "barrierefrei"
        ],
        "sources_by_field": {
          "name": "osm",
          "address.street": "osm",
          "address.number": "osm",
          "address.postalcode": "osm",
          "address.city": "osm"
        },
        "apple_id_attempted": "2026-05-29",
        "google_attempted": "2026-06-05",
        "payment": {}
      }
    },
    {
      "type": "Feature",
      "geometry": {
        "type": "Point",
        "coordinates": [
          7.7393746,
          52.26733
        ]
      },
      "properties": {
        "id": "tk_nwr_osm_w1154292689",
        "name": "ISV",
        "address": {},
        "sources": [
          {
            "type": "osm",
            "id": "way/1154292689",
            "version": 0
          }
        ],
        "created": "2026-05-29",
        "updated": "2026-06-29",
        "sources_by_field": {
          "name": "osm"
        },
        "apple_id_attempted": "2026-05-29",
        "google_attempted": "2026-06-05",
        "payment": {}
      }
    },
    {
      "type": "Feature",
      "geometry": {
        "type": "Point",
        "coordinates": [
          6.2792489,
          51.0364091
        ]
      },
      "properties": {
        "id": "tk_nwr_osm_w1181351787",
        "name": "Netto Getränke-Discount",
        "address": {
          "street": "Richard-Skor-Weg",
          "number": "2",
          "postalcode": "41836",
          "city": "Hückelhoven",
          "district": "Baal"
        },
        "sources": [
          {
            "type": "osm",
            "id": "way/1181351787",
            "version": 0
          }
        ],
        "created": "2026-05-29",
        "updated": "2026-06-15",
        "hours": {
          "raw": "Mo-Sa 08:00-20:00; Su,PH off"
        },
        "sources_by_field": {
          "name": "osm",
          "address.street": "osm",
          "address.number": "osm",
          "address.postalcode": "osm",
          "address.city": "osm",
          "address.district": "osm",
          "hours": "osm"
        },
        "apple_id_attempted": "2026-05-29",
        "google_attempted": "2026-06-11",
        "payment": {},
        "osm_removed": true
      }
    },
    {
      "type": "Feature",
      "geometry": {
        "type": "Point",
        "coordinates": [
          6.2249175,
          51.0164924
        ]
      },
      "properties": {
        "id": "tk_nwr_osm_w120117146",
        "name": "Don Alfonso",
        "address": {},
        "sources": [
          {
            "type": "osm",
            "id": "way/120117146",
            "version": 0
          }
        ],
        "created": "2026-05-29",
        "updated": "2026-06-29",
        "hours": {
          "raw": "May 15-Aug 31 open \"Öffnungszeiten: Saison: 15.5.-31.8\""
        },
        "sources_by_field": {
          "name": "osm",
          "hours": "osm"
        },
        "apple_id_attempted": "2026-05-29",
        "google_attempted": "2026-06-11",
        "payment": {}
      }
    },
    {
      "type": "Feature",
      "geometry": {
        "type": "Point",
        "coordinates": [
          8.3555832,
          51.4900169
        ]
      },
      "properties": {
        "id": "tk_nwr_osm_w130428282",
        "name": "Getränke Prinz",
        "address": {
          "street": "Wiebusch",
          "number": "119",
          "postalcode": "59581",
          "city": "Warstein",
          "district": "Belecke"
        },
        "sources": [
          {
            "type": "osm",
            "id": "way/130428282",
            "version": 0
          }
        ],
        "created": "2026-05-29",
        "updated": "2026-06-29",
        "sources_by_field": {
          "name": "osm",
          "address.street": "osm",
          "address.number": "osm",
          "address.postalcode": "osm",
          "address.city": "osm",
          "address.district": "osm"
        },
        "apple_id_attempted": "2026-05-29",
        "google_attempted": "2026-06-11",
        "payment": {}
      }
    },
    {
      "type": "Feature",
      "geometry": {
        "type": "Point",
        "coordinates": [
          7.8690417,
          51.6812906
        ]
      },
      "properties": {
        "id": "tk_nwr_osm_w133944127",
        "name": "Kiosk",
        "address": {
          "street": "Marker Dorfstraße",
          "number": "123",
          "postalcode": "59071",
          "city": "Hamm"
        },
        "sources": [
          {
            "type": "osm",
            "id": "way/133944127",
            "version": 0
          }
        ],
        "created": "2026-05-29",
        "updated": "2026-06-29",
        "hours": {
          "raw": "Mo-Fr 06:00-20:00; Sa 07:00-20:00; Su 10:00-20:00"
        },
        "sources_by_field": {
          "name": "osm",
          "address.street": "osm",
          "address.number": "osm",
          "address.postalcode": "osm",
          "address.city": "osm",
          "hours": "osm"
        },
        "apple_id_attempted": "2026-05-29",
        "google_attempted": "2026-06-11",
        "payment": {}
      }
    },
    {
      "type": "Feature",
      "geometry": {
        "type": "Point",
        "coordinates": [
          7.8696782,
          51.6909144
        ]
      },
      "properties": {
        "id": "tk_nwr_osm_w134677028",
        "name": "Total",
        "address": {},
        "sources": [
          {
            "type": "osm",
            "id": "way/134677028",
            "version": 0
          }
        ],
        "created": "2026-05-29",
        "updated": "2026-06-29",
        "tags": [
          "barrierefrei"
        ],
        "sources_by_field": {
          "name": "osm"
        },
        "apple_id_attempted": "2026-05-29",
        "google_attempted": "2026-06-11",
        "payment": {}
      }
    },
    {
      "type": "Feature",
      "geometry": {
        "type": "Point",
        "coordinates": [
          7.8702099,
          51.6906876
        ]
      },
      "properties": {
        "id": "tk_nwr_osm_w134677045",
        "name": "Getränke Oase",
        "address": {
          "street": "Alter Uentroper Weg",
          "number": "68",
          "postalcode": "59071",
          "city": "Hamm"
        },
        "sources": [
          {
            "type": "osm",
            "id": "way/134677045",
            "version": 0
          }
        ],
        "created": "2026-05-29",
        "updated": "2026-06-29",
        "hours": {
          "raw": "Mo-Fr 09:00-20:00; Sa 08:00-18:00"
        },
        "tags": [
          "barrierefrei"
        ],
        "sources_by_field": {
          "name": "osm",
          "address.street": "osm",
          "address.number": "osm",
          "address.postalcode": "osm",
          "address.city": "osm",
          "hours": "osm"
        },
        "apple_id_attempted": "2026-05-29",
        "google_attempted": "2026-06-11",
        "payment": {}
      }
    },
    {
      "type": "Feature",
      "geometry": {
        "type": "Point",
        "coordinates": [
          8.5840087,
          51.3972358
        ]
      },
      "properties": {
        "id": "tk_nwr_osm_w1362887844",
        "name": "Netto Getränke-Discount",
        "address": {
          "street": "Keffelker Straße",
          "number": "41",
          "postalcode": "59929",
          "city": "Brilon"
        },
        "sources": [
          {
            "type": "osm",
            "id": "way/1362887844",
            "version": 0
          }
        ],
        "created": "2026-05-29",
        "updated": "2026-06-15",
        "hours": {
          "raw": "Mo-Sa 08:00-20:00"
        },
        "sources_by_field": {
          "name": "osm",
          "address.street": "osm",
          "address.number": "osm",
          "address.postalcode": "osm",
          "address.city": "osm",
          "hours": "osm"
        },
        "apple_id_attempted": "2026-05-29",
        "google_attempted": "2026-06-11",
        "payment": {},
        "osm_removed": true
      }
    },
    {
      "type": "Feature",
      "geometry": {
        "type": "Point",
        "coordinates": [
          7.3144265,
          52.1511567
        ]
      },
      "properties": {
        "id": "tk_nwr_osm_w138018002",
        "name": "Schnieder Getränke",
        "address": {
          "street": "Sonnenschein",
          "number": "65",
          "postalcode": "48565",
          "city": "Steinfurt"
        },
        "sources": [
          {
            "type": "osm",
            "id": "way/138018002",
            "version": 0
          }
        ],
        "created": "2026-05-29",
        "updated": "2026-06-29",
        "sources_by_field": {
          "name": "osm",
          "address.street": "osm",
          "address.number": "osm",
          "address.postalcode": "osm",
          "address.city": "osm"
        },
        "apple_id_attempted": "2026-05-29",
        "google_attempted": "2026-06-11",
        "payment": {}
      }
    },
    {
      "type": "Feature",
      "geometry": {
        "type": "Point",
        "coordinates": [
          6.215866,
          51.0964475
        ]
      },
      "properties": {
        "id": "tk_nwr_osm_w146443348",
        "name": "Aral",
        "address": {},
        "sources": [
          {
            "type": "osm",
            "id": "way/146443348",
            "version": 0
          }
        ],
        "created": "2026-05-29",
        "updated": "2026-06-29",
        "sources_by_field": {
          "name": "osm"
        },
        "apple_id_attempted": "2026-05-29",
        "google_attempted": "2026-06-11",
        "payment": {}
      }
    },
    {
      "type": "Feature",
      "geometry": {
        "type": "Point",
        "coordinates": [
          7.687494,
          50.9971701
        ]
      },
      "properties": {
        "id": "tk_nwr_osm_w1493933734",
        "name": "Piratenkiosk",
        "address": {},
        "sources": [
          {
            "type": "osm",
            "id": "way/1493933734",
            "version": 0
          }
        ],
        "created": "2026-06-29",
        "updated": "2026-06-29",
        "sources_by_field": {
          "name": "osm"
        }
      }
    },
    {
      "type": "Feature",
      "geometry": {
        "type": "Point",
        "coordinates": [
          6.5498494,
          51.5009616
        ]
      },
      "properties": {
        "id": "tk_nwr_osm_w155841011",
        "name": "Stadtkiosk",
        "address": {},
        "sources": [
          {
            "type": "osm",
            "id": "way/155841011",
            "version": 0
          }
        ],
        "created": "2026-05-29",
        "updated": "2026-06-29",
        "sources_by_field": {
          "name": "osm"
        },
        "apple_id_attempted": "2026-05-29",
        "google_attempted": "2026-06-11",
        "payment": {}
      }
    },
    {
      "type": "Feature",
      "geometry": {
        "type": "Point",
        "coordinates": [
          8.1020773,
          50.9868845
        ]
      },
      "properties": {
        "id": "tk_nwr_osm_w162427247",
        "name": "Cornelia Feldmann",
        "address": {
          "street": "Wittgensteiner Straße",
          "number": "8",
          "postalcode": "57271",
          "city": "Hilchenbach"
        },
        "sources": [
          {
            "type": "osm",
            "id": "way/162427247",
            "version": 0
          }
        ],
        "created": "2026-05-29",
        "updated": "2026-06-29",
        "hours": {
          "raw": "Mo-Fr 06:00-22:00; Sa,Su 07:00-22:00"
        },
        "sources_by_field": {
          "name": "osm",
          "address.street": "osm",
          "address.number": "osm",
          "address.postalcode": "osm",
          "address.city": "osm",
          "hours": "osm"
        },
        "apple_id_attempted": "2026-05-29",
        "google_attempted": "2026-06-11",
        "payment": {}
      }
    },
    {
      "type": "Feature",
      "geometry": {
        "type": "Point",
        "coordinates": [
          8.2129759,
          51.567692
        ]
      },
      "properties": {
        "id": "tk_nwr_osm_w190300171",
        "name": "Getränke Palmer",
        "address": {
          "street": "Neuengeseker Straße",
          "number": "9",
          "postalcode": "59505",
          "city": "Bad Sassendorf",
          "district": "Enkesen im Klei"
        },
        "sources": [
          {
            "type": "osm",
            "id": "way/190300171",
            "version": 0
          }
        ],
        "created": "2026-05-29",
        "updated": "2026-06-29",
        "sources_by_field": {
          "name": "osm",
          "address.street": "osm",
          "address.number": "osm",
          "address.postalcode": "osm",
          "address.city": "osm",
          "address.district": "osm"
        },
        "apple_id_attempted": "2026-05-29",
        "google_attempted": "2026-06-11",
        "payment": {}
      }
    },
    {
      "type": "Feature",
      "geometry": {
        "type": "Point",
        "coordinates": [
          8.0037445,
          51.5165735
        ]
      },
      "properties": {
        "id": "tk_nwr_osm_w195406241",
        "name": "Franz Suermann Getränke-Fachgroßhandlung",
        "address": {
          "street": "Lanner",
          "number": "3",
          "postalcode": "59469",
          "city": "Ense"
        },
        "sources": [
          {
            "type": "osm",
            "id": "way/195406241",
            "version": 0
          }
        ],
        "created": "2026-05-29",
        "updated": "2026-06-29",
        "sources_by_field": {
          "name": "osm",
          "address.street": "osm",
          "address.number": "osm",
          "address.postalcode": "osm",
          "address.city": "osm"
        },
        "apple_id_attempted": "2026-05-29",
        "google_attempted": "2026-06-11",
        "payment": {}
      }
    },
    {
      "type": "Feature",
      "geometry": {
        "type": "Point",
        "coordinates": [
          8.1428208,
          51.6638625
        ]
      },
      "properties": {
        "id": "tk_nwr_osm_w198505944",
        "name": "REWE Getränke",
        "address": {
          "street": "Lippborger Straße",
          "number": "12",
          "postalcode": "59510",
          "city": "Lippetal",
          "district": "Herzfeld"
        },
        "sources": [
          {
            "type": "osm",
            "id": "way/198505944",
            "version": 0
          }
        ],
        "created": "2026-05-29",
        "updated": "2026-06-29",
        "tags": [
          "barrierefrei"
        ],
        "sources_by_field": {
          "name": "osm",
          "address.street": "osm",
          "address.number": "osm",
          "address.postalcode": "osm",
          "address.city": "osm",
          "address.district": "osm"
        },
        "apple_id_attempted": "2026-05-29",
        "google_attempted": "2026-06-11",
        "payment": {}
      }
    },
    {
      "type": "Feature",
      "geometry": {
        "type": "Point",
        "coordinates": [
          7.4332202,
          52.3184572
        ]
      },
      "properties": {
        "id": "tk_nwr_osm_w222235315",
        "name": "Krimphoff & Schulte",
        "address": {
          "postalcode": "48432",
          "city": "Rheine"
        },
        "sources": [
          {
            "type": "osm",
            "id": "way/222235315",
            "version": 0
          }
        ],
        "created": "2026-05-29",
        "updated": "2026-06-29",
        "tags": [
          "barrierefrei"
        ],
        "kind": "vending_machine",
        "sources_by_field": {
          "name": "osm",
          "address.postalcode": "osm",
          "address.city": "osm"
        },
        "payment": {}
      }
    },
    {
      "type": "Feature",
      "geometry": {
        "type": "Point",
        "coordinates": [
          8.0428659,
          51.6634392
        ]
      },
      "properties": {
        "id": "tk_nwr_osm_w227139549",
        "name": "Getränke Oase",
        "address": {
          "street": "Hauptstraße",
          "number": "46",
          "postalcode": "59510",
          "city": "Lippetal",
          "district": "Lippborg"
        },
        "sources": [
          {
            "type": "osm",
            "id": "way/227139549",
            "version": 0
          }
        ],
        "created": "2026-05-29",
        "updated": "2026-06-29",
        "hours": {
          "raw": "Mo-Th 08:30-12:30,14:00-18:30; Fr 08:30-18:30; Sa 08:00-14:00"
        },
        "tags": [
          "barrierefrei"
        ],
        "sources_by_field": {
          "name": "osm",
          "address.street": "osm",
          "address.number": "osm",
          "address.postalcode": "osm",
          "address.city": "osm",
          "address.district": "osm",
          "hours": "osm"
        },
        "apple_id_attempted": "2026-05-29",
        "google_attempted": "2026-06-11",
        "payment": {}
      }
    },
    {
      "type": "Feature",
      "geometry": {
        "type": "Point",
        "coordinates": [
          8.6718024,
          51.6368193
        ]
      },
      "properties": {
        "id": "tk_nwr_osm_w233871445",
        "name": "Combi",
        "address": {
          "street": "Zum Dingfeld",
          "number": "3",
          "postalcode": "33154",
          "city": "Salzkotten"
        },
        "sources": [
          {
            "type": "osm",
            "id": "way/233871445",
            "version": 0
          }
        ],
        "created": "2026-05-29",
        "updated": "2026-06-29",
        "hours": {
          "raw": "Mo-Sa 8:00-21:00"
        },
        "sources_by_field": {
          "name": "osm",
          "address.street": "osm",
          "address.number": "osm",
          "address.postalcode": "osm",
          "address.city": "osm",
          "hours": "osm"
        },
        "apple_id_attempted": "2026-05-29",
        "google_attempted": "2026-06-11",
        "payment": {}
      }
    },
    {
      "type": "Feature",
      "geometry": {
        "type": "Point",
        "coordinates": [
          7.628659,
          51.2150865
        ]
      },
      "properties": {
        "id": "tk_nwr_osm_w243036423",
        "name": "Kiosk",
        "address": {
          "street": "Sauerfelder Straße",
          "number": "4",
          "postalcode": "58511",
          "city": "Lüdenscheid"
        },
        "sources": [
          {
            "type": "osm",
            "id": "way/243036423",
            "version": 0
          }
        ],
        "created": "2026-05-29",
        "updated": "2026-06-29",
        "sources_by_field": {
          "name": "osm",
          "address.street": "osm",
          "address.number": "osm",
          "address.postalcode": "osm",
          "address.city": "osm"
        },
        "apple_id_attempted": "2026-05-29",
        "google_attempted": "2026-06-11",
        "payment": {}
      }
    },
    {
      "type": "Feature",
      "geometry": {
        "type": "Point",
        "coordinates": [
          8.2436856,
          51.61388
        ]
      },
      "properties": {
        "id": "tk_nwr_osm_w245195875",
        "name": "Edeka Buschkühle",
        "address": {
          "street": "Wiggeringhauser Straße",
          "number": "2",
          "postalcode": "59597",
          "city": "Erwitte",
          "district": "Horn"
        },
        "sources": [
          {
            "type": "osm",
            "id": "way/245195875",
            "version": 0
          }
        ],
        "created": "2026-05-29",
        "updated": "2026-06-29",
        "hours": {
          "raw": "Mo-Sa 07:00 - 19:00"
        },
        "sources_by_field": {
          "name": "osm",
          "address.street": "osm",
          "address.number": "osm",
          "address.postalcode": "osm",
          "address.city": "osm",
          "address.district": "osm",
          "hours": "osm"
        },
        "apple_id_attempted": "2026-05-29",
        "google_attempted": "2026-06-11",
        "payment": {}
      }
    },
    {
      "type": "Feature",
      "geometry": {
        "type": "Point",
        "coordinates": [
          7.6417008,
          51.2213552
        ]
      },
      "properties": {
        "id": "tk_nwr_osm_w248702823",
        "name": "Kiesler-Eck \"Die 2\" Trinkhalle",
        "address": {
          "street": "Worthstraße",
          "number": "3",
          "postalcode": "58511",
          "city": "Lüdenscheid"
        },
        "sources": [
          {
            "type": "osm",
            "id": "way/248702823",
            "version": 0
          }
        ],
        "created": "2026-05-29",
        "updated": "2026-06-29",
        "hours": {
          "raw": "Mo-Fr 10:00-01:00, Sa-Su 11:00-02:00"
        },
        "sources_by_field": {
          "name": "osm",
          "address.street": "osm",
          "address.number": "osm",
          "address.postalcode": "osm",
          "address.city": "osm",
          "hours": "osm"
        },
        "apple_id_attempted": "2026-05-29",
        "google_attempted": "2026-06-11",
        "payment": {}
      }
    },
    {
      "type": "Feature",
      "geometry": {
        "type": "Point",
        "coordinates": [
          9.0397932,
          51.6265738
        ]
      },
      "properties": {
        "id": "tk_nwr_osm_w248728685",
        "name": "Mosterei Peters",
        "address": {
          "street": "Zur Vituskapelle",
          "number": "2",
          "postalcode": "34439",
          "city": "Willebadessen"
        },
        "sources": [
          {
            "type": "osm",
            "id": "way/248728685",
            "version": 0
          }
        ],
        "created": "2026-05-29",
        "updated": "2026-06-15",
        "hours": {
          "raw": "We 16:30-17:30; Sa 10:30-11:30"
        },
        "sources_by_field": {
          "name": "osm",
          "address.street": "osm",
          "address.number": "osm",
          "address.postalcode": "osm",
          "address.city": "osm",
          "hours": "osm"
        },
        "apple_id_attempted": "2026-05-29",
        "google_attempted": "2026-06-11",
        "payment": {},
        "osm_removed": true
      }
    },
    {
      "type": "Feature",
      "geometry": {
        "type": "Point",
        "coordinates": [
          8.4306211,
          51.3676073
        ]
      },
      "properties": {
        "id": "tk_nwr_osm_w248804382",
        "name": "Esso",
        "address": {
          "street": "Briloner Straße",
          "number": "51",
          "postalcode": "59909",
          "city": "Bestwig"
        },
        "sources": [
          {
            "type": "osm",
            "id": "way/248804382",
            "version": 0
          }
        ],
        "created": "2026-05-29",
        "updated": "2026-06-29",
        "hours": {
          "raw": "\"Geschlossen\""
        },
        "tags": [
          "barrierefrei"
        ],
        "sources_by_field": {
          "name": "osm",
          "address.street": "osm",
          "address.number": "osm",
          "address.postalcode": "osm",
          "address.city": "osm",
          "hours": "osm"
        },
        "apple_id_attempted": "2026-05-29",
        "google_attempted": "2026-06-11",
        "payment": {}
      }
    },
    {
      "type": "Feature",
      "geometry": {
        "type": "Point",
        "coordinates": [
          8.059717,
          51.4016081
        ]
      },
      "properties": {
        "id": "tk_nwr_osm_w252601562",
        "name": "T. Grüne",
        "address": {},
        "sources": [
          {
            "type": "osm",
            "id": "way/252601562",
            "version": 0
          }
        ],
        "created": "2026-05-29",
        "updated": "2026-06-29",
        "sources_by_field": {
          "name": "osm"
        },
        "apple_id_attempted": "2026-05-29",
        "google_attempted": "2026-06-11",
        "payment": {}
      }
    },
    {
      "type": "Feature",
      "geometry": {
        "type": "Point",
        "coordinates": [
          7.8797975,
          51.7606015
        ]
      },
      "properties": {
        "id": "tk_nwr_osm_w253224849",
        "name": "Getränke Oase",
        "address": {},
        "sources": [
          {
            "type": "osm",
            "id": "way/253224849",
            "version": 0
          }
        ],
        "created": "2026-05-29",
        "updated": "2026-06-29",
        "hours": {
          "raw": "Mo-Th 09:00-19:00; Fr 08:00-19:00; Sa 08:00-15:00"
        },
        "sources_by_field": {
          "name": "osm",
          "hours": "osm"
        },
        "apple_id_attempted": "2026-05-29",
        "google_attempted": "2026-06-11",
        "payment": {}
      }
    },
    {
      "type": "Feature",
      "geometry": {
        "type": "Point",
        "coordinates": [
          6.5782133,
          51.8345832
        ]
      },
      "properties": {
        "id": "tk_nwr_osm_w254049622",
        "name": "Lotto - Tabakwaren",
        "address": {
          "street": "Werther Straße",
          "number": "248",
          "postalcode": "46395",
          "city": "Bocholt",
          "district": "Lowick"
        },
        "sources": [
          {
            "type": "osm",
            "id": "way/254049622",
            "version": 0
          }
        ],
        "created": "2026-05-29",
        "updated": "2026-06-29",
        "hours": {
          "raw": "Mo-Fr 06:30-18:30; Sa 07:30-13:00"
        },
        "sources_by_field": {
          "name": "osm",
          "address.street": "osm",
          "address.number": "osm",
          "address.postalcode": "osm",
          "address.city": "osm",
          "address.district": "osm",
          "hours": "osm"
        },
        "apple_id_attempted": "2026-05-29",
        "google_attempted": "2026-06-11",
        "payment": {}
      }
    },
    {
      "type": "Feature",
      "geometry": {
        "type": "Point",
        "coordinates": [
          6.2845226,
          51.1504702
        ]
      },
      "properties": {
        "id": "tk_nwr_osm_w25618245",
        "name": "REWE Gertänkecenter",
        "address": {
          "street": "Siemensweg",
          "number": "33",
          "postalcode": "41844",
          "city": "Wegberg"
        },
        "sources": [
          {
            "type": "osm",
            "id": "way/25618245",
            "version": 0
          }
        ],
        "created": "2026-05-29",
        "updated": "2026-06-29",
        "hours": {
          "raw": "Mo-Sa 07:00-21:00; Su off; PH off"
        },
        "sources_by_field": {
          "name": "osm",
          "address.street": "osm",
          "address.number": "osm",
          "address.postalcode": "osm",
          "address.city": "osm",
          "hours": "osm"
        },
        "apple_id_attempted": "2026-05-29",
        "google_attempted": "2026-06-11",
        "payment": {}
      }
    },
    {
      "type": "Feature",
      "geometry": {
        "type": "Point",
        "coordinates": [
          6.2900069,
          51.1383212
        ]
      },
      "properties": {
        "id": "tk_nwr_osm_w25695544",
        "name": "Getränkehandel Hansen & Bildstein",
        "address": {
          "street": "Heidekamp",
          "number": "5",
          "postalcode": "41844",
          "city": "Wegberg"
        },
        "sources": [
          {
            "type": "osm",
            "id": "way/25695544",
            "version": 0
          }
        ],
        "created": "2026-05-29",
        "updated": "2026-06-29",
        "hours": {
          "raw": "Tu,Fr 08:00-13:00"
        },
        "sources_by_field": {
          "name": "osm",
          "address.street": "osm",
          "address.number": "osm",
          "address.postalcode": "osm",
          "address.city": "osm",
          "hours": "osm"
        },
        "apple_id_attempted": "2026-05-29",
        "google_attempted": "2026-06-11",
        "payment": {}
      }
    },
    {
      "type": "Feature",
      "geometry": {
        "type": "Point",
        "coordinates": [
          6.9635049,
          52.0656601
        ]
      },
      "properties": {
        "id": "tk_nwr_osm_w257273948",
        "name": "Kaufland",
        "address": {},
        "sources": [
          {
            "type": "osm",
            "id": "way/257273948",
            "version": 0
          }
        ],
        "created": "2026-05-29",
        "updated": "2026-06-29",
        "tags": [
          "barrierefrei"
        ],
        "sources_by_field": {
          "name": "osm"
        },
        "apple_id_attempted": "2026-05-29",
        "google_attempted": "2026-06-11",
        "payment": {}
      }
    },
    {
      "type": "Feature",
      "geometry": {
        "type": "Point",
        "coordinates": [
          7.177869,
          52.2088278
        ]
      },
      "properties": {
        "id": "tk_nwr_osm_w259440184",
        "name": "Getränke-Welt",
        "address": {},
        "sources": [
          {
            "type": "osm",
            "id": "way/259440184",
            "version": 0
          }
        ],
        "created": "2026-05-29",
        "updated": "2026-06-29",
        "sources_by_field": {
          "name": "osm"
        },
        "apple_id_attempted": "2026-05-29",
        "google_attempted": "2026-06-11",
        "payment": {}
      }
    },
    {
      "type": "Feature",
      "geometry": {
        "type": "Point",
        "coordinates": [
          7.5207048,
          52.1791101
        ]
      },
      "properties": {
        "id": "tk_nwr_osm_w262067750",
        "name": "K+K Getränkehandel",
        "address": {},
        "sources": [
          {
            "type": "osm",
            "id": "way/262067750",
            "version": 0
          }
        ],
        "created": "2026-05-29",
        "updated": "2026-06-29",
        "sources_by_field": {
          "name": "osm"
        },
        "apple_id_attempted": "2026-05-29",
        "google_attempted": "2026-06-11",
        "payment": {}
      }
    },
    {
      "type": "Feature",
      "geometry": {
        "type": "Point",
        "coordinates": [
          6.0582393,
          51.0055096
        ]
      },
      "properties": {
        "id": "tk_nwr_osm_w263806590",
        "name": "Schramowski",
        "address": {
          "street": "Geilenkirchener Straße",
          "number": "53-55",
          "postalcode": "52538",
          "city": "Gangelt",
          "district": "Birgden"
        },
        "sources": [
          {
            "type": "osm",
            "id": "way/263806590",
            "version": 0
          }
        ],
        "created": "2026-05-29",
        "updated": "2026-06-29",
        "hours": {
          "raw": "Mo-Fr 08:00-18:30; Sa 08:00-16:00"
        },
        "tags": [
          "barrierefrei"
        ],
        "sources_by_field": {
          "name": "osm",
          "address.street": "osm",
          "address.number": "osm",
          "address.postalcode": "osm",
          "address.city": "osm",
          "address.district": "osm",
          "hours": "osm"
        },
        "apple_id_attempted": "2026-05-29",
        "google_attempted": "2026-06-11",
        "payment": {}
      }
    },
    {
      "type": "Feature",
      "geometry": {
        "type": "Point",
        "coordinates": [
          8.5104987,
          51.629147
        ]
      },
      "properties": {
        "id": "tk_nwr_osm_w264385103",
        "name": "Netto Getränke-Discount",
        "address": {},
        "sources": [
          {
            "type": "osm",
            "id": "way/264385103",
            "version": 0
          }
        ],
        "created": "2026-05-29",
        "updated": "2026-06-15",
        "hours": {
          "raw": "Mo-Sa 07:00-22:00; Su, PH off"
        },
        "sources_by_field": {
          "name": "osm",
          "hours": "osm"
        },
        "apple_id_attempted": "2026-05-29",
        "google_attempted": "2026-06-11",
        "payment": {},
        "osm_removed": true
      }
    },
    {
      "type": "Feature",
      "geometry": {
        "type": "Point",
        "coordinates": [
          6.3091462,
          51.0775162
        ]
      },
      "properties": {
        "id": "tk_nwr_osm_w270327905",
        "name": "PM Pfennings",
        "address": {
          "street": "Krefelder Straße",
          "number": "1"
        },
        "sources": [
          {
            "type": "osm",
            "id": "way/270327905",
            "version": 0
          }
        ],
        "created": "2026-05-29",
        "updated": "2026-06-29",
        "sources_by_field": {
          "name": "osm",
          "address.street": "osm",
          "address.number": "osm"
        },
        "apple_id_attempted": "2026-05-29",
        "google_attempted": "2026-06-11",
        "payment": {}
      }
    },
    {
      "type": "Feature",
      "geometry": {
        "type": "Point",
        "coordinates": [
          7.9068709,
          51.7736951
        ]
      },
      "properties": {
        "id": "tk_nwr_osm_w280015789",
        "name": "Petras Treff",
        "address": {
          "street": "Vorhelmer Weg",
          "number": "65",
          "postalcode": "59227",
          "city": "Ahlen"
        },
        "sources": [
          {
            "type": "osm",
            "id": "way/280015789",
            "version": 0
          }
        ],
        "created": "2026-05-29",
        "updated": "2026-06-29",
        "hours": {
          "raw": "Mo-Fr 05:30-12:30,15:00-19:00; Sa 05:30-19:00; Su,PH 07:30-19:00"
        },
        "sources_by_field": {
          "name": "osm",
          "address.street": "osm",
          "address.number": "osm",
          "address.postalcode": "osm",
          "address.city": "osm",
          "hours": "osm"
        },
        "apple_id_attempted": "2026-05-29",
        "google_attempted": "2026-06-11",
        "payment": {}
      }
    },
    {
      "type": "Feature",
      "geometry": {
        "type": "Point",
        "coordinates": [
          7.7407418,
          52.1339677
        ]
      },
      "properties": {
        "id": "tk_nwr_osm_w283470884",
        "name": "Getränkequelle Berlemann",
        "address": {
          "street": "Kattenvenner Straße",
          "number": "1",
          "postalcode": "49549",
          "city": "Ladbergen"
        },
        "sources": [
          {
            "type": "osm",
            "id": "way/283470884",
            "version": 0
          }
        ],
        "created": "2026-05-29",
        "updated": "2026-06-29",
        "hours": {
          "raw": "Mo-Fr 09:00-18:00; Sa 08:00-13:00"
        },
        "tags": [
          "barrierefrei"
        ],
        "sources_by_field": {
          "name": "osm",
          "address.street": "osm",
          "address.number": "osm",
          "address.postalcode": "osm",
          "address.city": "osm",
          "hours": "osm"
        },
        "apple_id_attempted": "2026-05-29",
        "google_attempted": "2026-06-11",
        "payment": {}
      }
    },
    {
      "type": "Feature",
      "geometry": {
        "type": "Point",
        "coordinates": [
          8.1717352,
          51.1214018
        ]
      },
      "properties": {
        "id": "tk_nwr_osm_w331382901",
        "name": "Klöß Getränke",
        "address": {},
        "sources": [
          {
            "type": "osm",
            "id": "way/331382901",
            "version": 0
          }
        ],
        "created": "2026-05-29",
        "updated": "2026-06-29",
        "sources_by_field": {
          "name": "osm"
        },
        "apple_id_attempted": "2026-05-29",
        "google_attempted": "2026-06-18",
        "payment": {}
      }
    },
    {
      "type": "Feature",
      "geometry": {
        "type": "Point",
        "coordinates": [
          6.5786019,
          50.8615336
        ]
      },
      "properties": {
        "id": "tk_nwr_osm_w351241086",
        "name": "AVIA",
        "address": {
          "street": "Bahnstraße",
          "number": "30-32",
          "postalcode": "50170",
          "city": "Kerpen"
        },
        "sources": [
          {
            "type": "osm",
            "id": "way/351241086",
            "version": 0
          }
        ],
        "created": "2026-05-29",
        "updated": "2026-06-29",
        "payment": {
          "cash": "yes",
          "cards": "unknown",
          "contactless": "unknown",
          "girocard": "unknown"
        },
        "sources_by_field": {
          "name": "osm",
          "address.street": "osm",
          "address.number": "osm",
          "address.postalcode": "osm",
          "address.city": "osm",
          "payment.cash": "osm",
          "payment.cards": "osm",
          "payment.contactless": "osm",
          "payment.girocard": "osm"
        },
        "apple_id_attempted": "2026-05-29",
        "google_attempted": "2026-06-18"
      }
    },
    {
      "type": "Feature",
      "geometry": {
        "type": "Point",
        "coordinates": [
          8.5538025,
          51.5583903
        ]
      },
      "properties": {
        "id": "tk_nwr_osm_w367134409",
        "name": "Pult",
        "address": {
          "street": "Bahnhofstraße",
          "number": "49",
          "postalcode": "33142",
          "city": "Büren"
        },
        "sources": [
          {
            "type": "osm",
            "id": "way/367134409",
            "version": 0
          }
        ],
        "created": "2026-05-29",
        "updated": "2026-06-29",
        "sources_by_field": {
          "name": "osm",
          "address.street": "osm",
          "address.number": "osm",
          "address.postalcode": "osm",
          "address.city": "osm"
        },
        "apple_id_attempted": "2026-05-29",
        "google_attempted": "2026-06-18",
        "payment": {}
      }
    },
    {
      "type": "Feature",
      "geometry": {
        "type": "Point",
        "coordinates": [
          8.1046267,
          51.5781206
        ]
      },
      "properties": {
        "id": "tk_nwr_osm_w367380247",
        "name": "Eckert",
        "address": {
          "street": "Bahnhofstraße",
          "number": "2",
          "postalcode": "59494",
          "city": "Soest"
        },
        "sources": [
          {
            "type": "osm",
            "id": "way/367380247",
            "version": 0
          }
        ],
        "created": "2026-05-29",
        "updated": "2026-06-29",
        "hours": {
          "raw": "Mo-Fr 05:30-20:00; Sa 07:00-20:00; Su 08:00-20:00"
        },
        "tags": [
          "barrierefrei"
        ],
        "sources_by_field": {
          "name": "osm",
          "address.street": "osm",
          "address.number": "osm",
          "address.postalcode": "osm",
          "address.city": "osm",
          "hours": "osm"
        },
        "apple_id_attempted": "2026-05-29",
        "google_attempted": "2026-06-18",
        "payment": {}
      }
    },
    {
      "type": "Feature",
      "geometry": {
        "type": "Point",
        "coordinates": [
          6.4918124,
          51.81283
        ]
      },
      "properties": {
        "id": "tk_nwr_osm_w372569234",
        "name": "Kiosk",
        "address": {},
        "sources": [
          {
            "type": "osm",
            "id": "way/372569234",
            "version": 0
          }
        ],
        "created": "2026-05-29",
        "updated": "2026-06-29",
        "sources_by_field": {
          "name": "osm"
        },
        "apple_id_attempted": "2026-05-29",
        "google_attempted": "2026-06-18",
        "payment": {}
      }
    },
    {
      "type": "Feature",
      "geometry": {
        "type": "Point",
        "coordinates": [
          8.6913222,
          51.2620504
        ]
      },
      "properties": {
        "id": "tk_nwr_osm_w397302528",
        "name": "Getränke Peters",
        "address": {
          "street": "An der Egge",
          "number": "14",
          "postalcode": "59964",
          "city": "Medebach",
          "district": "Düdinghausen"
        },
        "sources": [
          {
            "type": "osm",
            "id": "way/397302528",
            "version": 0
          }
        ],
        "created": "2026-05-29",
        "updated": "2026-06-29",
        "sources_by_field": {
          "name": "osm",
          "address.street": "osm",
          "address.number": "osm",
          "address.postalcode": "osm",
          "address.city": "osm",
          "address.district": "osm"
        },
        "apple_id_attempted": "2026-05-29",
        "google_attempted": "2026-06-18",
        "payment": {}
      }
    },
    {
      "type": "Feature",
      "geometry": {
        "type": "Point",
        "coordinates": [
          7.8025017,
          51.161197
        ]
      },
      "properties": {
        "id": "tk_nwr_osm_w456245039",
        "name": "Wallis Kiosk",
        "address": {},
        "sources": [
          {
            "type": "osm",
            "id": "way/456245039",
            "version": 0
          }
        ],
        "created": "2026-05-29",
        "updated": "2026-06-29",
        "sources_by_field": {
          "name": "osm"
        },
        "apple_id_attempted": "2026-05-29",
        "google_attempted": "2026-06-18",
        "payment": {}
      }
    },
    {
      "type": "Feature",
      "geometry": {
        "type": "Point",
        "coordinates": [
          8.1013454,
          50.9855835
        ]
      },
      "properties": {
        "id": "tk_nwr_osm_w47086693",
        "name": "Getränke Thomas",
        "address": {},
        "sources": [
          {
            "type": "osm",
            "id": "way/47086693",
            "version": 0
          }
        ],
        "created": "2026-05-29",
        "updated": "2026-06-29",
        "sources_by_field": {
          "name": "osm"
        },
        "apple_id_attempted": "2026-05-29",
        "google_attempted": "2026-06-18",
        "payment": {}
      }
    },
    {
      "type": "Feature",
      "geometry": {
        "type": "Point",
        "coordinates": [
          7.8893976,
          51.1191124
        ]
      },
      "properties": {
        "id": "tk_nwr_osm_w76268979",
        "name": "Getränke AS",
        "address": {
          "street": "Am Eckenbach",
          "number": "4",
          "postalcode": "57439",
          "city": "Attendorn"
        },
        "sources": [
          {
            "type": "osm",
            "id": "way/76268979",
            "version": 0
          }
        ],
        "created": "2026-05-29",
        "updated": "2026-06-29",
        "hours": {
          "raw": "Mo-Fr 08:30-18:30; Sa 08:00-13:00"
        },
        "sources_by_field": {
          "name": "osm",
          "address.street": "osm",
          "address.number": "osm",
          "address.postalcode": "osm",
          "address.city": "osm",
          "hours": "osm"
        },
        "apple_id_attempted": "2026-05-29",
        "google_attempted": "2026-06-18",
        "payment": {}
      }
    },
    {
      "type": "Feature",
      "geometry": {
        "type": "Point",
        "coordinates": [
          6.138287,
          51.787176
        ]
      },
      "properties": {
        "id": "tk_nwr_osm_w81246104",
        "name": "Snacks and more",
        "address": {
          "street": "Große Straße",
          "number": "61",
          "postalcode": "47533",
          "city": "Kleve"
        },
        "sources": [
          {
            "type": "osm",
            "id": "way/81246104",
            "version": 0
          }
        ],
        "created": "2026-05-29",
        "updated": "2026-06-29",
        "hours": {
          "raw": "24/7"
        },
        "sources_by_field": {
          "name": "osm",
          "address.street": "osm",
          "address.number": "osm",
          "address.postalcode": "osm",
          "address.city": "osm",
          "hours": "osm"
        },
        "apple_id_attempted": "2026-05-29",
        "google_attempted": "2026-06-18",
        "payment": {}
      }
    },
    {
      "type": "Feature",
      "geometry": {
        "type": "Point",
        "coordinates": [
          7.0996201,
          52.1361668
        ]
      },
      "properties": {
        "id": "tk_nwr_osm_w81722406",
        "name": "Wiemers",
        "address": {
          "street": "Eper Straße",
          "number": "1",
          "postalcode": "48619",
          "city": "Heek",
          "district": "Nienborg"
        },
        "sources": [
          {
            "type": "osm",
            "id": "way/81722406",
            "version": 0
          }
        ],
        "created": "2026-05-29",
        "updated": "2026-06-29",
        "sources_by_field": {
          "name": "osm",
          "address.street": "osm",
          "address.number": "osm",
          "address.postalcode": "osm",
          "address.city": "osm",
          "address.district": "osm"
        },
        "apple_id_attempted": "2026-05-29",
        "google_attempted": "2026-06-18",
        "payment": {}
      }
    },
    {
      "type": "Feature",
      "geometry": {
        "type": "Point",
        "coordinates": [
          6.0946683,
          50.870958
        ]
      },
      "properties": {
        "id": "tk_nwr_osm_w887462478",
        "name": "Kiosk am Bahnhof",
        "address": {},
        "sources": [
          {
            "type": "osm",
            "id": "way/887462478",
            "version": 0
          }
        ],
        "created": "2026-05-29",
        "updated": "2026-06-29",
        "hours": {
          "raw": "We-Su 10:00-19:00"
        },
        "sources_by_field": {
          "name": "osm",
          "hours": "osm"
        },
        "apple_id_attempted": "2026-05-29",
        "google_attempted": "2026-06-18",
        "payment": {}
      }
    },
    {
      "type": "Feature",
      "geometry": {
        "type": "Point",
        "coordinates": [
          6.1902891,
          51.6217845
        ]
      },
      "properties": {
        "id": "tk_nwr_osm_w99205714",
        "name": "GS Getränke Schnellkauf",
        "address": {
          "street": "Sent-Jan-Straße",
          "number": "2",
          "postalcode": "47652",
          "city": "Weeze"
        },
        "sources": [
          {
            "type": "osm",
            "id": "way/99205714",
            "version": 0
          }
        ],
        "created": "2026-05-29",
        "updated": "2026-06-29",
        "sources_by_field": {
          "name": "osm",
          "address.street": "osm",
          "address.number": "osm",
          "address.postalcode": "osm",
          "address.city": "osm"
        },
        "apple_id_attempted": "2026-05-29",
        "google_attempted": "2026-06-18",
        "payment": {}
      }
    }
  ]
}
