{
  "type": "FeatureCollection",
  "features": [
    {
      "type": "Feature",
      "geometry": {
        "type": "Point",
        "coordinates": [
          9.1172478,
          51.4093006
        ]
      },
      "properties": {
        "id": "tk_her_osm_n10003607072",
        "name": "REWE Getränkemarkt",
        "address": {},
        "sources": [
          {
            "type": "osm",
            "id": "node/10003607072",
            "version": 0
          }
        ],
        "created": "2026-05-28",
        "updated": "2026-05-28",
        "hours": {
          "raw": "Mo-Sa 08:00-22:00"
        },
        "sources_by_field": {
          "name": "osm",
          "hours": "osm"
        },
        "apple_id_attempted": "2026-05-29",
        "google_attempted": "2026-05-29"
      }
    },
    {
      "type": "Feature",
      "geometry": {
        "type": "Point",
        "coordinates": [
          9.5366751,
          50.3559192
        ]
      },
      "properties": {
        "id": "tk_her_osm_n10154309443",
        "name": "Logo",
        "address": {
          "street": "Am Reitstück",
          "number": "4",
          "postalcode": "36381",
          "city": "Schlüchtern"
        },
        "sources": [
          {
            "type": "osm",
            "id": "node/10154309443",
            "version": 0
          }
        ],
        "created": "2026-05-28",
        "updated": "2026-05-28",
        "sources_by_field": {
          "name": "osm",
          "address.street": "osm",
          "address.number": "osm",
          "address.postalcode": "osm",
          "address.city": "osm"
        },
        "apple_id_attempted": "2026-05-29",
        "google_attempted": "2026-05-29"
      }
    },
    {
      "type": "Feature",
      "geometry": {
        "type": "Point",
        "coordinates": [
          8.8782762,
          51.2681369
        ]
      },
      "properties": {
        "id": "tk_her_osm_n10257961270",
        "name": "REWE",
        "address": {},
        "sources": [
          {
            "type": "osm",
            "id": "node/10257961270",
            "version": 0
          }
        ],
        "created": "2026-05-28",
        "updated": "2026-05-28",
        "hours": {
          "raw": "Mo-Sa 08:00-22:00; PH closed"
        },
        "payment": {
          "cash": "unknown",
          "cards": "unknown",
          "contactless": "yes",
          "girocard": "yes"
        },
        "tags": [
          "barrierefrei"
        ],
        "sources_by_field": {
          "name": "osm",
          "hours": "osm",
          "payment.cash": "osm",
          "payment.cards": "osm",
          "payment.contactless": "osm",
          "payment.girocard": "osm"
        },
        "apple_id_attempted": "2026-05-29"
      }
    },
    {
      "type": "Feature",
      "geometry": {
        "type": "Point",
        "coordinates": [
          10.0150036,
          50.6279415
        ]
      },
      "properties": {
        "id": "tk_her_osm_n10568616187",
        "name": "Bräuning Getränkefachmarkt",
        "address": {},
        "sources": [
          {
            "type": "osm",
            "id": "node/10568616187",
            "version": 0
          },
          {
            "type": "gmaps",
            "id": "ChIJ3XxWlM1Bo0cR_drAprTBy3I"
          }
        ],
        "created": "2026-05-28",
        "updated": "2026-05-29",
        "sources_by_field": {
          "name": "osm",
          "payment.cards": "google",
          "payment.contactless": "google",
          "payment.girocard": "google",
          "hours": "google"
        },
        "apple_id_attempted": "2026-05-29",
        "payment": {
          "cards": "no",
          "contactless": "yes",
          "girocard": "yes"
        },
        "hours": {
          "raw": "Tu 09:00-18:30; Th 09:00-18:30; Fr 09:00-18:30; We 09:00-18:30; Mo 09:00-18:30; Sa 09:00-15:00"
        },
        "google_attempted": "2026-05-29"
      }
    },
    {
      "type": "Feature",
      "geometry": {
        "type": "Point",
        "coordinates": [
          8.9014835,
          49.8379731
        ]
      },
      "properties": {
        "id": "tk_her_osm_n10568840440",
        "name": "Profi Getränke Shop",
        "address": {
          "street": "Auf der Dreispitz",
          "number": "2",
          "postalcode": "64853",
          "city": "Otzberg",
          "district": "Lengfeld"
        },
        "sources": [
          {
            "type": "osm",
            "id": "node/10568840440",
            "version": 0
          }
        ],
        "created": "2026-05-28",
        "updated": "2026-05-28",
        "sources_by_field": {
          "name": "osm",
          "address.street": "osm",
          "address.number": "osm",
          "address.postalcode": "osm",
          "address.city": "osm",
          "address.district": "osm"
        },
        "apple_id_attempted": "2026-05-29",
        "google_attempted": "2026-05-29"
      }
    },
    {
      "type": "Feature",
      "geometry": {
        "type": "Point",
        "coordinates": [
          8.8717269,
          51.2736173
        ]
      },
      "properties": {
        "id": "tk_her_osm_n10570928917",
        "name": "City Elektronik",
        "address": {},
        "sources": [
          {
            "type": "osm",
            "id": "node/10570928917",
            "version": 0
          }
        ],
        "created": "2026-05-28",
        "updated": "2026-05-28",
        "hours": {
          "raw": "Mo-Fr 10:00-18:00; Sa 10:00-17:00"
        },
        "tags": [
          "barrierefrei"
        ],
        "sources_by_field": {
          "name": "osm",
          "hours": "osm"
        },
        "apple_id_attempted": "2026-05-29",
        "google_attempted": "2026-05-29"
      }
    },
    {
      "type": "Feature",
      "geometry": {
        "type": "Point",
        "coordinates": [
          8.8731634,
          51.2783857
        ]
      },
      "properties": {
        "id": "tk_her_osm_n10570932114",
        "name": "Kaktus",
        "address": {},
        "sources": [
          {
            "type": "osm",
            "id": "node/10570932114",
            "version": 0
          },
          {
            "type": "gmaps",
            "id": "ChIJFdIIBGKeu0cRBspB3-jOqZQ"
          }
        ],
        "created": "2026-05-28",
        "updated": "2026-05-28",
        "sources_by_field": {
          "name": "osm"
        },
        "apple_id_attempted": "2026-05-29",
        "google_attempted": "2026-05-29"
      }
    },
    {
      "type": "Feature",
      "geometry": {
        "type": "Point",
        "coordinates": [
          8.5418064,
          50.7561911
        ]
      },
      "properties": {
        "id": "tk_her_osm_n10579648603",
        "name": "EDEKA Getränkemarkt",
        "address": {},
        "sources": [
          {
            "type": "osm",
            "id": "node/10579648603",
            "version": 0
          }
        ],
        "created": "2026-05-28",
        "updated": "2026-05-28",
        "sources_by_field": {
          "name": "osm"
        },
        "apple_id_attempted": "2026-05-29",
        "google_attempted": "2026-05-29"
      }
    },
    {
      "type": "Feature",
      "geometry": {
        "type": "Point",
        "coordinates": [
          8.9094943,
          50.8282627
        ]
      },
      "properties": {
        "id": "tk_her_osm_n11054985378",
        "name": "The Kiosk",
        "address": {},
        "sources": [
          {
            "type": "osm",
            "id": "node/11054985378",
            "version": 0
          }
        ],
        "created": "2026-05-28",
        "updated": "2026-05-28",
        "hours": {
          "raw": "Mo-Fr 09:00-20:00; Sa 09:00-19:00"
        },
        "sources_by_field": {
          "name": "osm",
          "hours": "osm"
        },
        "apple_id_attempted": "2026-05-29",
        "google_attempted": "2026-05-29"
      }
    },
    {
      "type": "Feature",
      "geometry": {
        "type": "Point",
        "coordinates": [
          8.9210069,
          50.8224676
        ]
      },
      "properties": {
        "id": "tk_her_osm_n11076850089",
        "name": "Klein Kiosk",
        "address": {},
        "sources": [
          {
            "type": "osm",
            "id": "node/11076850089",
            "version": 0
          },
          {
            "type": "gmaps",
            "id": "ChIJ63C5fACPvEcRAaA4YYgE0LU"
          }
        ],
        "created": "2026-05-28",
        "updated": "2026-05-28",
        "sources_by_field": {
          "name": "osm"
        },
        "apple_id_attempted": "2026-05-29",
        "google_attempted": "2026-05-29"
      }
    },
    {
      "type": "Feature",
      "geometry": {
        "type": "Point",
        "coordinates": [
          8.8680675,
          49.7224567
        ]
      },
      "properties": {
        "id": "tk_her_osm_n1110748340",
        "name": "Aral",
        "address": {
          "street": "Siegfriedstraße",
          "number": "99",
          "postalcode": "64385",
          "city": "Reichelsheim (Odenwald)",
          "district": "Beerfurth"
        },
        "sources": [
          {
            "type": "osm",
            "id": "node/1110748340",
            "version": 0
          }
        ],
        "created": "2026-05-28",
        "updated": "2026-05-28",
        "sources_by_field": {
          "name": "osm",
          "address.street": "osm",
          "address.number": "osm",
          "address.postalcode": "osm",
          "address.city": "osm",
          "address.district": "osm"
        },
        "apple_id_attempted": "2026-05-29",
        "google_attempted": "2026-05-29"
      }
    },
    {
      "type": "Feature",
      "geometry": {
        "type": "Point",
        "coordinates": [
          8.304821,
          50.688543
        ]
      },
      "properties": {
        "id": "tk_her_osm_n11116107814",
        "name": "Herkules Getränkemarkt",
        "address": {},
        "sources": [
          {
            "type": "osm",
            "id": "node/11116107814",
            "version": 0
          }
        ],
        "created": "2026-05-28",
        "updated": "2026-05-28",
        "sources_by_field": {
          "name": "osm"
        },
        "apple_id_attempted": "2026-05-29",
        "google_attempted": "2026-05-29"
      }
    },
    {
      "type": "Feature",
      "geometry": {
        "type": "Point",
        "coordinates": [
          9.0741278,
          49.683279
        ]
      },
      "properties": {
        "id": "tk_her_osm_n11259512359",
        "name": "Kiosk im Englischen Garten",
        "address": {},
        "sources": [
          {
            "type": "osm",
            "id": "node/11259512359",
            "version": 0
          }
        ],
        "created": "2026-05-28",
        "updated": "2026-05-28",
        "hours": {
          "raw": "Sa-Su 10:00-16:45"
        },
        "sources_by_field": {
          "name": "osm",
          "hours": "osm"
        },
        "apple_id_attempted": "2026-05-29",
        "google_attempted": "2026-05-29"
      }
    },
    {
      "type": "Feature",
      "geometry": {
        "type": "Point",
        "coordinates": [
          8.6438364,
          49.8175408
        ]
      },
      "properties": {
        "id": "tk_her_osm_n11369506890",
        "name": "Getränke Muth",
        "address": {
          "street": "Heidelberger Landstraße",
          "number": "253",
          "postalcode": "64297",
          "city": "Darmstadt",
          "district": "Eberstadt"
        },
        "sources": [
          {
            "type": "osm",
            "id": "node/11369506890",
            "version": 0
          },
          {
            "type": "gmaps",
            "id": "ChIJj2onJB17vUcRiECaqZuORXs"
          }
        ],
        "created": "2026-05-28",
        "updated": "2026-05-29",
        "hours": {
          "raw": "Tu 08:30-13:00,15:00-18:00; Th 08:30-13:00,15:00-18:00; Fr 08:30-13:00,15:00-18:00; We 08:30-13:00; Mo 08:30-13:00,15:00-18:00; Sa 08:00-13:00"
        },
        "sources_by_field": {
          "name": "osm",
          "address.street": "osm",
          "address.number": "osm",
          "address.postalcode": "osm",
          "address.city": "osm",
          "address.district": "osm",
          "hours": "google",
          "payment.cards": "google",
          "payment.girocard": "google"
        },
        "apple_id_attempted": "2026-05-29",
        "payment": {
          "cards": "yes",
          "girocard": "yes"
        },
        "google_attempted": "2026-05-29"
      }
    },
    {
      "type": "Feature",
      "geometry": {
        "type": "Point",
        "coordinates": [
          8.9317197,
          50.8779649
        ]
      },
      "properties": {
        "id": "tk_her_osm_n11467324858",
        "name": "REWE Getränkemarkt",
        "address": {
          "street": "Bahnhofstraße",
          "number": "44",
          "postalcode": "35282",
          "city": "Rauschenberg"
        },
        "sources": [
          {
            "type": "osm",
            "id": "node/11467324858",
            "version": 0
          }
        ],
        "created": "2026-05-28",
        "updated": "2026-05-28",
        "hours": {
          "raw": "Mo-Sa 07:00-21:00; PH off"
        },
        "sources_by_field": {
          "name": "osm",
          "address.street": "osm",
          "address.number": "osm",
          "address.postalcode": "osm",
          "address.city": "osm",
          "hours": "osm"
        },
        "apple_id_attempted": "2026-05-29",
        "google_attempted": "2026-05-29"
      }
    },
    {
      "type": "Feature",
      "geometry": {
        "type": "Point",
        "coordinates": [
          8.3046461,
          50.6795551
        ]
      },
      "properties": {
        "id": "tk_her_osm_n11518823059",
        "name": "24/7 Kiosk",
        "address": {
          "street": "Konrad-Adenauer-Straße",
          "number": "1A",
          "postalcode": "35745",
          "city": "Herborn"
        },
        "sources": [
          {
            "type": "osm",
            "id": "node/11518823059",
            "version": 0
          }
        ],
        "created": "2026-05-28",
        "updated": "2026-05-28",
        "hours": {
          "raw": "24/7"
        },
        "payment": {
          "cash": "yes",
          "cards": "yes",
          "contactless": "yes",
          "girocard": "unknown"
        },
        "tags": [
          "barrierefrei"
        ],
        "kind": "vending_machine",
        "sources_by_field": {
          "name": "osm",
          "address.street": "osm",
          "address.number": "osm",
          "address.postalcode": "osm",
          "address.city": "osm",
          "hours": "osm",
          "payment.cash": "osm",
          "payment.cards": "osm",
          "payment.contactless": "osm",
          "payment.girocard": "osm"
        }
      }
    },
    {
      "type": "Feature",
      "geometry": {
        "type": "Point",
        "coordinates": [
          8.3058491,
          50.6712275
        ]
      },
      "properties": {
        "id": "tk_her_osm_n11635116187",
        "name": "Tabac&co",
        "address": {
          "street": "Konrad-Adenauer-Straße",
          "number": "70",
          "postalcode": "35745",
          "city": "Herborn"
        },
        "sources": [
          {
            "type": "osm",
            "id": "node/11635116187",
            "version": 0
          }
        ],
        "created": "2026-05-28",
        "updated": "2026-05-28",
        "hours": {
          "raw": "Mo-Sa 08:00-20:00; Su,PH off"
        },
        "payment": {
          "cash": "yes",
          "cards": "yes",
          "contactless": "yes",
          "girocard": "unknown"
        },
        "sources_by_field": {
          "name": "osm",
          "address.street": "osm",
          "address.number": "osm",
          "address.postalcode": "osm",
          "address.city": "osm",
          "hours": "osm",
          "payment.cash": "osm",
          "payment.cards": "osm",
          "payment.contactless": "osm",
          "payment.girocard": "osm"
        },
        "apple_id_attempted": "2026-05-29"
      }
    },
    {
      "type": "Feature",
      "geometry": {
        "type": "Point",
        "coordinates": [
          9.6770442,
          50.5498557
        ]
      },
      "properties": {
        "id": "tk_her_osm_n11812169414",
        "name": "Smart Markt",
        "address": {},
        "sources": [
          {
            "type": "osm",
            "id": "node/11812169414",
            "version": 0
          },
          {
            "type": "apple",
            "id": "14503496510296914745"
          }
        ],
        "created": "2026-05-28",
        "updated": "2026-05-29",
        "hours": {
          "raw": "Mo-Fr 10:00-24:00; Sa 00:00-02:00,10:00-24:00"
        },
        "sources_by_field": {
          "name": "osm",
          "hours": "apple",
          "payment.cards": "apple",
          "payment.contactless": "apple"
        },
        "payment": {
          "cards": "yes",
          "contactless": "yes"
        },
        "apple_attempted": "2026-05-29"
      }
    },
    {
      "type": "Feature",
      "geometry": {
        "type": "Point",
        "coordinates": [
          8.5988069,
          49.8003521
        ]
      },
      "properties": {
        "id": "tk_her_osm_n11840628274",
        "name": "Getränkeabholmarkt Grünig",
        "address": {},
        "sources": [
          {
            "type": "osm",
            "id": "node/11840628274",
            "version": 0
          },
          {
            "type": "gmaps",
            "id": "ChIJ05HELpV7vUcRNwUloIhTH9c"
          }
        ],
        "created": "2026-05-28",
        "updated": "2026-05-28",
        "sources_by_field": {
          "name": "osm"
        },
        "apple_id_attempted": "2026-05-29",
        "google_attempted": "2026-05-29"
      }
    },
    {
      "type": "Feature",
      "geometry": {
        "type": "Point",
        "coordinates": [
          9.7094976,
          50.8672633
        ]
      },
      "properties": {
        "id": "tk_her_osm_n11910516533",
        "name": "Späti 36",
        "address": {},
        "sources": [
          {
            "type": "osm",
            "id": "node/11910516533",
            "version": 0
          },
          {
            "type": "gmaps",
            "id": "ChIJrTwqSg1Vo0cRpya7AT1uPU0"
          }
        ],
        "created": "2026-05-28",
        "updated": "2026-05-29",
        "sources_by_field": {
          "name": "osm",
          "payment.cards": "google",
          "payment.contactless": "google",
          "payment.girocard": "google",
          "hours": "google"
        },
        "apple_id_attempted": "2026-05-29",
        "payment": {
          "cards": "no",
          "contactless": "yes",
          "girocard": "yes"
        },
        "hours": {
          "raw": "Tu 09:00-02:00; Th 15:00-21:00; Fr 09:00-04:00; We 09:00-02:00; Mo 09:00-02:00; Sa 09:00-04:00; Su 12:00-00:00"
        },
        "google_attempted": "2026-05-29"
      }
    },
    {
      "type": "Feature",
      "geometry": {
        "type": "Point",
        "coordinates": [
          9.6155124,
          50.4528262
        ]
      },
      "properties": {
        "id": "tk_her_osm_n11940733134",
        "name": "logo Getränke-Fachmarkt",
        "address": {
          "street": "Zollweg",
          "number": "19",
          "postalcode": "36119",
          "city": "Neuhof"
        },
        "sources": [
          {
            "type": "osm",
            "id": "node/11940733134",
            "version": 0
          },
          {
            "type": "gmaps",
            "id": "ChIJNcpQggsyo0cRpoE7IqqjToY"
          }
        ],
        "created": "2026-05-28",
        "updated": "2026-05-29",
        "hours": {
          "raw": "Tu 08:30-19:00; Th 08:30-19:00; Fr 08:30-19:00; We 08:30-19:00; Mo 08:30-19:00; Sa 08:30-18:00"
        },
        "sources_by_field": {
          "name": "osm",
          "address.street": "osm",
          "address.number": "osm",
          "address.postalcode": "osm",
          "address.city": "osm",
          "hours": "google",
          "payment.cards": "google",
          "payment.contactless": "google",
          "payment.girocard": "google"
        },
        "apple_id_attempted": "2026-05-29",
        "payment": {
          "cards": "no",
          "contactless": "yes",
          "girocard": "yes"
        },
        "google_attempted": "2026-05-29"
      }
    },
    {
      "type": "Feature",
      "geometry": {
        "type": "Point",
        "coordinates": [
          9.616513,
          50.4525333
        ]
      },
      "properties": {
        "id": "tk_her_osm_n11961468754",
        "name": "Kiosk am Zollweg",
        "address": {
          "street": "Zollweg",
          "number": "23",
          "postalcode": "36119",
          "city": "Neuhof"
        },
        "sources": [
          {
            "type": "osm",
            "id": "node/11961468754",
            "version": 0
          },
          {
            "type": "apple",
            "id": "17248813886377402161"
          }
        ],
        "created": "2026-05-28",
        "updated": "2026-05-29",
        "hours": {
          "raw": "Mo 07:30-13:00; Tu-Fr 07:30-12:30,14:30-18:00; Sa 07:30-14:00"
        },
        "sources_by_field": {
          "name": "osm",
          "address.street": "osm",
          "address.number": "osm",
          "address.postalcode": "osm",
          "address.city": "osm",
          "hours": "apple",
          "payment.cards": "apple",
          "payment.contactless": "apple"
        },
        "payment": {
          "cards": "yes",
          "contactless": "yes"
        },
        "apple_attempted": "2026-05-29"
      }
    },
    {
      "type": "Feature",
      "geometry": {
        "type": "Point",
        "coordinates": [
          9.700855,
          50.5255753
        ]
      },
      "properties": {
        "id": "tk_her_osm_n11963443214",
        "name": "Kiosk Rabe",
        "address": {},
        "sources": [
          {
            "type": "osm",
            "id": "node/11963443214",
            "version": 0
          },
          {
            "type": "apple",
            "id": "13035087696015390906"
          },
          {
            "type": "gmaps",
            "id": "ChIJsz01wcw2o0cR-vfaz7zVdtA"
          }
        ],
        "created": "2026-05-28",
        "updated": "2026-05-29",
        "hours": {
          "raw": "Tu 08:00-13:00,14:00-18:00; Th 08:00-13:00,14:00-18:00; Fr 08:00-13:00,14:00-18:00; We 08:00-13:00,14:00-18:00; Mo 08:00-13:00,14:00-18:00; Sa 08:30-13:00"
        },
        "sources_by_field": {
          "name": "osm",
          "hours": "google"
        },
        "apple_attempted": "2026-05-29",
        "google_attempted": "2026-05-29"
      }
    },
    {
      "type": "Feature",
      "geometry": {
        "type": "Point",
        "coordinates": [
          8.6868829,
          49.8203853
        ]
      },
      "properties": {
        "id": "tk_her_osm_n12164593294",
        "name": "REWE Getränkemarkt",
        "address": {
          "street": "Rheinstraße",
          "number": "45",
          "postalcode": "64367",
          "city": "Mühltal",
          "district": "Nieder-Ramstadt"
        },
        "sources": [
          {
            "type": "osm",
            "id": "node/12164593294",
            "version": 0
          }
        ],
        "created": "2026-05-28",
        "updated": "2026-05-28",
        "hours": {
          "raw": "Mo-Sa 07:00-22:00"
        },
        "tags": [
          "barrierefrei"
        ],
        "sources_by_field": {
          "name": "osm",
          "address.street": "osm",
          "address.number": "osm",
          "address.postalcode": "osm",
          "address.city": "osm",
          "address.district": "osm",
          "hours": "osm"
        },
        "apple_id_attempted": "2026-05-29",
        "google_attempted": "2026-05-29"
      }
    },
    {
      "type": "Feature",
      "geometry": {
        "type": "Point",
        "coordinates": [
          9.9498348,
          50.9520545
        ]
      },
      "properties": {
        "id": "tk_her_osm_n1243183714",
        "name": "Inselsteich-Kiosk",
        "address": {},
        "sources": [
          {
            "type": "osm",
            "id": "node/1243183714",
            "version": 0
          },
          {
            "type": "apple",
            "id": "7949063068625269714"
          },
          {
            "type": "gmaps",
            "id": "ChIJT1RTJVunpEcRZqjDBw0fTVk"
          }
        ],
        "created": "2026-05-28",
        "updated": "2026-05-28",
        "payment": {
          "cash": "yes",
          "cards": "unknown",
          "contactless": "unknown",
          "girocard": "unknown"
        },
        "sources_by_field": {
          "name": "osm",
          "payment.cash": "osm",
          "payment.cards": "osm",
          "payment.contactless": "osm",
          "payment.girocard": "osm"
        },
        "apple_attempted": "2026-05-29",
        "google_attempted": "2026-05-29"
      }
    },
    {
      "type": "Feature",
      "geometry": {
        "type": "Point",
        "coordinates": [
          9.6882868,
          50.5480787
        ]
      },
      "properties": {
        "id": "tk_her_osm_n12469609189",
        "name": "Tegut....",
        "address": {
          "street": "Am Emaillierwerk",
          "number": "1",
          "postalcode": "36043",
          "city": "Fulda"
        },
        "sources": [
          {
            "type": "osm",
            "id": "node/12469609189",
            "version": 0
          }
        ],
        "created": "2026-05-28",
        "updated": "2026-05-28",
        "sources_by_field": {
          "name": "osm",
          "address.street": "osm",
          "address.number": "osm",
          "address.postalcode": "osm",
          "address.city": "osm"
        },
        "apple_id_attempted": "2026-05-29",
        "google_attempted": "2026-05-29"
      }
    },
    {
      "type": "Feature",
      "geometry": {
        "type": "Point",
        "coordinates": [
          9.708909,
          50.8691385
        ]
      },
      "properties": {
        "id": "tk_her_osm_n12547401524",
        "name": "Royal Kiosk",
        "address": {
          "street": "Benno-Schilde-Straße",
          "number": "4",
          "postalcode": "36251",
          "city": "Bad Hersfeld"
        },
        "sources": [
          {
            "type": "osm",
            "id": "node/12547401524",
            "version": 0
          }
        ],
        "created": "2026-05-28",
        "updated": "2026-05-28",
        "sources_by_field": {
          "name": "osm",
          "address.street": "osm",
          "address.number": "osm",
          "address.postalcode": "osm",
          "address.city": "osm"
        },
        "apple_id_attempted": "2026-05-29",
        "google_attempted": "2026-05-29"
      }
    },
    {
      "type": "Feature",
      "geometry": {
        "type": "Point",
        "coordinates": [
          9.0295639,
          50.618511
        ]
      },
      "properties": {
        "id": "tk_her_osm_n12623807888",
        "name": "EDEKA Getränkemarkt",
        "address": {},
        "sources": [
          {
            "type": "osm",
            "id": "node/12623807888",
            "version": 0
          }
        ],
        "created": "2026-05-28",
        "updated": "2026-05-28",
        "sources_by_field": {
          "name": "osm"
        },
        "apple_id_attempted": "2026-05-29",
        "google_attempted": "2026-05-29"
      }
    },
    {
      "type": "Feature",
      "geometry": {
        "type": "Point",
        "coordinates": [
          8.6681119,
          49.7937052
        ]
      },
      "properties": {
        "id": "tk_her_osm_n12732953747",
        "name": "Burg-Kiosk",
        "address": {},
        "sources": [
          {
            "type": "osm",
            "id": "node/12732953747",
            "version": 0
          }
        ],
        "created": "2026-05-28",
        "updated": "2026-05-28",
        "hours": {
          "raw": "Mo-We off; Th-Su,PH 10:00-20:00"
        },
        "payment": {
          "cash": "unknown",
          "cards": "yes",
          "contactless": "unknown",
          "girocard": "unknown"
        },
        "tags": [
          "barrierefrei"
        ],
        "sources_by_field": {
          "name": "osm",
          "hours": "osm",
          "payment.cash": "osm",
          "payment.cards": "osm",
          "payment.contactless": "osm",
          "payment.girocard": "osm"
        },
        "apple_id_attempted": "2026-05-29"
      }
    },
    {
      "type": "Feature",
      "geometry": {
        "type": "Point",
        "coordinates": [
          9.7109836,
          50.8670335
        ]
      },
      "properties": {
        "id": "tk_her_osm_n12843727836",
        "name": "Miami",
        "address": {},
        "sources": [
          {
            "type": "osm",
            "id": "node/12843727836",
            "version": 0
          }
        ],
        "created": "2026-05-28",
        "updated": "2026-05-28",
        "sources_by_field": {
          "name": "osm"
        },
        "apple_id_attempted": "2026-05-29",
        "google_attempted": "2026-05-29"
      }
    },
    {
      "type": "Feature",
      "geometry": {
        "type": "Point",
        "coordinates": [
          9.7121183,
          50.5390819
        ]
      },
      "properties": {
        "id": "tk_her_osm_n1289233734",
        "name": "Getränkemarkt Hahner",
        "address": {},
        "sources": [
          {
            "type": "osm",
            "id": "node/1289233734",
            "version": 0
          }
        ],
        "created": "2026-05-28",
        "updated": "2026-05-28",
        "hours": {
          "raw": "Mo-Sa 08:00-20:00"
        },
        "sources_by_field": {
          "name": "osm",
          "hours": "osm"
        },
        "apple_id_attempted": "2026-05-29",
        "google_attempted": "2026-05-29"
      }
    },
    {
      "type": "Feature",
      "geometry": {
        "type": "Point",
        "coordinates": [
          8.2077454,
          50.7434644
        ]
      },
      "properties": {
        "id": "tk_her_osm_n13019008016",
        "name": "Herkules Getränkemarkt",
        "address": {
          "street": "Lohwiese",
          "number": "2",
          "postalcode": "35708",
          "city": "Haiger"
        },
        "sources": [
          {
            "type": "osm",
            "id": "node/13019008016",
            "version": 0
          },
          {
            "type": "gmaps",
            "id": "ChIJX9G8Ow0WvEcRIoODqupz740"
          }
        ],
        "created": "2026-05-28",
        "updated": "2026-05-29",
        "sources_by_field": {
          "name": "osm",
          "address.street": "osm",
          "address.number": "osm",
          "address.postalcode": "osm",
          "address.city": "osm",
          "payment.cards": "google",
          "payment.contactless": "google",
          "payment.girocard": "google",
          "hours": "google"
        },
        "apple_id_attempted": "2026-05-29",
        "payment": {
          "cards": "yes",
          "contactless": "yes",
          "girocard": "yes"
        },
        "hours": {
          "raw": "Tu 08:00-20:00; Th 08:00-20:00; Fr 08:00-20:00; We 08:00-20:00; Mo 08:00-20:00; Sa 08:00-20:00"
        },
        "google_attempted": "2026-05-29"
      }
    },
    {
      "type": "Feature",
      "geometry": {
        "type": "Point",
        "coordinates": [
          9.2756788,
          50.7458042
        ]
      },
      "properties": {
        "id": "tk_her_osm_n13043747047",
        "name": "Martino Dessi",
        "address": {},
        "sources": [
          {
            "type": "osm",
            "id": "node/13043747047",
            "version": 0
          }
        ],
        "created": "2026-05-28",
        "updated": "2026-05-28",
        "sources_by_field": {
          "name": "osm"
        },
        "apple_id_attempted": "2026-05-29",
        "google_attempted": "2026-05-29"
      }
    },
    {
      "type": "Feature",
      "geometry": {
        "type": "Point",
        "coordinates": [
          9.6847043,
          50.551424
        ]
      },
      "properties": {
        "id": "tk_her_osm_n13114891664",
        "name": "Alshahba Markt",
        "address": {},
        "sources": [
          {
            "type": "osm",
            "id": "node/13114891664",
            "version": 0
          }
        ],
        "created": "2026-05-28",
        "updated": "2026-05-28",
        "hours": {
          "raw": "Mo-Sa 08:00-20:00"
        },
        "sources_by_field": {
          "name": "osm",
          "hours": "osm"
        },
        "apple_id_attempted": "2026-05-29",
        "google_attempted": "2026-05-29"
      }
    },
    {
      "type": "Feature",
      "geometry": {
        "type": "Point",
        "coordinates": [
          8.4957283,
          50.7530341
        ]
      },
      "properties": {
        "id": "tk_her_osm_n13278670301",
        "name": "Cam's E-Kiosk",
        "address": {
          "street": "Landstraße",
          "number": "45",
          "postalcode": "35080",
          "city": "Bad Endbach"
        },
        "sources": [
          {
            "type": "osm",
            "id": "node/13278670301",
            "version": 0
          }
        ],
        "created": "2026-05-28",
        "updated": "2026-05-28",
        "hours": {
          "raw": "24/7"
        },
        "sources_by_field": {
          "name": "osm",
          "address.street": "osm",
          "address.number": "osm",
          "address.postalcode": "osm",
          "address.city": "osm",
          "hours": "osm"
        },
        "apple_id_attempted": "2026-05-29",
        "google_attempted": "2026-05-29"
      }
    },
    {
      "type": "Feature",
      "geometry": {
        "type": "Point",
        "coordinates": [
          8.4098431,
          50.6979499
        ]
      },
      "properties": {
        "id": "tk_her_osm_n13308296553",
        "name": "Edeka Getränkemarkt",
        "address": {
          "street": "An der B 255",
          "postalcode": "35756",
          "city": "Mittenaar",
          "district": "Offenbach"
        },
        "sources": [
          {
            "type": "osm",
            "id": "node/13308296553",
            "version": 0
          }
        ],
        "created": "2026-05-28",
        "updated": "2026-05-28",
        "hours": {
          "raw": "Mo-Sa 08:00-20:00; Su,PH off"
        },
        "tags": [
          "barrierefrei"
        ],
        "sources_by_field": {
          "name": "osm",
          "address.street": "osm",
          "address.postalcode": "osm",
          "address.city": "osm",
          "address.district": "osm",
          "hours": "osm"
        },
        "apple_id_attempted": "2026-05-29",
        "google_attempted": "2026-05-29"
      }
    },
    {
      "type": "Feature",
      "geometry": {
        "type": "Point",
        "coordinates": [
          9.6748652,
          50.5481109
        ]
      },
      "properties": {
        "id": "tk_her_osm_n1333291677",
        "name": "Lieferkiosk Fulda E S Schmeckt Kitchen",
        "address": {
          "street": "Löherstraße",
          "number": "17",
          "postalcode": "36037",
          "city": "Fulda"
        },
        "sources": [
          {
            "type": "osm",
            "id": "node/1333291677",
            "version": 0
          },
          {
            "type": "gmaps",
            "id": "ChIJKQCjgeo3o0cRwi_4r5KFHFU"
          }
        ],
        "created": "2026-05-28",
        "updated": "2026-05-29",
        "hours": {
          "raw": "Tu 13:30-22:00; Th 13:30-22:00; Fr 14:00-00:00; We 13:30-22:00; Mo 13:30-22:00; Sa 14:00-00:00"
        },
        "sources_by_field": {
          "name": "osm",
          "address.street": "osm",
          "address.number": "osm",
          "address.postalcode": "osm",
          "address.city": "osm",
          "hours": "google"
        },
        "apple_id_attempted": "2026-05-29",
        "google_attempted": "2026-05-29"
      }
    },
    {
      "type": "Feature",
      "geometry": {
        "type": "Point",
        "coordinates": [
          9.6725897,
          50.5519823
        ]
      },
      "properties": {
        "id": "tk_her_osm_n1333603625",
        "name": "Vinum",
        "address": {
          "street": "Königstraße",
          "number": "3",
          "postalcode": "36037",
          "city": "Fulda"
        },
        "sources": [
          {
            "type": "osm",
            "id": "node/1333603625",
            "version": 0
          },
          {
            "type": "gmaps",
            "id": "ChIJpbyxvSA0o0cRcEepBk3hNAY"
          }
        ],
        "created": "2026-05-28",
        "updated": "2026-05-29",
        "hours": {
          "raw": "Tu 10:00-18:30; Th 10:00-18:30; Fr 10:00-18:30; We 10:00-18:30; Mo 10:00-18:30; Sa 09:00-15:00"
        },
        "sources_by_field": {
          "name": "osm",
          "address.street": "osm",
          "address.number": "osm",
          "address.postalcode": "osm",
          "address.city": "osm",
          "hours": "google",
          "payment.cards": "google",
          "payment.contactless": "google",
          "payment.girocard": "google"
        },
        "apple_id_attempted": "2026-05-29",
        "payment": {
          "cards": "yes",
          "contactless": "yes",
          "girocard": "yes"
        },
        "google_attempted": "2026-05-29"
      }
    },
    {
      "type": "Feature",
      "geometry": {
        "type": "Point",
        "coordinates": [
          9.675395,
          50.5503813
        ]
      },
      "properties": {
        "id": "tk_her_osm_n1333659561",
        "name": "Lotto Kiosk",
        "address": {
          "street": "Robert-Kircher-Straße",
          "number": "4",
          "postalcode": "36037",
          "city": "Fulda"
        },
        "sources": [
          {
            "type": "osm",
            "id": "node/1333659561",
            "version": 0
          }
        ],
        "created": "2026-05-28",
        "updated": "2026-05-28",
        "sources_by_field": {
          "name": "osm",
          "address.street": "osm",
          "address.number": "osm",
          "address.postalcode": "osm",
          "address.city": "osm"
        },
        "apple_id_attempted": "2026-05-29",
        "google_attempted": "2026-05-29"
      }
    },
    {
      "type": "Feature",
      "geometry": {
        "type": "Point",
        "coordinates": [
          8.5859466,
          50.7694822
        ]
      },
      "properties": {
        "id": "tk_her_osm_n13339136052",
        "name": "REWE Getränkecenter",
        "address": {
          "street": "Adolf-Theis-Straße",
          "number": "8",
          "postalcode": "35075",
          "city": "Gladenbach"
        },
        "sources": [
          {
            "type": "osm",
            "id": "node/13339136052",
            "version": 0
          }
        ],
        "created": "2026-05-28",
        "updated": "2026-05-28",
        "hours": {
          "raw": "Mo-Sa 07:00-22:00; PH off"
        },
        "sources_by_field": {
          "name": "osm",
          "address.street": "osm",
          "address.number": "osm",
          "address.postalcode": "osm",
          "address.city": "osm",
          "hours": "osm"
        },
        "apple_id_attempted": "2026-05-29",
        "google_attempted": "2026-05-29"
      }
    },
    {
      "type": "Feature",
      "geometry": {
        "type": "Point",
        "coordinates": [
          8.3071032,
          50.6843899
        ]
      },
      "properties": {
        "id": "tk_her_osm_n13346567619",
        "name": "Station Späti",
        "address": {
          "street": "Bahnhofstraße",
          "number": "2",
          "postalcode": "35745",
          "city": "Herborn"
        },
        "sources": [
          {
            "type": "osm",
            "id": "node/13346567619",
            "version": 0
          },
          {
            "type": "gmaps",
            "id": "ChIJEZgdZdU_vEcRbvV3xjO_yG8"
          }
        ],
        "created": "2026-05-28",
        "updated": "2026-05-29",
        "hours": {
          "raw": "Tu 11:00-23:30; Th 11:00-23:30; Fr 11:00-02:00; We 11:00-23:30; Mo 11:00-23:30; Sa 12:00-02:00; Su 16:30-22:30"
        },
        "sources_by_field": {
          "name": "osm",
          "address.street": "osm",
          "address.number": "osm",
          "address.postalcode": "osm",
          "address.city": "osm",
          "hours": "google",
          "payment.cards": "google",
          "payment.contactless": "google",
          "payment.girocard": "google"
        },
        "apple_id_attempted": "2026-05-29",
        "payment": {
          "cards": "no",
          "contactless": "yes",
          "girocard": "yes"
        },
        "google_attempted": "2026-05-29"
      }
    },
    {
      "type": "Feature",
      "geometry": {
        "type": "Point",
        "coordinates": [
          9.4975692,
          50.7866508
        ]
      },
      "properties": {
        "id": "tk_her_osm_n13346584377",
        "name": "Kiosk am Silbersee",
        "address": {
          "street": "L 3294"
        },
        "sources": [
          {
            "type": "osm",
            "id": "node/13346584377",
            "version": 0
          }
        ],
        "created": "2026-05-28",
        "updated": "2026-05-28",
        "hours": {
          "raw": "Mo-Sa 10:00-19:00"
        },
        "payment": {
          "cash": "yes",
          "cards": "unknown",
          "contactless": "unknown",
          "girocard": "unknown"
        },
        "sources_by_field": {
          "name": "osm",
          "address.street": "osm",
          "hours": "osm",
          "payment.cash": "osm",
          "payment.cards": "osm",
          "payment.contactless": "osm",
          "payment.girocard": "osm"
        },
        "apple_id_attempted": "2026-05-29"
      }
    },
    {
      "type": "Feature",
      "geometry": {
        "type": "Point",
        "coordinates": [
          9.7321609,
          50.5275629
        ]
      },
      "properties": {
        "id": "tk_her_osm_n13420578771",
        "name": "Kombi-Markt Storch",
        "address": {
          "street": "In den Gründen",
          "number": "2a",
          "postalcode": "36093",
          "city": "Künzell"
        },
        "sources": [
          {
            "type": "osm",
            "id": "node/13420578771",
            "version": 0
          },
          {
            "type": "apple",
            "id": "17859240157683439845"
          }
        ],
        "created": "2026-05-28",
        "updated": "2026-05-29",
        "hours": {
          "raw": "Mo-Fr 08:30-18:00; Sa 08:30-13:00"
        },
        "sources_by_field": {
          "name": "osm",
          "address.street": "osm",
          "address.number": "osm",
          "address.postalcode": "osm",
          "address.city": "osm",
          "hours": "apple",
          "payment.cards": "apple",
          "payment.contactless": "apple"
        },
        "payment": {
          "cards": "yes",
          "contactless": "yes"
        },
        "apple_attempted": "2026-05-29"
      }
    },
    {
      "type": "Feature",
      "geometry": {
        "type": "Point",
        "coordinates": [
          10.0019275,
          50.4996735
        ]
      },
      "properties": {
        "id": "tk_her_osm_n13458177326",
        "name": "H Markt",
        "address": {
          "street": "Schafsteiner Straße",
          "postalcode": "36115",
          "city": "Wüstensachsen"
        },
        "sources": [
          {
            "type": "osm",
            "id": "node/13458177326",
            "version": 0
          }
        ],
        "created": "2026-05-28",
        "updated": "2026-05-28",
        "hours": {
          "raw": "Mo-Fr 14:00-18:00; Sa 09.00 - 14:00"
        },
        "sources_by_field": {
          "name": "osm",
          "address.street": "osm",
          "address.postalcode": "osm",
          "address.city": "osm",
          "hours": "osm"
        },
        "apple_id_attempted": "2026-05-29",
        "google_attempted": "2026-05-29"
      }
    },
    {
      "type": "Feature",
      "geometry": {
        "type": "Point",
        "coordinates": [
          9.7666419,
          50.6732654
        ]
      },
      "properties": {
        "id": "tk_her_osm_n13462354973",
        "name": "The Whisky Store",
        "address": {
          "street": "Mittelstraße",
          "postalcode": "36088",
          "city": "Hünfeld"
        },
        "sources": [
          {
            "type": "osm",
            "id": "node/13462354973",
            "version": 0
          },
          {
            "type": "gmaps",
            "id": "ChIJsRMj7ORJo0cRH_riT_rw2do"
          }
        ],
        "created": "2026-05-28",
        "updated": "2026-05-29",
        "sources_by_field": {
          "name": "osm",
          "address.street": "osm",
          "address.postalcode": "osm",
          "address.city": "osm",
          "payment.cards": "google",
          "payment.girocard": "google"
        },
        "apple_id_attempted": "2026-05-29",
        "payment": {
          "cards": "yes",
          "girocard": "yes"
        },
        "google_attempted": "2026-05-29"
      }
    },
    {
      "type": "Feature",
      "geometry": {
        "type": "Point",
        "coordinates": [
          9.5188856,
          50.3419682
        ]
      },
      "properties": {
        "id": "tk_her_osm_n13470013077",
        "name": "Getränke Hinkelmann",
        "address": {
          "street": "Höbäckerweg",
          "postalcode": "36381",
          "city": "Schlüchtern"
        },
        "sources": [
          {
            "type": "osm",
            "id": "node/13470013077",
            "version": 0
          },
          {
            "type": "apple",
            "id": "10458396279685576681"
          },
          {
            "type": "gmaps",
            "id": "ChIJgYxuTz0ro0cRvYojF8yWo4Y"
          }
        ],
        "created": "2026-05-28",
        "updated": "2026-05-29",
        "hours": {
          "raw": "Tu 09:00-20:00; Th 09:00-20:00; Fr 09:00-20:00; We 09:00-20:00; Mo 09:00-20:00"
        },
        "sources_by_field": {
          "name": "osm",
          "address.street": "osm",
          "address.postalcode": "osm",
          "address.city": "osm",
          "hours": "google",
          "payment.cards": "google",
          "payment.contactless": "google",
          "payment.girocard": "google"
        },
        "apple_attempted": "2026-05-29",
        "payment": {
          "cards": "yes",
          "contactless": "yes",
          "girocard": "yes"
        },
        "google_attempted": "2026-05-29"
      }
    },
    {
      "type": "Feature",
      "geometry": {
        "type": "Point",
        "coordinates": [
          8.5949472,
          49.8068312
        ]
      },
      "properties": {
        "id": "tk_her_osm_n13565672775",
        "name": "Trinkhalle Drott",
        "address": {},
        "sources": [
          {
            "type": "osm",
            "id": "node/13565672775",
            "version": 0
          },
          {
            "type": "apple",
            "id": "8784943883053609586"
          },
          {
            "type": "gmaps",
            "id": "ChIJ_QOuQcF7vUcRXUe0V2tm7_M"
          }
        ],
        "created": "2026-05-28",
        "updated": "2026-05-29",
        "hours": {
          "raw": "Tu 07:00-20:00; Th 07:00-20:00; Fr 07:00-20:00; We 07:00-20:00; Mo 07:00-20:00; Sa 08:00-18:00"
        },
        "tags": [
          "barrierefrei"
        ],
        "sources_by_field": {
          "name": "osm",
          "hours": "google",
          "payment.cards": "google",
          "payment.contactless": "google",
          "payment.girocard": "google"
        },
        "apple_attempted": "2026-05-29",
        "payment": {
          "cards": "no",
          "contactless": "yes",
          "girocard": "yes"
        },
        "google_attempted": "2026-05-29"
      }
    },
    {
      "type": "Feature",
      "geometry": {
        "type": "Point",
        "coordinates": [
          8.6007,
          49.8097163
        ]
      },
      "properties": {
        "id": "tk_her_osm_n13572550251",
        "name": "Getränkehandlung Spieß",
        "address": {},
        "sources": [
          {
            "type": "osm",
            "id": "node/13572550251",
            "version": 0
          },
          {
            "type": "apple",
            "id": "9236797330452424016"
          }
        ],
        "created": "2026-05-28",
        "updated": "2026-05-29",
        "hours": {
          "raw": "Mo,We-Th 08:00-13:00,15:00-18:00; Tu,Sa 08:00-13:00; Fr 08:00-18:00"
        },
        "tags": [
          "barrierefrei"
        ],
        "sources_by_field": {
          "name": "osm",
          "hours": "apple",
          "payment.cards": "apple",
          "payment.contactless": "apple"
        },
        "payment": {
          "cards": "yes",
          "contactless": "yes"
        },
        "apple_attempted": "2026-05-29"
      }
    },
    {
      "type": "Feature",
      "geometry": {
        "type": "Point",
        "coordinates": [
          8.3037744,
          50.6828779
        ]
      },
      "properties": {
        "id": "tk_her_osm_n13580344609",
        "name": "Joko",
        "address": {
          "street": "Hauptstraße",
          "number": "55-57",
          "postalcode": "35745",
          "city": "Herborn"
        },
        "sources": [
          {
            "type": "osm",
            "id": "node/13580344609",
            "version": 0
          }
        ],
        "created": "2026-05-28",
        "updated": "2026-05-28",
        "hours": {
          "raw": "Mo-Th 09:00-18:00; Sa 08:00-13:00; Fr 08:00-18:00"
        },
        "tags": [
          "barrierefrei"
        ],
        "sources_by_field": {
          "name": "osm",
          "address.street": "osm",
          "address.number": "osm",
          "address.postalcode": "osm",
          "address.city": "osm",
          "hours": "osm"
        },
        "apple_id_attempted": "2026-05-29",
        "google_attempted": "2026-05-29"
      }
    },
    {
      "type": "Feature",
      "geometry": {
        "type": "Point",
        "coordinates": [
          9.264562,
          50.7508748
        ]
      },
      "properties": {
        "id": "tk_her_osm_n13735449481",
        "name": "Snack Point",
        "address": {},
        "sources": [
          {
            "type": "osm",
            "id": "node/13735449481",
            "version": 0
          }
        ],
        "created": "2026-05-28",
        "updated": "2026-05-28",
        "hours": {
          "raw": "Mo-Sa 09:00-13:00; Mo-Fr 14:00-18:00"
        },
        "sources_by_field": {
          "name": "osm",
          "hours": "osm"
        },
        "apple_id_attempted": "2026-05-29",
        "google_attempted": "2026-05-29"
      }
    },
    {
      "type": "Feature",
      "geometry": {
        "type": "Point",
        "coordinates": [
          9.560545,
          50.6749931
        ]
      },
      "properties": {
        "id": "tk_her_osm_n13750649370",
        "name": "LSS Lotto Shop Schlitz",
        "address": {
          "street": "Ringmauer",
          "number": "7",
          "postalcode": "36110",
          "city": "Schlitz"
        },
        "sources": [
          {
            "type": "osm",
            "id": "node/13750649370",
            "version": 0
          },
          {
            "type": "gmaps",
            "id": "ChIJm5GMy-61vEcRygoGWJRh0cc"
          }
        ],
        "created": "2026-05-28",
        "updated": "2026-05-29",
        "sources_by_field": {
          "name": "osm",
          "address.street": "osm",
          "address.number": "osm",
          "address.postalcode": "osm",
          "address.city": "osm",
          "hours": "google"
        },
        "apple_id_attempted": "2026-05-29",
        "hours": {
          "raw": "Tu 09:00-12:30,14:00-18:00; Th 09:00-12:30,14:00-18:00; Fr 09:00-12:30,14:00-18:00; We 09:00-12:30,14:00-18:00; Mo 09:00-12:30,14:00-18:00; Sa 09:00-13:00"
        },
        "google_attempted": "2026-05-29"
      }
    },
    {
      "type": "Feature",
      "geometry": {
        "type": "Point",
        "coordinates": [
          9.8136618,
          50.450275
        ]
      },
      "properties": {
        "id": "tk_her_osm_n13813749526",
        "name": "Black Sheep Destillerie",
        "address": {},
        "sources": [
          {
            "type": "osm",
            "id": "node/13813749526",
            "version": 0
          },
          {
            "type": "apple",
            "id": "1239292634655247675"
          },
          {
            "type": "gmaps",
            "id": "ChIJnQGEcY47o0cRJGHg6i_uSFs"
          }
        ],
        "created": "2026-05-28",
        "updated": "2026-05-29",
        "sources_by_field": {
          "name": "osm",
          "payment.cards": "google",
          "payment.contactless": "google",
          "payment.girocard": "google"
        },
        "apple_attempted": "2026-05-29",
        "payment": {
          "cards": "yes",
          "contactless": "yes",
          "girocard": "yes"
        },
        "google_attempted": "2026-05-29"
      }
    },
    {
      "type": "Feature",
      "geometry": {
        "type": "Point",
        "coordinates": [
          9.819201,
          51.0099392
        ]
      },
      "properties": {
        "id": "tk_her_osm_n1401242667",
        "name": "Getränkemarkt Lückert",
        "address": {
          "street": "Am Schwimmbad",
          "number": "2",
          "postalcode": "36179",
          "city": "Bebra",
          "district": "Asmushausen"
        },
        "sources": [
          {
            "type": "osm",
            "id": "node/1401242667",
            "version": 0
          },
          {
            "type": "apple",
            "id": "8107893931008492634"
          },
          {
            "type": "gmaps",
            "id": "ChIJx8Q1XvCrpEcRC_E_3TSPVS4"
          }
        ],
        "created": "2026-05-28",
        "updated": "2026-05-29",
        "sources_by_field": {
          "name": "osm",
          "address.street": "osm",
          "address.number": "osm",
          "address.postalcode": "osm",
          "address.city": "osm",
          "address.district": "osm",
          "hours": "google"
        },
        "hours": {
          "raw": "Tu 15:00-18:00; Th 15:00-18:00; Sa 10:00-13:00"
        },
        "apple_attempted": "2026-05-29",
        "google_attempted": "2026-05-29"
      }
    },
    {
      "type": "Feature",
      "geometry": {
        "type": "Point",
        "coordinates": [
          8.9421496,
          50.9116934
        ]
      },
      "properties": {
        "id": "tk_her_osm_n1402849650",
        "name": "Getränkefachgroßhandel Scheufler",
        "address": {},
        "sources": [
          {
            "type": "osm",
            "id": "node/1402849650",
            "version": 0
          },
          {
            "type": "apple",
            "id": "5353388410346470367"
          },
          {
            "type": "gmaps",
            "id": "ChIJwUntIuOFvEcR-IWvhV_Cv4w"
          }
        ],
        "created": "2026-05-28",
        "updated": "2026-05-29",
        "tags": [
          "barrierefrei"
        ],
        "sources_by_field": {
          "name": "osm",
          "hours": "google"
        },
        "apple_attempted": "2026-05-29",
        "hours": {
          "raw": "Tu 08:00-12:00,17:00-18:00; Th 08:00-12:00,17:00-18:00; Fr 08:00-12:00,17:00-18:00; We 08:00-12:00,17:00-18:00; Mo 08:00-12:00,17:00-18:00; Sa 10:00-12:00"
        },
        "google_attempted": "2026-05-29"
      }
    },
    {
      "type": "Feature",
      "geometry": {
        "type": "Point",
        "coordinates": [
          8.5244965,
          50.8142832
        ]
      },
      "properties": {
        "id": "tk_her_osm_n1439552164",
        "name": "Getränkehandel Hofmann",
        "address": {},
        "sources": [
          {
            "type": "osm",
            "id": "node/1439552164",
            "version": 0
          }
        ],
        "created": "2026-05-28",
        "updated": "2026-05-28",
        "sources_by_field": {
          "name": "osm"
        },
        "apple_id_attempted": "2026-05-29",
        "google_attempted": "2026-05-29"
      }
    },
    {
      "type": "Feature",
      "geometry": {
        "type": "Point",
        "coordinates": [
          9.3805916,
          51.4943029
        ]
      },
      "properties": {
        "id": "tk_her_osm_n1444368045",
        "name": "Woldorff Tabakwaren, Zeitungen,",
        "address": {},
        "sources": [
          {
            "type": "osm",
            "id": "node/1444368045",
            "version": 0
          }
        ],
        "created": "2026-05-28",
        "updated": "2026-05-28",
        "sources_by_field": {
          "name": "osm"
        },
        "apple_id_attempted": "2026-05-29",
        "google_attempted": "2026-05-29"
      }
    },
    {
      "type": "Feature",
      "geometry": {
        "type": "Point",
        "coordinates": [
          9.7018066,
          50.8463463
        ]
      },
      "properties": {
        "id": "tk_her_osm_n1450040137",
        "name": "E Neukauf Hellwig Getränkemarkt",
        "address": {
          "street": "Douglasienweg",
          "number": "1",
          "postalcode": "36251",
          "city": "Bad Hersfeld"
        },
        "sources": [
          {
            "type": "osm",
            "id": "node/1450040137",
            "version": 0
          },
          {
            "type": "gmaps",
            "id": "ChIJAQBA2m5To0cRxErU1VOL1MU"
          }
        ],
        "created": "2026-05-28",
        "updated": "2026-05-29",
        "hours": {
          "raw": "Tu 08:00-20:00; Th 08:00-20:00; Fr 08:00-20:00; We 08:00-20:00; Mo 08:00-20:00; Sa 08:00-20:00"
        },
        "tags": [
          "barrierefrei"
        ],
        "sources_by_field": {
          "name": "osm",
          "address.street": "osm",
          "address.number": "osm",
          "address.postalcode": "osm",
          "address.city": "osm",
          "hours": "google",
          "payment.cards": "google",
          "payment.contactless": "google",
          "payment.girocard": "google"
        },
        "apple_id_attempted": "2026-05-29",
        "payment": {
          "cards": "no",
          "contactless": "yes",
          "girocard": "yes"
        },
        "google_attempted": "2026-05-29"
      }
    },
    {
      "type": "Feature",
      "geometry": {
        "type": "Point",
        "coordinates": [
          9.3433658,
          50.8691138
        ]
      },
      "properties": {
        "id": "tk_her_osm_n1470041241",
        "name": "Tabak Cabinet",
        "address": {},
        "sources": [
          {
            "type": "osm",
            "id": "node/1470041241",
            "version": 0
          },
          {
            "type": "gmaps",
            "id": "ChIJk8-LW_WjvEcRBqJOGYE1jLc"
          }
        ],
        "created": "2026-05-28",
        "updated": "2026-05-29",
        "sources_by_field": {
          "name": "osm",
          "payment.cards": "google",
          "payment.contactless": "google",
          "payment.girocard": "google",
          "hours": "google"
        },
        "apple_id_attempted": "2026-05-29",
        "payment": {
          "cards": "yes",
          "contactless": "yes",
          "girocard": "yes"
        },
        "hours": {
          "raw": "Tu 08:30-13:00,14:30-18:00; Th 08:30-13:00,14:30-18:00; Fr 08:30-13:00,14:30-18:00; We 08:30-13:00,14:30-18:00; Mo 08:30-13:00,14:30-18:00; Sa 08:30-13:00"
        },
        "google_attempted": "2026-05-29"
      }
    },
    {
      "type": "Feature",
      "geometry": {
        "type": "Point",
        "coordinates": [
          9.5297322,
          50.3491475
        ]
      },
      "properties": {
        "id": "tk_her_osm_n1524832550",
        "name": "Lambert",
        "address": {},
        "sources": [
          {
            "type": "osm",
            "id": "node/1524832550",
            "version": 0
          }
        ],
        "created": "2026-05-28",
        "updated": "2026-05-28",
        "tags": [
          "barrierefrei"
        ],
        "sources_by_field": {
          "name": "osm"
        },
        "apple_id_attempted": "2026-05-29",
        "google_attempted": "2026-05-29"
      }
    },
    {
      "type": "Feature",
      "geometry": {
        "type": "Point",
        "coordinates": [
          8.4586581,
          50.7552405
        ]
      },
      "properties": {
        "id": "tk_her_osm_n1564865464",
        "name": "Getränke Plaum GmbH",
        "address": {
          "street": "Wetzlarer Weg",
          "number": "3",
          "postalcode": "35080",
          "city": "Bad Endbach",
          "district": "Hartenrod"
        },
        "sources": [
          {
            "type": "osm",
            "id": "node/1564865464",
            "version": 0
          },
          {
            "type": "apple",
            "id": "7893151167568684331"
          }
        ],
        "created": "2026-05-28",
        "updated": "2026-05-29",
        "sources_by_field": {
          "name": "osm",
          "address.street": "osm",
          "address.number": "osm",
          "address.postalcode": "osm",
          "address.city": "osm",
          "address.district": "osm",
          "payment.cards": "apple",
          "payment.contactless": "apple",
          "hours": "apple"
        },
        "payment": {
          "cards": "yes",
          "contactless": "yes"
        },
        "hours": {
          "raw": "Mo-Fr 08:00-18:30; Sa 08:00-13:00"
        },
        "apple_attempted": "2026-05-29"
      }
    },
    {
      "type": "Feature",
      "geometry": {
        "type": "Point",
        "coordinates": [
          9.723324,
          50.8592425
        ]
      },
      "properties": {
        "id": "tk_her_osm_n1645489265",
        "name": "REWE Getränkemarkt",
        "address": {
          "street": "Carl-Benz-Straße",
          "number": "5",
          "postalcode": "36251",
          "city": "Bad Hersfeld"
        },
        "sources": [
          {
            "type": "osm",
            "id": "node/1645489265",
            "version": 0
          }
        ],
        "created": "2026-05-28",
        "updated": "2026-05-28",
        "hours": {
          "raw": "Mo-Sa 08:00-22:00"
        },
        "tags": [
          "barrierefrei"
        ],
        "sources_by_field": {
          "name": "osm",
          "address.street": "osm",
          "address.number": "osm",
          "address.postalcode": "osm",
          "address.city": "osm",
          "hours": "osm"
        },
        "apple_id_attempted": "2026-05-29",
        "google_attempted": "2026-05-29"
      }
    },
    {
      "type": "Feature",
      "geometry": {
        "type": "Point",
        "coordinates": [
          9.4894047,
          50.5430352
        ]
      },
      "properties": {
        "id": "tk_her_osm_n1726935438",
        "name": "H-Getränke",
        "address": {
          "street": "Blankenauer Straße",
          "number": "1",
          "postalcode": "36154",
          "city": "Hosenfeld"
        },
        "sources": [
          {
            "type": "osm",
            "id": "node/1726935438",
            "version": 0
          }
        ],
        "created": "2026-05-28",
        "updated": "2026-05-28",
        "sources_by_field": {
          "name": "osm",
          "address.street": "osm",
          "address.number": "osm",
          "address.postalcode": "osm",
          "address.city": "osm"
        },
        "apple_id_attempted": "2026-05-29",
        "google_attempted": "2026-05-29"
      }
    },
    {
      "type": "Feature",
      "geometry": {
        "type": "Point",
        "coordinates": [
          9.2313042,
          51.1728161
        ]
      },
      "properties": {
        "id": "tk_her_osm_n1767720197",
        "name": "Minigolfplatz",
        "address": {
          "street": "Hausenweg",
          "postalcode": "34560",
          "city": "Fritzlar",
          "district": "Züschen"
        },
        "sources": [
          {
            "type": "osm",
            "id": "node/1767720197",
            "version": 0
          }
        ],
        "created": "2026-05-28",
        "updated": "2026-05-28",
        "hours": {
          "raw": "Apr-Oct Mo-Sa 14:00-dusk; Apr-Oct Su 10:00-dusk"
        },
        "payment": {
          "cash": "unknown",
          "cards": "no",
          "contactless": "unknown",
          "girocard": "unknown"
        },
        "tags": [
          "barrierefrei"
        ],
        "sources_by_field": {
          "name": "osm",
          "address.street": "osm",
          "address.postalcode": "osm",
          "address.city": "osm",
          "address.district": "osm",
          "hours": "osm",
          "payment.cash": "osm",
          "payment.cards": "osm",
          "payment.contactless": "osm",
          "payment.girocard": "osm"
        },
        "apple_id_attempted": "2026-05-29"
      }
    },
    {
      "type": "Feature",
      "geometry": {
        "type": "Point",
        "coordinates": [
          9.1878965,
          50.9128028
        ]
      },
      "properties": {
        "id": "tk_her_osm_n1787573745",
        "name": "Sterncafé",
        "address": {},
        "sources": [
          {
            "type": "osm",
            "id": "node/1787573745",
            "version": 0
          }
        ],
        "created": "2026-05-28",
        "updated": "2026-05-28",
        "sources_by_field": {
          "name": "osm"
        },
        "apple_id_attempted": "2026-05-29",
        "google_attempted": "2026-05-29"
      }
    },
    {
      "type": "Feature",
      "geometry": {
        "type": "Point",
        "coordinates": [
          9.8074091,
          50.5393244
        ]
      },
      "properties": {
        "id": "tk_her_osm_n1810910992",
        "name": "Getränkemarkt Fladung",
        "address": {
          "street": "Fuldaer Straße",
          "number": "47",
          "postalcode": "36160"
        },
        "sources": [
          {
            "type": "osm",
            "id": "node/1810910992",
            "version": 0
          }
        ],
        "created": "2026-05-28",
        "updated": "2026-05-28",
        "tags": [
          "barrierefrei"
        ],
        "sources_by_field": {
          "name": "osm",
          "address.street": "osm",
          "address.number": "osm",
          "address.postalcode": "osm"
        },
        "apple_id_attempted": "2026-05-29",
        "google_attempted": "2026-05-29"
      }
    },
    {
      "type": "Feature",
      "geometry": {
        "type": "Point",
        "coordinates": [
          9.7954424,
          50.5431134
        ]
      },
      "properties": {
        "id": "tk_her_osm_n1810911072",
        "name": "Kathas Getränke & Geschenke",
        "address": {
          "street": "Fuldaer Straße",
          "number": "13",
          "postalcode": "36160"
        },
        "sources": [
          {
            "type": "osm",
            "id": "node/1810911072",
            "version": 0
          },
          {
            "type": "apple",
            "id": "13869381317394265699"
          }
        ],
        "created": "2026-05-28",
        "updated": "2026-05-29",
        "hours": {
          "raw": "Mo-Fr 08:00-12:30,14:30-18:00; Sa 08:00-13:00"
        },
        "tags": [
          "barrierefrei"
        ],
        "sources_by_field": {
          "name": "osm",
          "address.street": "osm",
          "address.number": "osm",
          "address.postalcode": "osm",
          "hours": "apple",
          "payment.cards": "apple",
          "payment.contactless": "apple"
        },
        "payment": {
          "cards": "yes",
          "contactless": "yes"
        },
        "apple_attempted": "2026-05-29"
      }
    },
    {
      "type": "Feature",
      "geometry": {
        "type": "Point",
        "coordinates": [
          9.5977773,
          50.6952275
        ]
      },
      "properties": {
        "id": "tk_her_osm_n1841836002",
        "name": "H-Getränkemarkt",
        "address": {},
        "sources": [
          {
            "type": "osm",
            "id": "node/1841836002",
            "version": 0
          }
        ],
        "created": "2026-05-28",
        "updated": "2026-05-28",
        "tags": [
          "barrierefrei"
        ],
        "sources_by_field": {
          "name": "osm"
        },
        "apple_id_attempted": "2026-05-29",
        "google_attempted": "2026-05-29"
      }
    },
    {
      "type": "Feature",
      "geometry": {
        "type": "Point",
        "coordinates": [
          10.0112854,
          50.5065256
        ]
      },
      "properties": {
        "id": "tk_her_osm_n1904548710",
        "name": "Rhön Campingpark",
        "address": {
          "postalcode": "36115",
          "city": "Ehrenberg"
        },
        "sources": [
          {
            "type": "osm",
            "id": "node/1904548710",
            "version": 0
          },
          {
            "type": "gmaps",
            "id": "ChIJN9z_yecVo0cROjYK5ynmFt4"
          }
        ],
        "created": "2026-05-28",
        "updated": "2026-05-29",
        "sources_by_field": {
          "name": "osm",
          "address.postalcode": "osm",
          "address.city": "osm",
          "payment.cards": "google",
          "payment.contactless": "google",
          "payment.girocard": "google"
        },
        "apple_id_attempted": "2026-05-29",
        "payment": {
          "cards": "yes",
          "contactless": "yes",
          "girocard": "yes"
        },
        "google_attempted": "2026-05-29"
      }
    },
    {
      "type": "Feature",
      "geometry": {
        "type": "Point",
        "coordinates": [
          8.6184307,
          49.7400742
        ]
      },
      "properties": {
        "id": "tk_her_osm_n1905802131",
        "name": "Kiosk Alte Bergstrasse",
        "address": {},
        "sources": [
          {
            "type": "osm",
            "id": "node/1905802131",
            "version": 0
          },
          {
            "type": "gmaps",
            "id": "ChIJXdzITv18vUcR1MZdQR_QB0I"
          }
        ],
        "created": "2026-05-28",
        "updated": "2026-05-28",
        "sources_by_field": {
          "name": "osm"
        },
        "apple_id_attempted": "2026-05-29",
        "google_attempted": "2026-05-29"
      }
    },
    {
      "type": "Feature",
      "geometry": {
        "type": "Point",
        "coordinates": [
          9.5127762,
          51.1731181
        ]
      },
      "properties": {
        "id": "tk_her_osm_n2079451377",
        "name": "Getränkequelle Hahn",
        "address": {
          "street": "Nürnberger Straße",
          "number": "14",
          "postalcode": "34327",
          "city": "Körle"
        },
        "sources": [
          {
            "type": "osm",
            "id": "node/2079451377",
            "version": 0
          }
        ],
        "created": "2026-05-28",
        "updated": "2026-05-28",
        "tags": [
          "barrierefrei"
        ],
        "sources_by_field": {
          "name": "osm",
          "address.street": "osm",
          "address.number": "osm",
          "address.postalcode": "osm",
          "address.city": "osm"
        },
        "apple_id_attempted": "2026-05-29",
        "google_attempted": "2026-05-29"
      }
    },
    {
      "type": "Feature",
      "geometry": {
        "type": "Point",
        "coordinates": [
          9.6420357,
          50.4297754
        ]
      },
      "properties": {
        "id": "tk_her_osm_n2217028613",
        "name": "logo Getränke-Fachmarkt",
        "address": {
          "street": "Gewerbestraße",
          "number": "1",
          "postalcode": "36148",
          "city": "Kalbach",
          "district": "Mittelkalbach"
        },
        "sources": [
          {
            "type": "osm",
            "id": "node/2217028613",
            "version": 0
          }
        ],
        "created": "2026-05-28",
        "updated": "2026-05-28",
        "hours": {
          "raw": "Mo-Fr 08:30-19:00; Sa 08:00-18:00; PH off"
        },
        "payment": {
          "cash": "yes",
          "cards": "unknown",
          "contactless": "yes",
          "girocard": "unknown"
        },
        "tags": [
          "barrierefrei"
        ],
        "sources_by_field": {
          "name": "osm",
          "address.street": "osm",
          "address.number": "osm",
          "address.postalcode": "osm",
          "address.city": "osm",
          "address.district": "osm",
          "hours": "osm",
          "payment.cash": "osm",
          "payment.cards": "osm",
          "payment.contactless": "osm",
          "payment.girocard": "osm"
        },
        "apple_id_attempted": "2026-05-29"
      }
    },
    {
      "type": "Feature",
      "geometry": {
        "type": "Point",
        "coordinates": [
          9.6925026,
          50.768774
        ]
      },
      "properties": {
        "id": "tk_her_osm_n2269462413",
        "name": "Raiffeisenmarkt",
        "address": {
          "street": "Raiffeisenstraße",
          "number": "1",
          "postalcode": "36166",
          "city": "Haunetal",
          "district": "Neukirchen"
        },
        "sources": [
          {
            "type": "osm",
            "id": "node/2269462413",
            "version": 0
          }
        ],
        "created": "2026-05-28",
        "updated": "2026-05-28",
        "sources_by_field": {
          "name": "osm",
          "address.street": "osm",
          "address.number": "osm",
          "address.postalcode": "osm",
          "address.city": "osm",
          "address.district": "osm"
        },
        "apple_id_attempted": "2026-05-29",
        "google_attempted": "2026-05-29"
      }
    },
    {
      "type": "Feature",
      "geometry": {
        "type": "Point",
        "coordinates": [
          8.768113,
          50.8082379
        ]
      },
      "properties": {
        "id": "tk_her_osm_n2314255153",
        "name": "MR-Xpress",
        "address": {},
        "sources": [
          {
            "type": "osm",
            "id": "node/2314255153",
            "version": 0
          },
          {
            "type": "gmaps",
            "id": "ChIJzRj-cEhjvEcRKwNt1N4YV2k"
          }
        ],
        "created": "2026-05-28",
        "updated": "2026-05-29",
        "sources_by_field": {
          "name": "osm",
          "payment.cards": "google",
          "payment.contactless": "google",
          "payment.girocard": "google",
          "hours": "google"
        },
        "apple_id_attempted": "2026-05-29",
        "payment": {
          "cards": "no",
          "contactless": "yes",
          "girocard": "yes"
        },
        "hours": {
          "raw": "Tu 09:30-21:30; Th 09:30-21:30; Fr 09:30-22:00; We 09:30-21:30; Mo 09:30-21:30; Sa 09:30-22:00"
        },
        "google_attempted": "2026-05-29"
      }
    },
    {
      "type": "Feature",
      "geometry": {
        "type": "Point",
        "coordinates": [
          9.1660292,
          51.2492072
        ]
      },
      "properties": {
        "id": "tk_her_osm_n2467927562",
        "name": "Naumburger Getränkeshop",
        "address": {},
        "sources": [
          {
            "type": "osm",
            "id": "node/2467927562",
            "version": 0
          },
          {
            "type": "gmaps",
            "id": "ChIJGaeJk-dtu0cRlgMoKLe7qvU"
          }
        ],
        "created": "2026-05-28",
        "updated": "2026-05-29",
        "hours": {
          "raw": "Tu 09:00-12:30,14:30-18:00; Th 09:00-12:30,14:30-18:00; Fr 09:00-12:30,14:30-18:00; We 09:00-12:30,14:30-18:00; Mo 09:00-12:30,14:30-18:00; Sa 09:00-13:00"
        },
        "sources_by_field": {
          "name": "osm",
          "hours": "google",
          "payment.cards": "google",
          "payment.contactless": "google",
          "payment.girocard": "google"
        },
        "apple_id_attempted": "2026-05-29",
        "payment": {
          "cards": "no",
          "contactless": "yes",
          "girocard": "yes"
        },
        "google_attempted": "2026-05-29"
      }
    },
    {
      "type": "Feature",
      "geometry": {
        "type": "Point",
        "coordinates": [
          8.8381996,
          49.8265188
        ]
      },
      "properties": {
        "id": "tk_her_osm_n2499988421",
        "name": "Petri Getränkemarkt",
        "address": {},
        "sources": [
          {
            "type": "osm",
            "id": "node/2499988421",
            "version": 0
          }
        ],
        "created": "2026-05-28",
        "updated": "2026-05-28",
        "tags": [
          "barrierefrei"
        ],
        "sources_by_field": {
          "name": "osm"
        },
        "apple_id_attempted": "2026-05-29",
        "google_attempted": "2026-05-29"
      }
    },
    {
      "type": "Feature",
      "geometry": {
        "type": "Point",
        "coordinates": [
          9.712354,
          50.5545686
        ]
      },
      "properties": {
        "id": "tk_her_osm_n2510220624",
        "name": "REWE Getränkemarkt",
        "address": {
          "street": "Alte Ziegelei",
          "number": "3",
          "postalcode": "36100",
          "city": "Petersberg"
        },
        "sources": [
          {
            "type": "osm",
            "id": "node/2510220624",
            "version": 0
          }
        ],
        "created": "2026-05-28",
        "updated": "2026-05-28",
        "hours": {
          "raw": "Mo-Sa 07:00-21:00"
        },
        "payment": {
          "cash": "unknown",
          "cards": "yes",
          "contactless": "unknown",
          "girocard": "unknown"
        },
        "tags": [
          "barrierefrei"
        ],
        "sources_by_field": {
          "name": "osm",
          "address.street": "osm",
          "address.number": "osm",
          "address.postalcode": "osm",
          "address.city": "osm",
          "hours": "osm",
          "payment.cash": "osm",
          "payment.cards": "osm",
          "payment.contactless": "osm",
          "payment.girocard": "osm"
        },
        "apple_id_attempted": "2026-05-29"
      }
    },
    {
      "type": "Feature",
      "geometry": {
        "type": "Point",
        "coordinates": [
          8.9427772,
          51.20521
        ]
      },
      "properties": {
        "id": "tk_her_osm_n2582999951",
        "name": "EDEKA",
        "address": {},
        "sources": [
          {
            "type": "osm",
            "id": "node/2582999951",
            "version": 0
          }
        ],
        "created": "2026-05-28",
        "updated": "2026-05-28",
        "sources_by_field": {
          "name": "osm"
        },
        "apple_id_attempted": "2026-05-29",
        "google_attempted": "2026-05-29"
      }
    },
    {
      "type": "Feature",
      "geometry": {
        "type": "Point",
        "coordinates": [
          9.6746731,
          50.5492225
        ]
      },
      "properties": {
        "id": "tk_her_osm_n270382331",
        "name": "Altstadt Kiosk",
        "address": {
          "street": "Königstraße",
          "number": "86",
          "postalcode": "36037",
          "city": "Fulda"
        },
        "sources": [
          {
            "type": "osm",
            "id": "node/270382331",
            "version": 0
          }
        ],
        "created": "2026-05-28",
        "updated": "2026-05-28",
        "hours": {
          "raw": "Mo-Th 11:00-19:00, Fr 11:00-01:00, Sa 12:00-01:00; Su,PH off"
        },
        "sources_by_field": {
          "name": "osm",
          "address.street": "osm",
          "address.number": "osm",
          "address.postalcode": "osm",
          "address.city": "osm",
          "hours": "osm"
        },
        "apple_id_attempted": "2026-05-29",
        "google_attempted": "2026-05-29"
      }
    },
    {
      "type": "Feature",
      "geometry": {
        "type": "Point",
        "coordinates": [
          8.8999303,
          49.8358725
        ]
      },
      "properties": {
        "id": "tk_her_osm_n288281626",
        "name": "Schreibwaren Zieres",
        "address": {},
        "sources": [
          {
            "type": "osm",
            "id": "node/288281626",
            "version": 0
          },
          {
            "type": "gmaps",
            "id": "ChIJNQfODVZdvUcRtb5pq5Mstkk"
          }
        ],
        "created": "2026-05-28",
        "updated": "2026-05-29",
        "sources_by_field": {
          "name": "osm",
          "hours": "google"
        },
        "apple_id_attempted": "2026-05-29",
        "hours": {
          "raw": "Tu 08:00-17:30; Th 08:00-17:30; Fr 08:00-17:30; We 08:00-17:30; Mo 08:00-17:30; Sa 08:00-17:30"
        },
        "google_attempted": "2026-05-29"
      }
    },
    {
      "type": "Feature",
      "geometry": {
        "type": "Point",
        "coordinates": [
          9.2426191,
          50.9109526
        ]
      },
      "properties": {
        "id": "tk_her_osm_n2891246159",
        "name": "Getränke Quelle",
        "address": {
          "street": "Ernst-Ihle-Straße",
          "number": "9",
          "postalcode": "34613",
          "city": "Schwalmstadt",
          "district": "Ziegenhain"
        },
        "sources": [
          {
            "type": "osm",
            "id": "node/2891246159",
            "version": 0
          }
        ],
        "created": "2026-05-28",
        "updated": "2026-05-28",
        "tags": [
          "barrierefrei"
        ],
        "sources_by_field": {
          "name": "osm",
          "address.street": "osm",
          "address.number": "osm",
          "address.postalcode": "osm",
          "address.city": "osm",
          "address.district": "osm"
        },
        "apple_id_attempted": "2026-05-29",
        "google_attempted": "2026-05-29"
      }
    },
    {
      "type": "Feature",
      "geometry": {
        "type": "Point",
        "coordinates": [
          9.1702132,
          50.6505518
        ]
      },
      "properties": {
        "id": "tk_her_osm_n2904848337",
        "name": "Getränke Service Schuchmann",
        "address": {},
        "sources": [
          {
            "type": "osm",
            "id": "node/2904848337",
            "version": 0
          }
        ],
        "created": "2026-05-28",
        "updated": "2026-05-28",
        "sources_by_field": {
          "name": "osm"
        },
        "apple_id_attempted": "2026-05-29",
        "google_attempted": "2026-05-29"
      }
    },
    {
      "type": "Feature",
      "geometry": {
        "type": "Point",
        "coordinates": [
          8.6993976,
          50.6419948
        ]
      },
      "properties": {
        "id": "tk_her_osm_n2911858007",
        "name": "Getränke Schmidt",
        "address": {
          "street": "Auweg",
          "number": "16",
          "postalcode": "35457",
          "city": "Lollar"
        },
        "sources": [
          {
            "type": "osm",
            "id": "node/2911858007",
            "version": 0
          }
        ],
        "created": "2026-05-28",
        "updated": "2026-05-28",
        "sources_by_field": {
          "name": "osm",
          "address.street": "osm",
          "address.number": "osm",
          "address.postalcode": "osm",
          "address.city": "osm"
        },
        "apple_id_attempted": "2026-05-29",
        "google_attempted": "2026-05-29"
      }
    },
    {
      "type": "Feature",
      "geometry": {
        "type": "Point",
        "coordinates": [
          9.6877276,
          50.550022
        ]
      },
      "properties": {
        "id": "tk_her_osm_n29908948",
        "name": "rhv-Tankstelle",
        "address": {
          "street": "Petersberger Straße",
          "number": "42",
          "postalcode": "36037",
          "city": "Fulda"
        },
        "sources": [
          {
            "type": "osm",
            "id": "node/29908948",
            "version": 0
          },
          {
            "type": "apple",
            "id": "4399540008498544034"
          }
        ],
        "created": "2026-05-28",
        "updated": "2026-05-29",
        "hours": {
          "raw": "Mo-Su 07:00-21:00"
        },
        "sources_by_field": {
          "name": "osm",
          "address.street": "osm",
          "address.number": "osm",
          "address.postalcode": "osm",
          "address.city": "osm",
          "hours": "apple",
          "payment.cards": "apple",
          "payment.contactless": "apple"
        },
        "payment": {
          "cards": "yes",
          "contactless": "yes"
        },
        "apple_attempted": "2026-05-29"
      }
    },
    {
      "type": "Feature",
      "geometry": {
        "type": "Point",
        "coordinates": [
          8.7838934,
          51.0566175
        ]
      },
      "properties": {
        "id": "tk_her_osm_n300504737",
        "name": "Herkules Getränke",
        "address": {},
        "sources": [
          {
            "type": "osm",
            "id": "node/300504737",
            "version": 0
          },
          {
            "type": "gmaps",
            "id": "ChIJ2_fnReKAu0cRZMO7oNTkW50"
          }
        ],
        "created": "2026-05-28",
        "updated": "2026-05-29",
        "tags": [
          "barrierefrei"
        ],
        "sources_by_field": {
          "name": "osm",
          "payment.cards": "google",
          "payment.contactless": "google",
          "payment.girocard": "google",
          "hours": "google"
        },
        "apple_id_attempted": "2026-05-29",
        "payment": {
          "cards": "yes",
          "contactless": "yes",
          "girocard": "yes"
        },
        "hours": {
          "raw": "Tu 08:00-20:00; Th 08:00-20:00; Fr 08:00-20:00; We 08:00-20:00; Mo 08:00-20:00; Sa 08:00-20:00"
        },
        "google_attempted": "2026-05-29"
      }
    },
    {
      "type": "Feature",
      "geometry": {
        "type": "Point",
        "coordinates": [
          9.0171027,
          50.826168
        ]
      },
      "properties": {
        "id": "tk_her_osm_n3019456240",
        "name": "Claudia Janis Zeitungen & mehr",
        "address": {
          "street": "Am Bahnhof",
          "number": "10",
          "postalcode": "35260",
          "city": "Stadtallendorf"
        },
        "sources": [
          {
            "type": "osm",
            "id": "node/3019456240",
            "version": 0
          },
          {
            "type": "apple",
            "id": "3624428146796469047"
          }
        ],
        "created": "2026-05-28",
        "updated": "2026-05-29",
        "sources_by_field": {
          "name": "osm",
          "address.street": "osm",
          "address.number": "osm",
          "address.postalcode": "osm",
          "address.city": "osm",
          "payment.cards": "apple",
          "payment.contactless": "apple",
          "hours": "apple"
        },
        "payment": {
          "cards": "yes",
          "contactless": "yes"
        },
        "hours": {
          "raw": "Mo-Sa 07:30-12:30; Mo-Fr 14:30-18:00"
        },
        "apple_attempted": "2026-05-29"
      }
    },
    {
      "type": "Feature",
      "geometry": {
        "type": "Point",
        "coordinates": [
          8.6097958,
          49.7432808
        ]
      },
      "properties": {
        "id": "tk_her_osm_n3099349758",
        "name": "Getränke Wolf",
        "address": {
          "street": "Neue Bergstraße",
          "number": "8",
          "postalcode": "64665",
          "city": "Alsbach-Hähnlein"
        },
        "sources": [
          {
            "type": "osm",
            "id": "node/3099349758",
            "version": 0
          },
          {
            "type": "gmaps",
            "id": "ChIJdxo1A_98vUcR04zuizjl5F8"
          }
        ],
        "created": "2026-05-28",
        "updated": "2026-05-29",
        "sources_by_field": {
          "name": "osm",
          "address.street": "osm",
          "address.number": "osm",
          "address.postalcode": "osm",
          "address.city": "osm",
          "payment.cards": "google",
          "payment.contactless": "google",
          "payment.girocard": "google",
          "hours": "google"
        },
        "apple_id_attempted": "2026-05-29",
        "payment": {
          "cards": "no",
          "contactless": "yes",
          "girocard": "yes"
        },
        "hours": {
          "raw": "Tu 13:00-18:00; Th 13:00-18:00; Fr 13:00-18:00; We 13:00-18:00; Mo 13:00-18:00; Sa 09:00-13:00"
        },
        "google_attempted": "2026-05-29"
      }
    },
    {
      "type": "Feature",
      "geometry": {
        "type": "Point",
        "coordinates": [
          9.1764225,
          51.0527856
        ]
      },
      "properties": {
        "id": "tk_her_osm_n3110299748",
        "name": "EDEKA Getränkemarkt",
        "address": {},
        "sources": [
          {
            "type": "osm",
            "id": "node/3110299748",
            "version": 0
          }
        ],
        "created": "2026-05-28",
        "updated": "2026-05-28",
        "hours": {
          "raw": "Mo-Fr 08:00-12:30, Sa 08:00-13:00, Mo-Fr 14:00-18:00; Su off"
        },
        "sources_by_field": {
          "name": "osm",
          "hours": "osm"
        },
        "apple_id_attempted": "2026-05-29",
        "google_attempted": "2026-05-29"
      }
    },
    {
      "type": "Feature",
      "geometry": {
        "type": "Point",
        "coordinates": [
          9.7672786,
          50.6708303
        ]
      },
      "properties": {
        "id": "tk_her_osm_n3112855150",
        "name": "Tegut Getränkemarkt",
        "address": {
          "street": "Josefstraße",
          "number": "16",
          "postalcode": "36088",
          "city": "Hünfeld"
        },
        "sources": [
          {
            "type": "osm",
            "id": "node/3112855150",
            "version": 0
          }
        ],
        "created": "2026-05-28",
        "updated": "2026-05-28",
        "hours": {
          "raw": "Mo-Sa 08:00-20:00"
        },
        "payment": {
          "cash": "unknown",
          "cards": "yes",
          "contactless": "unknown",
          "girocard": "unknown"
        },
        "sources_by_field": {
          "name": "osm",
          "address.street": "osm",
          "address.number": "osm",
          "address.postalcode": "osm",
          "address.city": "osm",
          "hours": "osm",
          "payment.cash": "osm",
          "payment.cards": "osm",
          "payment.contactless": "osm",
          "payment.girocard": "osm"
        },
        "apple_id_attempted": "2026-05-29"
      }
    },
    {
      "type": "Feature",
      "geometry": {
        "type": "Point",
        "coordinates": [
          9.005467,
          50.8303426
        ]
      },
      "properties": {
        "id": "tk_her_osm_n312999731",
        "name": "Getränke Quelle",
        "address": {},
        "sources": [
          {
            "type": "osm",
            "id": "node/312999731",
            "version": 0
          }
        ],
        "created": "2026-05-28",
        "updated": "2026-05-28",
        "tags": [
          "barrierefrei"
        ],
        "sources_by_field": {
          "name": "osm"
        },
        "apple_id_attempted": "2026-05-29",
        "google_attempted": "2026-05-29"
      }
    },
    {
      "type": "Feature",
      "geometry": {
        "type": "Point",
        "coordinates": [
          8.3055537,
          50.6810862
        ]
      },
      "properties": {
        "id": "tk_her_osm_n3130797836",
        "name": "Kreuter Tabak Presse",
        "address": {
          "street": "Hauptstraße",
          "number": "115",
          "postalcode": "35745",
          "city": "Herborn"
        },
        "sources": [
          {
            "type": "osm",
            "id": "node/3130797836",
            "version": 0
          }
        ],
        "created": "2026-05-28",
        "updated": "2026-05-28",
        "hours": {
          "raw": "Mo-Fr 08:00-19:00; Sa 09:00-16:00; PH,Su off"
        },
        "sources_by_field": {
          "name": "osm",
          "address.street": "osm",
          "address.number": "osm",
          "address.postalcode": "osm",
          "address.city": "osm",
          "hours": "osm"
        },
        "apple_id_attempted": "2026-05-29",
        "google_attempted": "2026-05-29"
      }
    },
    {
      "type": "Feature",
      "geometry": {
        "type": "Point",
        "coordinates": [
          9.4438847,
          50.6287288
        ]
      },
      "properties": {
        "id": "tk_her_osm_n320102448",
        "name": "Getränke Hühn",
        "address": {},
        "sources": [
          {
            "type": "osm",
            "id": "node/320102448",
            "version": 0
          },
          {
            "type": "gmaps",
            "id": "ChIJUbxfedjJvEcR7IH9x9iDJyI"
          }
        ],
        "created": "2026-05-28",
        "updated": "2026-05-28",
        "sources_by_field": {
          "name": "osm"
        },
        "apple_id_attempted": "2026-05-29",
        "google_attempted": "2026-05-29"
      }
    },
    {
      "type": "Feature",
      "geometry": {
        "type": "Point",
        "coordinates": [
          9.6144177,
          50.2491671
        ]
      },
      "properties": {
        "id": "tk_her_osm_n3230293762",
        "name": "Bierbüdje",
        "address": {},
        "sources": [
          {
            "type": "osm",
            "id": "node/3230293762",
            "version": 0
          },
          {
            "type": "gmaps",
            "id": "ChIJObGux1HWokcRTFTPJcNAFXY"
          }
        ],
        "created": "2026-05-28",
        "updated": "2026-05-29",
        "sources_by_field": {
          "name": "osm",
          "hours": "google"
        },
        "apple_id_attempted": "2026-05-29",
        "hours": {
          "raw": "Tu 16:00-21:00; Th 16:00-21:00; Fr 16:00-21:00; We 16:00-21:00; Mo 16:00-21:00; Sa 16:00-21:00; Su 16:00-21:00"
        },
        "google_attempted": "2026-05-29"
      }
    },
    {
      "type": "Feature",
      "geometry": {
        "type": "Point",
        "coordinates": [
          9.747537,
          50.9048697
        ]
      },
      "properties": {
        "id": "tk_her_osm_n324215986",
        "name": "Logo",
        "address": {
          "street": "Industriestraße",
          "number": "6",
          "postalcode": "36251",
          "city": "Ludwigsau",
          "district": "Reilos"
        },
        "sources": [
          {
            "type": "osm",
            "id": "node/324215986",
            "version": 0
          }
        ],
        "created": "2026-05-28",
        "updated": "2026-05-28",
        "tags": [
          "barrierefrei"
        ],
        "sources_by_field": {
          "name": "osm",
          "address.street": "osm",
          "address.number": "osm",
          "address.postalcode": "osm",
          "address.city": "osm",
          "address.district": "osm"
        },
        "apple_id_attempted": "2026-05-29",
        "google_attempted": "2026-05-29"
      }
    },
    {
      "type": "Feature",
      "geometry": {
        "type": "Point",
        "coordinates": [
          9.6952025,
          50.4951685
        ]
      },
      "properties": {
        "id": "tk_her_osm_n3268752281",
        "name": "logo Getränke-Fachmarkt",
        "address": {
          "street": "Fuldaer Straße",
          "number": "8a",
          "postalcode": "36124",
          "city": "Eichenzell"
        },
        "sources": [
          {
            "type": "osm",
            "id": "node/3268752281",
            "version": 0
          }
        ],
        "created": "2026-05-28",
        "updated": "2026-05-28",
        "hours": {
          "raw": "Mo-Fr 08:30-19:00; Sa 08:30-18:00"
        },
        "sources_by_field": {
          "name": "osm",
          "address.street": "osm",
          "address.number": "osm",
          "address.postalcode": "osm",
          "address.city": "osm",
          "hours": "osm"
        },
        "apple_id_attempted": "2026-05-29",
        "google_attempted": "2026-05-29"
      }
    },
    {
      "type": "Feature",
      "geometry": {
        "type": "Point",
        "coordinates": [
          8.7890032,
          51.0553742
        ]
      },
      "properties": {
        "id": "tk_her_osm_n3384068461",
        "name": "kkiosk",
        "address": {},
        "sources": [
          {
            "type": "osm",
            "id": "node/3384068461",
            "version": 0
          },
          {
            "type": "gmaps",
            "id": "ChIJfZEz2fyAu0cRvIoqw112eOs"
          }
        ],
        "created": "2026-05-28",
        "updated": "2026-05-29",
        "tags": [
          "barrierefrei"
        ],
        "sources_by_field": {
          "name": "osm",
          "payment.cards": "google",
          "payment.girocard": "google",
          "hours": "google"
        },
        "apple_id_attempted": "2026-05-29",
        "payment": {
          "cards": "yes",
          "girocard": "yes"
        },
        "hours": {
          "raw": "Tu 08:00-19:00; Th 08:00-19:00; Fr 08:00-19:00; We 08:00-19:00; Mo 08:00-19:00; Sa 08:00-19:00"
        },
        "google_attempted": "2026-05-29"
      }
    },
    {
      "type": "Feature",
      "geometry": {
        "type": "Point",
        "coordinates": [
          8.9406786,
          50.8204176
        ]
      },
      "properties": {
        "id": "tk_her_osm_n338413114",
        "name": "Herkules Getränkemarkt",
        "address": {},
        "sources": [
          {
            "type": "osm",
            "id": "node/338413114",
            "version": 0
          }
        ],
        "created": "2026-05-28",
        "updated": "2026-05-28",
        "tags": [
          "barrierefrei"
        ],
        "sources_by_field": {
          "name": "osm"
        },
        "apple_id_attempted": "2026-05-29",
        "google_attempted": "2026-05-29"
      }
    },
    {
      "type": "Feature",
      "geometry": {
        "type": "Point",
        "coordinates": [
          8.6800713,
          50.6308865
        ]
      },
      "properties": {
        "id": "tk_her_osm_n3401436108",
        "name": "Edeka-Getränkemarkt",
        "address": {},
        "sources": [
          {
            "type": "osm",
            "id": "node/3401436108",
            "version": 0
          }
        ],
        "created": "2026-05-28",
        "updated": "2026-05-28",
        "hours": {
          "raw": "Mo-Sa 08:00-20:00"
        },
        "tags": [
          "barrierefrei"
        ],
        "sources_by_field": {
          "name": "osm",
          "hours": "osm"
        },
        "apple_id_attempted": "2026-05-29",
        "google_attempted": "2026-05-29"
      }
    },
    {
      "type": "Feature",
      "geometry": {
        "type": "Point",
        "coordinates": [
          8.5709221,
          50.67223
        ]
      },
      "properties": {
        "id": "tk_her_osm_n345207260",
        "name": "Wack",
        "address": {},
        "sources": [
          {
            "type": "osm",
            "id": "node/345207260",
            "version": 0
          },
          {
            "type": "gmaps",
            "id": "ChIJXxw0MQpdvEcRoOHm1_bd_P4"
          }
        ],
        "created": "2026-05-28",
        "updated": "2026-05-28",
        "sources_by_field": {
          "name": "osm"
        },
        "apple_id_attempted": "2026-05-29",
        "google_attempted": "2026-05-29"
      }
    },
    {
      "type": "Feature",
      "geometry": {
        "type": "Point",
        "coordinates": [
          8.7680292,
          50.7866907
        ]
      },
      "properties": {
        "id": "tk_her_osm_n3459227264",
        "name": "tegut Getränke",
        "address": {},
        "sources": [
          {
            "type": "osm",
            "id": "node/3459227264",
            "version": 0
          },
          {
            "type": "gmaps",
            "id": "ChIJr0QGxQpivEcRsgOnf0H-XKk"
          }
        ],
        "created": "2026-05-28",
        "updated": "2026-05-29",
        "hours": {
          "raw": "Tu 07:00-22:00; Th 07:00-22:00; Fr 07:00-22:00; We 07:00-22:00; Mo 07:00-22:00; Sa 07:00-22:00"
        },
        "sources_by_field": {
          "name": "osm",
          "hours": "google",
          "payment.cards": "google",
          "payment.contactless": "google",
          "payment.girocard": "google"
        },
        "apple_id_attempted": "2026-05-29",
        "payment": {
          "cards": "yes",
          "contactless": "yes",
          "girocard": "yes"
        },
        "google_attempted": "2026-05-29"
      }
    },
    {
      "type": "Feature",
      "geometry": {
        "type": "Point",
        "coordinates": [
          9.9897793,
          50.8376245
        ]
      },
      "properties": {
        "id": "tk_her_osm_n346802752",
        "name": "EDEKA Getränkemarkt",
        "address": {},
        "sources": [
          {
            "type": "osm",
            "id": "node/346802752",
            "version": 0
          }
        ],
        "created": "2026-05-28",
        "updated": "2026-05-28",
        "tags": [
          "barrierefrei"
        ],
        "sources_by_field": {
          "name": "osm"
        },
        "apple_id_attempted": "2026-05-29",
        "google_attempted": "2026-05-29"
      }
    },
    {
      "type": "Feature",
      "geometry": {
        "type": "Point",
        "coordinates": [
          8.4785894,
          50.7572634
        ]
      },
      "properties": {
        "id": "tk_her_osm_n364467402",
        "name": "Rewe",
        "address": {
          "street": "Am Bewegungsbad",
          "number": "9",
          "postalcode": "35080",
          "city": "Bad Endbach"
        },
        "sources": [
          {
            "type": "osm",
            "id": "node/364467402",
            "version": 0
          }
        ],
        "created": "2026-05-28",
        "updated": "2026-05-28",
        "hours": {
          "raw": "Mo-Sa 07:00-21:00"
        },
        "payment": {
          "cash": "unknown",
          "cards": "unknown",
          "contactless": "unknown",
          "girocard": "yes"
        },
        "tags": [
          "barrierefrei"
        ],
        "sources_by_field": {
          "name": "osm",
          "address.street": "osm",
          "address.number": "osm",
          "address.postalcode": "osm",
          "address.city": "osm",
          "hours": "osm",
          "payment.cash": "osm",
          "payment.cards": "osm",
          "payment.contactless": "osm",
          "payment.girocard": "osm"
        },
        "apple_id_attempted": "2026-05-29"
      }
    },
    {
      "type": "Feature",
      "geometry": {
        "type": "Point",
        "coordinates": [
          9.721932,
          50.4788633
        ]
      },
      "properties": {
        "id": "tk_her_osm_n3688321037",
        "name": "Heurich Getränkemarkt",
        "address": {
          "street": "Talstraße",
          "number": "23a",
          "postalcode": "36124",
          "city": "Eichenzell"
        },
        "sources": [
          {
            "type": "osm",
            "id": "node/3688321037",
            "version": 0
          },
          {
            "type": "gmaps",
            "id": "ChIJadfZ51gwo0cR2iAe_IRzJJc"
          }
        ],
        "created": "2026-05-28",
        "updated": "2026-05-29",
        "sources_by_field": {
          "name": "osm",
          "address.street": "osm",
          "address.number": "osm",
          "address.postalcode": "osm",
          "address.city": "osm",
          "payment.cards": "google",
          "payment.girocard": "google"
        },
        "apple_id_attempted": "2026-05-29",
        "payment": {
          "cards": "yes",
          "girocard": "yes"
        },
        "google_attempted": "2026-05-29"
      }
    },
    {
      "type": "Feature",
      "geometry": {
        "type": "Point",
        "coordinates": [
          8.8812165,
          50.8074725
        ]
      },
      "properties": {
        "id": "tk_her_osm_n3717113493",
        "name": "Getränkemarkt Weiß",
        "address": {},
        "sources": [
          {
            "type": "osm",
            "id": "node/3717113493",
            "version": 0
          }
        ],
        "created": "2026-05-28",
        "updated": "2026-05-28",
        "hours": {
          "raw": "Mo-Fr 09:00-12:30,15:00-19:00; Sa 08:00-16:00; PH off"
        },
        "sources_by_field": {
          "name": "osm",
          "hours": "osm"
        },
        "apple_id_attempted": "2026-05-29",
        "google_attempted": "2026-05-29"
      }
    },
    {
      "type": "Feature",
      "geometry": {
        "type": "Point",
        "coordinates": [
          9.3423449,
          50.8707023
        ]
      },
      "properties": {
        "id": "tk_her_osm_n3761635186",
        "name": "Getränkequelle",
        "address": {
          "postalcode": "34626",
          "city": "Neukirchen"
        },
        "sources": [
          {
            "type": "osm",
            "id": "node/3761635186",
            "version": 0
          }
        ],
        "created": "2026-05-28",
        "updated": "2026-05-28",
        "sources_by_field": {
          "name": "osm",
          "address.postalcode": "osm",
          "address.city": "osm"
        },
        "apple_id_attempted": "2026-05-29",
        "google_attempted": "2026-05-29"
      }
    },
    {
      "type": "Feature",
      "geometry": {
        "type": "Point",
        "coordinates": [
          8.8322085,
          49.8331409
        ]
      },
      "properties": {
        "id": "tk_her_osm_n3769350157",
        "name": "Getränke Maurer",
        "address": {
          "street": "Westring",
          "number": "75",
          "postalcode": "64354",
          "city": "Reinheim"
        },
        "sources": [
          {
            "type": "osm",
            "id": "node/3769350157",
            "version": 0
          },
          {
            "type": "gmaps",
            "id": "ChIJOzAXmTBmvUcRysuXq6sUM0o"
          }
        ],
        "created": "2026-05-28",
        "updated": "2026-05-28",
        "tags": [
          "barrierefrei"
        ],
        "sources_by_field": {
          "name": "osm",
          "address.street": "osm",
          "address.number": "osm",
          "address.postalcode": "osm",
          "address.city": "osm"
        },
        "apple_id_attempted": "2026-05-29",
        "google_attempted": "2026-05-29"
      }
    },
    {
      "type": "Feature",
      "geometry": {
        "type": "Point",
        "coordinates": [
          8.7717717,
          50.8177605
        ]
      },
      "properties": {
        "id": "tk_her_osm_n3786014863",
        "name": "Lotto-Totoannahme Celik",
        "address": {},
        "sources": [
          {
            "type": "osm",
            "id": "node/3786014863",
            "version": 0
          },
          {
            "type": "gmaps",
            "id": "ChIJOziY0IRivEcRYGrxfW2Fq10"
          }
        ],
        "created": "2026-05-28",
        "updated": "2026-05-29",
        "hours": {
          "raw": "Tu 09:00-20:00; Th 09:00-20:00; Fr 09:00-20:00; We 09:00-20:00; Mo 09:00-20:00; Sa 09:00-20:00"
        },
        "sources_by_field": {
          "name": "osm",
          "hours": "google"
        },
        "apple_id_attempted": "2026-05-29",
        "google_attempted": "2026-05-29"
      }
    },
    {
      "type": "Feature",
      "geometry": {
        "type": "Point",
        "coordinates": [
          8.688785,
          49.7275987
        ]
      },
      "properties": {
        "id": "tk_her_osm_n384902502",
        "name": "Felsenmeer-Kiosk",
        "address": {},
        "sources": [
          {
            "type": "osm",
            "id": "node/384902502",
            "version": 0
          },
          {
            "type": "apple",
            "id": "17795582602731912151"
          }
        ],
        "created": "2026-05-28",
        "updated": "2026-05-28",
        "hours": {
          "raw": "Apr-Oct Sa,Su,PH 11:30-16:30"
        },
        "payment": {
          "cash": "yes",
          "cards": "no",
          "contactless": "unknown",
          "girocard": "unknown"
        },
        "tags": [
          "draussen"
        ],
        "sources_by_field": {
          "name": "osm",
          "hours": "osm",
          "payment.cash": "osm",
          "payment.cards": "osm",
          "payment.contactless": "osm",
          "payment.girocard": "osm"
        }
      }
    },
    {
      "type": "Feature",
      "geometry": {
        "type": "Point",
        "coordinates": [
          9.2747272,
          51.1327048
        ]
      },
      "properties": {
        "id": "tk_her_osm_n3852276177",
        "name": "Morbitzers Papershop",
        "address": {},
        "sources": [
          {
            "type": "osm",
            "id": "node/3852276177",
            "version": 0
          },
          {
            "type": "apple",
            "id": "3884034446661493012"
          }
        ],
        "created": "2026-05-28",
        "updated": "2026-05-28",
        "hours": {
          "raw": "Mo-Fr 06:30-18:30; Sa 06:30-16:00; Su off"
        },
        "payment": {
          "cash": "unknown",
          "cards": "yes",
          "contactless": "unknown",
          "girocard": "unknown"
        },
        "sources_by_field": {
          "name": "osm",
          "hours": "osm",
          "payment.cash": "osm",
          "payment.cards": "osm",
          "payment.contactless": "osm",
          "payment.girocard": "osm"
        }
      }
    },
    {
      "type": "Feature",
      "geometry": {
        "type": "Point",
        "coordinates": [
          8.8333225,
          49.8324556
        ]
      },
      "properties": {
        "id": "tk_her_osm_n3875177544",
        "name": "toom Getränkemarkt",
        "address": {
          "street": "Konrad-Adenauer-Straße",
          "number": "1",
          "postalcode": "64354",
          "city": "Reinheim"
        },
        "sources": [
          {
            "type": "osm",
            "id": "node/3875177544",
            "version": 0
          }
        ],
        "created": "2026-05-28",
        "updated": "2026-05-28",
        "hours": {
          "raw": "Mo-Sa 08:00-20:00"
        },
        "tags": [
          "barrierefrei"
        ],
        "sources_by_field": {
          "name": "osm",
          "address.street": "osm",
          "address.number": "osm",
          "address.postalcode": "osm",
          "address.city": "osm",
          "hours": "osm"
        },
        "apple_id_attempted": "2026-05-29",
        "google_attempted": "2026-05-29"
      }
    },
    {
      "type": "Feature",
      "geometry": {
        "type": "Point",
        "coordinates": [
          9.3098663,
          50.7925108
        ]
      },
      "properties": {
        "id": "tk_her_osm_n390480509",
        "name": "Kosub",
        "address": {},
        "sources": [
          {
            "type": "osm",
            "id": "node/390480509",
            "version": 0
          }
        ],
        "created": "2026-05-28",
        "updated": "2026-05-28",
        "sources_by_field": {
          "name": "osm"
        },
        "apple_id_attempted": "2026-05-29",
        "google_attempted": "2026-05-29"
      }
    },
    {
      "type": "Feature",
      "geometry": {
        "type": "Point",
        "coordinates": [
          8.8441232,
          49.8203789
        ]
      },
      "properties": {
        "id": "tk_her_osm_n3909110357",
        "name": "Getränkemarkt Schüssler",
        "address": {
          "street": "Alter Weg",
          "number": "21",
          "postalcode": "64354",
          "city": "Reinheim",
          "district": "Ueberau"
        },
        "sources": [
          {
            "type": "osm",
            "id": "node/3909110357",
            "version": 0
          }
        ],
        "created": "2026-05-28",
        "updated": "2026-05-28",
        "sources_by_field": {
          "name": "osm",
          "address.street": "osm",
          "address.number": "osm",
          "address.postalcode": "osm",
          "address.city": "osm",
          "address.district": "osm"
        },
        "apple_id_attempted": "2026-05-29",
        "google_attempted": "2026-05-29"
      }
    },
    {
      "type": "Feature",
      "geometry": {
        "type": "Point",
        "coordinates": [
          8.7718072,
          50.8101467
        ]
      },
      "properties": {
        "id": "tk_her_osm_n3913304112",
        "name": "Remix",
        "address": {},
        "sources": [
          {
            "type": "osm",
            "id": "node/3913304112",
            "version": 0
          }
        ],
        "created": "2026-05-28",
        "updated": "2026-05-28",
        "hours": {
          "raw": "Mo-Th,Sa 10:00-24:00, Fr 10:00-02:00"
        },
        "sources_by_field": {
          "name": "osm",
          "hours": "osm"
        },
        "apple_id_attempted": "2026-05-29",
        "google_attempted": "2026-05-29"
      }
    },
    {
      "type": "Feature",
      "geometry": {
        "type": "Point",
        "coordinates": [
          8.61274,
          49.7255038
        ]
      },
      "properties": {
        "id": "tk_her_osm_n3923978148",
        "name": "Fristo",
        "address": {
          "street": "Darmstädter Straße",
          "number": "15-17",
          "postalcode": "64673",
          "city": "Zwingenberg"
        },
        "sources": [
          {
            "type": "osm",
            "id": "node/3923978148",
            "version": 0
          },
          {
            "type": "gmaps",
            "id": "ChIJG8TnaQ59vUcRsfGlJ8QI8Ww"
          }
        ],
        "created": "2026-05-28",
        "updated": "2026-05-29",
        "hours": {
          "raw": "Tu 08:00-20:00; Th 08:00-20:00; Fr 08:00-20:00; We 08:00-20:00; Mo 08:00-20:00; Sa 08:00-18:00"
        },
        "tags": [
          "barrierefrei"
        ],
        "sources_by_field": {
          "name": "osm",
          "address.street": "osm",
          "address.number": "osm",
          "address.postalcode": "osm",
          "address.city": "osm",
          "hours": "google",
          "payment.cards": "google",
          "payment.contactless": "google",
          "payment.girocard": "google"
        },
        "apple_id_attempted": "2026-05-29",
        "payment": {
          "cards": "no",
          "contactless": "yes",
          "girocard": "yes"
        },
        "google_attempted": "2026-05-29"
      }
    },
    {
      "type": "Feature",
      "geometry": {
        "type": "Point",
        "coordinates": [
          9.8585044,
          51.3426878
        ]
      },
      "properties": {
        "id": "tk_her_osm_n4013551023",
        "name": "Lotto Haus am Markt",
        "address": {
          "street": "Am Markt",
          "number": "13",
          "postalcode": "37213",
          "city": "Witzenhausen",
          "district": "Witzenhausen"
        },
        "sources": [
          {
            "type": "osm",
            "id": "node/4013551023",
            "version": 0
          },
          {
            "type": "apple",
            "id": "10654550374673810007"
          }
        ],
        "created": "2026-05-28",
        "updated": "2026-05-28",
        "hours": {
          "raw": "Mo 13:00-18:00; Tu-Th 08:30-13:00,15:00-18:00; Fr 08:00-18:00; Sa 09:00-13:00"
        },
        "payment": {
          "cash": "unknown",
          "cards": "no",
          "contactless": "unknown",
          "girocard": "unknown"
        },
        "sources_by_field": {
          "name": "osm",
          "address.street": "osm",
          "address.number": "osm",
          "address.postalcode": "osm",
          "address.city": "osm",
          "address.district": "osm",
          "hours": "osm",
          "payment.cash": "osm",
          "payment.cards": "osm",
          "payment.contactless": "osm",
          "payment.girocard": "osm"
        }
      }
    },
    {
      "type": "Feature",
      "geometry": {
        "type": "Point",
        "coordinates": [
          8.7380043,
          49.8030517
        ]
      },
      "properties": {
        "id": "tk_her_osm_n4071210969",
        "name": "Lottogarage",
        "address": {},
        "sources": [
          {
            "type": "osm",
            "id": "node/4071210969",
            "version": 0
          },
          {
            "type": "gmaps",
            "id": "ChIJB1dUeEplvUcRrYRQp88K0SU"
          }
        ],
        "created": "2026-05-28",
        "updated": "2026-05-28",
        "sources_by_field": {
          "name": "osm"
        },
        "apple_id_attempted": "2026-05-29",
        "google_attempted": "2026-05-29"
      }
    },
    {
      "type": "Feature",
      "geometry": {
        "type": "Point",
        "coordinates": [
          9.0640748,
          49.7709514
        ]
      },
      "properties": {
        "id": "tk_her_osm_n4083011625",
        "name": "Getränke Olt",
        "address": {},
        "sources": [
          {
            "type": "osm",
            "id": "node/4083011625",
            "version": 0
          },
          {
            "type": "gmaps",
            "id": "ChIJRQOSFWpavUcR_YRoqybGJes"
          }
        ],
        "created": "2026-05-28",
        "updated": "2026-05-29",
        "sources_by_field": {
          "name": "osm",
          "payment.cards": "google",
          "payment.contactless": "google",
          "payment.girocard": "google",
          "hours": "google"
        },
        "apple_id_attempted": "2026-05-29",
        "payment": {
          "cards": "yes",
          "contactless": "yes",
          "girocard": "yes"
        },
        "hours": {
          "raw": "Tu 08:00-12:00,14:00-18:00; Th 08:00-12:00,14:00-18:00; Fr 08:00-12:00,14:00-18:00; We 08:00-12:00; Mo 08:00-12:00; Sa 08:00-12:00"
        },
        "google_attempted": "2026-05-29"
      }
    },
    {
      "type": "Feature",
      "geometry": {
        "type": "Point",
        "coordinates": [
          9.8686781,
          50.4885883
        ]
      },
      "properties": {
        "id": "tk_her_osm_n4138052521",
        "name": "Bräuning",
        "address": {},
        "sources": [
          {
            "type": "osm",
            "id": "node/4138052521",
            "version": 0
          },
          {
            "type": "gmaps",
            "id": "ChIJEfqowIo7o0cRTXoaVvoAP38"
          }
        ],
        "created": "2026-05-28",
        "updated": "2026-05-29",
        "hours": {
          "raw": "Tu 08:00-12:30,14:30-18:00; Th 08:00-12:30,14:30-18:00; Fr 08:00-12:30,14:30-18:00; We 08:00-12:30,14:30-18:00; Mo 08:00-12:30,14:30-18:00; Sa 08:00-13:00"
        },
        "sources_by_field": {
          "name": "osm",
          "hours": "google",
          "payment.cards": "google",
          "payment.contactless": "google",
          "payment.girocard": "google"
        },
        "apple_id_attempted": "2026-05-29",
        "payment": {
          "cards": "no",
          "contactless": "yes",
          "girocard": "yes"
        },
        "google_attempted": "2026-05-29"
      }
    },
    {
      "type": "Feature",
      "geometry": {
        "type": "Point",
        "coordinates": [
          9.8573922,
          51.3427567
        ]
      },
      "properties": {
        "id": "tk_her_osm_n417311157",
        "name": "Kiosk Storno",
        "address": {},
        "sources": [
          {
            "type": "osm",
            "id": "node/417311157",
            "version": 0
          },
          {
            "type": "apple",
            "id": "8043155684125633176"
          },
          {
            "type": "gmaps",
            "id": "ChIJQZrXzbjLpEcRVq22MpHAv8k"
          }
        ],
        "created": "2026-05-28",
        "updated": "2026-05-29",
        "hours": {
          "raw": "Tu 19:00-22:30; Th 18:30-22:30; Fr 19:00-00:00; We 18:00-22:30; Sa 18:00-02:00"
        },
        "sources_by_field": {
          "name": "osm",
          "hours": "google"
        },
        "apple_attempted": "2026-05-29",
        "google_attempted": "2026-05-29"
      }
    },
    {
      "type": "Feature",
      "geometry": {
        "type": "Point",
        "coordinates": [
          9.7839753,
          51.2566192
        ]
      },
      "properties": {
        "id": "tk_her_osm_n4296643968",
        "name": "EDEKA Getränkemarkt",
        "address": {},
        "sources": [
          {
            "type": "osm",
            "id": "node/4296643968",
            "version": 0
          }
        ],
        "created": "2026-05-28",
        "updated": "2026-05-28",
        "sources_by_field": {
          "name": "osm"
        },
        "apple_id_attempted": "2026-05-29",
        "google_attempted": "2026-05-29"
      }
    },
    {
      "type": "Feature",
      "geometry": {
        "type": "Point",
        "coordinates": [
          8.7378475,
          49.8305579
        ]
      },
      "properties": {
        "id": "tk_her_osm_n447862777",
        "name": "Calpam",
        "address": {},
        "sources": [
          {
            "type": "osm",
            "id": "node/447862777",
            "version": 0
          },
          {
            "type": "gmaps",
            "id": "ChIJjdDfYgplvUcRtPvLjuSDOAA"
          }
        ],
        "created": "2026-05-28",
        "updated": "2026-05-29",
        "hours": {
          "raw": "Tu 06:00-21:00; Th 06:00-21:00; Fr 06:00-21:00; We 06:00-21:00; Mo 06:00-21:00; Sa 07:00-21:00; Su 08:00-21:00"
        },
        "sources_by_field": {
          "name": "osm",
          "hours": "google",
          "payment.cards": "google",
          "payment.contactless": "google",
          "payment.girocard": "google"
        },
        "apple_id_attempted": "2026-05-29",
        "payment": {
          "cards": "no",
          "contactless": "yes",
          "girocard": "yes"
        },
        "google_attempted": "2026-05-29"
      }
    },
    {
      "type": "Feature",
      "geometry": {
        "type": "Point",
        "coordinates": [
          8.7400327,
          49.8313641
        ]
      },
      "properties": {
        "id": "tk_her_osm_n447862778",
        "name": "Shell",
        "address": {},
        "sources": [
          {
            "type": "osm",
            "id": "node/447862778",
            "version": 0
          }
        ],
        "created": "2026-05-28",
        "updated": "2026-05-28",
        "hours": {
          "raw": "Mo-Fr 06:00-24:00; Sa 07:00-24:00; PH,Su 08:00-24:00"
        },
        "sources_by_field": {
          "name": "osm",
          "hours": "osm"
        },
        "apple_id_attempted": "2026-05-29",
        "google_attempted": "2026-05-29"
      }
    },
    {
      "type": "Feature",
      "geometry": {
        "type": "Point",
        "coordinates": [
          9.0272431,
          50.6160609
        ]
      },
      "properties": {
        "id": "tk_her_osm_n4541409749",
        "name": "REWE Getränkemarkt",
        "address": {},
        "sources": [
          {
            "type": "osm",
            "id": "node/4541409749",
            "version": 0
          }
        ],
        "created": "2026-05-28",
        "updated": "2026-05-28",
        "sources_by_field": {
          "name": "osm"
        },
        "apple_id_attempted": "2026-05-29",
        "google_attempted": "2026-05-29"
      }
    },
    {
      "type": "Feature",
      "geometry": {
        "type": "Point",
        "coordinates": [
          9.757696,
          50.6835548
        ]
      },
      "properties": {
        "id": "tk_her_osm_n4551077439",
        "name": "logo Getränke-Fachmarkt",
        "address": {
          "street": "Werner-von-Siemens-Straße",
          "number": "1",
          "postalcode": "36088",
          "city": "Hünfeld"
        },
        "sources": [
          {
            "type": "osm",
            "id": "node/4551077439",
            "version": 0
          }
        ],
        "created": "2026-05-28",
        "updated": "2026-05-28",
        "hours": {
          "raw": "Mo-Sa 08:00-19:00"
        },
        "tags": [
          "barrierefrei"
        ],
        "sources_by_field": {
          "name": "osm",
          "address.street": "osm",
          "address.number": "osm",
          "address.postalcode": "osm",
          "address.city": "osm",
          "hours": "osm"
        },
        "apple_id_attempted": "2026-05-29",
        "google_attempted": "2026-05-29"
      }
    },
    {
      "type": "Feature",
      "geometry": {
        "type": "Point",
        "coordinates": [
          8.7844674,
          50.7930164
        ]
      },
      "properties": {
        "id": "tk_her_osm_n461852881",
        "name": "REWE Getränkemarkt",
        "address": {
          "street": "Am Richtsberg",
          "number": "3",
          "postalcode": "35039",
          "city": "Marburg",
          "district": "Richtsberg"
        },
        "sources": [
          {
            "type": "osm",
            "id": "node/461852881",
            "version": 0
          }
        ],
        "created": "2026-05-28",
        "updated": "2026-05-28",
        "tags": [
          "barrierefrei"
        ],
        "sources_by_field": {
          "name": "osm",
          "address.street": "osm",
          "address.number": "osm",
          "address.postalcode": "osm",
          "address.city": "osm",
          "address.district": "osm"
        },
        "apple_id_attempted": "2026-05-29",
        "google_attempted": "2026-05-29"
      }
    },
    {
      "type": "Feature",
      "geometry": {
        "type": "Point",
        "coordinates": [
          8.9496973,
          49.721925
        ]
      },
      "properties": {
        "id": "tk_her_osm_n4847039511",
        "name": "Die Kastenschlepper",
        "address": {},
        "sources": [
          {
            "type": "osm",
            "id": "node/4847039511",
            "version": 0
          },
          {
            "type": "gmaps",
            "id": "ChIJjXRwddtevUcRse-GiNeW-js"
          }
        ],
        "created": "2026-05-28",
        "updated": "2026-05-29",
        "sources_by_field": {
          "name": "osm",
          "payment.cards": "google",
          "payment.girocard": "google",
          "hours": "google"
        },
        "apple_id_attempted": "2026-05-29",
        "payment": {
          "cards": "yes",
          "girocard": "yes"
        },
        "hours": {
          "raw": "Tu 14:00-18:30; Th 14:00-18:30; Fr 14:00-18:30; We 14:00-18:30; Sa 08:00-13:00"
        },
        "google_attempted": "2026-05-29"
      }
    },
    {
      "type": "Feature",
      "geometry": {
        "type": "Point",
        "coordinates": [
          9.177372,
          50.6490504
        ]
      },
      "properties": {
        "id": "tk_her_osm_n4907327907",
        "name": "Getränkequelle",
        "address": {},
        "sources": [
          {
            "type": "osm",
            "id": "node/4907327907",
            "version": 0
          }
        ],
        "created": "2026-05-28",
        "updated": "2026-05-28",
        "sources_by_field": {
          "name": "osm"
        },
        "apple_id_attempted": "2026-05-29",
        "google_attempted": "2026-05-29"
      }
    },
    {
      "type": "Feature",
      "geometry": {
        "type": "Point",
        "coordinates": [
          9.0995309,
          50.6691809
        ]
      },
      "properties": {
        "id": "tk_her_osm_n4940582267",
        "name": "Getränkeladen",
        "address": {},
        "sources": [
          {
            "type": "osm",
            "id": "node/4940582267",
            "version": 0
          }
        ],
        "created": "2026-05-28",
        "updated": "2026-05-28",
        "sources_by_field": {
          "name": "osm"
        },
        "apple_id_attempted": "2026-05-29",
        "google_attempted": "2026-05-30"
      }
    },
    {
      "type": "Feature",
      "geometry": {
        "type": "Point",
        "coordinates": [
          9.6847082,
          50.516891
        ]
      },
      "properties": {
        "id": "tk_her_osm_n4951082231",
        "name": "H-Getränke Markt",
        "address": {
          "street": "An der Bergwiese",
          "number": "1",
          "postalcode": "36043",
          "city": "Fulda"
        },
        "sources": [
          {
            "type": "osm",
            "id": "node/4951082231",
            "version": 0
          }
        ],
        "created": "2026-05-28",
        "updated": "2026-05-28",
        "sources_by_field": {
          "name": "osm",
          "address.street": "osm",
          "address.number": "osm",
          "address.postalcode": "osm",
          "address.city": "osm"
        },
        "apple_id_attempted": "2026-05-29",
        "google_attempted": "2026-05-30"
      }
    },
    {
      "type": "Feature",
      "geometry": {
        "type": "Point",
        "coordinates": [
          9.8710482,
          50.4869526
        ]
      },
      "properties": {
        "id": "tk_her_osm_n4973447622",
        "name": "H-Getränke-Fachmarkt",
        "address": {
          "street": "Weiherberg",
          "number": "6",
          "postalcode": "36163"
        },
        "sources": [
          {
            "type": "osm",
            "id": "node/4973447622",
            "version": 0
          }
        ],
        "created": "2026-05-28",
        "updated": "2026-05-28",
        "sources_by_field": {
          "name": "osm",
          "address.street": "osm",
          "address.number": "osm",
          "address.postalcode": "osm"
        },
        "apple_id_attempted": "2026-05-29",
        "google_attempted": "2026-05-30"
      }
    },
    {
      "type": "Feature",
      "geometry": {
        "type": "Point",
        "coordinates": [
          8.8636925,
          51.277921
        ]
      },
      "properties": {
        "id": "tk_her_osm_n497493211",
        "name": "Edeka Getränkemarkt",
        "address": {},
        "sources": [
          {
            "type": "osm",
            "id": "node/497493211",
            "version": 0
          }
        ],
        "created": "2026-05-28",
        "updated": "2026-05-28",
        "hours": {
          "raw": "Mo-Sa 08:00-21:00"
        },
        "tags": [
          "barrierefrei"
        ],
        "sources_by_field": {
          "name": "osm",
          "hours": "osm"
        },
        "apple_id_attempted": "2026-05-29",
        "google_attempted": "2026-05-30"
      }
    },
    {
      "type": "Feature",
      "geometry": {
        "type": "Point",
        "coordinates": [
          9.6813447,
          50.5484199
        ]
      },
      "properties": {
        "id": "tk_her_osm_n4984437562",
        "name": "Peter Koch Getränkefachmarkt / 300Bier",
        "address": {
          "street": "Künzeller Straße",
          "number": "5",
          "postalcode": "36043",
          "city": "Fulda"
        },
        "sources": [
          {
            "type": "osm",
            "id": "node/4984437562",
            "version": 0
          },
          {
            "type": "apple",
            "id": "10845234510131415742"
          }
        ],
        "created": "2026-05-28",
        "updated": "2026-05-29",
        "hours": {
          "raw": "Mo-Fr 08:00-18:00; Sa 08:00-17:00"
        },
        "sources_by_field": {
          "name": "osm",
          "address.street": "osm",
          "address.number": "osm",
          "address.postalcode": "osm",
          "address.city": "osm",
          "hours": "apple",
          "payment.cards": "apple",
          "payment.contactless": "apple"
        },
        "payment": {
          "cards": "yes",
          "contactless": "yes"
        },
        "apple_attempted": "2026-05-29"
      }
    },
    {
      "type": "Feature",
      "geometry": {
        "type": "Point",
        "coordinates": [
          9.6743841,
          50.5433397
        ]
      },
      "properties": {
        "id": "tk_her_osm_n4984464007",
        "name": "logo Getränke-Fachmarkt",
        "address": {
          "street": "Frankfurter Straße",
          "number": "8B",
          "postalcode": "36043",
          "city": "Fulda"
        },
        "sources": [
          {
            "type": "osm",
            "id": "node/4984464007",
            "version": 0
          }
        ],
        "created": "2026-05-28",
        "updated": "2026-05-28",
        "hours": {
          "raw": "Mo-Sa 08:30-19:00"
        },
        "sources_by_field": {
          "name": "osm",
          "address.street": "osm",
          "address.number": "osm",
          "address.postalcode": "osm",
          "address.city": "osm",
          "hours": "osm"
        },
        "apple_id_attempted": "2026-05-29",
        "google_attempted": "2026-05-30"
      }
    },
    {
      "type": "Feature",
      "geometry": {
        "type": "Point",
        "coordinates": [
          9.8053729,
          50.7582702
        ]
      },
      "properties": {
        "id": "tk_her_osm_n5024931160",
        "name": "REWE Getränkemarkt",
        "address": {},
        "sources": [
          {
            "type": "osm",
            "id": "node/5024931160",
            "version": 0
          },
          {
            "type": "gmaps",
            "id": "ChIJF3q2QNJPo0cRULKbrpKjNME"
          }
        ],
        "created": "2026-05-28",
        "updated": "2026-05-30",
        "sources_by_field": {
          "name": "osm",
          "payment.cards": "google",
          "payment.contactless": "google",
          "payment.girocard": "google",
          "hours": "google"
        },
        "apple_id_attempted": "2026-05-29",
        "payment": {
          "cards": "yes",
          "contactless": "yes",
          "girocard": "yes"
        },
        "hours": {
          "raw": "Tu 07:00-21:00; Th 07:00-21:00; Fr 07:00-21:00; We 07:00-21:00; Mo 07:00-21:00; Sa 07:00-21:00"
        },
        "google_attempted": "2026-05-30"
      }
    },
    {
      "type": "Feature",
      "geometry": {
        "type": "Point",
        "coordinates": [
          9.7919981,
          50.7621921
        ]
      },
      "properties": {
        "id": "tk_her_osm_n5024974679",
        "name": "Star Tankstelle",
        "address": {
          "street": "Marktstraße",
          "number": "32",
          "postalcode": "36132",
          "city": "Eiterfeld"
        },
        "sources": [
          {
            "type": "osm",
            "id": "node/5024974679",
            "version": 0
          },
          {
            "type": "gmaps",
            "id": "ChIJCwKWCNxPo0cRfONLmI3Bfz8"
          }
        ],
        "created": "2026-05-28",
        "updated": "2026-05-30",
        "sources_by_field": {
          "name": "osm",
          "address.street": "osm",
          "address.number": "osm",
          "address.postalcode": "osm",
          "address.city": "osm",
          "payment.cards": "google",
          "payment.contactless": "google",
          "payment.girocard": "google"
        },
        "apple_id_attempted": "2026-05-29",
        "payment": {
          "cards": "no",
          "contactless": "yes",
          "girocard": "yes"
        },
        "google_attempted": "2026-05-30"
      }
    },
    {
      "type": "Feature",
      "geometry": {
        "type": "Point",
        "coordinates": [
          9.7779688,
          50.7636113
        ]
      },
      "properties": {
        "id": "tk_her_osm_n5024983484",
        "name": "K Freie Tankstelle",
        "address": {},
        "sources": [
          {
            "type": "osm",
            "id": "node/5024983484",
            "version": 0
          }
        ],
        "created": "2026-05-28",
        "updated": "2026-05-28",
        "tags": [
          "barrierefrei"
        ],
        "sources_by_field": {
          "name": "osm"
        },
        "apple_id_attempted": "2026-05-29",
        "google_attempted": "2026-05-30"
      }
    },
    {
      "type": "Feature",
      "geometry": {
        "type": "Point",
        "coordinates": [
          9.7169928,
          50.8650994
        ]
      },
      "properties": {
        "id": "tk_her_osm_n505212209",
        "name": "Logo",
        "address": {},
        "sources": [
          {
            "type": "osm",
            "id": "node/505212209",
            "version": 0
          }
        ],
        "created": "2026-05-28",
        "updated": "2026-05-28",
        "sources_by_field": {
          "name": "osm"
        },
        "apple_id_attempted": "2026-05-29",
        "google_attempted": "2026-05-30"
      }
    },
    {
      "type": "Feature",
      "geometry": {
        "type": "Point",
        "coordinates": [
          8.8391648,
          50.6914598
        ]
      },
      "properties": {
        "id": "tk_her_osm_n5141881126",
        "name": "Martin's Getränkescheune",
        "address": {
          "street": "Rabenauer Straße",
          "number": "3",
          "postalcode": "35469",
          "city": "Allendorf (Lumda)",
          "district": "Nordeck"
        },
        "sources": [
          {
            "type": "osm",
            "id": "node/5141881126",
            "version": 0
          },
          {
            "type": "gmaps",
            "id": "ChIJXX9qC1uLvEcRZsJC_KjeNRU"
          }
        ],
        "created": "2026-05-28",
        "updated": "2026-05-28",
        "sources_by_field": {
          "name": "osm",
          "address.street": "osm",
          "address.number": "osm",
          "address.postalcode": "osm",
          "address.city": "osm",
          "address.district": "osm"
        },
        "apple_id_attempted": "2026-05-29",
        "google_attempted": "2026-05-30"
      }
    },
    {
      "type": "Feature",
      "geometry": {
        "type": "Point",
        "coordinates": [
          9.3977587,
          50.6429384
        ]
      },
      "properties": {
        "id": "tk_her_osm_n5199421462",
        "name": "Rewe Mirakai",
        "address": {},
        "sources": [
          {
            "type": "osm",
            "id": "node/5199421462",
            "version": 0
          },
          {
            "type": "apple",
            "id": "5822912148238755399"
          }
        ],
        "created": "2026-05-28",
        "updated": "2026-05-29",
        "hours": {
          "raw": "Mo-Sa 07:00-22:00"
        },
        "tags": [
          "barrierefrei"
        ],
        "sources_by_field": {
          "name": "osm",
          "hours": "apple",
          "payment.cards": "apple",
          "payment.contactless": "apple"
        },
        "payment": {
          "cards": "yes",
          "contactless": "yes"
        },
        "apple_attempted": "2026-05-29"
      }
    },
    {
      "type": "Feature",
      "geometry": {
        "type": "Point",
        "coordinates": [
          8.7694373,
          50.814329
        ]
      },
      "properties": {
        "id": "tk_her_osm_n523070883",
        "name": "Späti 52",
        "address": {},
        "sources": [
          {
            "type": "osm",
            "id": "node/523070883",
            "version": 0
          }
        ],
        "created": "2026-05-28",
        "updated": "2026-05-28",
        "hours": {
          "raw": "Mo-We 10:00-24:00, Th 10:00-01:00, Fr 10:00-02:00, Sa 10:00-24:00"
        },
        "payment": {
          "cash": "unknown",
          "cards": "yes",
          "contactless": "unknown",
          "girocard": "unknown"
        },
        "sources_by_field": {
          "name": "osm",
          "hours": "osm",
          "payment.cash": "osm",
          "payment.cards": "osm",
          "payment.contactless": "osm",
          "payment.girocard": "osm"
        },
        "apple_id_attempted": "2026-05-29"
      }
    },
    {
      "type": "Feature",
      "geometry": {
        "type": "Point",
        "coordinates": [
          9.6216951,
          51.4726062
        ]
      },
      "properties": {
        "id": "tk_her_osm_n523459796",
        "name": "Freizeit-Treff Ahletal",
        "address": {},
        "sources": [
          {
            "type": "osm",
            "id": "node/523459796",
            "version": 0
          },
          {
            "type": "gmaps",
            "id": "ChIJ2SlkbDslu0cRv8oUIXBxf50"
          }
        ],
        "created": "2026-05-28",
        "updated": "2026-05-28",
        "tags": [
          "barrierefrei"
        ],
        "sources_by_field": {
          "name": "osm"
        },
        "apple_id_attempted": "2026-05-29",
        "google_attempted": "2026-05-30"
      }
    },
    {
      "type": "Feature",
      "geometry": {
        "type": "Point",
        "coordinates": [
          9.6171242,
          50.2514533
        ]
      },
      "properties": {
        "id": "tk_her_osm_n5243708322",
        "name": "H-Getränke-Fachmarkt",
        "address": {
          "street": "Schulstraße",
          "number": "25a",
          "postalcode": "36391",
          "city": "Sinntal"
        },
        "sources": [
          {
            "type": "osm",
            "id": "node/5243708322",
            "version": 0
          },
          {
            "type": "apple",
            "id": "13382366861752617354"
          }
        ],
        "created": "2026-05-28",
        "updated": "2026-05-29",
        "hours": {
          "raw": "We-Fr 16:00-18:30; Sa 09:30-14:00"
        },
        "tags": [
          "barrierefrei"
        ],
        "sources_by_field": {
          "name": "osm",
          "address.street": "osm",
          "address.number": "osm",
          "address.postalcode": "osm",
          "address.city": "osm",
          "hours": "apple"
        },
        "apple_attempted": "2026-05-29",
        "google_attempted": "2026-05-30"
      }
    },
    {
      "type": "Feature",
      "geometry": {
        "type": "Point",
        "coordinates": [
          8.7018484,
          50.6391731
        ]
      },
      "properties": {
        "id": "tk_her_osm_n5299096752",
        "name": "Gisela's Lotto- u. Tabaklädchen",
        "address": {
          "street": "Rothweg",
          "number": "4",
          "postalcode": "35457",
          "city": "Lollar"
        },
        "sources": [
          {
            "type": "osm",
            "id": "node/5299096752",
            "version": 0
          },
          {
            "type": "apple",
            "id": "7928415936774767751"
          }
        ],
        "created": "2026-05-28",
        "updated": "2026-05-29",
        "hours": {
          "raw": "Mo-Fr 08:00-18:00; Sa 08:00-17:00"
        },
        "sources_by_field": {
          "name": "osm",
          "address.street": "osm",
          "address.number": "osm",
          "address.postalcode": "osm",
          "address.city": "osm",
          "hours": "apple",
          "payment.cards": "apple",
          "payment.contactless": "apple"
        },
        "payment": {
          "cards": "yes",
          "contactless": "yes"
        },
        "apple_attempted": "2026-05-29"
      }
    },
    {
      "type": "Feature",
      "geometry": {
        "type": "Point",
        "coordinates": [
          9.2282877,
          51.3039402
        ]
      },
      "properties": {
        "id": "tk_her_osm_n5315056384",
        "name": "Mahr's Getränkemarkt",
        "address": {},
        "sources": [
          {
            "type": "osm",
            "id": "node/5315056384",
            "version": 0
          }
        ],
        "created": "2026-05-28",
        "updated": "2026-05-28",
        "sources_by_field": {
          "name": "osm"
        },
        "apple_id_attempted": "2026-05-29",
        "google_attempted": "2026-05-30"
      }
    },
    {
      "type": "Feature",
      "geometry": {
        "type": "Point",
        "coordinates": [
          9.7175195,
          50.5519654
        ]
      },
      "properties": {
        "id": "tk_her_osm_n5324754606",
        "name": "logo Getränke-Fachmarkt",
        "address": {},
        "sources": [
          {
            "type": "osm",
            "id": "node/5324754606",
            "version": 0
          }
        ],
        "created": "2026-05-28",
        "updated": "2026-05-28",
        "sources_by_field": {
          "name": "osm"
        },
        "apple_id_attempted": "2026-05-29",
        "google_attempted": "2026-05-30"
      }
    },
    {
      "type": "Feature",
      "geometry": {
        "type": "Point",
        "coordinates": [
          8.643939,
          49.818516
        ]
      },
      "properties": {
        "id": "tk_her_osm_n535957332",
        "name": "Multi Shop Kiosk Ordu",
        "address": {
          "street": "Heidelberger Landstraße",
          "number": "237",
          "postalcode": "64297",
          "city": "Darmstadt",
          "district": "Eberstadt"
        },
        "sources": [
          {
            "type": "osm",
            "id": "node/535957332",
            "version": 0
          }
        ],
        "created": "2026-05-28",
        "updated": "2026-05-28",
        "hours": {
          "raw": "Mo-Fr 08:00-18:30; Sa 08:00-14:00"
        },
        "tags": [
          "barrierefrei"
        ],
        "sources_by_field": {
          "name": "osm",
          "address.street": "osm",
          "address.number": "osm",
          "address.postalcode": "osm",
          "address.city": "osm",
          "address.district": "osm",
          "hours": "osm"
        },
        "apple_id_attempted": "2026-05-29",
        "google_attempted": "2026-05-30"
      }
    },
    {
      "type": "Feature",
      "geometry": {
        "type": "Point",
        "coordinates": [
          9.6965551,
          50.4933349
        ]
      },
      "properties": {
        "id": "tk_her_osm_n5405661623",
        "name": "Kiosk am Schlösschen",
        "address": {},
        "sources": [
          {
            "type": "osm",
            "id": "node/5405661623",
            "version": 0
          },
          {
            "type": "apple",
            "id": "17047554494637182026"
          }
        ],
        "created": "2026-05-28",
        "updated": "2026-05-29",
        "sources_by_field": {
          "name": "osm",
          "payment.cards": "apple",
          "payment.contactless": "apple",
          "hours": "apple"
        },
        "payment": {
          "cards": "yes",
          "contactless": "yes"
        },
        "hours": {
          "raw": "Mo-Fr 08:30-17:30; Sa 08:30-14:00"
        },
        "apple_attempted": "2026-05-29"
      }
    },
    {
      "type": "Feature",
      "geometry": {
        "type": "Point",
        "coordinates": [
          8.6398385,
          49.7563764
        ]
      },
      "properties": {
        "id": "tk_her_osm_n5469296399",
        "name": "Kiosk im Freibad",
        "address": {},
        "sources": [
          {
            "type": "osm",
            "id": "node/5469296399",
            "version": 0
          }
        ],
        "created": "2026-05-28",
        "updated": "2026-05-28",
        "sources_by_field": {
          "name": "osm"
        },
        "apple_id_attempted": "2026-05-29"
      }
    },
    {
      "type": "Feature",
      "geometry": {
        "type": "Point",
        "coordinates": [
          8.6893663,
          50.6400108
        ]
      },
      "properties": {
        "id": "tk_her_osm_n5607106312",
        "name": "Auf die Hand",
        "address": {
          "street": "Wißmarer See",
          "postalcode": "35435",
          "city": "Wettenberg"
        },
        "sources": [
          {
            "type": "osm",
            "id": "node/5607106312",
            "version": 0
          }
        ],
        "created": "2026-05-28",
        "updated": "2026-05-28",
        "sources_by_field": {
          "name": "osm",
          "address.street": "osm",
          "address.postalcode": "osm",
          "address.city": "osm"
        },
        "apple_id_attempted": "2026-05-29"
      }
    },
    {
      "type": "Feature",
      "geometry": {
        "type": "Point",
        "coordinates": [
          9.8622139,
          51.3364968
        ]
      },
      "properties": {
        "id": "tk_her_osm_n5777277041",
        "name": "Netto Getränke-Discount",
        "address": {
          "street": "Am Eschenbornrasen",
          "number": "27",
          "postalcode": "37213",
          "city": "Witzenhausen"
        },
        "sources": [
          {
            "type": "osm",
            "id": "node/5777277041",
            "version": 0
          }
        ],
        "created": "2026-05-28",
        "updated": "2026-05-28",
        "hours": {
          "raw": "Mo-Sa 07:00-21:00"
        },
        "tags": [
          "barrierefrei"
        ],
        "sources_by_field": {
          "name": "osm",
          "address.street": "osm",
          "address.number": "osm",
          "address.postalcode": "osm",
          "address.city": "osm",
          "hours": "osm"
        },
        "apple_id_attempted": "2026-05-29"
      }
    },
    {
      "type": "Feature",
      "geometry": {
        "type": "Point",
        "coordinates": [
          9.850398,
          51.3500734
        ]
      },
      "properties": {
        "id": "tk_her_osm_n5777555062",
        "name": "Herkules Getränkemarkt",
        "address": {},
        "sources": [
          {
            "type": "osm",
            "id": "node/5777555062",
            "version": 0
          }
        ],
        "created": "2026-05-28",
        "updated": "2026-05-28",
        "hours": {
          "raw": "Mo-Sa 08:00-21:00"
        },
        "sources_by_field": {
          "name": "osm",
          "hours": "osm"
        },
        "apple_id_attempted": "2026-05-29"
      }
    },
    {
      "type": "Feature",
      "geometry": {
        "type": "Point",
        "coordinates": [
          9.5670509,
          50.5763688
        ]
      },
      "properties": {
        "id": "tk_her_osm_n5867230761",
        "name": "SB-Getränkeshop Weber",
        "address": {
          "street": "Im Lüdertal",
          "number": "40",
          "postalcode": "36137",
          "city": "Großenlüder",
          "district": "Bimbach"
        },
        "sources": [
          {
            "type": "osm",
            "id": "node/5867230761",
            "version": 0
          }
        ],
        "created": "2026-05-28",
        "updated": "2026-05-28",
        "hours": {
          "raw": "Mo-Fr 16:00-18:00; Sa 10:00-14:00; PH,Su off"
        },
        "sources_by_field": {
          "name": "osm",
          "address.street": "osm",
          "address.number": "osm",
          "address.postalcode": "osm",
          "address.city": "osm",
          "address.district": "osm",
          "hours": "osm"
        },
        "apple_id_attempted": "2026-05-29"
      }
    },
    {
      "type": "Feature",
      "geometry": {
        "type": "Point",
        "coordinates": [
          9.1077197,
          50.7696133
        ]
      },
      "properties": {
        "id": "tk_her_osm_n5880278001",
        "name": "Multi Getränke Center",
        "address": {},
        "sources": [
          {
            "type": "osm",
            "id": "node/5880278001",
            "version": 0
          }
        ],
        "created": "2026-05-28",
        "updated": "2026-05-28",
        "sources_by_field": {
          "name": "osm"
        },
        "apple_id_attempted": "2026-05-29"
      }
    },
    {
      "type": "Feature",
      "geometry": {
        "type": "Point",
        "coordinates": [
          8.7214681,
          49.7528921
        ]
      },
      "properties": {
        "id": "tk_her_osm_n6090650315",
        "name": "Fuchs",
        "address": {},
        "sources": [
          {
            "type": "osm",
            "id": "node/6090650315",
            "version": 0
          }
        ],
        "created": "2026-05-28",
        "updated": "2026-05-28",
        "sources_by_field": {
          "name": "osm"
        },
        "apple_id_attempted": "2026-05-29"
      }
    },
    {
      "type": "Feature",
      "geometry": {
        "type": "Point",
        "coordinates": [
          9.3242525,
          50.9750855
        ]
      },
      "properties": {
        "id": "tk_her_osm_n6251208736",
        "name": "Getränke Quelle",
        "address": {
          "street": "Hauptstraße",
          "number": "38a",
          "postalcode": "34621",
          "city": "Frielendorf"
        },
        "sources": [
          {
            "type": "osm",
            "id": "node/6251208736",
            "version": 0
          }
        ],
        "created": "2026-05-28",
        "updated": "2026-05-28",
        "tags": [
          "barrierefrei"
        ],
        "sources_by_field": {
          "name": "osm",
          "address.street": "osm",
          "address.number": "osm",
          "address.postalcode": "osm",
          "address.city": "osm"
        },
        "apple_id_attempted": "2026-05-29"
      }
    },
    {
      "type": "Feature",
      "geometry": {
        "type": "Point",
        "coordinates": [
          8.7714588,
          50.8075583
        ]
      },
      "properties": {
        "id": "tk_her_osm_n6257448494",
        "name": "Aula Platz",
        "address": {},
        "sources": [
          {
            "type": "osm",
            "id": "node/6257448494",
            "version": 0
          },
          {
            "type": "apple",
            "id": "11963226430143751586"
          }
        ],
        "created": "2026-05-28",
        "updated": "2026-05-29",
        "hours": {
          "raw": "Su 00:00-05:00,15:00-23:00; Mo 09:00-24:00; Tu-Fr 00:00-03:00,09:00-24:00; Sa 00:00-05:00,09:00-24:00"
        },
        "sources_by_field": {
          "name": "osm",
          "hours": "apple",
          "payment.cards": "apple",
          "payment.contactless": "apple"
        },
        "payment": {
          "cards": "yes",
          "contactless": "yes"
        },
        "apple_attempted": "2026-05-29"
      }
    },
    {
      "type": "Feature",
      "geometry": {
        "type": "Point",
        "coordinates": [
          9.7881598,
          50.9597725
        ]
      },
      "properties": {
        "id": "tk_her_osm_n6327355641",
        "name": "... dat Ding am See",
        "address": {
          "street": "Hersfelder Straße",
          "postalcode": "36179",
          "city": "Bebra"
        },
        "sources": [
          {
            "type": "osm",
            "id": "node/6327355641",
            "version": 0
          },
          {
            "type": "apple",
            "id": "2350427765916135629"
          }
        ],
        "created": "2026-05-28",
        "updated": "2026-05-29",
        "tags": [
          "barrierefrei"
        ],
        "sources_by_field": {
          "name": "osm",
          "address.street": "osm",
          "address.postalcode": "osm",
          "address.city": "osm",
          "hours": "apple"
        },
        "hours": {
          "raw": "Sa-Su 13:00-18:00; Tu-Fr 14:00-18:00"
        },
        "apple_attempted": "2026-05-29"
      }
    },
    {
      "type": "Feature",
      "geometry": {
        "type": "Point",
        "coordinates": [
          9.3246117,
          50.9752878
        ]
      },
      "properties": {
        "id": "tk_her_osm_n6370540977",
        "name": "Scholz",
        "address": {
          "street": "Hauptstraße",
          "number": "42",
          "postalcode": "34621",
          "city": "Frielendorf"
        },
        "sources": [
          {
            "type": "osm",
            "id": "node/6370540977",
            "version": 0
          }
        ],
        "created": "2026-05-28",
        "updated": "2026-05-28",
        "hours": {
          "raw": "Mo-Fr 08:00-12:30,14:30-18:00; Sa 08:00-16:00"
        },
        "payment": {
          "cash": "yes",
          "cards": "unknown",
          "contactless": "unknown",
          "girocard": "unknown"
        },
        "sources_by_field": {
          "name": "osm",
          "address.street": "osm",
          "address.number": "osm",
          "address.postalcode": "osm",
          "address.city": "osm",
          "hours": "osm",
          "payment.cash": "osm",
          "payment.cards": "osm",
          "payment.contactless": "osm",
          "payment.girocard": "osm"
        },
        "apple_id_attempted": "2026-05-29"
      }
    },
    {
      "type": "Feature",
      "geometry": {
        "type": "Point",
        "coordinates": [
          9.1109533,
          50.8490395
        ]
      },
      "properties": {
        "id": "tk_her_osm_n6382779951",
        "name": "Edeka Getränkemarkt",
        "address": {
          "street": "Querallee",
          "number": "15",
          "postalcode": "35279",
          "city": "Neustadt (Hessen)"
        },
        "sources": [
          {
            "type": "osm",
            "id": "node/6382779951",
            "version": 0
          }
        ],
        "created": "2026-05-28",
        "updated": "2026-05-28",
        "hours": {
          "raw": "Mo-Fr 07:30-20:00; Sa 07:30-18:00"
        },
        "sources_by_field": {
          "name": "osm",
          "address.street": "osm",
          "address.number": "osm",
          "address.postalcode": "osm",
          "address.city": "osm",
          "hours": "osm"
        },
        "apple_id_attempted": "2026-05-29"
      }
    },
    {
      "type": "Feature",
      "geometry": {
        "type": "Point",
        "coordinates": [
          9.0980042,
          50.8473338
        ]
      },
      "properties": {
        "id": "tk_her_osm_n6382883337",
        "name": "REWE Getränkemarkt",
        "address": {
          "street": "Am Kaufpark",
          "number": "3",
          "postalcode": "35279",
          "city": "Neustadt (Hessen)"
        },
        "sources": [
          {
            "type": "osm",
            "id": "node/6382883337",
            "version": 0
          }
        ],
        "created": "2026-05-28",
        "updated": "2026-05-28",
        "hours": {
          "raw": "Mo-Sa 07:30-21:00"
        },
        "payment": {
          "cash": "yes",
          "cards": "unknown",
          "contactless": "unknown",
          "girocard": "yes"
        },
        "sources_by_field": {
          "name": "osm",
          "address.street": "osm",
          "address.number": "osm",
          "address.postalcode": "osm",
          "address.city": "osm",
          "hours": "osm",
          "payment.cash": "osm",
          "payment.cards": "osm",
          "payment.contactless": "osm",
          "payment.girocard": "osm"
        },
        "apple_id_attempted": "2026-05-29"
      }
    },
    {
      "type": "Feature",
      "geometry": {
        "type": "Point",
        "coordinates": [
          9.7924637,
          50.9616681
        ]
      },
      "properties": {
        "id": "tk_her_osm_n6385098537",
        "name": "Logo - Getränkemarkt",
        "address": {
          "street": "Wiesenweg",
          "number": "29",
          "postalcode": "36179",
          "city": "Bebra"
        },
        "sources": [
          {
            "type": "osm",
            "id": "node/6385098537",
            "version": 0
          }
        ],
        "created": "2026-05-28",
        "updated": "2026-05-28",
        "tags": [
          "barrierefrei"
        ],
        "sources_by_field": {
          "name": "osm",
          "address.street": "osm",
          "address.number": "osm",
          "address.postalcode": "osm",
          "address.city": "osm"
        },
        "apple_id_attempted": "2026-05-29"
      }
    },
    {
      "type": "Feature",
      "geometry": {
        "type": "Point",
        "coordinates": [
          9.4048729,
          51.0339007
        ]
      },
      "properties": {
        "id": "tk_her_osm_n6416266477",
        "name": "Presse Braune",
        "address": {},
        "sources": [
          {
            "type": "osm",
            "id": "node/6416266477",
            "version": 0
          }
        ],
        "created": "2026-05-28",
        "updated": "2026-05-28",
        "sources_by_field": {
          "name": "osm"
        },
        "apple_id_attempted": "2026-05-29"
      }
    },
    {
      "type": "Feature",
      "geometry": {
        "type": "Point",
        "coordinates": [
          9.6476547,
          51.0099004
        ]
      },
      "properties": {
        "id": "tk_her_osm_n6446597056",
        "name": "Getränkeladen",
        "address": {},
        "sources": [
          {
            "type": "osm",
            "id": "node/6446597056",
            "version": 0
          }
        ],
        "created": "2026-05-28",
        "updated": "2026-05-28",
        "sources_by_field": {
          "name": "osm"
        },
        "apple_id_attempted": "2026-05-29"
      }
    },
    {
      "type": "Feature",
      "geometry": {
        "type": "Point",
        "coordinates": [
          9.4802056,
          50.5027956
        ]
      },
      "properties": {
        "id": "tk_her_osm_n666268668",
        "name": "Logo",
        "address": {
          "street": "Herrleinweg",
          "number": "3",
          "postalcode": "36154",
          "city": "Hosenfeld"
        },
        "sources": [
          {
            "type": "osm",
            "id": "node/666268668",
            "version": 0
          }
        ],
        "created": "2026-05-28",
        "updated": "2026-05-28",
        "sources_by_field": {
          "name": "osm",
          "address.street": "osm",
          "address.number": "osm",
          "address.postalcode": "osm",
          "address.city": "osm"
        },
        "apple_id_attempted": "2026-05-29"
      }
    },
    {
      "type": "Feature",
      "geometry": {
        "type": "Point",
        "coordinates": [
          8.9700348,
          50.9727033
        ]
      },
      "properties": {
        "id": "tk_her_osm_n6695147085",
        "name": "Osterbach Brauerei",
        "address": {
          "street": "Untertor",
          "number": "1a",
          "postalcode": "35285",
          "city": "Gemünden (Wohra)"
        },
        "sources": [
          {
            "type": "osm",
            "id": "node/6695147085",
            "version": 0
          },
          {
            "type": "apple",
            "id": "2942600260998257628"
          }
        ],
        "created": "2026-05-28",
        "updated": "2026-05-28",
        "hours": {
          "raw": "Sa 11:00-13:00"
        },
        "sources_by_field": {
          "name": "osm",
          "address.street": "osm",
          "address.number": "osm",
          "address.postalcode": "osm",
          "address.city": "osm",
          "hours": "apple"
        },
        "apple_attempted": "2026-05-29"
      }
    },
    {
      "type": "Feature",
      "geometry": {
        "type": "Point",
        "coordinates": [
          8.9892358,
          50.7325472
        ]
      },
      "properties": {
        "id": "tk_her_osm_n7073687604",
        "name": "REWE Getränkemarkt",
        "address": {
          "street": "Ohmstraße",
          "number": "17",
          "postalcode": "35315",
          "city": "Homberg (Ohm)"
        },
        "sources": [
          {
            "type": "osm",
            "id": "node/7073687604",
            "version": 0
          }
        ],
        "created": "2026-05-28",
        "updated": "2026-05-28",
        "tags": [
          "barrierefrei"
        ],
        "sources_by_field": {
          "name": "osm",
          "address.street": "osm",
          "address.number": "osm",
          "address.postalcode": "osm",
          "address.city": "osm"
        },
        "apple_id_attempted": "2026-05-29"
      }
    },
    {
      "type": "Feature",
      "geometry": {
        "type": "Point",
        "coordinates": [
          9.606764,
          51.4891887
        ]
      },
      "properties": {
        "id": "tk_her_osm_n7172016824",
        "name": "REWE Getränkemarkt",
        "address": {
          "street": "Vaaker Weg",
          "number": "6",
          "postalcode": "34359",
          "city": "Reinhardshagen"
        },
        "sources": [
          {
            "type": "osm",
            "id": "node/7172016824",
            "version": 0
          }
        ],
        "created": "2026-05-28",
        "updated": "2026-05-28",
        "hours": {
          "raw": "Mo-Sa 07:00-21:00"
        },
        "tags": [
          "barrierefrei"
        ],
        "sources_by_field": {
          "name": "osm",
          "address.street": "osm",
          "address.number": "osm",
          "address.postalcode": "osm",
          "address.city": "osm",
          "hours": "osm"
        },
        "apple_id_attempted": "2026-05-29"
      }
    },
    {
      "type": "Feature",
      "geometry": {
        "type": "Point",
        "coordinates": [
          8.8782406,
          49.776404
        ]
      },
      "properties": {
        "id": "tk_her_osm_n7194194949",
        "name": "Schoppe Shop",
        "address": {
          "street": "Otzbergstraße",
          "number": "16",
          "postalcode": "64395",
          "city": "Brensbach"
        },
        "sources": [
          {
            "type": "osm",
            "id": "node/7194194949",
            "version": 0
          }
        ],
        "created": "2026-05-28",
        "updated": "2026-05-28",
        "hours": {
          "raw": "Mo-Fr 09:00-18:00;Sa 09:00-13:00"
        },
        "sources_by_field": {
          "name": "osm",
          "address.street": "osm",
          "address.number": "osm",
          "address.postalcode": "osm",
          "address.city": "osm",
          "hours": "osm"
        },
        "apple_id_attempted": "2026-05-29"
      }
    },
    {
      "type": "Feature",
      "geometry": {
        "type": "Point",
        "coordinates": [
          9.7180085,
          51.0010422
        ]
      },
      "properties": {
        "id": "tk_her_osm_n732713253",
        "name": "Q1 Shop",
        "address": {
          "street": "Braacher Straße",
          "number": "20",
          "postalcode": "36199",
          "city": "Rotenburg an der Fulda"
        },
        "sources": [
          {
            "type": "osm",
            "id": "node/732713253",
            "version": 0
          }
        ],
        "created": "2026-05-28",
        "updated": "2026-05-28",
        "sources_by_field": {
          "name": "osm",
          "address.street": "osm",
          "address.number": "osm",
          "address.postalcode": "osm",
          "address.city": "osm"
        },
        "apple_id_attempted": "2026-05-29"
      }
    },
    {
      "type": "Feature",
      "geometry": {
        "type": "Point",
        "coordinates": [
          9.1906084,
          51.4174866
        ]
      },
      "properties": {
        "id": "tk_her_osm_n732713380",
        "name": "Classic",
        "address": {
          "street": "Kasseler Straße",
          "number": "30",
          "postalcode": "34479",
          "city": "Breuna"
        },
        "sources": [
          {
            "type": "osm",
            "id": "node/732713380",
            "version": 0
          }
        ],
        "created": "2026-05-28",
        "updated": "2026-05-28",
        "hours": {
          "raw": "Mo-Fr 06:00-21:00; Sa 06:00-20:00; Su 06:00-19:00"
        },
        "tags": [
          "barrierefrei"
        ],
        "sources_by_field": {
          "name": "osm",
          "address.street": "osm",
          "address.number": "osm",
          "address.postalcode": "osm",
          "address.city": "osm",
          "hours": "osm"
        },
        "apple_id_attempted": "2026-05-29"
      }
    },
    {
      "type": "Feature",
      "geometry": {
        "type": "Point",
        "coordinates": [
          9.469655,
          51.4601727
        ]
      },
      "properties": {
        "id": "tk_her_osm_n742418696",
        "name": "Getränkehandel Blackert",
        "address": {
          "street": "Borneweg",
          "number": "34",
          "postalcode": "34393",
          "city": "Grebenstein",
          "district": "Udenhausen"
        },
        "sources": [
          {
            "type": "osm",
            "id": "node/742418696",
            "version": 0
          }
        ],
        "created": "2026-05-28",
        "updated": "2026-05-28",
        "hours": {
          "raw": "We 14:00-18:00; Sa 08:00-13:00"
        },
        "sources_by_field": {
          "name": "osm",
          "address.street": "osm",
          "address.number": "osm",
          "address.postalcode": "osm",
          "address.city": "osm",
          "address.district": "osm",
          "hours": "osm"
        },
        "apple_id_attempted": "2026-05-29"
      }
    },
    {
      "type": "Feature",
      "geometry": {
        "type": "Point",
        "coordinates": [
          8.6972502,
          50.8599415
        ]
      },
      "properties": {
        "id": "tk_her_osm_n7889762937",
        "name": "logo Getränke-Fachmarkt",
        "address": {
          "street": "Wittgensteiner Straße",
          "number": "1b",
          "postalcode": "35094",
          "city": "Lahntal",
          "district": "Sterzhausen"
        },
        "sources": [
          {
            "type": "osm",
            "id": "node/7889762937",
            "version": 0
          }
        ],
        "created": "2026-05-28",
        "updated": "2026-05-28",
        "hours": {
          "raw": "Mo-Fr 08:30-19:00; Sa 08:00-18:00; PH off"
        },
        "sources_by_field": {
          "name": "osm",
          "address.street": "osm",
          "address.number": "osm",
          "address.postalcode": "osm",
          "address.city": "osm",
          "address.district": "osm",
          "hours": "osm"
        },
        "apple_id_attempted": "2026-05-29"
      }
    },
    {
      "type": "Feature",
      "geometry": {
        "type": "Point",
        "coordinates": [
          9.2771171,
          50.7521951
        ]
      },
      "properties": {
        "id": "tk_her_osm_n8304661940",
        "name": "bft",
        "address": {
          "street": "Schellengasse",
          "number": "53",
          "postalcode": "36304",
          "city": "Alsfeld"
        },
        "sources": [
          {
            "type": "osm",
            "id": "node/8304661940",
            "version": 0
          }
        ],
        "created": "2026-05-28",
        "updated": "2026-05-28",
        "hours": {
          "raw": "Mo-Sa 06:00-22:00, Su 07:00-21:00"
        },
        "tags": [
          "barrierefrei"
        ],
        "sources_by_field": {
          "name": "osm",
          "address.street": "osm",
          "address.number": "osm",
          "address.postalcode": "osm",
          "address.city": "osm",
          "hours": "osm"
        },
        "apple_id_attempted": "2026-05-29"
      }
    },
    {
      "type": "Feature",
      "geometry": {
        "type": "Point",
        "coordinates": [
          8.8625374,
          51.2790889
        ]
      },
      "properties": {
        "id": "tk_her_osm_n8370888816",
        "name": "Logo",
        "address": {},
        "sources": [
          {
            "type": "osm",
            "id": "node/8370888816",
            "version": 0
          }
        ],
        "created": "2026-05-28",
        "updated": "2026-05-28",
        "hours": {
          "raw": "Mo-Fr 08:30-19:00; Sa 08:30-18:00"
        },
        "tags": [
          "barrierefrei"
        ],
        "sources_by_field": {
          "name": "osm",
          "hours": "osm"
        },
        "apple_id_attempted": "2026-05-29"
      }
    },
    {
      "type": "Feature",
      "geometry": {
        "type": "Point",
        "coordinates": [
          9.2406722,
          50.9132709
        ]
      },
      "properties": {
        "id": "tk_her_osm_n838630121",
        "name": "Ralf Schneider",
        "address": {
          "street": "Hessenallee",
          "number": "7a",
          "postalcode": "34613",
          "city": "Schwalmstadt",
          "district": "Ziegenhain"
        },
        "sources": [
          {
            "type": "osm",
            "id": "node/838630121",
            "version": 0
          }
        ],
        "created": "2026-05-28",
        "updated": "2026-05-28",
        "tags": [
          "barrierefrei"
        ],
        "sources_by_field": {
          "name": "osm",
          "address.street": "osm",
          "address.number": "osm",
          "address.postalcode": "osm",
          "address.city": "osm",
          "address.district": "osm"
        },
        "apple_id_attempted": "2026-05-29"
      }
    },
    {
      "type": "Feature",
      "geometry": {
        "type": "Point",
        "coordinates": [
          8.871639,
          51.2762655
        ]
      },
      "properties": {
        "id": "tk_her_osm_n8435024704",
        "name": "Stadt Kiosk",
        "address": {
          "street": "Bahnhofstraße",
          "number": "1",
          "postalcode": "34497",
          "city": "Korbach"
        },
        "sources": [
          {
            "type": "osm",
            "id": "node/8435024704",
            "version": 0
          }
        ],
        "created": "2026-05-28",
        "updated": "2026-05-28",
        "hours": {
          "raw": "Mo-Sa 08:00-21:00; PH off"
        },
        "sources_by_field": {
          "name": "osm",
          "address.street": "osm",
          "address.number": "osm",
          "address.postalcode": "osm",
          "address.city": "osm",
          "hours": "osm"
        },
        "apple_id_attempted": "2026-05-29"
      }
    },
    {
      "type": "Feature",
      "geometry": {
        "type": "Point",
        "coordinates": [
          8.893555,
          50.6496819
        ]
      },
      "properties": {
        "id": "tk_her_osm_n8473612702",
        "name": "Mein Markt Schombert und Wagner",
        "address": {},
        "sources": [
          {
            "type": "osm",
            "id": "node/8473612702",
            "version": 0
          }
        ],
        "created": "2026-05-28",
        "updated": "2026-05-28",
        "hours": {
          "raw": "Mo 14:00-18:00; We 14:00-18:00; Fr 14:00-18:00; Sa 09:00-20:00; Th 08:00-20:00; Fr 08:00-20:00; Sa 08:00-14:00"
        },
        "sources_by_field": {
          "name": "osm",
          "hours": "osm"
        },
        "apple_id_attempted": "2026-05-29"
      }
    },
    {
      "type": "Feature",
      "geometry": {
        "type": "Point",
        "coordinates": [
          8.49355,
          50.7659887
        ]
      },
      "properties": {
        "id": "tk_her_osm_n8499756986",
        "name": "GutKauf Elisbeth Michel",
        "address": {},
        "sources": [
          {
            "type": "osm",
            "id": "node/8499756986",
            "version": 0
          }
        ],
        "created": "2026-05-28",
        "updated": "2026-05-28",
        "sources_by_field": {
          "name": "osm"
        },
        "apple_id_attempted": "2026-05-29"
      }
    },
    {
      "type": "Feature",
      "geometry": {
        "type": "Point",
        "coordinates": [
          9.6146454,
          50.803348
        ]
      },
      "properties": {
        "id": "tk_her_osm_n852654264",
        "name": "Logo",
        "address": {
          "street": "Hersfelder Straße",
          "number": "20",
          "postalcode": "36272",
          "city": "Niederaula"
        },
        "sources": [
          {
            "type": "osm",
            "id": "node/852654264",
            "version": 0
          }
        ],
        "created": "2026-05-28",
        "updated": "2026-05-28",
        "hours": {
          "raw": "Mo-Sa 08:00-19:00"
        },
        "tags": [
          "barrierefrei"
        ],
        "sources_by_field": {
          "name": "osm",
          "address.street": "osm",
          "address.number": "osm",
          "address.postalcode": "osm",
          "address.city": "osm",
          "hours": "osm"
        },
        "apple_id_attempted": "2026-05-29"
      }
    },
    {
      "type": "Feature",
      "geometry": {
        "type": "Point",
        "coordinates": [
          8.4809782,
          50.8202426
        ]
      },
      "properties": {
        "id": "tk_her_osm_n8587366319",
        "name": "Getränke-Shop",
        "address": {},
        "sources": [
          {
            "type": "osm",
            "id": "node/8587366319",
            "version": 0
          }
        ],
        "created": "2026-05-28",
        "updated": "2026-05-28",
        "sources_by_field": {
          "name": "osm"
        },
        "apple_id_attempted": "2026-05-29"
      }
    },
    {
      "type": "Feature",
      "geometry": {
        "type": "Point",
        "coordinates": [
          9.7322892,
          50.5280944
        ]
      },
      "properties": {
        "id": "tk_her_osm_n891111429",
        "name": "logo Getränke-Fachmarkt",
        "address": {
          "street": "Turmstraße",
          "number": "202",
          "postalcode": "36093",
          "city": "Künzell",
          "district": "Bachrain"
        },
        "sources": [
          {
            "type": "osm",
            "id": "node/891111429",
            "version": 0
          }
        ],
        "created": "2026-05-28",
        "updated": "2026-05-28",
        "hours": {
          "raw": "Mo-Fr 08:30-19:00; Sa 08:00-18:00"
        },
        "tags": [
          "barrierefrei"
        ],
        "sources_by_field": {
          "name": "osm",
          "address.street": "osm",
          "address.number": "osm",
          "address.postalcode": "osm",
          "address.city": "osm",
          "address.district": "osm",
          "hours": "osm"
        },
        "apple_id_attempted": "2026-05-29"
      }
    },
    {
      "type": "Feature",
      "geometry": {
        "type": "Point",
        "coordinates": [
          8.7221099,
          50.9047523
        ]
      },
      "properties": {
        "id": "tk_her_osm_n9028373297",
        "name": "REWE Getränkemarkt",
        "address": {},
        "sources": [
          {
            "type": "osm",
            "id": "node/9028373297",
            "version": 0
          }
        ],
        "created": "2026-05-28",
        "updated": "2026-05-28",
        "sources_by_field": {
          "name": "osm"
        },
        "apple_id_attempted": "2026-05-29"
      }
    },
    {
      "type": "Feature",
      "geometry": {
        "type": "Point",
        "coordinates": [
          9.7980682,
          50.7623664
        ]
      },
      "properties": {
        "id": "tk_her_osm_n9057887989",
        "name": "Getränke Hodes",
        "address": {},
        "sources": [
          {
            "type": "osm",
            "id": "node/9057887989",
            "version": 0
          },
          {
            "type": "apple",
            "id": "7410803719452001476"
          }
        ],
        "created": "2026-05-28",
        "updated": "2026-05-29",
        "sources_by_field": {
          "name": "osm",
          "payment.cards": "apple",
          "payment.contactless": "apple",
          "hours": "apple"
        },
        "payment": {
          "cards": "yes",
          "contactless": "yes"
        },
        "hours": {
          "raw": "Mo-Tu,Th-Fr 09:00-13:00,15:00-18:00; We,Sa 09:00-13:00"
        },
        "apple_attempted": "2026-05-29"
      }
    },
    {
      "type": "Feature",
      "geometry": {
        "type": "Point",
        "coordinates": [
          9.8560996,
          51.3456162
        ]
      },
      "properties": {
        "id": "tk_her_osm_n9272580498",
        "name": "tegut Getränkemarkt",
        "address": {
          "street": "An der Bohlenbrücke",
          "postalcode": "37213"
        },
        "sources": [
          {
            "type": "osm",
            "id": "node/9272580498",
            "version": 0
          },
          {
            "type": "apple",
            "id": "6948678183848735199"
          }
        ],
        "created": "2026-05-28",
        "updated": "2026-05-29",
        "hours": {
          "raw": "Mo-Sa 07:00-22:00"
        },
        "sources_by_field": {
          "name": "osm",
          "address.street": "osm",
          "address.postalcode": "osm",
          "hours": "apple",
          "payment.cards": "apple",
          "payment.contactless": "apple"
        },
        "payment": {
          "cards": "yes",
          "contactless": "yes"
        },
        "apple_attempted": "2026-05-29"
      }
    },
    {
      "type": "Feature",
      "geometry": {
        "type": "Point",
        "coordinates": [
          9.7103874,
          50.4347729
        ]
      },
      "properties": {
        "id": "tk_her_osm_n9277609490",
        "name": "H-Getränkemarkt",
        "address": {
          "street": "Jakobusstraße",
          "number": "2",
          "postalcode": "36124",
          "city": "Eichenzell"
        },
        "sources": [
          {
            "type": "osm",
            "id": "node/9277609490",
            "version": 0
          }
        ],
        "created": "2026-05-28",
        "updated": "2026-05-28",
        "sources_by_field": {
          "name": "osm",
          "address.street": "osm",
          "address.number": "osm",
          "address.postalcode": "osm",
          "address.city": "osm"
        },
        "apple_id_attempted": "2026-05-29"
      }
    },
    {
      "type": "Feature",
      "geometry": {
        "type": "Point",
        "coordinates": [
          9.8695466,
          50.9472948
        ]
      },
      "properties": {
        "id": "tk_her_osm_n9286456305",
        "name": "EDEKA Neukauf Getränkemarkt",
        "address": {
          "street": "Eisenacher Straße",
          "number": "66",
          "postalcode": "36217",
          "city": "Ronshausen"
        },
        "sources": [
          {
            "type": "osm",
            "id": "node/9286456305",
            "version": 0
          }
        ],
        "created": "2026-05-28",
        "updated": "2026-05-28",
        "sources_by_field": {
          "name": "osm",
          "address.street": "osm",
          "address.number": "osm",
          "address.postalcode": "osm",
          "address.city": "osm"
        },
        "apple_id_attempted": "2026-05-29"
      }
    },
    {
      "type": "Feature",
      "geometry": {
        "type": "Point",
        "coordinates": [
          8.30771,
          50.6844584
        ]
      },
      "properties": {
        "id": "tk_her_osm_n9311173603",
        "name": "Kreuter Tabak Presse",
        "address": {
          "street": "Bahnhofsplatz",
          "number": "1",
          "postalcode": "35745",
          "city": "Herborn"
        },
        "sources": [
          {
            "type": "osm",
            "id": "node/9311173603",
            "version": 0
          }
        ],
        "created": "2026-05-28",
        "updated": "2026-05-28",
        "hours": {
          "raw": "Mo-Fr 08:00-19:00; Sa 09:00-16:00; PH,Su off"
        },
        "tags": [
          "barrierefrei"
        ],
        "sources_by_field": {
          "name": "osm",
          "address.street": "osm",
          "address.number": "osm",
          "address.postalcode": "osm",
          "address.city": "osm",
          "hours": "osm"
        },
        "apple_id_attempted": "2026-05-29"
      }
    },
    {
      "type": "Feature",
      "geometry": {
        "type": "Point",
        "coordinates": [
          8.8028945,
          51.0598895
        ]
      },
      "properties": {
        "id": "tk_her_osm_n937174791",
        "name": "Edeka Getränkemarkt",
        "address": {},
        "sources": [
          {
            "type": "osm",
            "id": "node/937174791",
            "version": 0
          }
        ],
        "created": "2026-05-28",
        "updated": "2026-05-28",
        "hours": {
          "raw": "Mo-Fr 08:00-19:00; Sa 08:00-14:00"
        },
        "sources_by_field": {
          "name": "osm",
          "hours": "osm"
        },
        "apple_id_attempted": "2026-05-29"
      }
    },
    {
      "type": "Feature",
      "geometry": {
        "type": "Point",
        "coordinates": [
          8.8027479,
          51.0598743
        ]
      },
      "properties": {
        "id": "tk_her_osm_n937883624",
        "name": "Edeka",
        "address": {},
        "sources": [
          {
            "type": "osm",
            "id": "node/937883624",
            "version": 0
          }
        ],
        "created": "2026-05-28",
        "updated": "2026-05-28",
        "hours": {
          "raw": "Mo-Fr 08:00-19:00; Sa 08:00-14:00"
        },
        "sources_by_field": {
          "name": "osm",
          "hours": "osm"
        },
        "apple_id_attempted": "2026-05-29"
      }
    },
    {
      "type": "Feature",
      "geometry": {
        "type": "Point",
        "coordinates": [
          8.2940485,
          50.734933
        ]
      },
      "properties": {
        "id": "tk_her_osm_n9493801677",
        "name": "ConRail Store",
        "address": {},
        "sources": [
          {
            "type": "osm",
            "id": "node/9493801677",
            "version": 0
          }
        ],
        "created": "2026-05-28",
        "updated": "2026-05-28",
        "hours": {
          "raw": "Mo-Fr 07:00-18:00; Sa 09:00-14:00"
        },
        "sources_by_field": {
          "name": "osm",
          "hours": "osm"
        },
        "apple_id_attempted": "2026-05-29"
      }
    },
    {
      "type": "Feature",
      "geometry": {
        "type": "Point",
        "coordinates": [
          8.7747731,
          50.8280345
        ]
      },
      "properties": {
        "id": "tk_her_osm_n9594102354",
        "name": "Bügler's Kiosk am Eck",
        "address": {
          "street": "Ginseldorfer Weg",
          "number": "12",
          "postalcode": "35039",
          "city": "Marburg"
        },
        "sources": [
          {
            "type": "osm",
            "id": "node/9594102354",
            "version": 0
          }
        ],
        "created": "2026-05-28",
        "updated": "2026-05-28",
        "sources_by_field": {
          "name": "osm",
          "address.street": "osm",
          "address.number": "osm",
          "address.postalcode": "osm",
          "address.city": "osm"
        },
        "apple_id_attempted": "2026-05-29"
      }
    },
    {
      "type": "Feature",
      "geometry": {
        "type": "Point",
        "coordinates": [
          9.5332305,
          51.5397301
        ]
      },
      "properties": {
        "id": "tk_her_osm_n9841531270",
        "name": "Kleine Berghütte",
        "address": {},
        "sources": [
          {
            "type": "osm",
            "id": "node/9841531270",
            "version": 0
          }
        ],
        "created": "2026-05-28",
        "updated": "2026-05-28",
        "sources_by_field": {
          "name": "osm"
        },
        "apple_id_attempted": "2026-05-29"
      }
    },
    {
      "type": "Feature",
      "geometry": {
        "type": "Point",
        "coordinates": [
          8.8238524,
          50.8582091
        ]
      },
      "properties": {
        "id": "tk_her_osm_n9868408794",
        "name": "Getränke Quelle",
        "address": {},
        "sources": [
          {
            "type": "osm",
            "id": "node/9868408794",
            "version": 0
          }
        ],
        "created": "2026-05-28",
        "updated": "2026-05-28",
        "sources_by_field": {
          "name": "osm"
        },
        "apple_id_attempted": "2026-05-29"
      }
    },
    {
      "type": "Feature",
      "geometry": {
        "type": "Point",
        "coordinates": [
          8.8733164,
          51.2783498
        ]
      },
      "properties": {
        "id": "tk_her_osm_n9913504553",
        "name": "Rustom Kiosk",
        "address": {},
        "sources": [
          {
            "type": "osm",
            "id": "node/9913504553",
            "version": 0
          }
        ],
        "created": "2026-05-28",
        "updated": "2026-05-28",
        "sources_by_field": {
          "name": "osm"
        },
        "apple_id_attempted": "2026-05-29"
      }
    },
    {
      "type": "Feature",
      "geometry": {
        "type": "Point",
        "coordinates": [
          9.6138169,
          51.0683091
        ]
      },
      "properties": {
        "id": "tk_her_osm_w100060217",
        "name": "Edeka",
        "address": {
          "street": "Elzestraße",
          "number": "8",
          "postalcode": "34326",
          "city": "Morschen",
          "district": "Altmorschen"
        },
        "sources": [
          {
            "type": "osm",
            "id": "way/100060217",
            "version": 0
          }
        ],
        "created": "2026-05-28",
        "updated": "2026-05-28",
        "hours": {
          "raw": "Mo-Sa 07:30-20:00"
        },
        "payment": {
          "cash": "unknown",
          "cards": "yes",
          "contactless": "unknown",
          "girocard": "unknown"
        },
        "tags": [
          "barrierefrei"
        ],
        "sources_by_field": {
          "name": "osm",
          "address.street": "osm",
          "address.number": "osm",
          "address.postalcode": "osm",
          "address.city": "osm",
          "address.district": "osm",
          "hours": "osm",
          "payment.cash": "osm",
          "payment.cards": "osm",
          "payment.contactless": "osm",
          "payment.girocard": "osm"
        },
        "apple_id_attempted": "2026-05-29"
      }
    },
    {
      "type": "Feature",
      "geometry": {
        "type": "Point",
        "coordinates": [
          9.584567,
          50.9774759
        ]
      },
      "properties": {
        "id": "tk_her_osm_w100324905",
        "name": "Getraenke Fuehr",
        "address": {
          "street": "Rengshäuser Straße",
          "number": "4",
          "postalcode": "36251",
          "city": "Ludwigsau"
        },
        "sources": [
          {
            "type": "osm",
            "id": "way/100324905",
            "version": 0
          }
        ],
        "created": "2026-05-28",
        "updated": "2026-05-28",
        "sources_by_field": {
          "name": "osm",
          "address.street": "osm",
          "address.number": "osm",
          "address.postalcode": "osm",
          "address.city": "osm"
        },
        "apple_id_attempted": "2026-05-29"
      }
    },
    {
      "type": "Feature",
      "geometry": {
        "type": "Point",
        "coordinates": [
          9.3951719,
          50.6282116
        ]
      },
      "properties": {
        "id": "tk_her_osm_w101683124",
        "name": "Müller und Sohn Getränkevertrieb",
        "address": {
          "street": "Vogelsbergstraße",
          "number": "79",
          "postalcode": "36341",
          "city": "Lauterbach"
        },
        "sources": [
          {
            "type": "osm",
            "id": "way/101683124",
            "version": 0
          },
          {
            "type": "apple",
            "id": "10718712716701614361"
          }
        ],
        "created": "2026-05-28",
        "updated": "2026-05-29",
        "sources_by_field": {
          "name": "osm",
          "address.street": "osm",
          "address.number": "osm",
          "address.postalcode": "osm",
          "address.city": "osm",
          "payment.cards": "apple",
          "payment.contactless": "apple",
          "hours": "apple"
        },
        "payment": {
          "cards": "yes",
          "contactless": "yes"
        },
        "hours": {
          "raw": "Mo-Fr 08:00-18:00; Sa 08:00-16:00"
        },
        "apple_attempted": "2026-05-29"
      }
    },
    {
      "type": "Feature",
      "geometry": {
        "type": "Point",
        "coordinates": [
          9.4068333,
          50.6412766
        ]
      },
      "properties": {
        "id": "tk_her_osm_w101765881",
        "name": "logo Getränke-Fachmarkt",
        "address": {
          "street": "Fuldaer Straße",
          "number": "9",
          "postalcode": "36341",
          "city": "Lauterbach"
        },
        "sources": [
          {
            "type": "osm",
            "id": "way/101765881",
            "version": 0
          }
        ],
        "created": "2026-05-28",
        "updated": "2026-05-28",
        "tags": [
          "barrierefrei"
        ],
        "sources_by_field": {
          "name": "osm",
          "address.street": "osm",
          "address.number": "osm",
          "address.postalcode": "osm",
          "address.city": "osm"
        },
        "apple_id_attempted": "2026-05-29"
      }
    },
    {
      "type": "Feature",
      "geometry": {
        "type": "Point",
        "coordinates": [
          9.5567298,
          50.6702864
        ]
      },
      "properties": {
        "id": "tk_her_osm_w101991658",
        "name": "logo Getränke-Fachmarkt",
        "address": {
          "street": "Herrngartenstraße",
          "number": "26",
          "postalcode": "36110",
          "city": "Schlitz"
        },
        "sources": [
          {
            "type": "osm",
            "id": "way/101991658",
            "version": 0
          }
        ],
        "created": "2026-05-28",
        "updated": "2026-05-28",
        "sources_by_field": {
          "name": "osm",
          "address.street": "osm",
          "address.number": "osm",
          "address.postalcode": "osm",
          "address.city": "osm"
        },
        "apple_id_attempted": "2026-05-29"
      }
    },
    {
      "type": "Feature",
      "geometry": {
        "type": "Point",
        "coordinates": [
          9.6188002,
          50.6081442
        ]
      },
      "properties": {
        "id": "tk_her_osm_w102614844",
        "name": "Brähler Getränkemarkt",
        "address": {
          "street": "An den Mertzgärten",
          "number": "9",
          "postalcode": "36041"
        },
        "sources": [
          {
            "type": "osm",
            "id": "way/102614844",
            "version": 0
          },
          {
            "type": "apple",
            "id": "15776050150541642504"
          }
        ],
        "created": "2026-05-28",
        "updated": "2026-05-29",
        "sources_by_field": {
          "name": "osm",
          "address.street": "osm",
          "address.number": "osm",
          "address.postalcode": "osm",
          "hours": "apple"
        },
        "hours": {
          "raw": "Mo,We-Fr 09:00-12:00,13:00-18:00; Tu 09:00-12:00; Sa 09:00-14:00"
        },
        "apple_attempted": "2026-05-29"
      }
    },
    {
      "type": "Feature",
      "geometry": {
        "type": "Point",
        "coordinates": [
          9.2568804,
          50.7434002
        ]
      },
      "properties": {
        "id": "tk_her_osm_w102844959",
        "name": "Logo",
        "address": {
          "street": "Grünberger Straße",
          "number": "93",
          "postalcode": "36304",
          "city": "Alsfeld"
        },
        "sources": [
          {
            "type": "osm",
            "id": "way/102844959",
            "version": 0
          }
        ],
        "created": "2026-05-28",
        "updated": "2026-05-28",
        "sources_by_field": {
          "name": "osm",
          "address.street": "osm",
          "address.number": "osm",
          "address.postalcode": "osm",
          "address.city": "osm"
        },
        "apple_id_attempted": "2026-05-29"
      }
    },
    {
      "type": "Feature",
      "geometry": {
        "type": "Point",
        "coordinates": [
          8.9414864,
          50.8202
        ]
      },
      "properties": {
        "id": "tk_her_osm_w1052026561",
        "name": "HERKULES Getränkemarkt",
        "address": {},
        "sources": [
          {
            "type": "osm",
            "id": "way/1052026561",
            "version": 0
          }
        ],
        "created": "2026-05-28",
        "updated": "2026-05-28",
        "sources_by_field": {
          "name": "osm"
        },
        "apple_id_attempted": "2026-05-29"
      }
    },
    {
      "type": "Feature",
      "geometry": {
        "type": "Point",
        "coordinates": [
          9.3280847,
          50.6292931
        ]
      },
      "properties": {
        "id": "tk_her_osm_w107854059",
        "name": "Vulkan-Getränkeservice Brähler",
        "address": {
          "street": "Talstraße",
          "number": "20",
          "postalcode": "36341",
          "city": "Lauterbach"
        },
        "sources": [
          {
            "type": "osm",
            "id": "way/107854059",
            "version": 0
          }
        ],
        "created": "2026-05-28",
        "updated": "2026-05-28",
        "sources_by_field": {
          "name": "osm",
          "address.street": "osm",
          "address.number": "osm",
          "address.postalcode": "osm",
          "address.city": "osm"
        },
        "apple_id_attempted": "2026-05-29"
      }
    },
    {
      "type": "Feature",
      "geometry": {
        "type": "Point",
        "coordinates": [
          9.5155819,
          50.5475332
        ]
      },
      "properties": {
        "id": "tk_her_osm_w108344167",
        "name": "Hess Getränkemarkt",
        "address": {
          "street": "Mühlenstraße",
          "number": "2",
          "postalcode": "36137",
          "city": "Großenlüder"
        },
        "sources": [
          {
            "type": "osm",
            "id": "way/108344167",
            "version": 0
          }
        ],
        "created": "2026-05-28",
        "updated": "2026-05-28",
        "sources_by_field": {
          "name": "osm",
          "address.street": "osm",
          "address.number": "osm",
          "address.postalcode": "osm",
          "address.city": "osm"
        },
        "apple_id_attempted": "2026-05-29"
      }
    },
    {
      "type": "Feature",
      "geometry": {
        "type": "Point",
        "coordinates": [
          9.5358308,
          50.5920166
        ]
      },
      "properties": {
        "id": "tk_her_osm_w108519056",
        "name": "Getränkevertrieb Reith",
        "address": {
          "street": "Brauereiweg",
          "number": "1",
          "postalcode": "36137",
          "city": "Großenlüder"
        },
        "sources": [
          {
            "type": "osm",
            "id": "way/108519056",
            "version": 0
          }
        ],
        "created": "2026-05-28",
        "updated": "2026-05-28",
        "sources_by_field": {
          "name": "osm",
          "address.street": "osm",
          "address.number": "osm",
          "address.postalcode": "osm",
          "address.city": "osm"
        },
        "apple_id_attempted": "2026-05-29"
      }
    },
    {
      "type": "Feature",
      "geometry": {
        "type": "Point",
        "coordinates": [
          9.5424577,
          50.5937824
        ]
      },
      "properties": {
        "id": "tk_her_osm_w108829711",
        "name": "Bräuning Getränkefachmarkt",
        "address": {
          "street": "Breite Brücke",
          "number": "23",
          "postalcode": "36137",
          "city": "Großenlüder"
        },
        "sources": [
          {
            "type": "osm",
            "id": "way/108829711",
            "version": 0
          }
        ],
        "created": "2026-05-28",
        "updated": "2026-05-28",
        "hours": {
          "raw": "Mo-Fr 09:00-12:30, 14:00-18:00; Sa 09:00-14:00"
        },
        "tags": [
          "barrierefrei"
        ],
        "sources_by_field": {
          "name": "osm",
          "address.street": "osm",
          "address.number": "osm",
          "address.postalcode": "osm",
          "address.city": "osm",
          "hours": "osm"
        },
        "apple_id_attempted": "2026-05-29"
      }
    },
    {
      "type": "Feature",
      "geometry": {
        "type": "Point",
        "coordinates": [
          9.4459974,
          50.7135021
        ]
      },
      "properties": {
        "id": "tk_her_osm_w110446286",
        "name": "Tom's Getränkeshop",
        "address": {
          "street": "Werngeser Straße",
          "number": "19",
          "postalcode": "36323",
          "city": "Grebenau",
          "district": "Udenhausen"
        },
        "sources": [
          {
            "type": "osm",
            "id": "way/110446286",
            "version": 0
          }
        ],
        "created": "2026-05-28",
        "updated": "2026-05-28",
        "tags": [
          "barrierefrei"
        ],
        "sources_by_field": {
          "name": "osm",
          "address.street": "osm",
          "address.number": "osm",
          "address.postalcode": "osm",
          "address.city": "osm",
          "address.district": "osm"
        },
        "apple_id_attempted": "2026-05-29"
      }
    },
    {
      "type": "Feature",
      "geometry": {
        "type": "Point",
        "coordinates": [
          9.1798859,
          51.3226248
        ]
      },
      "properties": {
        "id": "tk_her_osm_w111021187",
        "name": "Herkules Getränkemarkt",
        "address": {
          "street": "Kurfürstenstraße",
          "number": "37",
          "postalcode": "34466",
          "city": "Wolfhagen"
        },
        "sources": [
          {
            "type": "osm",
            "id": "way/111021187",
            "version": 0
          }
        ],
        "created": "2026-05-28",
        "updated": "2026-05-28",
        "tags": [
          "barrierefrei"
        ],
        "sources_by_field": {
          "name": "osm",
          "address.street": "osm",
          "address.number": "osm",
          "address.postalcode": "osm",
          "address.city": "osm"
        },
        "apple_id_attempted": "2026-05-29"
      }
    },
    {
      "type": "Feature",
      "geometry": {
        "type": "Point",
        "coordinates": [
          9.2754297,
          50.7519815
        ]
      },
      "properties": {
        "id": "tk_her_osm_w1116081809",
        "name": "logo Getränke-Fachmarkt",
        "address": {
          "street": "Schellengasse",
          "number": "37",
          "city": "Alsfeld"
        },
        "sources": [
          {
            "type": "osm",
            "id": "way/1116081809",
            "version": 0
          }
        ],
        "created": "2026-05-28",
        "updated": "2026-05-28",
        "sources_by_field": {
          "name": "osm",
          "address.street": "osm",
          "address.number": "osm",
          "address.city": "osm"
        },
        "apple_id_attempted": "2026-05-29"
      }
    },
    {
      "type": "Feature",
      "geometry": {
        "type": "Point",
        "coordinates": [
          9.7051874,
          50.5630205
        ]
      },
      "properties": {
        "id": "tk_her_osm_w1116645138",
        "name": "logo Getränke-Fachmarkt",
        "address": {
          "street": "An den Gassenwiesen",
          "number": "13",
          "postalcode": "36100",
          "city": "Petersberg"
        },
        "sources": [
          {
            "type": "osm",
            "id": "way/1116645138",
            "version": 0
          }
        ],
        "created": "2026-05-28",
        "updated": "2026-05-28",
        "hours": {
          "raw": "Mo-Fr 08:30-19:00; Sa 08:30-18:00; PH off"
        },
        "tags": [
          "barrierefrei"
        ],
        "sources_by_field": {
          "name": "osm",
          "address.street": "osm",
          "address.number": "osm",
          "address.postalcode": "osm",
          "address.city": "osm",
          "hours": "osm"
        },
        "apple_id_attempted": "2026-05-29"
      }
    },
    {
      "type": "Feature",
      "geometry": {
        "type": "Point",
        "coordinates": [
          8.1823487,
          50.6374569
        ]
      },
      "properties": {
        "id": "tk_her_osm_w111680437",
        "name": "EDEKA Getränkemarkt",
        "address": {
          "street": "Stadionstraße",
          "number": "9",
          "postalcode": "35759",
          "city": "Driedorf"
        },
        "sources": [
          {
            "type": "osm",
            "id": "way/111680437",
            "version": 0
          }
        ],
        "created": "2026-05-28",
        "updated": "2026-05-28",
        "sources_by_field": {
          "name": "osm",
          "address.street": "osm",
          "address.number": "osm",
          "address.postalcode": "osm",
          "address.city": "osm"
        },
        "apple_id_attempted": "2026-05-29"
      }
    },
    {
      "type": "Feature",
      "geometry": {
        "type": "Point",
        "coordinates": [
          8.7646589,
          50.7838559
        ]
      },
      "properties": {
        "id": "tk_her_osm_w112622973",
        "name": "Getränke Burghardt & Schneider",
        "address": {
          "street": "Lintzingsweg",
          "number": "2",
          "postalcode": "35043",
          "city": "Marburg"
        },
        "sources": [
          {
            "type": "osm",
            "id": "way/112622973",
            "version": 0
          },
          {
            "type": "apple",
            "id": "9528017452634807015"
          }
        ],
        "created": "2026-05-28",
        "updated": "2026-05-29",
        "hours": {
          "raw": "Mo-Fr 08:00-18:00; Sa 08:00-16:00"
        },
        "sources_by_field": {
          "name": "osm",
          "address.street": "osm",
          "address.number": "osm",
          "address.postalcode": "osm",
          "address.city": "osm",
          "hours": "apple",
          "payment.cards": "apple",
          "payment.contactless": "apple"
        },
        "payment": {
          "cards": "yes",
          "contactless": "yes"
        },
        "apple_attempted": "2026-05-29"
      }
    },
    {
      "type": "Feature",
      "geometry": {
        "type": "Point",
        "coordinates": [
          9.5415222,
          51.1342314
        ]
      },
      "properties": {
        "id": "tk_her_osm_w1137874423",
        "name": "tegut Getränkemarkt",
        "address": {
          "street": "Schlachthofstraße",
          "number": "7",
          "postalcode": "34212",
          "city": "Melsungen"
        },
        "sources": [
          {
            "type": "osm",
            "id": "way/1137874423",
            "version": 0
          }
        ],
        "created": "2026-05-28",
        "updated": "2026-05-28",
        "hours": {
          "raw": "Mo-Sa 08:00-20:00"
        },
        "sources_by_field": {
          "name": "osm",
          "address.street": "osm",
          "address.number": "osm",
          "address.postalcode": "osm",
          "address.city": "osm",
          "hours": "osm"
        },
        "apple_id_attempted": "2026-05-29"
      }
    },
    {
      "type": "Feature",
      "geometry": {
        "type": "Point",
        "coordinates": [
          8.7736535,
          50.8492768
        ]
      },
      "properties": {
        "id": "tk_her_osm_w115395543",
        "name": "REWE Getränkemarkt",
        "address": {
          "street": "Industriestraße",
          "number": "6",
          "postalcode": "35091",
          "city": "Cölbe"
        },
        "sources": [
          {
            "type": "osm",
            "id": "way/115395543",
            "version": 0
          }
        ],
        "created": "2026-05-28",
        "updated": "2026-05-28",
        "hours": {
          "raw": "Mo-Sa 07:00-21:00"
        },
        "sources_by_field": {
          "name": "osm",
          "address.street": "osm",
          "address.number": "osm",
          "address.postalcode": "osm",
          "address.city": "osm",
          "hours": "osm"
        },
        "apple_id_attempted": "2026-05-29"
      }
    },
    {
      "type": "Feature",
      "geometry": {
        "type": "Point",
        "coordinates": [
          9.702081,
          50.576047
        ]
      },
      "properties": {
        "id": "tk_her_osm_w1155286917",
        "name": "logo Getränke-Fachmarkt",
        "address": {
          "street": "Leipziger Straße",
          "number": "199",
          "postalcode": "36039",
          "city": "Fulda",
          "district": "Lehnerz"
        },
        "sources": [
          {
            "type": "osm",
            "id": "way/1155286917",
            "version": 0
          }
        ],
        "created": "2026-05-28",
        "updated": "2026-05-28",
        "hours": {
          "raw": "Mo-Fr 08:30-19:00; Sa 08:30-18:00"
        },
        "sources_by_field": {
          "name": "osm",
          "address.street": "osm",
          "address.number": "osm",
          "address.postalcode": "osm",
          "address.city": "osm",
          "address.district": "osm",
          "hours": "osm"
        },
        "apple_id_attempted": "2026-05-29"
      }
    },
    {
      "type": "Feature",
      "geometry": {
        "type": "Point",
        "coordinates": [
          9.2844685,
          50.834834
        ]
      },
      "properties": {
        "id": "tk_her_osm_w116692798",
        "name": "Breitzke",
        "address": {},
        "sources": [
          {
            "type": "osm",
            "id": "way/116692798",
            "version": 0
          }
        ],
        "created": "2026-05-28",
        "updated": "2026-05-28",
        "sources_by_field": {
          "name": "osm"
        },
        "apple_id_attempted": "2026-05-29"
      }
    },
    {
      "type": "Feature",
      "geometry": {
        "type": "Point",
        "coordinates": [
          9.2779874,
          51.1214799
        ]
      },
      "properties": {
        "id": "tk_her_osm_w118723833",
        "name": "logo Getränke-Fachmarkt",
        "address": {
          "street": "Auf der Lache",
          "number": "1",
          "postalcode": "34560",
          "city": "Fritzlar"
        },
        "sources": [
          {
            "type": "osm",
            "id": "way/118723833",
            "version": 0
          }
        ],
        "created": "2026-05-28",
        "updated": "2026-05-28",
        "sources_by_field": {
          "name": "osm",
          "address.street": "osm",
          "address.number": "osm",
          "address.postalcode": "osm",
          "address.city": "osm"
        },
        "apple_id_attempted": "2026-05-29"
      }
    },
    {
      "type": "Feature",
      "geometry": {
        "type": "Point",
        "coordinates": [
          9.0021938,
          49.7993697
        ]
      },
      "properties": {
        "id": "tk_her_osm_w119958914",
        "name": "Profi Getränke Shop",
        "address": {
          "street": "Dusenbacher Straße",
          "number": "56",
          "postalcode": "64739",
          "city": "Höchst im Odenwald"
        },
        "sources": [
          {
            "type": "osm",
            "id": "way/119958914",
            "version": 0
          }
        ],
        "created": "2026-05-28",
        "updated": "2026-05-28",
        "hours": {
          "raw": "Mo-Fr 08:30-20:00; Sa 08:00-18:00"
        },
        "sources_by_field": {
          "name": "osm",
          "address.street": "osm",
          "address.number": "osm",
          "address.postalcode": "osm",
          "address.city": "osm",
          "hours": "osm"
        },
        "apple_id_attempted": "2026-05-29"
      }
    },
    {
      "type": "Feature",
      "geometry": {
        "type": "Point",
        "coordinates": [
          9.0031416,
          49.802482
        ]
      },
      "properties": {
        "id": "tk_her_osm_w120078002",
        "name": "REWE Getränkemarkt",
        "address": {
          "street": "Otto-Hahn-Straße",
          "number": "17",
          "postalcode": "64739",
          "city": "Höchst im Odenwald"
        },
        "sources": [
          {
            "type": "osm",
            "id": "way/120078002",
            "version": 0
          }
        ],
        "created": "2026-05-28",
        "updated": "2026-05-28",
        "hours": {
          "raw": "Mo-Sa 07:00-22:00"
        },
        "tags": [
          "barrierefrei"
        ],
        "sources_by_field": {
          "name": "osm",
          "address.street": "osm",
          "address.number": "osm",
          "address.postalcode": "osm",
          "address.city": "osm",
          "hours": "osm"
        },
        "apple_id_attempted": "2026-05-29"
      }
    },
    {
      "type": "Feature",
      "geometry": {
        "type": "Point",
        "coordinates": [
          9.3667038,
          51.1788768
        ]
      },
      "properties": {
        "id": "tk_her_osm_w1207897159",
        "name": "Edeka Getränkemarkt",
        "address": {},
        "sources": [
          {
            "type": "osm",
            "id": "way/1207897159",
            "version": 0
          }
        ],
        "created": "2026-05-28",
        "updated": "2026-05-28",
        "sources_by_field": {
          "name": "osm"
        },
        "apple_id_attempted": "2026-05-29"
      }
    },
    {
      "type": "Feature",
      "geometry": {
        "type": "Point",
        "coordinates": [
          8.739269,
          50.7616249
        ]
      },
      "properties": {
        "id": "tk_her_osm_w1219343125",
        "name": "logo Getränke-Fachmarkt",
        "address": {
          "street": "Herborner Straße",
          "number": "1a",
          "postalcode": "35096",
          "city": "Weimar (Lahn)",
          "district": "Niederweimar"
        },
        "sources": [
          {
            "type": "osm",
            "id": "way/1219343125",
            "version": 0
          }
        ],
        "created": "2026-05-28",
        "updated": "2026-05-28",
        "sources_by_field": {
          "name": "osm",
          "address.street": "osm",
          "address.number": "osm",
          "address.postalcode": "osm",
          "address.city": "osm",
          "address.district": "osm"
        },
        "apple_id_attempted": "2026-05-29"
      }
    },
    {
      "type": "Feature",
      "geometry": {
        "type": "Point",
        "coordinates": [
          9.0743165,
          49.6831886
        ]
      },
      "properties": {
        "id": "tk_her_osm_w1278789540",
        "name": "Bratort",
        "address": {},
        "sources": [
          {
            "type": "osm",
            "id": "way/1278789540",
            "version": 0
          }
        ],
        "created": "2026-05-28",
        "updated": "2026-05-28",
        "sources_by_field": {
          "name": "osm"
        },
        "apple_id_attempted": "2026-05-29"
      }
    },
    {
      "type": "Feature",
      "geometry": {
        "type": "Point",
        "coordinates": [
          9.9567041,
          50.8511794
        ]
      },
      "properties": {
        "id": "tk_her_osm_w127970020",
        "name": "Der Getränkeprofi",
        "address": {
          "street": "Eisenacher Straße",
          "number": "11",
          "postalcode": "36269",
          "city": "Philippsthal (Werra)",
          "district": "Heimboldshausen"
        },
        "sources": [
          {
            "type": "osm",
            "id": "way/127970020",
            "version": 0
          }
        ],
        "created": "2026-05-28",
        "updated": "2026-05-28",
        "tags": [
          "barrierefrei"
        ],
        "sources_by_field": {
          "name": "osm",
          "address.street": "osm",
          "address.number": "osm",
          "address.postalcode": "osm",
          "address.city": "osm",
          "address.district": "osm"
        },
        "apple_id_attempted": "2026-05-29"
      }
    },
    {
      "type": "Feature",
      "geometry": {
        "type": "Point",
        "coordinates": [
          9.57279,
          50.8333157
        ]
      },
      "properties": {
        "id": "tk_her_osm_w128868668",
        "name": "REWE Getränkemarkt",
        "address": {
          "street": "Industriestraße",
          "number": "6a",
          "postalcode": "36275",
          "city": "Kirchheim"
        },
        "sources": [
          {
            "type": "osm",
            "id": "way/128868668",
            "version": 0
          }
        ],
        "created": "2026-05-28",
        "updated": "2026-05-28",
        "hours": {
          "raw": "Mo-Sa 06:00-22:00;Su,PH off"
        },
        "tags": [
          "barrierefrei"
        ],
        "sources_by_field": {
          "name": "osm",
          "address.street": "osm",
          "address.number": "osm",
          "address.postalcode": "osm",
          "address.city": "osm",
          "hours": "osm"
        },
        "apple_id_attempted": "2026-05-29"
      }
    },
    {
      "type": "Feature",
      "geometry": {
        "type": "Point",
        "coordinates": [
          9.3915414,
          51.4946753
        ]
      },
      "properties": {
        "id": "tk_her_osm_w129324034",
        "name": "REWE Getränkemarkt",
        "address": {},
        "sources": [
          {
            "type": "osm",
            "id": "way/129324034",
            "version": 0
          }
        ],
        "created": "2026-05-28",
        "updated": "2026-05-28",
        "sources_by_field": {
          "name": "osm"
        },
        "apple_id_attempted": "2026-05-29"
      }
    },
    {
      "type": "Feature",
      "geometry": {
        "type": "Point",
        "coordinates": [
          9.1827402,
          51.0579994
        ]
      },
      "properties": {
        "id": "tk_her_osm_w133439088",
        "name": "REWE Getränkemarkt",
        "address": {
          "postalcode": "34596",
          "city": "Bad Zwesten"
        },
        "sources": [
          {
            "type": "osm",
            "id": "way/133439088",
            "version": 0
          }
        ],
        "created": "2026-05-28",
        "updated": "2026-05-28",
        "hours": {
          "raw": "Mo-Sa 07:00-21:00; Su,PH off"
        },
        "tags": [
          "barrierefrei"
        ],
        "sources_by_field": {
          "name": "osm",
          "address.postalcode": "osm",
          "address.city": "osm",
          "hours": "osm"
        },
        "apple_id_attempted": "2026-05-29"
      }
    },
    {
      "type": "Feature",
      "geometry": {
        "type": "Point",
        "coordinates": [
          8.3522423,
          50.8070598
        ]
      },
      "properties": {
        "id": "tk_her_osm_w1349533181",
        "name": "Getränkemarkt Knauf",
        "address": {
          "street": "Eiershäuser Straße",
          "number": "57",
          "postalcode": "35713",
          "city": "Eschenburg",
          "district": "Eibelshausen"
        },
        "sources": [
          {
            "type": "osm",
            "id": "way/1349533181",
            "version": 0
          }
        ],
        "created": "2026-05-28",
        "updated": "2026-05-28",
        "hours": {
          "raw": "Tu-Sa 09:00-18:00; PH off"
        },
        "sources_by_field": {
          "name": "osm",
          "address.street": "osm",
          "address.number": "osm",
          "address.postalcode": "osm",
          "address.city": "osm",
          "address.district": "osm",
          "hours": "osm"
        },
        "apple_id_attempted": "2026-05-29"
      }
    },
    {
      "type": "Feature",
      "geometry": {
        "type": "Point",
        "coordinates": [
          9.7320841,
          50.9938198
        ]
      },
      "properties": {
        "id": "tk_her_osm_w1364364518",
        "name": "Kiosk am Minigolfplatz",
        "address": {},
        "sources": [
          {
            "type": "osm",
            "id": "way/1364364518",
            "version": 0
          }
        ],
        "created": "2026-05-28",
        "updated": "2026-05-28",
        "sources_by_field": {
          "name": "osm"
        },
        "apple_id_attempted": "2026-05-29"
      }
    },
    {
      "type": "Feature",
      "geometry": {
        "type": "Point",
        "coordinates": [
          9.1824903,
          50.9138594
        ]
      },
      "properties": {
        "id": "tk_her_osm_w137374916",
        "name": "REWE Getränkemarkt",
        "address": {
          "street": "Walkmühlenweg",
          "number": "2",
          "postalcode": "34613",
          "city": "Schwalmstadt",
          "district": "Treysa"
        },
        "sources": [
          {
            "type": "osm",
            "id": "way/137374916",
            "version": 0
          }
        ],
        "created": "2026-05-28",
        "updated": "2026-05-28",
        "sources_by_field": {
          "name": "osm",
          "address.street": "osm",
          "address.number": "osm",
          "address.postalcode": "osm",
          "address.city": "osm",
          "address.district": "osm"
        },
        "apple_id_attempted": "2026-05-29"
      }
    },
    {
      "type": "Feature",
      "geometry": {
        "type": "Point",
        "coordinates": [
          9.4696562,
          51.0034304
        ]
      },
      "properties": {
        "id": "tk_her_osm_w142605086",
        "name": "Edeka Getränkemarkt",
        "address": {
          "street": "Hauptstraße",
          "postalcode": "34593",
          "city": "Knüllwald",
          "district": "Remsfeld"
        },
        "sources": [
          {
            "type": "osm",
            "id": "way/142605086",
            "version": 0
          }
        ],
        "created": "2026-05-28",
        "updated": "2026-05-28",
        "hours": {
          "raw": "Mo-Fr 08:30-20:00; Sa 08:00-20:00"
        },
        "sources_by_field": {
          "name": "osm",
          "address.street": "osm",
          "address.postalcode": "osm",
          "address.city": "osm",
          "address.district": "osm",
          "hours": "osm"
        },
        "apple_id_attempted": "2026-05-29"
      }
    },
    {
      "type": "Feature",
      "geometry": {
        "type": "Point",
        "coordinates": [
          9.829302,
          50.5901817
        ]
      },
      "properties": {
        "id": "tk_her_osm_w1458513404",
        "name": "logo Getränke-Fachmarkt",
        "address": {
          "street": "Fuldaer Straße",
          "number": "67",
          "postalcode": "36145",
          "city": "Hofbieber"
        },
        "sources": [
          {
            "type": "osm",
            "id": "way/1458513404",
            "version": 0
          }
        ],
        "created": "2026-05-28",
        "updated": "2026-05-28",
        "hours": {
          "raw": "Mo-Sa 08:00-20:00"
        },
        "sources_by_field": {
          "name": "osm",
          "address.street": "osm",
          "address.number": "osm",
          "address.postalcode": "osm",
          "address.city": "osm",
          "hours": "osm"
        },
        "apple_id_attempted": "2026-05-29"
      }
    },
    {
      "type": "Feature",
      "geometry": {
        "type": "Point",
        "coordinates": [
          8.6021433,
          49.8091737
        ]
      },
      "properties": {
        "id": "tk_her_osm_w1479609368",
        "name": "Lindeneck",
        "address": {},
        "sources": [
          {
            "type": "osm",
            "id": "way/1479609368",
            "version": 0
          }
        ],
        "created": "2026-05-28",
        "updated": "2026-05-28",
        "hours": {
          "raw": "Th-Tu sunrise-sunset"
        },
        "tags": [
          "barrierefrei"
        ],
        "sources_by_field": {
          "name": "osm",
          "hours": "osm"
        },
        "apple_id_attempted": "2026-05-29"
      }
    },
    {
      "type": "Feature",
      "geometry": {
        "type": "Point",
        "coordinates": [
          9.6663689,
          50.5594873
        ]
      },
      "properties": {
        "id": "tk_her_osm_w150682710",
        "name": "logo Getränke-Fachmarkt",
        "address": {
          "street": "Horaser Weg",
          "number": "73",
          "postalcode": "36039",
          "city": "Fulda"
        },
        "sources": [
          {
            "type": "osm",
            "id": "way/150682710",
            "version": 0
          }
        ],
        "created": "2026-05-28",
        "updated": "2026-05-28",
        "hours": {
          "raw": "Mo-Fr 08:30-19:00; Sa 08:30-18:00; PH off"
        },
        "sources_by_field": {
          "name": "osm",
          "address.street": "osm",
          "address.number": "osm",
          "address.postalcode": "osm",
          "address.city": "osm",
          "hours": "osm"
        },
        "apple_id_attempted": "2026-05-29"
      }
    },
    {
      "type": "Feature",
      "geometry": {
        "type": "Point",
        "coordinates": [
          9.6896055,
          50.8794106
        ]
      },
      "properties": {
        "id": "tk_her_osm_w157253922",
        "name": "logo Getränke-Fachmarkt",
        "address": {
          "street": "Homberger Straße",
          "number": "138",
          "postalcode": "36251",
          "city": "Bad Hersfeld"
        },
        "sources": [
          {
            "type": "osm",
            "id": "way/157253922",
            "version": 0
          }
        ],
        "created": "2026-05-28",
        "updated": "2026-05-28",
        "hours": {
          "raw": "Mo-Sa 08:00-20:00"
        },
        "tags": [
          "barrierefrei"
        ],
        "sources_by_field": {
          "name": "osm",
          "address.street": "osm",
          "address.number": "osm",
          "address.postalcode": "osm",
          "address.city": "osm",
          "hours": "osm"
        },
        "apple_id_attempted": "2026-05-29"
      }
    },
    {
      "type": "Feature",
      "geometry": {
        "type": "Point",
        "coordinates": [
          9.7625373,
          50.6673052
        ]
      },
      "properties": {
        "id": "tk_her_osm_w166632328",
        "name": "logo Getränke-Fachmarkt",
        "address": {
          "street": "Fuldaer Straße",
          "number": "25",
          "postalcode": "36088",
          "city": "Hünfeld"
        },
        "sources": [
          {
            "type": "osm",
            "id": "way/166632328",
            "version": 0
          }
        ],
        "created": "2026-05-28",
        "updated": "2026-05-28",
        "hours": {
          "raw": "Mo-Sa 08:00-19:00"
        },
        "tags": [
          "barrierefrei"
        ],
        "sources_by_field": {
          "name": "osm",
          "address.street": "osm",
          "address.number": "osm",
          "address.postalcode": "osm",
          "address.city": "osm",
          "hours": "osm"
        },
        "apple_id_attempted": "2026-05-29"
      }
    },
    {
      "type": "Feature",
      "geometry": {
        "type": "Point",
        "coordinates": [
          8.3074901,
          50.6692343
        ]
      },
      "properties": {
        "id": "tk_her_osm_w168256174",
        "name": "Getränke Hoffmann",
        "address": {
          "number": "12",
          "postalcode": "35745",
          "city": "Herborn"
        },
        "sources": [
          {
            "type": "osm",
            "id": "way/168256174",
            "version": 0
          }
        ],
        "created": "2026-05-28",
        "updated": "2026-05-28",
        "hours": {
          "raw": "Mo-Sa 08:30-19:30; PH off"
        },
        "tags": [
          "barrierefrei"
        ],
        "sources_by_field": {
          "name": "osm",
          "address.number": "osm",
          "address.postalcode": "osm",
          "address.city": "osm",
          "hours": "osm"
        },
        "apple_id_attempted": "2026-05-29"
      }
    },
    {
      "type": "Feature",
      "geometry": {
        "type": "Point",
        "coordinates": [
          9.6010462,
          50.7986953
        ]
      },
      "properties": {
        "id": "tk_her_osm_w172139809",
        "name": "Rewe Getränkemarkt",
        "address": {
          "street": "Schlitzer Straße",
          "number": "24",
          "postalcode": "36272",
          "city": "Niederaula"
        },
        "sources": [
          {
            "type": "osm",
            "id": "way/172139809",
            "version": 0
          }
        ],
        "created": "2026-05-28",
        "updated": "2026-05-28",
        "hours": {
          "raw": "Mo-Tu 06:00-21:00; We 08:00-21:00; Th-Sa 06:00-21:00"
        },
        "sources_by_field": {
          "name": "osm",
          "address.street": "osm",
          "address.number": "osm",
          "address.postalcode": "osm",
          "address.city": "osm",
          "hours": "osm"
        },
        "apple_id_attempted": "2026-05-29"
      }
    },
    {
      "type": "Feature",
      "geometry": {
        "type": "Point",
        "coordinates": [
          9.9326979,
          51.0706989
        ]
      },
      "properties": {
        "id": "tk_her_osm_w172565926",
        "name": "Edeka Getränkemarkt",
        "address": {
          "street": "Burhaver Straße",
          "number": "1",
          "postalcode": "36205",
          "city": "Sontra"
        },
        "sources": [
          {
            "type": "osm",
            "id": "way/172565926",
            "version": 0
          }
        ],
        "created": "2026-05-28",
        "updated": "2026-05-28",
        "payment": {
          "cash": "yes",
          "cards": "unknown",
          "contactless": "unknown",
          "girocard": "unknown"
        },
        "tags": [
          "barrierefrei"
        ],
        "sources_by_field": {
          "name": "osm",
          "address.street": "osm",
          "address.number": "osm",
          "address.postalcode": "osm",
          "address.city": "osm",
          "payment.cash": "osm",
          "payment.cards": "osm",
          "payment.contactless": "osm",
          "payment.girocard": "osm"
        },
        "apple_id_attempted": "2026-05-29"
      }
    },
    {
      "type": "Feature",
      "geometry": {
        "type": "Point",
        "coordinates": [
          9.5657791,
          50.681584
        ]
      },
      "properties": {
        "id": "tk_her_osm_w176035364",
        "name": "REWE Getränkemarkt",
        "address": {
          "street": "Bahnhofstraße",
          "number": "39b",
          "postalcode": "36110",
          "city": "Schlitz"
        },
        "sources": [
          {
            "type": "osm",
            "id": "way/176035364",
            "version": 0
          }
        ],
        "created": "2026-05-28",
        "updated": "2026-05-28",
        "tags": [
          "barrierefrei"
        ],
        "sources_by_field": {
          "name": "osm",
          "address.street": "osm",
          "address.number": "osm",
          "address.postalcode": "osm",
          "address.city": "osm"
        },
        "apple_id_attempted": "2026-05-29"
      }
    },
    {
      "type": "Feature",
      "geometry": {
        "type": "Point",
        "coordinates": [
          10.0073654,
          50.5613192
        ]
      },
      "properties": {
        "id": "tk_her_osm_w180234883",
        "name": "Getränke Stehling",
        "address": {},
        "sources": [
          {
            "type": "osm",
            "id": "way/180234883",
            "version": 0
          },
          {
            "type": "apple",
            "id": "10361377242057373103"
          }
        ],
        "created": "2026-05-28",
        "updated": "2026-05-28",
        "sources_by_field": {
          "name": "osm"
        },
        "apple_attempted": "2026-05-29"
      }
    },
    {
      "type": "Feature",
      "geometry": {
        "type": "Point",
        "coordinates": [
          9.8812656,
          51.1475884
        ]
      },
      "properties": {
        "id": "tk_her_osm_w182884689",
        "name": "REWE Getränkemarkt",
        "address": {},
        "sources": [
          {
            "type": "osm",
            "id": "way/182884689",
            "version": 0
          }
        ],
        "created": "2026-05-28",
        "updated": "2026-05-28",
        "sources_by_field": {
          "name": "osm"
        },
        "apple_id_attempted": "2026-05-29"
      }
    },
    {
      "type": "Feature",
      "geometry": {
        "type": "Point",
        "coordinates": [
          8.7341462,
          50.9821545
        ]
      },
      "properties": {
        "id": "tk_her_osm_w189360796",
        "name": "EDEKA Getränkemarkt",
        "address": {
          "street": "Marburger Straße",
          "number": "17a",
          "postalcode": "35099",
          "city": "Burgwald",
          "district": "Ernsthausen"
        },
        "sources": [
          {
            "type": "osm",
            "id": "way/189360796",
            "version": 0
          }
        ],
        "created": "2026-05-28",
        "updated": "2026-05-28",
        "hours": {
          "raw": "Mo-Sa 08:30-20:00"
        },
        "sources_by_field": {
          "name": "osm",
          "address.street": "osm",
          "address.number": "osm",
          "address.postalcode": "osm",
          "address.city": "osm",
          "address.district": "osm",
          "hours": "osm"
        },
        "apple_id_attempted": "2026-05-29"
      }
    },
    {
      "type": "Feature",
      "geometry": {
        "type": "Point",
        "coordinates": [
          9.721958,
          51.1989514
        ]
      },
      "properties": {
        "id": "tk_her_osm_w189692315",
        "name": "EDEKA Getränkemarkt",
        "address": {
          "street": "Landgrafenstraße",
          "number": "2",
          "postalcode": "37235",
          "city": "Hessisch Lichtenau"
        },
        "sources": [
          {
            "type": "osm",
            "id": "way/189692315",
            "version": 0
          }
        ],
        "created": "2026-05-28",
        "updated": "2026-05-28",
        "hours": {
          "raw": "Mo-Sa 08:00-20:00"
        },
        "tags": [
          "barrierefrei"
        ],
        "sources_by_field": {
          "name": "osm",
          "address.street": "osm",
          "address.number": "osm",
          "address.postalcode": "osm",
          "address.city": "osm",
          "hours": "osm"
        },
        "apple_id_attempted": "2026-05-29"
      }
    },
    {
      "type": "Feature",
      "geometry": {
        "type": "Point",
        "coordinates": [
          8.9712328,
          50.982032
        ]
      },
      "properties": {
        "id": "tk_her_osm_w192004819",
        "name": "REWE Getränkemarkt",
        "address": {},
        "sources": [
          {
            "type": "osm",
            "id": "way/192004819",
            "version": 0
          }
        ],
        "created": "2026-05-28",
        "updated": "2026-05-28",
        "hours": {
          "raw": "Mo-Sa 08:00-20:00"
        },
        "sources_by_field": {
          "name": "osm",
          "hours": "osm"
        },
        "apple_id_attempted": "2026-05-29"
      }
    },
    {
      "type": "Feature",
      "geometry": {
        "type": "Point",
        "coordinates": [
          9.5380826,
          51.0928528
        ]
      },
      "properties": {
        "id": "tk_her_osm_w192122475",
        "name": "EDEKA Getränkemarkt",
        "address": {
          "street": "Steinweg",
          "number": "10a",
          "postalcode": "34323",
          "city": "Malsfeld"
        },
        "sources": [
          {
            "type": "osm",
            "id": "way/192122475",
            "version": 0
          }
        ],
        "created": "2026-05-28",
        "updated": "2026-05-28",
        "tags": [
          "barrierefrei"
        ],
        "sources_by_field": {
          "name": "osm",
          "address.street": "osm",
          "address.number": "osm",
          "address.postalcode": "osm",
          "address.city": "osm"
        },
        "apple_id_attempted": "2026-05-29"
      }
    },
    {
      "type": "Feature",
      "geometry": {
        "type": "Point",
        "coordinates": [
          8.7507021,
          50.8005838
        ]
      },
      "properties": {
        "id": "tk_her_osm_w192141373",
        "name": "Edeka",
        "address": {
          "street": "Bachweg",
          "number": "2",
          "postalcode": "35037",
          "city": "Marburg"
        },
        "sources": [
          {
            "type": "osm",
            "id": "way/192141373",
            "version": 0
          }
        ],
        "created": "2026-05-28",
        "updated": "2026-05-28",
        "hours": {
          "raw": "Mo-Sa 09:00-19:00; PH off"
        },
        "sources_by_field": {
          "name": "osm",
          "address.street": "osm",
          "address.number": "osm",
          "address.postalcode": "osm",
          "address.city": "osm",
          "hours": "osm"
        },
        "apple_id_attempted": "2026-05-29"
      }
    },
    {
      "type": "Feature",
      "geometry": {
        "type": "Point",
        "coordinates": [
          9.5983369,
          51.493949
        ]
      },
      "properties": {
        "id": "tk_her_osm_w192501905",
        "name": "Edeka Getränkemarkt",
        "address": {
          "street": "Mühlenstraße",
          "number": "17",
          "postalcode": "34359",
          "city": "Reinhardshagen"
        },
        "sources": [
          {
            "type": "osm",
            "id": "way/192501905",
            "version": 0
          }
        ],
        "created": "2026-05-28",
        "updated": "2026-05-28",
        "hours": {
          "raw": "Mo-Sa 07:00-20:00"
        },
        "tags": [
          "barrierefrei"
        ],
        "sources_by_field": {
          "name": "osm",
          "address.street": "osm",
          "address.number": "osm",
          "address.postalcode": "osm",
          "address.city": "osm",
          "hours": "osm"
        },
        "apple_id_attempted": "2026-05-29"
      }
    },
    {
      "type": "Feature",
      "geometry": {
        "type": "Point",
        "coordinates": [
          8.5330328,
          50.9054263
        ]
      },
      "properties": {
        "id": "tk_her_osm_w197358791",
        "name": "REWE Getränkemarkt",
        "address": {},
        "sources": [
          {
            "type": "osm",
            "id": "way/197358791",
            "version": 0
          }
        ],
        "created": "2026-05-28",
        "updated": "2026-05-28",
        "tags": [
          "barrierefrei"
        ],
        "sources_by_field": {
          "name": "osm"
        },
        "apple_id_attempted": "2026-05-29"
      }
    },
    {
      "type": "Feature",
      "geometry": {
        "type": "Point",
        "coordinates": [
          8.4879479,
          49.8349582
        ]
      },
      "properties": {
        "id": "tk_her_osm_w198218254",
        "name": "Profi Getränke Shop",
        "address": {
          "street": "An der Riedbahn",
          "number": "1",
          "postalcode": "64560",
          "city": "Riedstadt",
          "district": "Goddelau"
        },
        "sources": [
          {
            "type": "osm",
            "id": "way/198218254",
            "version": 0
          }
        ],
        "created": "2026-05-28",
        "updated": "2026-05-28",
        "tags": [
          "barrierefrei"
        ],
        "sources_by_field": {
          "name": "osm",
          "address.street": "osm",
          "address.number": "osm",
          "address.postalcode": "osm",
          "address.city": "osm",
          "address.district": "osm"
        },
        "apple_id_attempted": "2026-05-29"
      }
    },
    {
      "type": "Feature",
      "geometry": {
        "type": "Point",
        "coordinates": [
          9.7294575,
          51.0022178
        ]
      },
      "properties": {
        "id": "tk_her_osm_w199091385",
        "name": "REWE Getränkemarkt",
        "address": {
          "street": "Kasseler Straße",
          "number": "66",
          "city": "Rotenburg an der Fulda"
        },
        "sources": [
          {
            "type": "osm",
            "id": "way/199091385",
            "version": 0
          }
        ],
        "created": "2026-05-28",
        "updated": "2026-05-28",
        "sources_by_field": {
          "name": "osm",
          "address.street": "osm",
          "address.number": "osm",
          "address.city": "osm"
        },
        "apple_id_attempted": "2026-05-29"
      }
    },
    {
      "type": "Feature",
      "geometry": {
        "type": "Point",
        "coordinates": [
          9.7300031,
          51.001899
        ]
      },
      "properties": {
        "id": "tk_her_osm_w199091388",
        "name": "logo Getränke-Fachmarkt",
        "address": {
          "street": "Kasseler Straße",
          "number": "60",
          "postalcode": "36199",
          "city": "Rotenburg an der Fulda"
        },
        "sources": [
          {
            "type": "osm",
            "id": "way/199091388",
            "version": 0
          }
        ],
        "created": "2026-05-28",
        "updated": "2026-05-28",
        "tags": [
          "barrierefrei"
        ],
        "sources_by_field": {
          "name": "osm",
          "address.street": "osm",
          "address.number": "osm",
          "address.postalcode": "osm",
          "address.city": "osm"
        },
        "apple_id_attempted": "2026-05-29"
      }
    },
    {
      "type": "Feature",
      "geometry": {
        "type": "Point",
        "coordinates": [
          9.2804353,
          51.0472633
        ]
      },
      "properties": {
        "id": "tk_her_osm_w199266336",
        "name": "Hermann Waldmann Tabakwaren Spirituosen",
        "address": {
          "street": "Bahnhofstraße",
          "number": "35",
          "postalcode": "34582",
          "city": "Borken"
        },
        "sources": [
          {
            "type": "osm",
            "id": "way/199266336",
            "version": 0
          },
          {
            "type": "apple",
            "id": "12584356454305405831"
          }
        ],
        "created": "2026-05-28",
        "updated": "2026-05-29",
        "hours": {
          "raw": "Mo-Th 08:30-12:30,14:00-18:00; Fr 08:30-18:00; Sa 08:30-13:00"
        },
        "tags": [
          "barrierefrei"
        ],
        "sources_by_field": {
          "name": "osm",
          "address.street": "osm",
          "address.number": "osm",
          "address.postalcode": "osm",
          "address.city": "osm",
          "hours": "apple",
          "payment.cards": "apple",
          "payment.contactless": "apple"
        },
        "payment": {
          "cards": "yes",
          "contactless": "yes"
        },
        "apple_attempted": "2026-05-29"
      }
    },
    {
      "type": "Feature",
      "geometry": {
        "type": "Point",
        "coordinates": [
          8.6376094,
          49.7745624
        ]
      },
      "properties": {
        "id": "tk_her_osm_w200287680",
        "name": "REWE Getränkemarkt",
        "address": {
          "street": "Friedrich-Ebert-Straße",
          "number": "51",
          "postalcode": "64342",
          "city": "Seeheim-Jugenheim"
        },
        "sources": [
          {
            "type": "osm",
            "id": "way/200287680",
            "version": 0
          }
        ],
        "created": "2026-05-28",
        "updated": "2026-05-28",
        "hours": {
          "raw": "Mo-Sa 08:00-22:00"
        },
        "tags": [
          "barrierefrei"
        ],
        "sources_by_field": {
          "name": "osm",
          "address.street": "osm",
          "address.number": "osm",
          "address.postalcode": "osm",
          "address.city": "osm",
          "hours": "osm"
        },
        "apple_id_attempted": "2026-05-29"
      }
    },
    {
      "type": "Feature",
      "geometry": {
        "type": "Point",
        "coordinates": [
          8.7950697,
          50.7233986
        ]
      },
      "properties": {
        "id": "tk_her_osm_w202183557",
        "name": "REWE Getränkemarkt",
        "address": {
          "street": "Hachborner Straße",
          "number": "2a",
          "postalcode": "35085",
          "city": "Ebsdorfergrund",
          "district": "Hachborn"
        },
        "sources": [
          {
            "type": "osm",
            "id": "way/202183557",
            "version": 0
          }
        ],
        "created": "2026-05-28",
        "updated": "2026-05-28",
        "hours": {
          "raw": "Mo-Sa 08:00-20:00; PH off"
        },
        "sources_by_field": {
          "name": "osm",
          "address.street": "osm",
          "address.number": "osm",
          "address.postalcode": "osm",
          "address.city": "osm",
          "address.district": "osm",
          "hours": "osm"
        },
        "apple_id_attempted": "2026-05-29"
      }
    },
    {
      "type": "Feature",
      "geometry": {
        "type": "Point",
        "coordinates": [
          8.6085795,
          50.6136466
        ]
      },
      "properties": {
        "id": "tk_her_osm_w203033714",
        "name": "REWE Getränkemarkt",
        "address": {
          "street": "Gießener Straße",
          "number": "79",
          "postalcode": "35444",
          "city": "Biebertal",
          "district": "Rodheim-Bieber"
        },
        "sources": [
          {
            "type": "osm",
            "id": "way/203033714",
            "version": 0
          }
        ],
        "created": "2026-05-28",
        "updated": "2026-05-28",
        "sources_by_field": {
          "name": "osm",
          "address.street": "osm",
          "address.number": "osm",
          "address.postalcode": "osm",
          "address.city": "osm",
          "address.district": "osm"
        },
        "apple_id_attempted": "2026-05-29"
      }
    },
    {
      "type": "Feature",
      "geometry": {
        "type": "Point",
        "coordinates": [
          9.3626524,
          51.176931
        ]
      },
      "properties": {
        "id": "tk_her_osm_w204097223",
        "name": "Saftmobil",
        "address": {
          "street": "Schwimmbadweg",
          "number": "4",
          "postalcode": "34281",
          "city": "Gudensberg"
        },
        "sources": [
          {
            "type": "osm",
            "id": "way/204097223",
            "version": 0
          }
        ],
        "created": "2026-05-28",
        "updated": "2026-05-28",
        "hours": {
          "raw": "Nov-Aug Fr 13:00-18:00; Nov-Aug Sa 09:00-13:00; Sep-Oct Mo-Sa 09:00-18:00; Sep-Oct We off"
        },
        "sources_by_field": {
          "name": "osm",
          "address.street": "osm",
          "address.number": "osm",
          "address.postalcode": "osm",
          "address.city": "osm",
          "hours": "osm"
        },
        "apple_id_attempted": "2026-05-29"
      }
    },
    {
      "type": "Feature",
      "geometry": {
        "type": "Point",
        "coordinates": [
          9.3475791,
          51.1024748
        ]
      },
      "properties": {
        "id": "tk_her_osm_w204144374",
        "name": "EDEKA Getränkemarkt",
        "address": {
          "postalcode": "34590",
          "city": "Wabern"
        },
        "sources": [
          {
            "type": "osm",
            "id": "way/204144374",
            "version": 0
          }
        ],
        "created": "2026-05-28",
        "updated": "2026-05-28",
        "hours": {
          "raw": "Mo-Fr 08:00-20:00; Sa 08:00-18:00"
        },
        "tags": [
          "barrierefrei"
        ],
        "sources_by_field": {
          "name": "osm",
          "address.postalcode": "osm",
          "address.city": "osm",
          "hours": "osm"
        },
        "apple_id_attempted": "2026-05-29"
      }
    },
    {
      "type": "Feature",
      "geometry": {
        "type": "Point",
        "coordinates": [
          8.3453666,
          50.6987917
        ]
      },
      "properties": {
        "id": "tk_her_osm_w205562676",
        "name": "REWE Getränkemarkt",
        "address": {
          "street": "Marburger Straße",
          "number": "50",
          "postalcode": "35745",
          "city": "Herborn",
          "district": "Seelbach"
        },
        "sources": [
          {
            "type": "osm",
            "id": "way/205562676",
            "version": 0
          }
        ],
        "created": "2026-05-28",
        "updated": "2026-05-28",
        "tags": [
          "barrierefrei"
        ],
        "sources_by_field": {
          "name": "osm",
          "address.street": "osm",
          "address.number": "osm",
          "address.postalcode": "osm",
          "address.city": "osm",
          "address.district": "osm"
        },
        "apple_id_attempted": "2026-05-29"
      }
    },
    {
      "type": "Feature",
      "geometry": {
        "type": "Point",
        "coordinates": [
          9.7426574,
          50.7300067
        ]
      },
      "properties": {
        "id": "tk_her_osm_w207175752",
        "name": "H-Getränke-Fachmarkt",
        "address": {
          "street": "Kreuzgasse",
          "number": "3a",
          "postalcode": "36151",
          "city": "Burghaun",
          "district": "Steinbach"
        },
        "sources": [
          {
            "type": "osm",
            "id": "way/207175752",
            "version": 0
          }
        ],
        "created": "2026-05-28",
        "updated": "2026-05-28",
        "sources_by_field": {
          "name": "osm",
          "address.street": "osm",
          "address.number": "osm",
          "address.postalcode": "osm",
          "address.city": "osm",
          "address.district": "osm"
        },
        "apple_id_attempted": "2026-05-29"
      }
    },
    {
      "type": "Feature",
      "geometry": {
        "type": "Point",
        "coordinates": [
          8.7032482,
          49.8320627
        ]
      },
      "properties": {
        "id": "tk_her_osm_w207905233",
        "name": "Bahnhofskiosk im alten Stellwerk",
        "address": {
          "street": "Am Bahnhof",
          "number": "2",
          "postalcode": "64367",
          "city": "Mühltal",
          "district": "Nieder-Ramstadt"
        },
        "sources": [
          {
            "type": "osm",
            "id": "way/207905233",
            "version": 0
          },
          {
            "type": "apple",
            "id": "1276567484780372434"
          }
        ],
        "created": "2026-05-28",
        "updated": "2026-05-29",
        "sources_by_field": {
          "name": "osm",
          "address.street": "osm",
          "address.number": "osm",
          "address.postalcode": "osm",
          "address.city": "osm",
          "address.district": "osm",
          "hours": "apple"
        },
        "hours": {
          "raw": "Mo-Su 07:00-22:00"
        },
        "apple_attempted": "2026-05-29"
      }
    },
    {
      "type": "Feature",
      "geometry": {
        "type": "Point",
        "coordinates": [
          9.2672607,
          51.2497558
        ]
      },
      "properties": {
        "id": "tk_her_osm_w211170914",
        "name": "EDEKA Getränkemarkt",
        "address": {
          "street": "Industriestraße",
          "number": "1",
          "postalcode": "34308",
          "city": "Bad Emstal",
          "district": "Sand"
        },
        "sources": [
          {
            "type": "osm",
            "id": "way/211170914",
            "version": 0
          }
        ],
        "created": "2026-05-28",
        "updated": "2026-05-28",
        "sources_by_field": {
          "name": "osm",
          "address.street": "osm",
          "address.number": "osm",
          "address.postalcode": "osm",
          "address.city": "osm",
          "address.district": "osm"
        },
        "apple_id_attempted": "2026-05-29"
      }
    },
    {
      "type": "Feature",
      "geometry": {
        "type": "Point",
        "coordinates": [
          9.2761074,
          51.1341426
        ]
      },
      "properties": {
        "id": "tk_her_osm_w211242876",
        "name": "Neukauf Getränkemarkt",
        "address": {
          "street": "Am Hospital",
          "number": "7",
          "postalcode": "34560",
          "city": "Fritzlar"
        },
        "sources": [
          {
            "type": "osm",
            "id": "way/211242876",
            "version": 0
          }
        ],
        "created": "2026-05-28",
        "updated": "2026-05-28",
        "hours": {
          "raw": "Su off; Mo-Fr 08:00-20:00; Sa 08:00-19:00"
        },
        "tags": [
          "barrierefrei"
        ],
        "sources_by_field": {
          "name": "osm",
          "address.street": "osm",
          "address.number": "osm",
          "address.postalcode": "osm",
          "address.city": "osm",
          "hours": "osm"
        },
        "apple_id_attempted": "2026-05-29"
      }
    },
    {
      "type": "Feature",
      "geometry": {
        "type": "Point",
        "coordinates": [
          9.4213173,
          51.031014
        ]
      },
      "properties": {
        "id": "tk_her_osm_w213556582",
        "name": "Logo-Getränke",
        "address": {
          "street": "August-Vilmar-Straße",
          "number": "23",
          "postalcode": "34576",
          "city": "Homberg (Efze)"
        },
        "sources": [
          {
            "type": "osm",
            "id": "way/213556582",
            "version": 0
          }
        ],
        "created": "2026-05-28",
        "updated": "2026-05-28",
        "hours": {
          "raw": "Mo-Fr 08:30-19:00; Sa 08:00-17:00"
        },
        "sources_by_field": {
          "name": "osm",
          "address.street": "osm",
          "address.number": "osm",
          "address.postalcode": "osm",
          "address.city": "osm",
          "hours": "osm"
        },
        "apple_id_attempted": "2026-05-29"
      }
    },
    {
      "type": "Feature",
      "geometry": {
        "type": "Point",
        "coordinates": [
          9.5413378,
          51.1233879
        ]
      },
      "properties": {
        "id": "tk_her_osm_w213785377",
        "name": "Tankcenter Melsungen",
        "address": {
          "street": "Nürnberger Straße",
          "number": "16",
          "postalcode": "34212",
          "city": "Melsungen"
        },
        "sources": [
          {
            "type": "osm",
            "id": "way/213785377",
            "version": 0
          },
          {
            "type": "apple",
            "id": "17542635547429459011"
          }
        ],
        "created": "2026-05-28",
        "updated": "2026-05-29",
        "hours": {
          "raw": "Sa-Su 07:00-23:00; Mo-Fr 05:00-23:00"
        },
        "sources_by_field": {
          "name": "osm",
          "address.street": "osm",
          "address.number": "osm",
          "address.postalcode": "osm",
          "address.city": "osm",
          "hours": "apple",
          "payment.cards": "apple",
          "payment.contactless": "apple"
        },
        "payment": {
          "cards": "yes",
          "contactless": "yes"
        },
        "apple_attempted": "2026-05-29"
      }
    },
    {
      "type": "Feature",
      "geometry": {
        "type": "Point",
        "coordinates": [
          8.4792072,
          50.70283
        ]
      },
      "properties": {
        "id": "tk_her_osm_w214741900",
        "name": "REWE Getränkemarkt",
        "address": {
          "street": "Am Markt",
          "number": "3",
          "postalcode": "35649",
          "city": "Bischoffen",
          "district": "Niederweidbach"
        },
        "sources": [
          {
            "type": "osm",
            "id": "way/214741900",
            "version": 0
          }
        ],
        "created": "2026-05-28",
        "updated": "2026-05-28",
        "hours": {
          "raw": "Mo-Sa 07:00-21:00; PH off"
        },
        "tags": [
          "barrierefrei"
        ],
        "sources_by_field": {
          "name": "osm",
          "address.street": "osm",
          "address.number": "osm",
          "address.postalcode": "osm",
          "address.city": "osm",
          "address.district": "osm",
          "hours": "osm"
        },
        "apple_id_attempted": "2026-05-29"
      }
    },
    {
      "type": "Feature",
      "geometry": {
        "type": "Point",
        "coordinates": [
          9.0025201,
          49.7477725
        ]
      },
      "properties": {
        "id": "tk_her_osm_w217659979",
        "name": "EDEKA Getränkemarkt",
        "address": {
          "street": "Frankfurter Straße",
          "number": "76",
          "postalcode": "64732",
          "city": "Bad König"
        },
        "sources": [
          {
            "type": "osm",
            "id": "way/217659979",
            "version": 0
          }
        ],
        "created": "2026-05-28",
        "updated": "2026-05-28",
        "sources_by_field": {
          "name": "osm",
          "address.street": "osm",
          "address.number": "osm",
          "address.postalcode": "osm",
          "address.city": "osm"
        },
        "apple_id_attempted": "2026-05-29"
      }
    },
    {
      "type": "Feature",
      "geometry": {
        "type": "Point",
        "coordinates": [
          8.8559934,
          50.7299898
        ]
      },
      "properties": {
        "id": "tk_her_osm_w218689080",
        "name": "Sonne und Mehr",
        "address": {
          "street": "Alte Landstraße",
          "number": "18",
          "postalcode": "35085",
          "city": "Ebsdorfergrund",
          "district": "Dreihausen"
        },
        "sources": [
          {
            "type": "osm",
            "id": "way/218689080",
            "version": 0
          }
        ],
        "created": "2026-05-28",
        "updated": "2026-05-28",
        "hours": {
          "raw": "Mo-Sa 10:00-13:00, 15:00-18:00"
        },
        "sources_by_field": {
          "name": "osm",
          "address.street": "osm",
          "address.number": "osm",
          "address.postalcode": "osm",
          "address.city": "osm",
          "address.district": "osm",
          "hours": "osm"
        },
        "apple_id_attempted": "2026-05-29"
      }
    },
    {
      "type": "Feature",
      "geometry": {
        "type": "Point",
        "coordinates": [
          9.5674215,
          50.4206908
        ]
      },
      "properties": {
        "id": "tk_her_osm_w222881788",
        "name": "REWE Getränkemarkt",
        "address": {
          "street": "In der Aue",
          "number": "6",
          "postalcode": "36103",
          "city": "Flieden"
        },
        "sources": [
          {
            "type": "osm",
            "id": "way/222881788",
            "version": 0
          }
        ],
        "created": "2026-05-28",
        "updated": "2026-05-28",
        "tags": [
          "barrierefrei"
        ],
        "sources_by_field": {
          "name": "osm",
          "address.street": "osm",
          "address.number": "osm",
          "address.postalcode": "osm",
          "address.city": "osm"
        },
        "apple_id_attempted": "2026-05-29"
      }
    },
    {
      "type": "Feature",
      "geometry": {
        "type": "Point",
        "coordinates": [
          9.0307622,
          50.6444466
        ]
      },
      "properties": {
        "id": "tk_her_osm_w226557247",
        "name": "Getränke Großhandel Schneidmüller",
        "address": {
          "street": "Merlauer Straße",
          "number": "19",
          "postalcode": "35325",
          "city": "Mücke",
          "district": "Nieder-Ohmen"
        },
        "sources": [
          {
            "type": "osm",
            "id": "way/226557247",
            "version": 0
          }
        ],
        "created": "2026-05-28",
        "updated": "2026-05-28",
        "sources_by_field": {
          "name": "osm",
          "address.street": "osm",
          "address.number": "osm",
          "address.postalcode": "osm",
          "address.city": "osm",
          "address.district": "osm"
        },
        "apple_id_attempted": "2026-05-29"
      }
    },
    {
      "type": "Feature",
      "geometry": {
        "type": "Point",
        "coordinates": [
          8.8732786,
          49.7751067
        ]
      },
      "properties": {
        "id": "tk_her_osm_w231019794",
        "name": "REWE Getränkemarkt",
        "address": {
          "street": "An der Hornsmühle",
          "number": "7",
          "postalcode": "64395",
          "city": "Brensbach"
        },
        "sources": [
          {
            "type": "osm",
            "id": "way/231019794",
            "version": 0
          }
        ],
        "created": "2026-05-28",
        "updated": "2026-05-28",
        "sources_by_field": {
          "name": "osm",
          "address.street": "osm",
          "address.number": "osm",
          "address.postalcode": "osm",
          "address.city": "osm"
        },
        "apple_id_attempted": "2026-05-29"
      }
    },
    {
      "type": "Feature",
      "geometry": {
        "type": "Point",
        "coordinates": [
          8.7333512,
          50.7599619
        ]
      },
      "properties": {
        "id": "tk_her_osm_w237827715",
        "name": "AGIP",
        "address": {},
        "sources": [
          {
            "type": "osm",
            "id": "way/237827715",
            "version": 0
          }
        ],
        "created": "2026-05-28",
        "updated": "2026-05-28",
        "hours": {
          "raw": "Mo-Fr 07:00-20:00; Sa 08:00-19:00; Su 10:00-19:00"
        },
        "tags": [
          "barrierefrei"
        ],
        "sources_by_field": {
          "name": "osm",
          "hours": "osm"
        },
        "apple_id_attempted": "2026-05-29"
      }
    },
    {
      "type": "Feature",
      "geometry": {
        "type": "Point",
        "coordinates": [
          8.7285642,
          50.7597234
        ]
      },
      "properties": {
        "id": "tk_her_osm_w237844290",
        "name": "EDEKA Getränkemarkt",
        "address": {
          "street": "Haddamshäuser Weg",
          "number": "3",
          "postalcode": "35096",
          "city": "Weimar (Lahn)",
          "district": "Niederweimar"
        },
        "sources": [
          {
            "type": "osm",
            "id": "way/237844290",
            "version": 0
          }
        ],
        "created": "2026-05-28",
        "updated": "2026-05-28",
        "hours": {
          "raw": "Mo-Sa 08:00-20:00"
        },
        "tags": [
          "barrierefrei"
        ],
        "sources_by_field": {
          "name": "osm",
          "address.street": "osm",
          "address.number": "osm",
          "address.postalcode": "osm",
          "address.city": "osm",
          "address.district": "osm",
          "hours": "osm"
        },
        "apple_id_attempted": "2026-05-29"
      }
    },
    {
      "type": "Feature",
      "geometry": {
        "type": "Point",
        "coordinates": [
          8.7659109,
          50.7887393
        ]
      },
      "properties": {
        "id": "tk_her_osm_w243537514",
        "name": "Herkules Getränke",
        "address": {
          "street": "Temmlerstraße",
          "number": "15",
          "postalcode": "35039",
          "city": "Marburg"
        },
        "sources": [
          {
            "type": "osm",
            "id": "way/243537514",
            "version": 0
          }
        ],
        "created": "2026-05-28",
        "updated": "2026-05-28",
        "hours": {
          "raw": "Mo-Sa 08:00-21:00; PH off"
        },
        "tags": [
          "barrierefrei"
        ],
        "sources_by_field": {
          "name": "osm",
          "address.street": "osm",
          "address.number": "osm",
          "address.postalcode": "osm",
          "address.city": "osm",
          "hours": "osm"
        },
        "apple_id_attempted": "2026-05-29"
      }
    },
    {
      "type": "Feature",
      "geometry": {
        "type": "Point",
        "coordinates": [
          9.1623554,
          51.3219192
        ]
      },
      "properties": {
        "id": "tk_her_osm_w245414288",
        "name": "Nahkauf",
        "address": {
          "street": "Hans-Staden-Straße",
          "number": "52",
          "postalcode": "34466",
          "city": "Wolfhagen"
        },
        "sources": [
          {
            "type": "osm",
            "id": "way/245414288",
            "version": 0
          }
        ],
        "created": "2026-05-28",
        "updated": "2026-05-28",
        "sources_by_field": {
          "name": "osm",
          "address.street": "osm",
          "address.number": "osm",
          "address.postalcode": "osm",
          "address.city": "osm"
        },
        "apple_id_attempted": "2026-05-29"
      }
    },
    {
      "type": "Feature",
      "geometry": {
        "type": "Point",
        "coordinates": [
          9.7229962,
          50.8796667
        ]
      },
      "properties": {
        "id": "tk_her_osm_w246494601",
        "name": "Logo",
        "address": {
          "street": "Friedloser Straße",
          "number": "27",
          "postalcode": "36251",
          "city": "Bad Hersfeld"
        },
        "sources": [
          {
            "type": "osm",
            "id": "way/246494601",
            "version": 0
          }
        ],
        "created": "2026-05-28",
        "updated": "2026-05-28",
        "sources_by_field": {
          "name": "osm",
          "address.street": "osm",
          "address.number": "osm",
          "address.postalcode": "osm",
          "address.city": "osm"
        },
        "apple_id_attempted": "2026-05-29"
      }
    },
    {
      "type": "Feature",
      "geometry": {
        "type": "Point",
        "coordinates": [
          8.769552,
          50.8289859
        ]
      },
      "properties": {
        "id": "tk_her_osm_w251389492",
        "name": "logo Getränke-Fachmarkt",
        "address": {
          "street": "Afföllerstraße",
          "number": "86",
          "postalcode": "35039",
          "city": "Marburg"
        },
        "sources": [
          {
            "type": "osm",
            "id": "way/251389492",
            "version": 0
          }
        ],
        "created": "2026-05-28",
        "updated": "2026-05-28",
        "sources_by_field": {
          "name": "osm",
          "address.street": "osm",
          "address.number": "osm",
          "address.postalcode": "osm",
          "address.city": "osm"
        },
        "apple_id_attempted": "2026-05-29"
      }
    },
    {
      "type": "Feature",
      "geometry": {
        "type": "Point",
        "coordinates": [
          9.3982091,
          51.0334519
        ]
      },
      "properties": {
        "id": "tk_her_osm_w254066728",
        "name": "REWE Getränkemarkt",
        "address": {
          "street": "Stellbergsweg",
          "number": "5",
          "postalcode": "34576",
          "city": "Homberg (Efze)"
        },
        "sources": [
          {
            "type": "osm",
            "id": "way/254066728",
            "version": 0
          }
        ],
        "created": "2026-05-28",
        "updated": "2026-05-28",
        "hours": {
          "raw": "Mo-Sa 07:00-22:00"
        },
        "tags": [
          "barrierefrei"
        ],
        "sources_by_field": {
          "name": "osm",
          "address.street": "osm",
          "address.number": "osm",
          "address.postalcode": "osm",
          "address.city": "osm",
          "hours": "osm"
        },
        "apple_id_attempted": "2026-05-29"
      }
    },
    {
      "type": "Feature",
      "geometry": {
        "type": "Point",
        "coordinates": [
          8.4676393,
          50.9219877
        ]
      },
      "properties": {
        "id": "tk_her_osm_w256283423",
        "name": "EDEKA Getränkemarkt",
        "address": {
          "street": "Theodor-Meissner-Straße",
          "number": "1",
          "postalcode": "35216",
          "city": "Biedenkopf",
          "district": "Wallau (Lahn)"
        },
        "sources": [
          {
            "type": "osm",
            "id": "way/256283423",
            "version": 0
          }
        ],
        "created": "2026-05-28",
        "updated": "2026-05-28",
        "hours": {
          "raw": "Mo-Sa 08:00-20:00"
        },
        "tags": [
          "barrierefrei"
        ],
        "sources_by_field": {
          "name": "osm",
          "address.street": "osm",
          "address.number": "osm",
          "address.postalcode": "osm",
          "address.city": "osm",
          "address.district": "osm",
          "hours": "osm"
        },
        "apple_id_attempted": "2026-05-29"
      }
    },
    {
      "type": "Feature",
      "geometry": {
        "type": "Point",
        "coordinates": [
          9.9282236,
          51.0142656
        ]
      },
      "properties": {
        "id": "tk_her_osm_w260581382",
        "name": "Kiosk am Schwanenteich",
        "address": {
          "street": "Am Schwimmbad",
          "number": "7",
          "postalcode": "36214",
          "city": "Nentershausen"
        },
        "sources": [
          {
            "type": "osm",
            "id": "way/260581382",
            "version": 0
          }
        ],
        "created": "2026-05-28",
        "updated": "2026-05-28",
        "sources_by_field": {
          "name": "osm",
          "address.street": "osm",
          "address.number": "osm",
          "address.postalcode": "osm",
          "address.city": "osm"
        },
        "apple_id_attempted": "2026-05-29"
      }
    },
    {
      "type": "Feature",
      "geometry": {
        "type": "Point",
        "coordinates": [
          8.769885,
          50.8405008
        ]
      },
      "properties": {
        "id": "tk_her_osm_w262389161",
        "name": "tegut Getränkemarkt",
        "address": {},
        "sources": [
          {
            "type": "osm",
            "id": "way/262389161",
            "version": 0
          }
        ],
        "created": "2026-05-28",
        "updated": "2026-05-28",
        "hours": {
          "raw": "Mo-Sa 07:00-22:00; PH off"
        },
        "sources_by_field": {
          "name": "osm",
          "hours": "osm"
        },
        "apple_id_attempted": "2026-05-29"
      }
    },
    {
      "type": "Feature",
      "geometry": {
        "type": "Point",
        "coordinates": [
          8.6650153,
          51.0220072
        ]
      },
      "properties": {
        "id": "tk_her_osm_w264385190",
        "name": "REWE Getränkemarkt",
        "address": {},
        "sources": [
          {
            "type": "osm",
            "id": "way/264385190",
            "version": 0
          }
        ],
        "created": "2026-05-28",
        "updated": "2026-05-28",
        "sources_by_field": {
          "name": "osm"
        },
        "apple_id_attempted": "2026-05-29"
      }
    },
    {
      "type": "Feature",
      "geometry": {
        "type": "Point",
        "coordinates": [
          8.7889787,
          50.8151668
        ]
      },
      "properties": {
        "id": "tk_her_osm_w265212375",
        "name": "Turm Café",
        "address": {},
        "sources": [
          {
            "type": "osm",
            "id": "way/265212375",
            "version": 0
          }
        ],
        "created": "2026-05-28",
        "updated": "2026-05-28",
        "sources_by_field": {
          "name": "osm"
        },
        "apple_id_attempted": "2026-05-29"
      }
    },
    {
      "type": "Feature",
      "geometry": {
        "type": "Point",
        "coordinates": [
          9.7292869,
          50.9990475
        ]
      },
      "properties": {
        "id": "tk_her_osm_w274983020",
        "name": "Edeka Lange",
        "address": {
          "street": "An der Unterführung",
          "number": "1",
          "postalcode": "36199",
          "city": "Rotenburg an der Fulda"
        },
        "sources": [
          {
            "type": "osm",
            "id": "way/274983020",
            "version": 0
          }
        ],
        "created": "2026-05-28",
        "updated": "2026-05-28",
        "sources_by_field": {
          "name": "osm",
          "address.street": "osm",
          "address.number": "osm",
          "address.postalcode": "osm",
          "address.city": "osm"
        },
        "apple_id_attempted": "2026-05-29"
      }
    },
    {
      "type": "Feature",
      "geometry": {
        "type": "Point",
        "coordinates": [
          8.4915308,
          50.753869
        ]
      },
      "properties": {
        "id": "tk_her_osm_w275928766",
        "name": "Mona´s Lottopoint",
        "address": {
          "street": "Landstraße",
          "number": "26a",
          "postalcode": "35080",
          "city": "Bad Endbach"
        },
        "sources": [
          {
            "type": "osm",
            "id": "way/275928766",
            "version": 0
          },
          {
            "type": "apple",
            "id": "10339994496802302289"
          }
        ],
        "created": "2026-05-28",
        "updated": "2026-05-29",
        "hours": {
          "raw": "Mo-Fr 08:00-11:00,14:00-17:00; Sa 08:00-11:00"
        },
        "sources_by_field": {
          "name": "osm",
          "address.street": "osm",
          "address.number": "osm",
          "address.postalcode": "osm",
          "address.city": "osm",
          "hours": "apple"
        },
        "apple_attempted": "2026-05-29"
      }
    },
    {
      "type": "Feature",
      "geometry": {
        "type": "Point",
        "coordinates": [
          9.8483761,
          50.8186709
        ]
      },
      "properties": {
        "id": "tk_her_osm_w28008249",
        "name": "Edeka Getränkemarkt",
        "address": {
          "street": "Landecker Straße",
          "number": "24",
          "postalcode": "36277",
          "city": "Schenklengsfeld"
        },
        "sources": [
          {
            "type": "osm",
            "id": "way/28008249",
            "version": 0
          }
        ],
        "created": "2026-05-28",
        "updated": "2026-05-28",
        "tags": [
          "barrierefrei"
        ],
        "sources_by_field": {
          "name": "osm",
          "address.street": "osm",
          "address.number": "osm",
          "address.postalcode": "osm",
          "address.city": "osm"
        },
        "apple_id_attempted": "2026-05-29"
      }
    },
    {
      "type": "Feature",
      "geometry": {
        "type": "Point",
        "coordinates": [
          9.0158032,
          50.8290393
        ]
      },
      "properties": {
        "id": "tk_her_osm_w28525700",
        "name": "Esso",
        "address": {
          "street": "Bahnhofstraße",
          "number": "2a",
          "postalcode": "35260",
          "city": "Stadtallendorf"
        },
        "sources": [
          {
            "type": "osm",
            "id": "way/28525700",
            "version": 0
          }
        ],
        "created": "2026-05-28",
        "updated": "2026-05-28",
        "hours": {
          "raw": "Mo-Su 06:00-18:00"
        },
        "sources_by_field": {
          "name": "osm",
          "address.street": "osm",
          "address.number": "osm",
          "address.postalcode": "osm",
          "address.city": "osm",
          "hours": "osm"
        },
        "apple_id_attempted": "2026-05-29"
      }
    },
    {
      "type": "Feature",
      "geometry": {
        "type": "Point",
        "coordinates": [
          9.0165556,
          50.828686
        ]
      },
      "properties": {
        "id": "tk_her_osm_w28525701",
        "name": "Agip Tankstelle",
        "address": {
          "street": "Am Lohpfad",
          "number": "1",
          "postalcode": "35260",
          "city": "Stadtallendorf"
        },
        "sources": [
          {
            "type": "osm",
            "id": "way/28525701",
            "version": 0
          }
        ],
        "created": "2026-05-28",
        "updated": "2026-05-28",
        "sources_by_field": {
          "name": "osm",
          "address.street": "osm",
          "address.number": "osm",
          "address.postalcode": "osm",
          "address.city": "osm"
        },
        "apple_id_attempted": "2026-05-29"
      }
    },
    {
      "type": "Feature",
      "geometry": {
        "type": "Point",
        "coordinates": [
          8.5596974,
          50.750422
        ]
      },
      "properties": {
        "id": "tk_her_osm_w294262034",
        "name": "Getränkeland Kaufmann",
        "address": {
          "street": "Herborner Straße",
          "number": "23",
          "postalcode": "35075",
          "city": "Gladenbach",
          "district": "Erdhausen"
        },
        "sources": [
          {
            "type": "osm",
            "id": "way/294262034",
            "version": 0
          },
          {
            "type": "apple",
            "id": "2450520856045827077"
          }
        ],
        "created": "2026-05-28",
        "updated": "2026-05-29",
        "hours": {
          "raw": "Mo-Fr 09:00-18:30; Sa 08:30-17:00"
        },
        "sources_by_field": {
          "name": "osm",
          "address.street": "osm",
          "address.number": "osm",
          "address.postalcode": "osm",
          "address.city": "osm",
          "address.district": "osm",
          "hours": "apple",
          "payment.cards": "apple",
          "payment.contactless": "apple"
        },
        "payment": {
          "cards": "yes",
          "contactless": "yes"
        },
        "apple_attempted": "2026-05-29"
      }
    },
    {
      "type": "Feature",
      "geometry": {
        "type": "Point",
        "coordinates": [
          9.2899825,
          50.8561353
        ]
      },
      "properties": {
        "id": "tk_her_osm_w297335776",
        "name": "Getränkevertrieb Schäfer",
        "address": {
          "street": "Ziegenhainer Straße",
          "number": "10",
          "postalcode": "34637",
          "city": "Schrecksbach",
          "district": "Röllshausen"
        },
        "sources": [
          {
            "type": "osm",
            "id": "way/297335776",
            "version": 0
          },
          {
            "type": "apple",
            "id": "16028119486443628554"
          }
        ],
        "created": "2026-05-28",
        "updated": "2026-05-29",
        "tags": [
          "barrierefrei"
        ],
        "sources_by_field": {
          "name": "osm",
          "address.street": "osm",
          "address.number": "osm",
          "address.postalcode": "osm",
          "address.city": "osm",
          "address.district": "osm",
          "hours": "apple"
        },
        "hours": {
          "raw": "Mo-Tu,Th-Fr 09:00-12:00,15:00-17:00; We 09:00-12:00; Sa 09:00-13:00"
        },
        "apple_attempted": "2026-05-29"
      }
    },
    {
      "type": "Feature",
      "geometry": {
        "type": "Point",
        "coordinates": [
          9.4167791,
          51.1528934
        ]
      },
      "properties": {
        "id": "tk_her_osm_w297427925",
        "name": "Gasthaus und Getränkemarkt Siebert",
        "address": {
          "street": "Emstalstraße",
          "number": "23",
          "postalcode": "34587",
          "city": "Felsberg",
          "district": "Böddiger"
        },
        "sources": [
          {
            "type": "osm",
            "id": "way/297427925",
            "version": 0
          }
        ],
        "created": "2026-05-28",
        "updated": "2026-05-28",
        "hours": {
          "raw": "Mo,We,Th,Fr 14:00+; Sa,Su 16:00+; Tu off"
        },
        "tags": [
          "draussen"
        ],
        "sources_by_field": {
          "name": "osm",
          "address.street": "osm",
          "address.number": "osm",
          "address.postalcode": "osm",
          "address.city": "osm",
          "address.district": "osm",
          "hours": "osm"
        },
        "apple_id_attempted": "2026-05-29"
      }
    },
    {
      "type": "Feature",
      "geometry": {
        "type": "Point",
        "coordinates": [
          8.4526175,
          50.8915559
        ]
      },
      "properties": {
        "id": "tk_her_osm_w313108901",
        "name": "REWE Getränkemarkt",
        "address": {
          "street": "Hauptstraße",
          "number": "95",
          "postalcode": "35236",
          "city": "Breidenbach"
        },
        "sources": [
          {
            "type": "osm",
            "id": "way/313108901",
            "version": 0
          }
        ],
        "created": "2026-05-28",
        "updated": "2026-05-28",
        "sources_by_field": {
          "name": "osm",
          "address.street": "osm",
          "address.number": "osm",
          "address.postalcode": "osm",
          "address.city": "osm"
        },
        "apple_id_attempted": "2026-05-29"
      }
    },
    {
      "type": "Feature",
      "geometry": {
        "type": "Point",
        "coordinates": [
          8.7836249,
          51.0605525
        ]
      },
      "properties": {
        "id": "tk_her_osm_w316128270",
        "name": "Logo",
        "address": {
          "street": "Ruhrstraße",
          "number": "5",
          "postalcode": "35066",
          "city": "Frankenberg (Eder)"
        },
        "sources": [
          {
            "type": "osm",
            "id": "way/316128270",
            "version": 0
          }
        ],
        "created": "2026-05-28",
        "updated": "2026-05-28",
        "hours": {
          "raw": "Mo-Sa 08:00-20:00"
        },
        "sources_by_field": {
          "name": "osm",
          "address.street": "osm",
          "address.number": "osm",
          "address.postalcode": "osm",
          "address.city": "osm",
          "hours": "osm"
        },
        "apple_id_attempted": "2026-05-29"
      }
    },
    {
      "type": "Feature",
      "geometry": {
        "type": "Point",
        "coordinates": [
          8.5483518,
          50.8553239
        ]
      },
      "properties": {
        "id": "tk_her_osm_w33677906",
        "name": "REWE Getränkemarkt",
        "address": {
          "street": "Gladenbacher Straße",
          "number": "43",
          "postalcode": "35232",
          "city": "Dautphetal",
          "district": "Dautphe"
        },
        "sources": [
          {
            "type": "osm",
            "id": "way/33677906",
            "version": 0
          }
        ],
        "created": "2026-05-28",
        "updated": "2026-05-28",
        "sources_by_field": {
          "name": "osm",
          "address.street": "osm",
          "address.number": "osm",
          "address.postalcode": "osm",
          "address.city": "osm",
          "address.district": "osm"
        },
        "apple_id_attempted": "2026-05-29"
      }
    },
    {
      "type": "Feature",
      "geometry": {
        "type": "Point",
        "coordinates": [
          9.678346,
          50.5286478
        ]
      },
      "properties": {
        "id": "tk_her_osm_w359836248",
        "name": "Logo",
        "address": {
          "street": "Frankfurter Straße",
          "number": "143",
          "postalcode": "36043",
          "city": "Fulda"
        },
        "sources": [
          {
            "type": "osm",
            "id": "way/359836248",
            "version": 0
          }
        ],
        "created": "2026-05-28",
        "updated": "2026-05-28",
        "sources_by_field": {
          "name": "osm",
          "address.street": "osm",
          "address.number": "osm",
          "address.postalcode": "osm",
          "address.city": "osm"
        },
        "apple_id_attempted": "2026-05-29"
      }
    },
    {
      "type": "Feature",
      "geometry": {
        "type": "Point",
        "coordinates": [
          9.0503369,
          51.2044522
        ]
      },
      "properties": {
        "id": "tk_her_osm_w360267752",
        "name": "Kiosk Lenz, der Imbiss",
        "address": {
          "street": "Güldener Ort",
          "number": "4",
          "postalcode": "34513",
          "city": "Waldeck"
        },
        "sources": [
          {
            "type": "osm",
            "id": "way/360267752",
            "version": 0
          }
        ],
        "created": "2026-05-28",
        "updated": "2026-05-28",
        "sources_by_field": {
          "name": "osm",
          "address.street": "osm",
          "address.number": "osm",
          "address.postalcode": "osm",
          "address.city": "osm"
        },
        "apple_id_attempted": "2026-05-29"
      }
    },
    {
      "type": "Feature",
      "geometry": {
        "type": "Point",
        "coordinates": [
          9.4267874,
          50.8524041
        ]
      },
      "properties": {
        "id": "tk_her_osm_w367107566",
        "name": "MiniCafe",
        "address": {
          "postalcode": "36280",
          "city": "Oberaula",
          "district": "Olberode"
        },
        "sources": [
          {
            "type": "osm",
            "id": "way/367107566",
            "version": 0
          }
        ],
        "created": "2026-05-28",
        "updated": "2026-05-28",
        "tags": [
          "draussen"
        ],
        "sources_by_field": {
          "name": "osm",
          "address.postalcode": "osm",
          "address.city": "osm",
          "address.district": "osm"
        },
        "apple_id_attempted": "2026-05-29"
      }
    },
    {
      "type": "Feature",
      "geometry": {
        "type": "Point",
        "coordinates": [
          8.6982446,
          50.7090678
        ]
      },
      "properties": {
        "id": "tk_her_osm_w370316908",
        "name": "REWE Getränkemarkt",
        "address": {
          "street": "Im Boden",
          "number": "21",
          "postalcode": "35112",
          "city": "Fronhausen"
        },
        "sources": [
          {
            "type": "osm",
            "id": "way/370316908",
            "version": 0
          }
        ],
        "created": "2026-05-28",
        "updated": "2026-05-28",
        "hours": {
          "raw": "Mo-Sa 07:00-22:00"
        },
        "payment": {
          "cash": "yes",
          "cards": "yes",
          "contactless": "unknown",
          "girocard": "unknown"
        },
        "tags": [
          "barrierefrei"
        ],
        "sources_by_field": {
          "name": "osm",
          "address.street": "osm",
          "address.number": "osm",
          "address.postalcode": "osm",
          "address.city": "osm",
          "hours": "osm",
          "payment.cash": "osm",
          "payment.cards": "osm",
          "payment.contactless": "osm",
          "payment.girocard": "osm"
        },
        "apple_id_attempted": "2026-05-29"
      }
    },
    {
      "type": "Feature",
      "geometry": {
        "type": "Point",
        "coordinates": [
          9.6767219,
          50.5610363
        ]
      },
      "properties": {
        "id": "tk_her_osm_w37041692",
        "name": "EDEKA Getränkemarkt",
        "address": {
          "street": "Boyneburgstraße",
          "number": "4",
          "postalcode": "36039",
          "city": "Fulda"
        },
        "sources": [
          {
            "type": "osm",
            "id": "way/37041692",
            "version": 0
          }
        ],
        "created": "2026-05-28",
        "updated": "2026-05-28",
        "hours": {
          "raw": "Mo-Sa 07:00-21:00; PH off"
        },
        "sources_by_field": {
          "name": "osm",
          "address.street": "osm",
          "address.number": "osm",
          "address.postalcode": "osm",
          "address.city": "osm",
          "hours": "osm"
        },
        "apple_id_attempted": "2026-05-29"
      }
    },
    {
      "type": "Feature",
      "geometry": {
        "type": "Point",
        "coordinates": [
          8.7333125,
          49.8286073
        ]
      },
      "properties": {
        "id": "tk_her_osm_w37601828",
        "name": "Logo",
        "address": {
          "street": "Nieder-Ramstädter Straße",
          "number": "85a",
          "postalcode": "64372",
          "city": "Ober-Ramstadt"
        },
        "sources": [
          {
            "type": "osm",
            "id": "way/37601828",
            "version": 0
          }
        ],
        "created": "2026-05-28",
        "updated": "2026-05-28",
        "sources_by_field": {
          "name": "osm",
          "address.street": "osm",
          "address.number": "osm",
          "address.postalcode": "osm",
          "address.city": "osm"
        },
        "apple_id_attempted": "2026-05-29"
      }
    },
    {
      "type": "Feature",
      "geometry": {
        "type": "Point",
        "coordinates": [
          8.8341079,
          49.8363347
        ]
      },
      "properties": {
        "id": "tk_her_osm_w384851420",
        "name": "Fristo",
        "address": {
          "street": "Darmstädter Straße",
          "number": "65d",
          "postalcode": "64354",
          "city": "Reinheim"
        },
        "sources": [
          {
            "type": "osm",
            "id": "way/384851420",
            "version": 0
          }
        ],
        "created": "2026-05-28",
        "updated": "2026-05-28",
        "hours": {
          "raw": "Mo-Sa 08:00-20:00"
        },
        "tags": [
          "barrierefrei"
        ],
        "sources_by_field": {
          "name": "osm",
          "address.street": "osm",
          "address.number": "osm",
          "address.postalcode": "osm",
          "address.city": "osm",
          "hours": "osm"
        },
        "apple_id_attempted": "2026-05-29"
      }
    },
    {
      "type": "Feature",
      "geometry": {
        "type": "Point",
        "coordinates": [
          9.4396011,
          51.1323774
        ]
      },
      "properties": {
        "id": "tk_her_osm_w395670614",
        "name": "Getränke Quelle",
        "address": {
          "street": "Giesenweg",
          "number": "3a",
          "postalcode": "34587",
          "city": "Felsberg",
          "district": "Gensungen"
        },
        "sources": [
          {
            "type": "osm",
            "id": "way/395670614",
            "version": 0
          }
        ],
        "created": "2026-05-28",
        "updated": "2026-05-28",
        "sources_by_field": {
          "name": "osm",
          "address.street": "osm",
          "address.number": "osm",
          "address.postalcode": "osm",
          "address.city": "osm",
          "address.district": "osm"
        },
        "apple_id_attempted": "2026-05-29"
      }
    },
    {
      "type": "Feature",
      "geometry": {
        "type": "Point",
        "coordinates": [
          8.7361035,
          50.8994671
        ]
      },
      "properties": {
        "id": "tk_her_osm_w405361846",
        "name": "Krebs Getränke \"Drive in\"",
        "address": {},
        "sources": [
          {
            "type": "osm",
            "id": "way/405361846",
            "version": 0
          }
        ],
        "created": "2026-05-28",
        "updated": "2026-05-28",
        "sources_by_field": {
          "name": "osm"
        },
        "apple_id_attempted": "2026-05-29"
      }
    },
    {
      "type": "Feature",
      "geometry": {
        "type": "Point",
        "coordinates": [
          8.6248254,
          49.8144274
        ]
      },
      "properties": {
        "id": "tk_her_osm_w41241573",
        "name": "Maruhn Getränkemarkt",
        "address": {
          "street": "Pfungstädter Straße",
          "number": "174",
          "postalcode": "64297",
          "city": "Darmstadt"
        },
        "sources": [
          {
            "type": "osm",
            "id": "way/41241573",
            "version": 0
          },
          {
            "type": "apple",
            "id": "3956029250846235439"
          }
        ],
        "created": "2026-05-28",
        "updated": "2026-05-29",
        "hours": {
          "raw": "Mo-Sa 08:30-19:00"
        },
        "tags": [
          "barrierefrei"
        ],
        "sources_by_field": {
          "name": "osm",
          "address.street": "osm",
          "address.number": "osm",
          "address.postalcode": "osm",
          "address.city": "osm",
          "hours": "apple",
          "payment.cards": "apple",
          "payment.contactless": "apple"
        },
        "payment": {
          "cards": "yes",
          "contactless": "yes"
        },
        "apple_attempted": "2026-05-29"
      }
    },
    {
      "type": "Feature",
      "geometry": {
        "type": "Point",
        "coordinates": [
          9.1485775,
          50.9995183
        ]
      },
      "properties": {
        "id": "tk_her_osm_w42128697",
        "name": "EDEKA Getränkemarkt",
        "address": {
          "street": "Industriestraße",
          "number": "8",
          "postalcode": "34632",
          "city": "Jesberg"
        },
        "sources": [
          {
            "type": "osm",
            "id": "way/42128697",
            "version": 0
          }
        ],
        "created": "2026-05-28",
        "updated": "2026-05-28",
        "sources_by_field": {
          "name": "osm",
          "address.street": "osm",
          "address.number": "osm",
          "address.postalcode": "osm",
          "address.city": "osm"
        },
        "apple_id_attempted": "2026-05-29"
      }
    },
    {
      "type": "Feature",
      "geometry": {
        "type": "Point",
        "coordinates": [
          8.9290703,
          50.8274057
        ]
      },
      "properties": {
        "id": "tk_her_osm_w42748785",
        "name": "REWE Getränkemarkt",
        "address": {
          "street": "Breslauer Straße",
          "number": "20",
          "postalcode": "35274",
          "city": "Kirchhain"
        },
        "sources": [
          {
            "type": "osm",
            "id": "way/42748785",
            "version": 0
          }
        ],
        "created": "2026-05-28",
        "updated": "2026-05-28",
        "hours": {
          "raw": "Mo-Sa 08:00-20:00"
        },
        "payment": {
          "cash": "yes",
          "cards": "unknown",
          "contactless": "unknown",
          "girocard": "unknown"
        },
        "sources_by_field": {
          "name": "osm",
          "address.street": "osm",
          "address.number": "osm",
          "address.postalcode": "osm",
          "address.city": "osm",
          "hours": "osm",
          "payment.cash": "osm",
          "payment.cards": "osm",
          "payment.contactless": "osm",
          "payment.girocard": "osm"
        },
        "apple_id_attempted": "2026-05-29"
      }
    },
    {
      "type": "Feature",
      "geometry": {
        "type": "Point",
        "coordinates": [
          9.4358071,
          51.1289861
        ]
      },
      "properties": {
        "id": "tk_her_osm_w430625225",
        "name": "Edeka Getränkemarkt Stieglitz",
        "address": {
          "street": "Bahnhofstraße",
          "number": "4",
          "postalcode": "34587",
          "city": "Felsberg",
          "district": "Gensungen"
        },
        "sources": [
          {
            "type": "osm",
            "id": "way/430625225",
            "version": 0
          },
          {
            "type": "apple",
            "id": "6937008837401374603"
          }
        ],
        "created": "2026-05-28",
        "updated": "2026-05-29",
        "hours": {
          "raw": "Mo-Sa 07:00-20:00"
        },
        "sources_by_field": {
          "name": "osm",
          "address.street": "osm",
          "address.number": "osm",
          "address.postalcode": "osm",
          "address.city": "osm",
          "address.district": "osm",
          "hours": "apple",
          "payment.cards": "apple",
          "payment.contactless": "apple"
        },
        "payment": {
          "cards": "yes",
          "contactless": "yes"
        },
        "apple_attempted": "2026-05-29"
      }
    },
    {
      "type": "Feature",
      "geometry": {
        "type": "Point",
        "coordinates": [
          9.124135,
          51.1172279
        ]
      },
      "properties": {
        "id": "tk_her_osm_w439464229",
        "name": "ESSO Bad Wildungen",
        "address": {
          "street": "Odershäuser Straße",
          "number": "2b",
          "postalcode": "34537",
          "city": "Bad Wildungen"
        },
        "sources": [
          {
            "type": "osm",
            "id": "way/439464229",
            "version": 0
          },
          {
            "type": "apple",
            "id": "2404790978761609308"
          }
        ],
        "created": "2026-05-28",
        "updated": "2026-05-29",
        "hours": {
          "raw": "Mo-Fr 06:00-22:00; Sa-Su 07:30-22:00"
        },
        "sources_by_field": {
          "name": "osm",
          "address.street": "osm",
          "address.number": "osm",
          "address.postalcode": "osm",
          "address.city": "osm",
          "hours": "apple",
          "payment.cards": "apple",
          "payment.contactless": "apple"
        },
        "payment": {
          "cards": "yes",
          "contactless": "yes"
        },
        "apple_attempted": "2026-05-29"
      }
    },
    {
      "type": "Feature",
      "geometry": {
        "type": "Point",
        "coordinates": [
          8.3378217,
          50.7003275
        ]
      },
      "properties": {
        "id": "tk_her_osm_w442896109",
        "name": "Aral Tankstelle Berns OHG",
        "address": {
          "street": "Marburger Straße",
          "number": "10a",
          "postalcode": "35745",
          "city": "Herborn",
          "district": "Seelbach"
        },
        "sources": [
          {
            "type": "osm",
            "id": "way/442896109",
            "version": 0
          }
        ],
        "created": "2026-05-28",
        "updated": "2026-05-28",
        "hours": {
          "raw": "Mo-Fr 06:00-20:00; Sa 07:30-20:00; Su 08:30-20:00"
        },
        "tags": [
          "barrierefrei"
        ],
        "sources_by_field": {
          "name": "osm",
          "address.street": "osm",
          "address.number": "osm",
          "address.postalcode": "osm",
          "address.city": "osm",
          "address.district": "osm",
          "hours": "osm"
        },
        "apple_id_attempted": "2026-05-29"
      }
    },
    {
      "type": "Feature",
      "geometry": {
        "type": "Point",
        "coordinates": [
          8.2238244,
          50.6637588
        ]
      },
      "properties": {
        "id": "tk_her_osm_w446957066",
        "name": "Kiosk Familienbad Schönbach",
        "address": {
          "street": "Auf dem Bruch",
          "number": "1",
          "postalcode": "35745",
          "city": "Herborn"
        },
        "sources": [
          {
            "type": "osm",
            "id": "way/446957066",
            "version": 0
          }
        ],
        "created": "2026-05-28",
        "updated": "2026-05-28",
        "payment": {
          "cash": "yes",
          "cards": "unknown",
          "contactless": "unknown",
          "girocard": "unknown"
        },
        "sources_by_field": {
          "name": "osm",
          "address.street": "osm",
          "address.number": "osm",
          "address.postalcode": "osm",
          "address.city": "osm",
          "payment.cash": "osm",
          "payment.cards": "osm",
          "payment.contactless": "osm",
          "payment.girocard": "osm"
        },
        "apple_id_attempted": "2026-05-29"
      }
    },
    {
      "type": "Feature",
      "geometry": {
        "type": "Point",
        "coordinates": [
          9.7348519,
          50.5285709
        ]
      },
      "properties": {
        "id": "tk_her_osm_w447668726",
        "name": "REWE Getränkemarkt",
        "address": {
          "street": "Am Frankengrund",
          "number": "9",
          "postalcode": "36093",
          "city": "Künzell"
        },
        "sources": [
          {
            "type": "osm",
            "id": "way/447668726",
            "version": 0
          }
        ],
        "created": "2026-05-28",
        "updated": "2026-05-28",
        "hours": {
          "raw": "Mo-Sa 07:00-21:00"
        },
        "tags": [
          "barrierefrei"
        ],
        "sources_by_field": {
          "name": "osm",
          "address.street": "osm",
          "address.number": "osm",
          "address.postalcode": "osm",
          "address.city": "osm",
          "hours": "osm"
        },
        "apple_id_attempted": "2026-05-29"
      }
    },
    {
      "type": "Feature",
      "geometry": {
        "type": "Point",
        "coordinates": [
          8.8479122,
          49.7087615
        ]
      },
      "properties": {
        "id": "tk_her_osm_w485601037",
        "name": "Fristo",
        "address": {
          "street": "Bahnhofstraße",
          "number": "28",
          "postalcode": "64385",
          "city": "Reichelsheim (Odenwald)"
        },
        "sources": [
          {
            "type": "osm",
            "id": "way/485601037",
            "version": 0
          }
        ],
        "created": "2026-05-28",
        "updated": "2026-05-28",
        "hours": {
          "raw": "Mo-Fr 08:00-20:00; Sa 08:00-20:00"
        },
        "tags": [
          "barrierefrei"
        ],
        "sources_by_field": {
          "name": "osm",
          "address.street": "osm",
          "address.number": "osm",
          "address.postalcode": "osm",
          "address.city": "osm",
          "hours": "osm"
        },
        "apple_id_attempted": "2026-05-29"
      }
    },
    {
      "type": "Feature",
      "geometry": {
        "type": "Point",
        "coordinates": [
          9.461826,
          50.8551506
        ]
      },
      "properties": {
        "id": "tk_her_osm_w516163527",
        "name": "REWE Getränke",
        "address": {
          "street": "Schwimmbadstraße",
          "number": "3"
        },
        "sources": [
          {
            "type": "osm",
            "id": "way/516163527",
            "version": 0
          }
        ],
        "created": "2026-05-28",
        "updated": "2026-05-28",
        "hours": {
          "raw": "Mo-Sa 07:00-21:00"
        },
        "tags": [
          "barrierefrei"
        ],
        "sources_by_field": {
          "name": "osm",
          "address.street": "osm",
          "address.number": "osm",
          "hours": "osm"
        },
        "apple_id_attempted": "2026-05-29"
      }
    },
    {
      "type": "Feature",
      "geometry": {
        "type": "Point",
        "coordinates": [
          9.7164003,
          50.8700766
        ]
      },
      "properties": {
        "id": "tk_her_osm_w529924916",
        "name": "BahnhofShop",
        "address": {},
        "sources": [
          {
            "type": "osm",
            "id": "way/529924916",
            "version": 0
          },
          {
            "type": "apple",
            "id": "7519597863189923741"
          }
        ],
        "created": "2026-05-28",
        "updated": "2026-05-29",
        "hours": {
          "raw": "Mo-Fr 06:00-17:30; Sa 07:00-13:00"
        },
        "sources_by_field": {
          "name": "osm",
          "hours": "apple",
          "payment.cards": "apple",
          "payment.contactless": "apple"
        },
        "payment": {
          "cards": "yes",
          "contactless": "yes"
        },
        "apple_attempted": "2026-05-29"
      }
    },
    {
      "type": "Feature",
      "geometry": {
        "type": "Point",
        "coordinates": [
          8.6392681,
          50.6196826
        ]
      },
      "properties": {
        "id": "tk_her_osm_w541015557",
        "name": "ICE Getränkewelt 2000",
        "address": {
          "street": "Wetzlarer Straße",
          "number": "41 A",
          "postalcode": "35435",
          "city": "Wettenberg",
          "district": "Krofdorf-Gleiberg"
        },
        "sources": [
          {
            "type": "osm",
            "id": "way/541015557",
            "version": 0
          },
          {
            "type": "apple",
            "id": "7554598272468666967"
          }
        ],
        "created": "2026-05-28",
        "updated": "2026-05-28",
        "hours": {
          "raw": "Mo-Fr 09:00-19:00, Sa 08:00-14:00"
        },
        "sources_by_field": {
          "name": "osm",
          "address.street": "osm",
          "address.number": "osm",
          "address.postalcode": "osm",
          "address.city": "osm",
          "address.district": "osm",
          "hours": "osm"
        },
        "apple_attempted": "2026-05-29"
      }
    },
    {
      "type": "Feature",
      "geometry": {
        "type": "Point",
        "coordinates": [
          8.8614537,
          50.8165088
        ]
      },
      "properties": {
        "id": "tk_her_osm_w557315582",
        "name": "Ökokiste",
        "address": {},
        "sources": [
          {
            "type": "osm",
            "id": "way/557315582",
            "version": 0
          }
        ],
        "created": "2026-05-28",
        "updated": "2026-05-28",
        "sources_by_field": {
          "name": "osm"
        },
        "apple_id_attempted": "2026-05-29"
      }
    },
    {
      "type": "Feature",
      "geometry": {
        "type": "Point",
        "coordinates": [
          8.7278326,
          50.6576791
        ]
      },
      "properties": {
        "id": "tk_her_osm_w55943989",
        "name": "Getränke Wack",
        "address": {
          "street": "Am Schiffenweg",
          "number": "15",
          "postalcode": "35460",
          "city": "Staufenberg"
        },
        "sources": [
          {
            "type": "osm",
            "id": "way/55943989",
            "version": 0
          },
          {
            "type": "apple",
            "id": "16733103836973542"
          }
        ],
        "created": "2026-05-28",
        "updated": "2026-05-29",
        "tags": [
          "barrierefrei"
        ],
        "sources_by_field": {
          "name": "osm",
          "address.street": "osm",
          "address.number": "osm",
          "address.postalcode": "osm",
          "address.city": "osm",
          "hours": "apple"
        },
        "hours": {
          "raw": "Mo-Fr 09:00-18:00; Sa 09:00-15:00"
        },
        "apple_attempted": "2026-05-29"
      }
    },
    {
      "type": "Feature",
      "geometry": {
        "type": "Point",
        "coordinates": [
          9.6914408,
          50.5454087
        ]
      },
      "properties": {
        "id": "tk_her_osm_w575988230",
        "name": "logo Getränke-Fachmarkt",
        "address": {
          "street": "Heidelsteinstraße",
          "number": "2a",
          "postalcode": "36043",
          "city": "Fulda"
        },
        "sources": [
          {
            "type": "osm",
            "id": "way/575988230",
            "version": 0
          }
        ],
        "created": "2026-05-28",
        "updated": "2026-05-28",
        "hours": {
          "raw": "Mo-Sa 08:00-20:00"
        },
        "sources_by_field": {
          "name": "osm",
          "address.street": "osm",
          "address.number": "osm",
          "address.postalcode": "osm",
          "address.city": "osm",
          "hours": "osm"
        },
        "apple_id_attempted": "2026-05-29"
      }
    },
    {
      "type": "Feature",
      "geometry": {
        "type": "Point",
        "coordinates": [
          8.6878853,
          49.8203131
        ]
      },
      "properties": {
        "id": "tk_her_osm_w58214111",
        "name": "Getränke Hnyk",
        "address": {
          "street": "Rheinstraße",
          "number": "44",
          "postalcode": "64367",
          "city": "Mühltal",
          "district": "Nieder-Ramstadt"
        },
        "sources": [
          {
            "type": "osm",
            "id": "way/58214111",
            "version": 0
          },
          {
            "type": "apple",
            "id": "16535735898628538106"
          }
        ],
        "created": "2026-05-28",
        "updated": "2026-05-28",
        "hours": {
          "raw": "Mo-Sa 09:00-19:00"
        },
        "payment": {
          "cash": "unknown",
          "cards": "yes",
          "contactless": "unknown",
          "girocard": "unknown"
        },
        "sources_by_field": {
          "name": "osm",
          "address.street": "osm",
          "address.number": "osm",
          "address.postalcode": "osm",
          "address.city": "osm",
          "address.district": "osm",
          "hours": "osm",
          "payment.cash": "osm",
          "payment.cards": "osm",
          "payment.contactless": "osm",
          "payment.girocard": "osm"
        }
      }
    },
    {
      "type": "Feature",
      "geometry": {
        "type": "Point",
        "coordinates": [
          8.4659766,
          50.8386988
        ]
      },
      "properties": {
        "id": "tk_her_osm_w582878093",
        "name": "REWE Getränkemarkt",
        "address": {
          "street": "Bauhofstraße",
          "number": "3",
          "postalcode": "35239",
          "city": "Steffenberg",
          "district": "Niedereisenhausen"
        },
        "sources": [
          {
            "type": "osm",
            "id": "way/582878093",
            "version": 0
          }
        ],
        "created": "2026-05-28",
        "updated": "2026-05-28",
        "sources_by_field": {
          "name": "osm",
          "address.street": "osm",
          "address.number": "osm",
          "address.postalcode": "osm",
          "address.city": "osm",
          "address.district": "osm"
        },
        "apple_id_attempted": "2026-05-29"
      }
    },
    {
      "type": "Feature",
      "geometry": {
        "type": "Point",
        "coordinates": [
          8.7799624,
          50.6695805
        ]
      },
      "properties": {
        "id": "tk_her_osm_w58646348",
        "name": "Quell 2000",
        "address": {
          "street": "Buchwaldstraße",
          "number": "4",
          "postalcode": "35460",
          "city": "Staufenberg",
          "district": "Treis"
        },
        "sources": [
          {
            "type": "osm",
            "id": "way/58646348",
            "version": 0
          }
        ],
        "created": "2026-05-28",
        "updated": "2026-05-28",
        "sources_by_field": {
          "name": "osm",
          "address.street": "osm",
          "address.number": "osm",
          "address.postalcode": "osm",
          "address.city": "osm",
          "address.district": "osm"
        },
        "apple_id_attempted": "2026-05-29"
      }
    },
    {
      "type": "Feature",
      "geometry": {
        "type": "Point",
        "coordinates": [
          8.2884431,
          50.7666895
        ]
      },
      "properties": {
        "id": "tk_her_osm_w603754354",
        "name": "REWE Getränkemarkt",
        "address": {},
        "sources": [
          {
            "type": "osm",
            "id": "way/603754354",
            "version": 0
          }
        ],
        "created": "2026-05-28",
        "updated": "2026-05-28",
        "hours": {
          "raw": "Mo-Sa 07:00-22:00; PH off"
        },
        "sources_by_field": {
          "name": "osm",
          "hours": "osm"
        },
        "apple_id_attempted": "2026-05-29"
      }
    },
    {
      "type": "Feature",
      "geometry": {
        "type": "Point",
        "coordinates": [
          10.0142191,
          50.8926874
        ]
      },
      "properties": {
        "id": "tk_her_osm_w60995756",
        "name": "logo Getränke-Fachmarkt",
        "address": {
          "street": "Im Langen Roth",
          "number": "1",
          "postalcode": "36266",
          "city": "Heringen"
        },
        "sources": [
          {
            "type": "osm",
            "id": "way/60995756",
            "version": 0
          }
        ],
        "created": "2026-05-28",
        "updated": "2026-05-28",
        "hours": {
          "raw": "Mo-Sa 08:00-20:00; PH,Su closed"
        },
        "tags": [
          "barrierefrei"
        ],
        "sources_by_field": {
          "name": "osm",
          "address.street": "osm",
          "address.number": "osm",
          "address.postalcode": "osm",
          "address.city": "osm",
          "hours": "osm"
        },
        "apple_id_attempted": "2026-05-29"
      }
    },
    {
      "type": "Feature",
      "geometry": {
        "type": "Point",
        "coordinates": [
          8.1895403,
          50.684702
        ]
      },
      "properties": {
        "id": "tk_her_osm_w610268304",
        "name": "REWE",
        "address": {},
        "sources": [
          {
            "type": "osm",
            "id": "way/610268304",
            "version": 0
          }
        ],
        "created": "2026-05-28",
        "updated": "2026-05-28",
        "hours": {
          "raw": "May-Sep Mo-Tu 12:00-18:00; May-Sep We-Fr 09:00-18:00; May-Sep Sa 08:00-14:00; Oct-Apr Mo-Th 12:00-18:00; Oct-Apr Fr 09:00-18:00; Oct-Apr Sa 08:00-14:00; Su,PH off"
        },
        "payment": {
          "cash": "yes",
          "cards": "unknown",
          "contactless": "unknown",
          "girocard": "yes"
        },
        "tags": [
          "barrierefrei"
        ],
        "sources_by_field": {
          "name": "osm",
          "hours": "osm",
          "payment.cash": "osm",
          "payment.cards": "osm",
          "payment.contactless": "osm",
          "payment.girocard": "osm"
        },
        "apple_id_attempted": "2026-05-29"
      }
    },
    {
      "type": "Feature",
      "geometry": {
        "type": "Point",
        "coordinates": [
          9.0113956,
          50.8120554
        ]
      },
      "properties": {
        "id": "tk_her_osm_w62128817",
        "name": "T-Port Süd",
        "address": {
          "street": "Niederkleiner Straße",
          "number": "55",
          "postalcode": "35260",
          "city": "Stadtallendorf"
        },
        "sources": [
          {
            "type": "osm",
            "id": "way/62128817",
            "version": 0
          },
          {
            "type": "apple",
            "id": "53855014234613449"
          }
        ],
        "created": "2026-05-28",
        "updated": "2026-05-29",
        "tags": [
          "barrierefrei"
        ],
        "sources_by_field": {
          "name": "osm",
          "address.street": "osm",
          "address.number": "osm",
          "address.postalcode": "osm",
          "address.city": "osm",
          "payment.cards": "apple",
          "payment.contactless": "apple",
          "hours": "apple"
        },
        "payment": {
          "cards": "yes",
          "contactless": "yes"
        },
        "hours": {
          "raw": "Mo-Su 00:00-24:00"
        },
        "apple_attempted": "2026-05-29"
      }
    },
    {
      "type": "Feature",
      "geometry": {
        "type": "Point",
        "coordinates": [
          8.880058,
          51.2671927
        ]
      },
      "properties": {
        "id": "tk_her_osm_w646247975",
        "name": "EDEKA Getränkemarkt",
        "address": {
          "street": "Frankenberger Landstraße",
          "number": "3",
          "postalcode": "34497",
          "city": "Korbach"
        },
        "sources": [
          {
            "type": "osm",
            "id": "way/646247975",
            "version": 0
          }
        ],
        "created": "2026-05-28",
        "updated": "2026-05-28",
        "hours": {
          "raw": "Mo-Sa 08:00-20:00"
        },
        "payment": {
          "cash": "yes",
          "cards": "unknown",
          "contactless": "unknown",
          "girocard": "yes"
        },
        "sources_by_field": {
          "name": "osm",
          "address.street": "osm",
          "address.number": "osm",
          "address.postalcode": "osm",
          "address.city": "osm",
          "hours": "osm",
          "payment.cash": "osm",
          "payment.cards": "osm",
          "payment.contactless": "osm",
          "payment.girocard": "osm"
        },
        "apple_id_attempted": "2026-05-29"
      }
    },
    {
      "type": "Feature",
      "geometry": {
        "type": "Point",
        "coordinates": [
          9.150975,
          51.1250945
        ]
      },
      "properties": {
        "id": "tk_her_osm_w661477096",
        "name": "Getränke Steinmetz",
        "address": {
          "street": "Am Bruch",
          "number": "6",
          "postalcode": "34537",
          "city": "Bad Wildungen"
        },
        "sources": [
          {
            "type": "osm",
            "id": "way/661477096",
            "version": 0
          }
        ],
        "created": "2026-05-28",
        "updated": "2026-05-28",
        "payment": {
          "cash": "yes",
          "cards": "yes",
          "contactless": "unknown",
          "girocard": "unknown"
        },
        "sources_by_field": {
          "name": "osm",
          "address.street": "osm",
          "address.number": "osm",
          "address.postalcode": "osm",
          "address.city": "osm",
          "payment.cash": "osm",
          "payment.cards": "osm",
          "payment.contactless": "osm",
          "payment.girocard": "osm"
        },
        "apple_id_attempted": "2026-05-29"
      }
    },
    {
      "type": "Feature",
      "geometry": {
        "type": "Point",
        "coordinates": [
          8.8862666,
          51.2764239
        ]
      },
      "properties": {
        "id": "tk_her_osm_w686607122",
        "name": "Logo",
        "address": {
          "street": "Strother Straße",
          "number": "43",
          "postalcode": "34497",
          "city": "Korbach"
        },
        "sources": [
          {
            "type": "osm",
            "id": "way/686607122",
            "version": 0
          }
        ],
        "created": "2026-05-28",
        "updated": "2026-05-28",
        "tags": [
          "barrierefrei"
        ],
        "sources_by_field": {
          "name": "osm",
          "address.street": "osm",
          "address.number": "osm",
          "address.postalcode": "osm",
          "address.city": "osm"
        },
        "apple_id_attempted": "2026-05-29"
      }
    },
    {
      "type": "Feature",
      "geometry": {
        "type": "Point",
        "coordinates": [
          9.9328398,
          51.0126301
        ]
      },
      "properties": {
        "id": "tk_her_osm_w697207528",
        "name": "Edeka",
        "address": {},
        "sources": [
          {
            "type": "osm",
            "id": "way/697207528",
            "version": 0
          }
        ],
        "created": "2026-05-28",
        "updated": "2026-05-28",
        "sources_by_field": {
          "name": "osm"
        },
        "apple_id_attempted": "2026-05-29"
      }
    },
    {
      "type": "Feature",
      "geometry": {
        "type": "Point",
        "coordinates": [
          9.1317702,
          51.119044
        ]
      },
      "properties": {
        "id": "tk_her_osm_w708417005",
        "name": "logo Getränke-Fachmarkt",
        "address": {
          "street": "Itzelstraße",
          "number": "32",
          "postalcode": "34537",
          "city": "Bad Wildungen"
        },
        "sources": [
          {
            "type": "osm",
            "id": "way/708417005",
            "version": 0
          }
        ],
        "created": "2026-05-28",
        "updated": "2026-05-28",
        "hours": {
          "raw": "Mo-Fr 08:30-19:00; Sa 08:00-18:00"
        },
        "tags": [
          "barrierefrei"
        ],
        "sources_by_field": {
          "name": "osm",
          "address.street": "osm",
          "address.number": "osm",
          "address.postalcode": "osm",
          "address.city": "osm",
          "hours": "osm"
        },
        "apple_id_attempted": "2026-05-29"
      }
    },
    {
      "type": "Feature",
      "geometry": {
        "type": "Point",
        "coordinates": [
          9.0125488,
          51.2418059
        ]
      },
      "properties": {
        "id": "tk_her_osm_w750934237",
        "name": "logo Getränke-Fachmarkt",
        "address": {
          "street": "Wildunger Straße",
          "number": "30a",
          "postalcode": "34513",
          "city": "Waldeck",
          "district": "Sachsenhausen"
        },
        "sources": [
          {
            "type": "osm",
            "id": "way/750934237",
            "version": 0
          }
        ],
        "created": "2026-05-28",
        "updated": "2026-05-28",
        "sources_by_field": {
          "name": "osm",
          "address.street": "osm",
          "address.number": "osm",
          "address.postalcode": "osm",
          "address.city": "osm",
          "address.district": "osm"
        },
        "apple_id_attempted": "2026-05-29"
      }
    },
    {
      "type": "Feature",
      "geometry": {
        "type": "Point",
        "coordinates": [
          9.7399776,
          50.8102661
        ]
      },
      "properties": {
        "id": "tk_her_osm_w75802477",
        "name": "Barthels Saftladen",
        "address": {
          "street": "Zur Mosterei",
          "number": "15",
          "postalcode": "36282",
          "city": "Hauneck",
          "district": "Eitra"
        },
        "sources": [
          {
            "type": "osm",
            "id": "way/75802477",
            "version": 0
          }
        ],
        "created": "2026-05-28",
        "updated": "2026-05-28",
        "sources_by_field": {
          "name": "osm",
          "address.street": "osm",
          "address.number": "osm",
          "address.postalcode": "osm",
          "address.city": "osm",
          "address.district": "osm"
        },
        "apple_id_attempted": "2026-05-29"
      }
    },
    {
      "type": "Feature",
      "geometry": {
        "type": "Point",
        "coordinates": [
          9.273585,
          51.1379525
        ]
      },
      "properties": {
        "id": "tk_her_osm_w770031680",
        "name": "Herkules Getränkemarkt",
        "address": {
          "street": "Wolfhager Straße",
          "postalcode": "34560",
          "city": "Fritzlar"
        },
        "sources": [
          {
            "type": "osm",
            "id": "way/770031680",
            "version": 0
          }
        ],
        "created": "2026-05-28",
        "updated": "2026-05-28",
        "hours": {
          "raw": "Mo-Sa 08:00-20:00"
        },
        "tags": [
          "barrierefrei"
        ],
        "sources_by_field": {
          "name": "osm",
          "address.street": "osm",
          "address.postalcode": "osm",
          "address.city": "osm",
          "hours": "osm"
        },
        "apple_id_attempted": "2026-05-29"
      }
    },
    {
      "type": "Feature",
      "geometry": {
        "type": "Point",
        "coordinates": [
          9.4282938,
          51.1342103
        ]
      },
      "properties": {
        "id": "tk_her_osm_w814309085",
        "name": "REWE Getränkemarkt",
        "address": {},
        "sources": [
          {
            "type": "osm",
            "id": "way/814309085",
            "version": 0
          }
        ],
        "created": "2026-05-28",
        "updated": "2026-05-28",
        "hours": {
          "raw": "Mo-Sa 08:00-21:00; PH Su off"
        },
        "tags": [
          "barrierefrei"
        ],
        "sources_by_field": {
          "name": "osm",
          "hours": "osm"
        },
        "apple_id_attempted": "2026-05-29"
      }
    },
    {
      "type": "Feature",
      "geometry": {
        "type": "Point",
        "coordinates": [
          10.0218654,
          50.9545504
        ]
      },
      "properties": {
        "id": "tk_her_osm_w85613628",
        "name": "EDEKA",
        "address": {
          "street": "Zum Dönges",
          "number": "4",
          "postalcode": "36208",
          "city": "Wildeck",
          "district": "Obersuhl"
        },
        "sources": [
          {
            "type": "osm",
            "id": "way/85613628",
            "version": 0
          }
        ],
        "created": "2026-05-28",
        "updated": "2026-05-28",
        "hours": {
          "raw": "Mo-Sa 08:00-20:00; PH off"
        },
        "tags": [
          "barrierefrei"
        ],
        "sources_by_field": {
          "name": "osm",
          "address.street": "osm",
          "address.number": "osm",
          "address.postalcode": "osm",
          "address.city": "osm",
          "address.district": "osm",
          "hours": "osm"
        },
        "apple_id_attempted": "2026-05-29"
      }
    },
    {
      "type": "Feature",
      "geometry": {
        "type": "Point",
        "coordinates": [
          9.6038136,
          51.492357
        ]
      },
      "properties": {
        "id": "tk_her_osm_w87916022",
        "name": "Gerth's Fruchtsäfte",
        "address": {
          "street": "Burgstraße",
          "number": "20",
          "postalcode": "34359",
          "city": "Reinhardshagen"
        },
        "sources": [
          {
            "type": "osm",
            "id": "way/87916022",
            "version": 0
          },
          {
            "type": "apple",
            "id": "13722443972727886633"
          }
        ],
        "created": "2026-05-28",
        "updated": "2026-05-29",
        "hours": {
          "raw": "Mo-Tu,Th-Fr 08:00-18:00; Sa 08:00-13:00"
        },
        "tags": [
          "barrierefrei"
        ],
        "sources_by_field": {
          "name": "osm",
          "address.street": "osm",
          "address.number": "osm",
          "address.postalcode": "osm",
          "address.city": "osm",
          "hours": "apple",
          "payment.cards": "apple",
          "payment.contactless": "apple"
        },
        "payment": {
          "cards": "yes",
          "contactless": "yes"
        },
        "apple_attempted": "2026-05-29"
      }
    },
    {
      "type": "Feature",
      "geometry": {
        "type": "Point",
        "coordinates": [
          8.6463382,
          49.8113636
        ]
      },
      "properties": {
        "id": "tk_her_osm_w89817134",
        "name": "Kiosk am Friedhof",
        "address": {},
        "sources": [
          {
            "type": "osm",
            "id": "way/89817134",
            "version": 0
          }
        ],
        "created": "2026-05-28",
        "updated": "2026-05-28",
        "sources_by_field": {
          "name": "osm"
        },
        "apple_id_attempted": "2026-05-29"
      }
    },
    {
      "type": "Feature",
      "geometry": {
        "type": "Point",
        "coordinates": [
          9.6169765,
          50.3157139
        ]
      },
      "properties": {
        "id": "tk_her_osm_w906269198",
        "name": "Rewe Getränkemarkt",
        "address": {},
        "sources": [
          {
            "type": "osm",
            "id": "way/906269198",
            "version": 0
          }
        ],
        "created": "2026-05-28",
        "updated": "2026-05-28",
        "hours": {
          "raw": "Mo-Sa 08:00-21:00"
        },
        "tags": [
          "barrierefrei"
        ],
        "sources_by_field": {
          "name": "osm",
          "hours": "osm"
        },
        "apple_id_attempted": "2026-05-29"
      }
    },
    {
      "type": "Feature",
      "geometry": {
        "type": "Point",
        "coordinates": [
          9.2764487,
          51.0527283
        ]
      },
      "properties": {
        "id": "tk_her_osm_w91859006",
        "name": "Getränke Mach",
        "address": {
          "street": "Gombether Straße",
          "number": "9",
          "postalcode": "34582",
          "city": "Borken"
        },
        "sources": [
          {
            "type": "osm",
            "id": "way/91859006",
            "version": 0
          }
        ],
        "created": "2026-05-28",
        "updated": "2026-05-28",
        "hours": {
          "raw": "Mo-Fr 08:00-17:00; Sa 08:00-13:00; Su off"
        },
        "sources_by_field": {
          "name": "osm",
          "address.street": "osm",
          "address.number": "osm",
          "address.postalcode": "osm",
          "address.city": "osm",
          "hours": "osm"
        },
        "apple_id_attempted": "2026-05-29"
      }
    },
    {
      "type": "Feature",
      "geometry": {
        "type": "Point",
        "coordinates": [
          9.2797212,
          51.0463459
        ]
      },
      "properties": {
        "id": "tk_her_osm_w92144987",
        "name": "EDEKA Getränkemarkt",
        "address": {
          "street": "Bahnhofstraße",
          "number": "36",
          "postalcode": "34582",
          "city": "Borken (Hessen)"
        },
        "sources": [
          {
            "type": "osm",
            "id": "way/92144987",
            "version": 0
          }
        ],
        "created": "2026-05-28",
        "updated": "2026-05-28",
        "sources_by_field": {
          "name": "osm",
          "address.street": "osm",
          "address.number": "osm",
          "address.postalcode": "osm",
          "address.city": "osm"
        },
        "apple_id_attempted": "2026-05-29"
      }
    },
    {
      "type": "Feature",
      "geometry": {
        "type": "Point",
        "coordinates": [
          9.5438484,
          50.5811324
        ]
      },
      "properties": {
        "id": "tk_her_osm_w935732675",
        "name": "Logo",
        "address": {
          "street": "An der Aspe",
          "number": "4",
          "postalcode": "36137",
          "city": "Großenlüder"
        },
        "sources": [
          {
            "type": "osm",
            "id": "way/935732675",
            "version": 0
          }
        ],
        "created": "2026-05-28",
        "updated": "2026-05-28",
        "hours": {
          "raw": "Mo-Fr 08:30-19:00, Sa 08:30-18:00"
        },
        "tags": [
          "barrierefrei"
        ],
        "sources_by_field": {
          "name": "osm",
          "address.street": "osm",
          "address.number": "osm",
          "address.postalcode": "osm",
          "address.city": "osm",
          "hours": "osm"
        },
        "apple_id_attempted": "2026-05-29"
      }
    },
    {
      "type": "Feature",
      "geometry": {
        "type": "Point",
        "coordinates": [
          9.6529158,
          51.1156297
        ]
      },
      "properties": {
        "id": "tk_her_osm_w93954844",
        "name": "Edeka Getränkemarkt",
        "address": {
          "street": "Melsunger Straße",
          "number": "28",
          "postalcode": "34286",
          "city": "Spangenberg"
        },
        "sources": [
          {
            "type": "osm",
            "id": "way/93954844",
            "version": 0
          }
        ],
        "created": "2026-05-28",
        "updated": "2026-05-28",
        "hours": {
          "raw": "Mo-Sa 08:00-20:00"
        },
        "sources_by_field": {
          "name": "osm",
          "address.street": "osm",
          "address.number": "osm",
          "address.postalcode": "osm",
          "address.city": "osm",
          "hours": "osm"
        },
        "apple_id_attempted": "2026-05-29"
      }
    },
    {
      "type": "Feature",
      "geometry": {
        "type": "Point",
        "coordinates": [
          9.6634266,
          51.0477149
        ]
      },
      "properties": {
        "id": "tk_her_osm_w95204210",
        "name": "Edeka Getränkemarkt",
        "address": {
          "street": "Nürnberger Straße",
          "number": "18",
          "postalcode": "36211",
          "city": "Alheim",
          "district": "Heinebach"
        },
        "sources": [
          {
            "type": "osm",
            "id": "way/95204210",
            "version": 0
          }
        ],
        "created": "2026-05-28",
        "updated": "2026-05-28",
        "sources_by_field": {
          "name": "osm",
          "address.street": "osm",
          "address.number": "osm",
          "address.postalcode": "osm",
          "address.city": "osm",
          "address.district": "osm"
        },
        "apple_id_attempted": "2026-05-29"
      }
    },
    {
      "type": "Feature",
      "geometry": {
        "type": "Point",
        "coordinates": [
          8.8307326,
          50.6791304
        ]
      },
      "properties": {
        "id": "tk_her_osm_w95464459",
        "name": "Gerold Franz Getränkegroßhandel",
        "address": {
          "street": "Am Kreuzweg",
          "number": "5",
          "postalcode": "35469",
          "city": "Allendorf (Lumda)"
        },
        "sources": [
          {
            "type": "osm",
            "id": "way/95464459",
            "version": 0
          }
        ],
        "created": "2026-05-28",
        "updated": "2026-05-28",
        "sources_by_field": {
          "name": "osm",
          "address.street": "osm",
          "address.number": "osm",
          "address.postalcode": "osm",
          "address.city": "osm"
        },
        "apple_id_attempted": "2026-05-29"
      }
    },
    {
      "type": "Feature",
      "geometry": {
        "type": "Point",
        "coordinates": [
          9.4480026,
          50.62605
        ]
      },
      "properties": {
        "id": "tk_her_osm_w99483914",
        "name": "logo Getränke-Fachmarkt",
        "address": {
          "street": "Landenhäuser Straße",
          "number": "20",
          "postalcode": "36367",
          "city": "Wartenberg"
        },
        "sources": [
          {
            "type": "osm",
            "id": "way/99483914",
            "version": 0
          }
        ],
        "created": "2026-05-28",
        "updated": "2026-05-28",
        "sources_by_field": {
          "name": "osm",
          "address.street": "osm",
          "address.number": "osm",
          "address.postalcode": "osm",
          "address.city": "osm"
        },
        "apple_id_attempted": "2026-05-29"
      }
    }
  ]
}
