{
  "type": "FeatureCollection",
  "features": [
    {
      "type": "Feature",
      "geometry": {
        "type": "Point",
        "coordinates": [
          8.629404,
          50.101469
        ]
      },
      "properties": {
        "id": "tk_fr_0001",
        "name": "Kayo am Rebstock",
        "description": "Wasserhäuschen mit Außentheke und Innenraum. Außen einige Stehtische, innen Bar, Spielautomaten und Toiletten. Oftmals finden hier Abends auch Parties statt. Eher getränkelastiges Sortiment.",
        "address": {
          "street": "Mainzer Landstraße",
          "number": "403",
          "postalcode": "60326",
          "city": "Frankfurt am Main",
          "district": "Gallus"
        },
        "hours": {
          "raw": "Mo-Su 09:00-01:00"
        },
        "tags": [
          "kuchen",
          "innenraum",
          "wc",
          "snacks",
          "schnaps",
          "sitzgelegenheiten",
          "ueberdacht",
          "applewoi",
          "mate",
          "musik",
          "sonne",
          "stehtisch",
          "flair"
        ],
        "sources": [
          {
            "type": "hopfenstop",
            "id": "54fb3b23-e5d3-44da-ab29-38a093bd3002"
          }
        ],
        "created": "2026-05-19",
        "updated": "2026-05-19"
      }
    },
    {
      "type": "Feature",
      "geometry": {
        "type": "Point",
        "coordinates": [
          8.560228,
          50.101628
        ]
      },
      "properties": {
        "id": "tk_fr_0002",
        "name": "Bretterbude Tillystrasse",
        "description": "Diese Bude ist einfach klassisch. Und in Frankfurt bekannt! Direkt an der Tillystraße lässt es sich aushalten. Eine bessere Anbindung gibt es nicht: Das Wasserhäuschen ist quasi die Haltestelle der Linie 11. Die Stammkunden sind immer freundlich und offen!",
        "address": {
          "street": "Bolongarostraße",
          "number": "34",
          "postalcode": "65934",
          "city": "Frankfurt am Main",
          "district": "Nied"
        },
        "hours": {
          "raw": "Mo-Su 05:00-23:00"
        },
        "tags": [
          "eis",
          "wc",
          "klassiker",
          "applewoi",
          "sitzgelegenheiten",
          "gemischte_tuete",
          "musik",
          "lotto",
          "ueberdacht",
          "wein",
          "sonne",
          "kaffee",
          "snacks"
        ],
        "sources": [
          {
            "type": "hopfenstop",
            "id": "0f183db6-248e-4eef-8e72-151fbe5a93b8"
          }
        ],
        "created": "2026-05-19",
        "updated": "2026-05-19"
      }
    },
    {
      "type": "Feature",
      "geometry": {
        "type": "Point",
        "coordinates": [
          8.552286,
          50.10303
        ]
      },
      "properties": {
        "id": "tk_fr_0003",
        "name": "Wasserhäuschen Zuckschwerdtstraße",
        "description": "Idealer Kiosk um eine Linie 11 Tour zu starten! Nettes Personal und um die Ecke steht sogar ein außergewöhnlicher Kaugummiautomat - in gelb.",
        "address": {
          "street": "Ludwig-Scriba-Straße",
          "number": "33",
          "postalcode": "65929",
          "city": "Frankfurt am Main",
          "district": "Höchst"
        },
        "hours": {
          "raw": "Mo-Fr 05:00-22:00; Sa-Su 08:00-22:00"
        },
        "tags": [
          "wc",
          "snacks",
          "sonne",
          "gemischte_tuete",
          "lotto",
          "applewoi",
          "kaffee",
          "ueberdacht",
          "wein"
        ],
        "sources": [
          {
            "type": "hopfenstop",
            "id": "6963baa8-e980-4358-807a-b4e64b8b9053"
          }
        ],
        "created": "2026-05-19",
        "updated": "2026-05-19"
      }
    },
    {
      "type": "Feature",
      "geometry": {
        "type": "Point",
        "coordinates": [
          8.644553,
          50.10313
        ]
      },
      "properties": {
        "id": "tk_fr_0004",
        "name": "Trinkhalle im Turm",
        "description": "Klassische Trinkhalle direkt an der Galluswarte. Hier gibt's immer was zu sehen. Die zentrale Lage bedingt eine sehr umfangreiche Anbindung. Interessant wird es hier bei einem Auffahrunfall - dann kann man immer Frankfurter Straßentheater erleben.  24h geöffnet!",
        "address": {
          "street": "Mainzer Landstraße",
          "number": "261-263",
          "postalcode": "60326",
          "city": "Frankfurt am Main",
          "district": "Gallus"
        },
        "hours": {
          "raw": "Mo-Su 00:00-23:59"
        },
        "tags": [
          "sitzgelegenheiten",
          "mate",
          "schnaps",
          "applewoi",
          "wc",
          "sekt",
          "gemischte_tuete",
          "kaffee",
          "snacks",
          "ueberdacht",
          "sonne",
          "flair",
          "chillout",
          "zeitschriften",
          "stehtisch",
          "musik",
          "eis"
        ],
        "sources": [
          {
            "type": "hopfenstop",
            "id": "89fb1472-7aad-4553-9089-e2fc72346e0e"
          }
        ],
        "created": "2026-05-19",
        "updated": "2026-05-19"
      }
    },
    {
      "type": "Feature",
      "geometry": {
        "type": "Point",
        "coordinates": [
          8.644169,
          50.103047
        ]
      },
      "properties": {
        "id": "tk_fr_0005",
        "name": "Kiosk an der Galluswarte",
        "description": "Büdchen direkt an der Galluswarte. Im Grunde ist es eigentlich diese Bude, die direkt im Turm an der Galluswarte ist. Das macht aber nichts, das Bier schmeckt hier genau so gut. Ist sozusagen der Mitbewerber zur Trinkhalle im Turm.",
        "address": {
          "street": "Kleyerstraße",
          "number": "1-7",
          "postalcode": "60326",
          "city": "Frankfurt am Main",
          "district": "Gallus"
        },
        "tags": [
          "gemischte_tuete",
          "wc"
        ],
        "sources": [
          {
            "type": "hopfenstop",
            "id": "a9fa7786-0ea6-4ee3-9d06-8c276c774dcf"
          }
        ],
        "created": "2026-05-19",
        "updated": "2026-05-19"
      }
    },
    {
      "type": "Feature",
      "geometry": {
        "type": "Point",
        "coordinates": [
          8.636648,
          50.102192
        ]
      },
      "properties": {
        "id": "tk_fr_0006",
        "name": "Onur Kiosk",
        "description": "In-House Kiosk an der Schwalbacher Straße / Mainzer Landstraße. Zentral gelegen für ein Feierabend-Bierchen. Von dort kann man wunderbar mitder Linie 11 in beideRichtungen zu weiteren Wasserhäuschen fahren.",
        "address": {
          "street": "Mainzer Landstraße",
          "number": "337",
          "postalcode": "60326",
          "city": "Frankfurt am Main",
          "district": "Gallus"
        },
        "hours": {
          "raw": "Mo-Su 05:00-01:00"
        },
        "tags": [
          "chillout",
          "gemuetlich",
          "lotto",
          "snacks",
          "sitzgelegenheiten",
          "ueberdacht",
          "innenraum",
          "kuchen",
          "craft_bier",
          "eis",
          "musik",
          "gemischte_tuete",
          "kaffee",
          "wein",
          "wc",
          "sekt",
          "sonne",
          "applewoi",
          "zeitschriften",
          "flair",
          "longpapes"
        ],
        "sources": [
          {
            "type": "hopfenstop",
            "id": "05786dd4-869a-4a27-875c-e26b9dbe40cc"
          }
        ],
        "created": "2026-05-19",
        "updated": "2026-05-19"
      }
    },
    {
      "type": "Feature",
      "geometry": {
        "type": "Point",
        "coordinates": [
          8.713678,
          50.107341
        ]
      },
      "properties": {
        "id": "tk_fr_0007",
        "name": "Jöst Nr. 1",
        "description": "Drei Wörter: Frankfurts ältestes Jösthäuschen. Ein absolutes Muss für Büdchenfans! Leider nicht allzu gut zu erreichen mit öffentlichen Verkehrsmitteln, aber so ein kleiner Spaziergang durch die alte Industrie am Osthafen hat ja auch was. Der Betreiber versorgt seit langer Zeit schon die Trucker, die ihre Ware in das Industriegebiet liefern. Dieses Häuschen braucht euren Support: Stattet ihm einen Besuch ab!",
        "address": {
          "street": "Franziusstraße",
          "number": "4",
          "postalcode": "60314",
          "city": "Frankfurt am Main",
          "district": "Ostend"
        },
        "tags": [
          "wc",
          "ueberdacht",
          "kaffee",
          "kuchen",
          "sitzgelegenheiten",
          "snacks",
          "sonne",
          "applewoi",
          "stehtisch",
          "longpapes"
        ],
        "sources": [
          {
            "type": "hopfenstop",
            "id": "e86c238c-83bc-4d80-acae-24c943c44f60"
          }
        ],
        "created": "2026-05-19",
        "updated": "2026-05-19"
      }
    },
    {
      "type": "Feature",
      "geometry": {
        "type": "Point",
        "coordinates": [
          8.612446256734833,
          50.12338321548976
        ]
      },
      "properties": {
        "id": "tk_fr_0008",
        "name": "Auf der Insel",
        "description": "Absolut traditionsreiches Büdchen direkt am Niddauferweg. Immer viel Betrieb, nette Locals und gute Preise. Mit direkter Parkanbindung läd es sehr zum gemütlichen Sommerbierchen ein. Im Sommer stoppen hier viele Familien, die eine Fahrradtour machen. Das Häuschen ist somit der Ice-Cream-Spot für Familien im Sommer.",
        "address": {
          "street": "Auf der Insel",
          "number": "16",
          "postalcode": "60489",
          "city": "Frankfurt am Main",
          "district": "Rödelheim"
        },
        "hours": {
          "raw": "Mo-Tu 08:00-22:00; Th-Su 08:00-22:00"
        },
        "tags": [
          "sitzgelegenheiten",
          "schnaps",
          "flair",
          "gemuetlich",
          "klassiker",
          "sonne",
          "wc",
          "eis",
          "gemischte_tuete",
          "musik",
          "ueberdacht",
          "applewoi",
          "snacks"
        ],
        "sources": [
          {
            "type": "hopfenstop",
            "id": "efb1008f-4bd5-42de-85af-e5f0ebd798a2"
          }
        ],
        "created": "2026-05-19",
        "updated": "2026-05-19"
      }
    },
    {
      "type": "Feature",
      "geometry": {
        "type": "Point",
        "coordinates": [
          8.637220172272817,
          50.12443146769828
        ]
      },
      "properties": {
        "id": "tk_fr_0009",
        "name": "Kiosk-Oase",
        "description": "In der Nähe des Kirchplatzes gelegen findet ihr die Kiosk-Oase. Kleiner Kiosk mit Unterstand und Kaugummiautomat. Aufpassen sollte man, wenn man auf Toilette geht, der Eingang ist niedriger als man es ihm auf den ersten Blick ansieht. Die Betreiber sind sehr entgegenkommend und super nett!",
        "address": {
          "street": "Fleischergasse",
          "number": "15",
          "postalcode": "60487",
          "city": "Frankfurt am Main",
          "district": "Bockenheim"
        },
        "hours": {
          "raw": "Mo-Th 06:30-00:00; Fr 06:30-01:00; Sa 07:30-02:00; Su 08:00-00:30"
        },
        "tags": [
          "wc",
          "milch",
          "mate",
          "kaffee",
          "schnaps",
          "sitzgelegenheiten",
          "eis",
          "applewoi",
          "ueberdacht",
          "snacks",
          "gemischte_tuete"
        ],
        "sources": [
          {
            "type": "hopfenstop",
            "id": "b44d6f03-7f4d-4a5d-a62e-e8e82fed7c36"
          }
        ],
        "created": "2026-05-19",
        "updated": "2026-05-19"
      }
    },
    {
      "type": "Feature",
      "geometry": {
        "type": "Point",
        "coordinates": [
          8.692503808138392,
          50.113014838403195
        ]
      },
      "properties": {
        "id": "tk_fr_0010",
        "name": "Trinkhalle am Allerheiligentor",
        "description": "Trinkhalle direkt an der großen Kreuzung am Allerheiligentor. Durch die Ampel hat man immer mal wieder eine Schlange Autos vor der Nase, was gerade an einem Samstag Abend immer für viel Spaß führt.",
        "address": {
          "street": "Battonnstraße",
          "number": "5",
          "postalcode": "60311",
          "city": "Frankfurt am Main",
          "district": "Innenstadt"
        },
        "tags": [
          "sitzgelegenheiten",
          "sonne",
          "innenraum",
          "gemischte_tuete"
        ],
        "sources": [
          {
            "type": "hopfenstop",
            "id": "48737bbd-6f1e-463b-8165-a2a6091cca6f"
          }
        ],
        "created": "2026-05-19",
        "updated": "2026-05-19"
      }
    },
    {
      "type": "Feature",
      "geometry": {
        "type": "Point",
        "coordinates": [
          8.611267345811301,
          50.1254941455833
        ]
      },
      "properties": {
        "id": "tk_fr_0011",
        "name": "An der Rusti",
        "description": "Bretterbude mit Lotto, Süßigkeiten und allem, was eben sonst so an Frankfurter Büdchen verauft wird. Sogar ein kleiner Innenraum ist vorhanden. Vor einiger Zeit hat dieses Büdchen den Besitzer gewechselt, was der Freundlichkeit aber nicht geschadet hat. Es handelt sich hierbei um ein etablieres Rödelheimer Büdchen.",
        "address": {
          "street": "Thudichumstraße",
          "number": "1",
          "postalcode": "60489",
          "city": "Frankfurt am Main",
          "district": "Rödelheim"
        },
        "tags": [
          "innenraum",
          "lotto",
          "applewoi"
        ],
        "sources": [
          {
            "type": "hopfenstop",
            "id": "b138e04b-e4a5-41a3-9b30-52188ae07e9a"
          }
        ],
        "created": "2026-05-19",
        "updated": "2026-05-19"
      }
    },
    {
      "type": "Feature",
      "geometry": {
        "type": "Point",
        "coordinates": [
          8.608499306107948,
          50.124115017559866
        ]
      },
      "properties": {
        "id": "tk_fr_0012",
        "name": "Kiosk Radilostraße",
        "description": "Sehr klassischer Frankfurter Kiosk mit allem, was das Herz begehrt. Wenn man morgens super verschlafen, und Montags sogar noch mürrisch dazu hier vorbei kommt und die Zeitung, Zigaretten oder Rubellose holt, macht die Freundlichkeit der Betreiber direkt gute Laune. Man ist willkommen, der Kunde ist hier König!",
        "address": {
          "street": "Radilostraße",
          "number": "35",
          "postalcode": "60489",
          "city": "Frankfurt am Main",
          "district": "Rödelheim"
        },
        "sources": [
          {
            "type": "hopfenstop",
            "id": "92907e60-aadc-4c3b-a7dc-5e012aef0fbf"
          }
        ],
        "created": "2026-05-19",
        "updated": "2026-05-19"
      }
    },
    {
      "type": "Feature",
      "geometry": {
        "type": "Point",
        "coordinates": [
          8.694018938400232,
          50.130455663013926
        ]
      },
      "properties": {
        "id": "tk_fr_0013",
        "name": "Kiosk Friedberger Landstrasse",
        "description": "Das Kiosk an der Friedberger Landstrasse ist gut gelegen und perfekt für dne spontanen Einkauf zwischen den Vorlesungen, da die Fachhochschule Frankfurt dirket angrenzt. Und genau von den Studenten ist dieses Kiosk auch hoch frequentiert!",
        "address": {
          "street": "Friedberger Landstraße",
          "number": "171",
          "postalcode": "60389",
          "city": "Frankfurt am Main",
          "district": "Nordend-West"
        },
        "hours": {
          "raw": "Mo-Su 08:00-23:30"
        },
        "tags": [
          "gemischte_tuete",
          "craft_bier"
        ],
        "sources": [
          {
            "type": "hopfenstop",
            "id": "b6d222b7-3bee-49a2-90b4-2f9c6f851834"
          }
        ],
        "created": "2026-05-19",
        "updated": "2026-05-19"
      }
    },
    {
      "type": "Feature",
      "geometry": {
        "type": "Point",
        "coordinates": [
          8.64671617076593,
          50.12862187928127
        ]
      },
      "properties": {
        "id": "tk_fr_0014",
        "name": "Ljatif",
        "description": "Trinkhalle direkt gegenüber der Frauenfriedenskirche in Bockenheim. Nettes Büdchen in halbrunder Bauweise mit Unterstand. Ein besonderes Schmankerl ist das Hockeyfeld direkt hinter dem Häuschen. In den Sommermonaten wird an der angrenzenden Allee, häufig Boccia von den Locals gespielt.",
        "address": {
          "street": "Franz-Rücker-Allee",
          "number": "36-40",
          "postalcode": "60487",
          "city": "Frankfurt am Main",
          "district": "Bockenheim"
        },
        "hours": {
          "raw": "Mo-Su 15:00-19:30"
        },
        "tags": [
          "eis",
          "kaffee",
          "gemischte_tuete",
          "ueberdacht",
          "mate",
          "snacks",
          "sekt",
          "sitzgelegenheiten",
          "sonne",
          "wein",
          "applewoi",
          "musik",
          "gemuetlich",
          "stehtisch"
        ],
        "sources": [
          {
            "type": "hopfenstop",
            "id": "c5581546-2cbb-44b5-9e93-e830ccc0595e"
          }
        ],
        "created": "2026-05-19",
        "updated": "2026-05-19"
      }
    },
    {
      "type": "Feature",
      "geometry": {
        "type": "Point",
        "coordinates": [
          8.64220402465054,
          50.12011058671205
        ]
      },
      "properties": {
        "id": "tk_fr_0015",
        "name": "Wasserhäuschen Kurfürstenplatz",
        "description": "Eine Ur-Bretterbude mit Rot-Weißem (ehem. Henningerbräu) Anstrich. Direkt am Park gelegen, Unterstand vorhanden und DIXI Klo auf der Rückseite. Ist von einer Schließung durch die Stadt bedroht, da Jahrelang eine Toilette gefehlt hat.Eine Bürgerinitiative durch das Stadtteilbüro Bockenheim und der Gemeinde konnte dies zunächst verhindern.",
        "address": {
          "street": "Kurfürstenplatz",
          "number": "39",
          "postalcode": "60486",
          "city": "Frankfurt am Main",
          "district": "Bockenheim"
        },
        "hours": {
          "raw": "Mo-Su 06:00-23:00"
        },
        "tags": [
          "gemuetlich",
          "gemischte_tuete",
          "ueberdacht",
          "eis",
          "applewoi",
          "wc",
          "stehtisch",
          "sitzgelegenheiten",
          "innenraum",
          "snacks",
          "kaffee",
          "mate",
          "wein",
          "schnaps",
          "klassiker",
          "flair"
        ],
        "sources": [
          {
            "type": "hopfenstop",
            "id": "e22c179a-dfc1-4640-99a0-d9c36916a7cb"
          }
        ],
        "created": "2026-05-19",
        "updated": "2026-05-19"
      }
    },
    {
      "type": "Feature",
      "geometry": {
        "type": "Point",
        "coordinates": [
          8.551767982067695,
          50.103773333710585
        ]
      },
      "properties": {
        "id": "tk_fr_0016",
        "name": "Die Bierstubb",
        "description": "Kleiner Kiosk mit Krombacher Fassbier, Innenraum und allem, was zum gescheiten Feierabendschobbe dazugehört! Ist das noch ein Büdchen? Wir finden: \"Bier? Klappe außen dran? Schild dran? Muss ein Büdchen sein!\"",
        "address": {
          "street": "Bauhofstraße",
          "number": "1",
          "postalcode": "65929",
          "city": "Frankfurt am Main",
          "district": "Höchst"
        },
        "hours": {
          "raw": "Mo 08:00-22:00; Tu 10:00-22:00; We-Fr 08:00-22:00; Sa 10:00-22:00; Su 08:00-22:00"
        },
        "tags": [
          "innenraum",
          "wc"
        ],
        "sources": [
          {
            "type": "hopfenstop",
            "id": "10184178-7fb9-4479-b2ea-c4d6d6b58d6a"
          }
        ],
        "created": "2026-05-19",
        "updated": "2026-05-19"
      }
    },
    {
      "type": "Feature",
      "geometry": {
        "type": "Point",
        "coordinates": [
          8.643366762258445,
          50.125439887134554
        ]
      },
      "properties": {
        "id": "tk_fr_0017",
        "name": "AS Minimarkt Kiosk",
        "description": "Nettes Einkaufskiosk mit umfangreicher Produktpalette. Wenn ihr Sonntags mal in der Küche steht und kein Kartoffelpüree mehr habt, findet ich das bestimmt im AS Minimarkt.",
        "address": {
          "street": "Basaltstraße",
          "number": "29",
          "postalcode": "60487",
          "city": "Frankfurt am Main",
          "district": "Bockenheim"
        },
        "hours": {
          "raw": "Mo-Th 15:00-23:00; Fr-Sa 08:00-11:00; Su 08:00-23:00"
        },
        "tags": [
          "kaffee",
          "applewoi",
          "fritz_kola",
          "gemischte_tuete",
          "eis",
          "milch",
          "wein",
          "sonne",
          "kuchen",
          "craft_bier",
          "mate",
          "backwaren",
          "schnaps",
          "zeitschriften",
          "snacks"
        ],
        "sources": [
          {
            "type": "hopfenstop",
            "id": "bb2831ce-abf6-411d-b67f-4b400f863d05"
          }
        ],
        "created": "2026-05-19",
        "updated": "2026-05-19"
      }
    },
    {
      "type": "Feature",
      "geometry": {
        "type": "Point",
        "coordinates": [
          8.648625233032343,
          50.11840797459767
        ]
      },
      "properties": {
        "id": "tk_fr_0018",
        "name": "Jedermann Getränke und Spirituosen",
        "description": "Eine wunderbare Bereicherung für Bockenheim ist dieser gut sortierte Mini-Getränkemarkt: Auf gefühlten 10m verkauft der sympathische und engagierte Betreiber knapp 500 (!) Biersorten aus ganz Deutschland und Europa, in ausreichender Menge auch gekühlt.",
        "address": {
          "street": "Jordanstraße",
          "number": "11",
          "postalcode": "60486",
          "city": "Frankfurt am Main",
          "district": "Bockenheim"
        },
        "hours": {
          "raw": "Mo-Sa 08:30-01:00; Su 11:00-22:00"
        },
        "tags": [
          "mate",
          "fritz_kola",
          "craft_bier",
          "snacks",
          "innenraum",
          "wein",
          "sekt",
          "schnaps",
          "gemischte_tuete",
          "kaffee",
          "milch",
          "flair",
          "sitzgelegenheiten",
          "longpapes",
          "applewoi",
          "musik",
          "ueberdacht",
          "chillout",
          "klassiker",
          "stehtisch",
          "gemuetlich",
          "sonne",
          "kuchen",
          "rubbellose",
          "wc"
        ],
        "sources": [
          {
            "type": "hopfenstop",
            "id": "9b9a3ddd-0d98-4d7a-a43b-564fd3fd9bba"
          }
        ],
        "created": "2026-05-19",
        "updated": "2026-05-19"
      }
    },
    {
      "type": "Feature",
      "geometry": {
        "type": "Point",
        "coordinates": [
          8.630686619140581,
          50.08997400668994
        ]
      },
      "properties": {
        "id": "tk_fr_0019",
        "name": "Orange Beach ",
        "description": "Eis, Snacks, Getränke. Öffnungszeiten im Winter nur bis 22 Uhr! Nicht unbedingt ein typisches Büdchen, aber eine Top Sommerlocation direkt am Main unterhalb einer Eisenbahnbrücke gelegen. Das Publikum ist breit gestreut, interessant und lustig wird´s allemal! Im Sommer gibt es an der Bude Gegrilltes und Livemusik. Füße ins Wasser und entspannen! Am besten mit dem Rad zu erreichen. Facebook: https://www.facebook.com/orange.beach1",
        "address": {
          "street": "Gutleutstraße",
          "number": "391",
          "postalcode": "60327",
          "city": "Frankfurt am Main",
          "district": "Gutleutviertel"
        },
        "hours": {
          "raw": "Mo-Su 13:00-02:00"
        },
        "tags": [
          "musik",
          "chillout",
          "flair",
          "sitzgelegenheiten",
          "eis",
          "snacks",
          "wc",
          "gemischte_tuete",
          "craft_bier",
          "kaffee",
          "kuchen",
          "innenraum",
          "ueberdacht",
          "sonne",
          "applewoi",
          "klassiker",
          "sekt",
          "wein",
          "mate",
          "fritz_kola",
          "backwaren",
          "stehtisch",
          "gemuetlich"
        ],
        "sources": [
          {
            "type": "hopfenstop",
            "id": "94029e60-aa3a-47aa-bf2a-0715d03113b8"
          }
        ],
        "created": "2026-05-19",
        "updated": "2026-05-19"
      }
    },
    {
      "type": "Feature",
      "geometry": {
        "type": "Point",
        "coordinates": [
          8.638528238038683,
          50.12544961598317
        ]
      },
      "properties": {
        "id": "tk_fr_0020",
        "name": "Wasserhäuschen am Elisabethenkrankenhaus",
        "description": "Traditionsreiches Büdchen direkt am Bockenheimer Kirchplatz. Hier holen viele Leute aus der Umgebung nochmal auf die Schnelle das Nötigste.",
        "address": {
          "street": "Grempstraße",
          "number": "32",
          "postalcode": "60487",
          "city": "Frankfurt am Main",
          "district": "Bockenheim"
        },
        "hours": {
          "raw": "Mo-Th 08:00-23:00; Fr-Sa 08:00-01:00; Su 08:00-23:00"
        },
        "tags": [
          "eis",
          "wc",
          "sitzgelegenheiten",
          "sonne",
          "musik",
          "snacks",
          "stehtisch",
          "schnaps",
          "gemischte_tuete",
          "applewoi"
        ],
        "sources": [
          {
            "type": "hopfenstop",
            "id": "3c136bcd-c626-4ccc-9c35-d5067d2a4b10"
          }
        ],
        "created": "2026-05-19",
        "updated": "2026-05-19"
      }
    },
    {
      "type": "Feature",
      "geometry": {
        "type": "Point",
        "coordinates": [
          8.61183793178215,
          50.12700916321165
        ]
      },
      "properties": {
        "id": "tk_fr_0021",
        "name": "Kiosk Alexanderstraße",
        "description": "Klassisches Kiosk inmitten von Rödelheim. In der nähe des anderen Teils der Michael-Ende-Schule (ehemals Arndtschule) ist dieser Kiosk bei den Schülern und Schülerinnen sehr beliebt",
        "address": {
          "street": "Am Alten See",
          "number": "1",
          "postalcode": "60489",
          "city": "Frankfurt am Main",
          "district": "Rödelheim"
        },
        "sources": [
          {
            "type": "hopfenstop",
            "id": "00050a1b-5a15-43ed-8cd3-dbd0a6566467"
          }
        ],
        "created": "2026-05-19",
        "updated": "2026-05-19"
      }
    },
    {
      "type": "Feature",
      "geometry": {
        "type": "Point",
        "coordinates": [
          8.61520142188684,
          50.130217701990176
        ]
      },
      "properties": {
        "id": "tk_fr_0022",
        "name": "Bella's Stübbche",
        "description": "Trinkhalle mit Straßenverkauf und Kneipe mit Gastraum.  Sehr nette Inhaberin und Inhaber, Eintracht-Fan-Kneipe, Sky-Abo, Fußball Live, Dart, gute Bierauswahl, faire Preise, Raucherkneipe.  Geöffnet:  Di.-So.: 15:00 - 24:00 Uhr  Mo.: Ruhetag  Facebook: <a style=\"color: #000000; text-decoration: underline;\" href=\"https://www.facebook.com/Bellas-St%C3%BCbbche-1558906837696354\" target=\"_blank\">Link</a>",
        "address": {
          "street": "Hattsteiner Straße",
          "number": "14",
          "postalcode": "60489",
          "city": "Frankfurt am Main",
          "district": "Rödelheim"
        },
        "hours": {
          "raw": "Tu-Su 15:00-00:00"
        },
        "tags": [
          "wc"
        ],
        "sources": [
          {
            "type": "hopfenstop",
            "id": "4ee150e4-00de-4015-9c09-c585a1afc915"
          }
        ],
        "created": "2026-05-19",
        "updated": "2026-05-19"
      }
    },
    {
      "type": "Feature",
      "geometry": {
        "type": "Point",
        "coordinates": [
          8.643584098594616,
          50.12554412690637
        ]
      },
      "properties": {
        "id": "tk_fr_0023",
        "name": "Dalli-Dalli Pilsstübchen",
        "description": "Pilsstübchen mit Innenraum und WC. Kiosk Verkaufsklappe zur Straße hin vorhanden. Netter Betreiber der jederzeit gerne gemischte Tüten zusammenstellt. versch. Biersorten und was für den kleinen Hunger in reichlicher Auswahl vorhanden.",
        "address": {
          "street": "Basaltstraße",
          "number": "33",
          "postalcode": "60487",
          "city": "Frankfurt am Main",
          "district": "Bockenheim"
        },
        "hours": {
          "raw": "Mo 16:00-01:30; Tu-Th 10:30-01:30; Fr-Sa 10:30-02:30; Su 10:30-01:30"
        },
        "tags": [
          "gemischte_tuete",
          "schnaps",
          "innenraum",
          "wc",
          "applewoi",
          "klassiker",
          "sitzgelegenheiten",
          "wein",
          "eis",
          "kaffee",
          "ueberdacht",
          "musik",
          "sekt",
          "snacks",
          "longpapes",
          "stehtisch",
          "chillout",
          "mate"
        ],
        "sources": [
          {
            "type": "hopfenstop",
            "id": "8192abba-c061-452f-a524-d8c5436ccfa8"
          }
        ],
        "created": "2026-05-19",
        "updated": "2026-05-19"
      }
    },
    {
      "type": "Feature",
      "geometry": {
        "type": "Point",
        "coordinates": [
          8.696022548534375,
          50.117517088774896
        ]
      },
      "properties": {
        "id": "tk_fr_0024",
        "name": "Buddha Bar Kiosk",
        "description": "Schon von aussen macht der Buddha-Bar Kiosk (unter Liebhabern auch liebevoll BBK genannt) einiges her. Vor dem Laden stehen mehrere Tische und Stühle, die zum Verweilen einladen, in den Schaufenstern sind dutzende Wein- und Spirituosenflaschen zu sehen und das grell leuchtende \"OPEN\"-Schild lockt den durstigen sowie neugierigen Kunden ins Ladeninnere. Dort offenbart sich dann ein reichhaltiges Biersortiment, das in der Frankfurter Trinkhallen- und Kioskszene wohl einzigartig sein dürfte.  Für Entertaiment ist indes auch gesorgt: Ein Laptop versorgt die Kundschaft fortlaufend mit den heissesten youtube-Clips und bei Bedarf auch mit spiritueller Musik aus dem Lande Buddhas. Sollte der Gast einmal einen Druck auf der Blase verspüren, so steht einem das kioskeigene WC selbstverständlich zur Verfügung.",
        "address": {
          "street": "Baumweg",
          "number": "6",
          "postalcode": "60316",
          "city": "Frankfurt am Main",
          "district": "Nordend-Ost"
        },
        "hours": {
          "raw": "Mo-Su 09:00-01:00"
        },
        "tags": [
          "sitzgelegenheiten",
          "chillout",
          "gemuetlich",
          "eis",
          "sonne",
          "musik",
          "gemischte_tuete",
          "mate",
          "kaffee",
          "wein",
          "wc",
          "applewoi",
          "ueberdacht",
          "innenraum",
          "lotto",
          "sekt",
          "snacks",
          "fritz_kola",
          "zeitschriften"
        ],
        "sources": [
          {
            "type": "hopfenstop",
            "id": "41b5fa85-6b10-4b35-8c87-92f496a001b9"
          }
        ],
        "created": "2026-05-19",
        "updated": "2026-05-19"
      }
    },
    {
      "type": "Feature",
      "geometry": {
        "type": "Point",
        "coordinates": [
          8.691706874229423,
          50.12610192400494
        ]
      },
      "properties": {
        "id": "tk_fr_0025",
        "name": "Gudes",
        "description": "Wasserhäuschen (Gudes) immer guten frisch gemahlenen Espresso Cappuccino. Von jungen  Leuten betrieben entwickelt das Gudes seinen ganz eingenen Flair. In einem 2014 von der Frankfurter Rundschau und uns abgefragten Status wurde das Gudes zum zweitbeliebtesten Büdchen Frankfurts gewählt! Gratulation! Das Gudes ist wahrscheinlich auch das einzige Frankfurter Wasserhäuschen mit eigener Homepage: http://www.gudes-frankfurt.de/",
        "address": {
          "street": "Neuhofstraße",
          "number": "3",
          "postalcode": "60318",
          "city": "Frankfurt am Main",
          "district": "Nordend-West"
        },
        "hours": {
          "raw": "Mo-Su 07:00-22:00"
        },
        "tags": [
          "sitzgelegenheiten",
          "gemuetlich",
          "chillout",
          "kaffee",
          "sonne",
          "mate",
          "flair",
          "wc",
          "wein",
          "applewoi",
          "eis",
          "gemischte_tuete",
          "sekt",
          "snacks",
          "ueberdacht",
          "fritz_kola",
          "longpapes",
          "musik",
          "craft_bier",
          "schnaps",
          "klassiker"
        ],
        "sources": [
          {
            "type": "hopfenstop",
            "id": "294a3b5f-f639-4caf-902a-df25d047accf"
          }
        ],
        "created": "2026-05-19",
        "updated": "2026-05-19"
      }
    },
    {
      "type": "Feature",
      "geometry": {
        "type": "Point",
        "coordinates": [
          8.71002099738311,
          50.131356624308154
        ]
      },
      "properties": {
        "id": "tk_fr_0026",
        "name": "Trinkhalle Seckbacher Landstraße",
        "description": "Sehr lang geführtes Wasserhäuschen vom selben sehr freundlichem Inhaber-Pärchen liegt direkt an der Bushaltestelle U-Bahn U4 Haltestelle Seckbacher Landstr. etwa 3 Min zu Fuß entfernt Absolut faire Preise",
        "address": {
          "street": "Seckbacher Landstraße",
          "number": "8",
          "postalcode": "60389",
          "city": "Frankfurt am Main",
          "district": "Bornheim"
        },
        "hours": {
          "raw": "Tu-Su 09:00-21:00"
        },
        "tags": [
          "eis",
          "zeitschriften"
        ],
        "sources": [
          {
            "type": "hopfenstop",
            "id": "ea62eac0-eee7-47c9-b824-e2e5882db773"
          }
        ],
        "created": "2026-05-19",
        "updated": "2026-05-19"
      }
    },
    {
      "type": "Feature",
      "geometry": {
        "type": "Point",
        "coordinates": [
          8.679046847679055,
          50.09768628964535
        ]
      },
      "properties": {
        "id": "tk_fr_0027",
        "name": "Nox Wasserhäuschen",
        "description": "Ein Wasserhäuschen am Beginn der Holbeinstrasse, schön gelegen mitten in der Allee.  Nette Leute, nette Kunden, im Sommer viel von Radfahrern angefahren, auf dem Weg zum oder vom Main. Die Critical Mass Frankfurt kommt hier immer zusammen.",
        "address": {
          "street": "Holbeinstraße",
          "number": "74",
          "postalcode": "60596",
          "city": "Frankfurt am Main",
          "district": "Sachsenhausen"
        },
        "hours": {
          "raw": "Mo-Su 12:00-22:30"
        },
        "tags": [
          "sonne",
          "applewoi",
          "eis",
          "gemischte_tuete",
          "kaffee",
          "mate",
          "schnaps",
          "wein",
          "sitzgelegenheiten",
          "klassiker",
          "wc",
          "sekt",
          "snacks",
          "ueberdacht",
          "fritz_kola",
          "barrierefrei",
          "flair",
          "chillout",
          "gemuetlich",
          "longpapes",
          "milch",
          "craft_bier"
        ],
        "sources": [
          {
            "type": "hopfenstop",
            "id": "f425c47d-41ac-48ba-bc5c-806815028c21"
          }
        ],
        "created": "2026-05-19",
        "updated": "2026-05-19"
      }
    },
    {
      "type": "Feature",
      "geometry": {
        "type": "Point",
        "coordinates": [
          8.685280301429804,
          50.1189480015629
        ]
      },
      "properties": {
        "id": "tk_fr_0028",
        "name": "Wasserhäuschen Petersstraße (\"Fein\")",
        "description": "Wasserhäuschen in klassischer Jöst-Bauweise. Liebevoll in ein kleines Café umgestaltet, birgt es doch immer noch den klassischen Wasserhäuschen-Ur-Charme.",
        "address": {
          "street": "Petersstraße",
          "number": "1",
          "postalcode": "60313",
          "city": "Frankfurt am Main",
          "district": "Innenstadt"
        },
        "hours": {
          "raw": "Mo-We 10:30-22:00; Th-Fr 10:30-00:00; Sa 12:00-00:00; Su 12:00-22:00"
        },
        "tags": [
          "sitzgelegenheiten",
          "gemuetlich",
          "kaffee",
          "kuchen",
          "backwaren",
          "chillout",
          "snacks",
          "wc",
          "lotto",
          "rubbellose",
          "gemischte_tuete",
          "applewoi",
          "musik",
          "sekt",
          "sonne",
          "wein",
          "mate",
          "innenraum",
          "klassiker",
          "milch",
          "flair",
          "craft_bier",
          "eis",
          "ueberdacht",
          "longpapes",
          "zeitschriften"
        ],
        "sources": [
          {
            "type": "hopfenstop",
            "id": "a42204d5-191c-4ddf-9e94-d38351cf4b38"
          }
        ],
        "created": "2026-05-19",
        "updated": "2026-05-19"
      }
    },
    {
      "type": "Feature",
      "geometry": {
        "type": "Point",
        "coordinates": [
          8.717198588706854,
          50.139378558366595
        ]
      },
      "properties": {
        "id": "tk_fr_0029",
        "name": "SNACK FM",
        "description": "Ein klassisches Büdchen mit Eintracht-Einschlag und einem sehr netten Betreiber-Paar. Supersaubere Toilette!  Neben den ganz klaren Highlights Mohrenkopf- und SZ-Schnitten-Brötchen, die Pierre nun an die neue Schülergegeneration weitergegeben wird, bekommt man bei Snack FM noch das gute Best Worscht-Brot alleine oder zur ebenfalls sensationellen Gref Völsings, belegte Brote, warme Schinken-Käse-Sandwiches oder ein Törtchen sind auch nur ein Auszug aus dem üppigen Sortiment, bei dem die Backwaren aus der Traditionsbäckerei Huck stammen. Und für die Zocker unter uns gibt es die LOTTO-Annahmestelle seit neuestem.   Link: http://www.runffm.com/2013/11/snack-fm/",
        "address": {
          "street": "Eschweger Straße",
          "number": "6",
          "postalcode": "60389",
          "city": "Frankfurt am Main",
          "district": "Seckbach"
        },
        "hours": {
          "raw": "Mo-Sa 12:00-20:00; Su 09:00-18:00"
        },
        "tags": [
          "backwaren",
          "snacks",
          "lotto",
          "wc",
          "gemischte_tuete",
          "sitzgelegenheiten",
          "ueberdacht",
          "applewoi",
          "kuchen",
          "sekt",
          "schnaps",
          "innenraum",
          "fritz_kola",
          "paketshop",
          "kaffee",
          "mate",
          "musik",
          "eis"
        ],
        "sources": [
          {
            "type": "hopfenstop",
            "id": "abd80397-df70-46bd-9f23-b1d0ed47cdda"
          }
        ],
        "created": "2026-05-19",
        "updated": "2026-05-19"
      }
    },
    {
      "type": "Feature",
      "geometry": {
        "type": "Point",
        "coordinates": [
          8.726623871185232,
          50.127677019069445
        ]
      },
      "properties": {
        "id": "tk_fr_0030",
        "name": "Wasserhäuschen Johanna-Tesch-Platz",
        "description": "Traditionelles, freistehendes Wasserhäuschen. Mit reichlich Raum vor der Klappe lädt dieses Häuschen im Frühjahr/Sommer zum Verweilen ein!  Direkt am Frankfurter Volksbank Stadion gelegen kann man sich hier vor den Spielen des FSV Frankfurt noch einmal günstig mit Bier und anderem Getränken versorgen, damit die Stimme anschließend auch gut geölt ist. ",
        "address": {
          "street": "Johanna-Tesch-Platz",
          "number": "3",
          "postalcode": "60386",
          "city": "Frankfurt am Main",
          "district": "Riederwald"
        },
        "hours": {
          "raw": "Mo-Fr 06:00-22:30; Sa 08:00-22:30; Su 09:00-22:00"
        },
        "tags": [
          "wc",
          "sonne",
          "gemischte_tuete",
          "eis",
          "kaffee",
          "snacks",
          "applewoi",
          "schnaps",
          "klassiker"
        ],
        "sources": [
          {
            "type": "hopfenstop",
            "id": "a8e80b9c-cc35-41a3-9af9-79eb49464568"
          }
        ],
        "created": "2026-05-19",
        "updated": "2026-05-19"
      }
    },
    {
      "type": "Feature",
      "geometry": {
        "type": "Point",
        "coordinates": [
          8.735217668868962,
          50.12808969916336
        ]
      },
      "properties": {
        "id": "tk_fr_0031",
        "name": "Wasserhäuschen Riederwald",
        "description": "Traditionelles Wasserhäuschen, direkt am Waldrand des Riederwaldes gelegen.  Wer hierzu mehr Informationen hat, bitte über den Link \"Änderung Vorschlagen\" eintragen!",
        "address": {
          "street": "Kirschenallee",
          "postalcode": "60386",
          "city": "Frankfurt am Main",
          "district": "Riederwald"
        },
        "tags": [
          "gemischte_tuete",
          "applewoi",
          "eis"
        ],
        "sources": [
          {
            "type": "hopfenstop",
            "id": "a1f8ed35-81a8-4642-92e3-14fd4381ecff"
          }
        ],
        "created": "2026-05-19",
        "updated": "2026-05-19"
      }
    },
    {
      "type": "Feature",
      "geometry": {
        "type": "Point",
        "coordinates": [
          8.716528036453258,
          50.12652149587712
        ]
      },
      "properties": {
        "id": "tk_fr_0032",
        "name": "Wasserhäuschen Ernst-May-Platz",
        "description": "Büdchen an der End-Haltestelle der Linie 14.  Wer hierzu mehr Informationen hat, bitte über den Link \"Änderung Vorschlagen\" eintragen!",
        "address": {
          "street": "Inheidener Straße",
          "number": "2",
          "postalcode": "60385",
          "city": "Frankfurt am Main",
          "district": "Bornheim"
        },
        "hours": {
          "raw": "Mo-Fr 07:00-22:00; Sa-Su 10:00-22:00"
        },
        "tags": [
          "wc",
          "gemischte_tuete",
          "ueberdacht",
          "schnaps",
          "wein",
          "mate",
          "applewoi",
          "craft_bier",
          "kaffee",
          "sekt",
          "sitzgelegenheiten",
          "snacks",
          "sonne"
        ],
        "sources": [
          {
            "type": "hopfenstop",
            "id": "90c6c722-99a7-4b2e-87b4-de3a6aa73500"
          }
        ],
        "created": "2026-05-19",
        "updated": "2026-05-19"
      }
    },
    {
      "type": "Feature",
      "geometry": {
        "type": "Point",
        "coordinates": [
          8.713556148864766,
          50.124705617352014
        ]
      },
      "properties": {
        "id": "tk_fr_0033",
        "name": "Heidruns Trinkstübchen",
        "description": "(auch \"Kiosk Saalburg/Wittelsbacherallee\")  Heidruns Trinkstübchen überzeugt durch Herzlichkeit, Angebot und Lage. Wer in der Nähe ist sollte dort vorbeischauen! Man kommt sich direkt willkommen vor und das Büdchen läd zum längeren Aufenthalt ein. Direkt an der Kreuzung gelegen wird es dort auch nicht langweilig! Mit Lotto.  ",
        "address": {
          "street": "Saalburgallee",
          "number": "27",
          "postalcode": "60385",
          "city": "Frankfurt am Main",
          "district": "Bornheim"
        },
        "hours": {
          "raw": "Mo-Su 06:00-23:00"
        },
        "tags": [
          "gemischte_tuete",
          "zeitschriften",
          "eis",
          "klassiker",
          "lotto",
          "sonne",
          "kaffee",
          "ueberdacht",
          "snacks",
          "sitzgelegenheiten",
          "wc",
          "stehtisch",
          "flair",
          "wein",
          "rubbellose",
          "applewoi",
          "barrierefrei",
          "schnaps",
          "innenraum",
          "gemuetlich"
        ],
        "sources": [
          {
            "type": "hopfenstop",
            "id": "53630856-f33a-4dbf-afa8-68f43a0a167e"
          }
        ],
        "created": "2026-05-19",
        "updated": "2026-05-19"
      }
    },
    {
      "type": "Feature",
      "geometry": {
        "type": "Point",
        "coordinates": [
          8.639339425422573,
          50.101581535900415
        ]
      },
      "properties": {
        "id": "tk_fr_0034",
        "name": "Kiosk Kriegkstraße",
        "description": "Feierabendbier? Klarlogo! Gibt's hier immer. Sehr gut sortierter In-House Kiosk mit klassischem Frankfurter Flair und jeder Menge Bier.   Die gemischte Tüte ist hier so gut gefüllt wie nirgends. Lohnt sich!  Außerdem: Wer dreckige Klamotten hat: Hier abgeben, denn hier gibt's auch nen Reinigungsservice!",
        "address": {
          "street": "Lahnstraße",
          "number": "16",
          "postalcode": "60326",
          "city": "Frankfurt am Main",
          "district": "Gallus"
        },
        "tags": [
          "flair",
          "gemischte_tuete",
          "innenraum",
          "kaffee",
          "lotto",
          "sitzgelegenheiten",
          "ueberdacht",
          "stehtisch"
        ],
        "sources": [
          {
            "type": "hopfenstop",
            "id": "4217051d-906b-4d12-a688-3c29885ac2ad"
          }
        ],
        "created": "2026-05-19",
        "updated": "2026-05-19"
      }
    },
    {
      "type": "Feature",
      "geometry": {
        "type": "Point",
        "coordinates": [
          8.618213006117037,
          50.13078234941283
        ]
      },
      "properties": {
        "id": "tk_fr_0035",
        "name": "Mein City Shop",
        "description": "Kleiner Tante Emma-Laden, bei dem man neben den Kiosktypischen Produkten wie Bier, Kippen, Wein und Snacks auch Eier, Mehl und Ähnliches bekommt, wenn die Supermärkte mal zu haben.",
        "address": {
          "street": "Hausener Weg",
          "number": "86",
          "postalcode": "60489",
          "city": "Frankfurt am Main",
          "district": "Rödelheim"
        },
        "tags": [
          "snacks",
          "wein"
        ],
        "sources": [
          {
            "type": "hopfenstop",
            "id": "84b29497-c947-472d-a61d-1ff2bb074ede"
          }
        ],
        "created": "2026-05-19",
        "updated": "2026-05-19"
      }
    },
    {
      "type": "Feature",
      "geometry": {
        "type": "Point",
        "coordinates": [
          8.64549777732088,
          50.13705773414741
        ]
      },
      "properties": {
        "id": "tk_fr_0036",
        "name": "Wasserhäuschen Markuskrankenhaus",
        "description": "tja... ein Wasserhäuschen.   Wer hierzu mehr Informationen hat, bitte über den Link \"Änderung Vorschlagen\" eintragen!",
        "address": {
          "street": "Ginnheimer Landstraße",
          "number": "107",
          "postalcode": "60431",
          "city": "Frankfurt am Main",
          "district": "Bockenheim"
        },
        "hours": {
          "raw": "Mo-Sa 06:00-22:00; Su 08:00-22:00"
        },
        "tags": [
          "eis",
          "gemischte_tuete",
          "sonne",
          "sitzgelegenheiten",
          "ueberdacht",
          "klassiker",
          "innenraum",
          "applewoi",
          "wein",
          "barrierefrei",
          "stehtisch",
          "paketshop",
          "kaffee",
          "wc",
          "sekt"
        ],
        "sources": [
          {
            "type": "hopfenstop",
            "id": "3c8b0197-4e72-4165-9e7b-bd7dcc939c56"
          }
        ],
        "created": "2026-05-19",
        "updated": "2026-05-19"
      }
    },
    {
      "type": "Feature",
      "geometry": {
        "type": "Point",
        "coordinates": [
          8.63625287339903,
          50.12422584248629
        ]
      },
      "properties": {
        "id": "tk_fr_0037",
        "name": "Trinkhalle Rödelheimer Straße",
        "description": "Kleine Trinkhalle mit allerlei Getränken, Spirituosen und Snacks. In Bockenheim gelegen ist diese Trinkahlle gerne von jüngerem Publikum besucht, hält sich aber die Wage mit der Stammkundschaft.",
        "address": {
          "street": "Häuser Gasse",
          "number": "2",
          "postalcode": "60487",
          "city": "Frankfurt am Main",
          "district": "Bockenheim"
        },
        "hours": {
          "raw": "Mo-Fr 06:00-00:00; Sa 07:00-00:00; Su 08:00-00:00"
        },
        "tags": [
          "zeitschriften",
          "eis",
          "sekt",
          "wein",
          "snacks",
          "backwaren",
          "applewoi",
          "stehtisch"
        ],
        "sources": [
          {
            "type": "hopfenstop",
            "id": "37289479-c8c6-49e6-8685-5dce9aaf2ce6"
          }
        ],
        "created": "2026-05-19",
        "updated": "2026-05-19"
      }
    },
    {
      "type": "Feature",
      "geometry": {
        "type": "Point",
        "coordinates": [
          8.668339017106696,
          50.10760427872125
        ]
      },
      "properties": {
        "id": "tk_fr_0038",
        "name": "City Kiosk Yok Yok",
        "description": "Umfassende Bierauswahl, der Großteil KALT!  Bei gutem Wetter werden Stehtische davor aufgestellt und Musik gibt's auch!",
        "address": {
          "street": "Münchener Straße",
          "number": "32",
          "postalcode": "60329",
          "city": "Frankfurt am Main",
          "district": "Bahnhofsviertel"
        },
        "hours": {
          "raw": "Mo-Sa 10:00-02:00; Su 10:00-00:00"
        },
        "tags": [
          "mate",
          "schnaps",
          "musik",
          "klassiker",
          "flair",
          "wc",
          "sonne",
          "craft_bier",
          "innenraum",
          "snacks",
          "ueberdacht",
          "wein",
          "applewoi",
          "fritz_kola",
          "gemuetlich",
          "stehtisch",
          "longpapes",
          "eis",
          "gemischte_tuete",
          "kaffee",
          "sekt",
          "barrierefrei"
        ],
        "sources": [
          {
            "type": "hopfenstop",
            "id": "f4b59b61-efff-4a59-960d-9f30823bd83d"
          }
        ],
        "created": "2026-05-19",
        "updated": "2026-05-19"
      }
    },
    {
      "type": "Feature",
      "geometry": {
        "type": "Point",
        "coordinates": [
          8.654676296569946,
          50.07953412072256
        ]
      },
      "properties": {
        "id": "tk_fr_0039",
        "name": "Kiosk Oberforsthaus",
        "description": "Das Kiosk am Oberforsthaus kann man getrost als eine Institution für alle durstigen Eintrachtler bezeichnen. Denn an den Heimspielen der SGE versorgt das nette Paar seine Gäste mit allerlei Biersorten, Ebbelwoi vom Walther, Spirituosen und Speisen wie Brat- und Currywurst sowie Frikadellen, die frisch von einem Biometzger geliefert werden. Preistechnisch bewegt sich der Kiosk im grünen Bereich und bei schönem Wetter wird auch schon mal die Bierzeltgarnitur ausgepackt. Einziger Wermutstropfen: Der Kiosk öffnet leider nur an den Heimspielen der Frankfurter Eintracht.",
        "address": {
          "street": "Schwarzwaldstraße",
          "number": "155",
          "postalcode": "60528",
          "city": "Frankfurt am Main",
          "district": "Niederrad"
        },
        "tags": [
          "wc"
        ],
        "sources": [
          {
            "type": "hopfenstop",
            "id": "460626e2-8a7b-4bb1-aaec-45252e588bc9"
          }
        ],
        "created": "2026-05-19",
        "updated": "2026-05-19"
      }
    },
    {
      "type": "Feature",
      "geometry": {
        "type": "Point",
        "coordinates": [
          8.677517988540634,
          50.140468447331024
        ]
      },
      "properties": {
        "id": "tk_fr_0040",
        "name": "Wasserhäuschen am Bunker",
        "description": "Liegt auf einem Grünstreifen. Holzgebautes Büdchen mit einer großen Auswahl. Im Sommer steht es sich hier am Bistrotisch super gemütlich! Es gibt immer etwas zu hören und zu sehen.",
        "address": {
          "street": "Kaiser-Sigmund-Straße",
          "number": "81",
          "postalcode": "60320",
          "city": "Frankfurt am Main",
          "district": "Dornbusch"
        },
        "hours": {
          "raw": "Mo-Su 07:00-23:00"
        },
        "tags": [
          "gemuetlich",
          "zeitschriften",
          "gemischte_tuete",
          "kaffee",
          "lotto",
          "sitzgelegenheiten",
          "snacks",
          "applewoi",
          "innenraum",
          "sekt",
          "wc",
          "ueberdacht",
          "musik"
        ],
        "sources": [
          {
            "type": "hopfenstop",
            "id": "95f6e126-1793-4bbe-9492-6111e1164b32"
          }
        ],
        "created": "2026-05-19",
        "updated": "2026-05-19"
      }
    },
    {
      "type": "Feature",
      "geometry": {
        "type": "Point",
        "coordinates": [
          8.695365407325868,
          50.1832467287672
        ]
      },
      "properties": {
        "id": "tk_fr_0041",
        "name": "Häusi",
        "description": "Treffpunkt für Jung & Alt.  Wer hierzu mehr Informationen hat, bitte über den Link \"Änderung Vorschlagen\" eintragen!",
        "address": {
          "street": "Harheimer Stadtweg",
          "number": "2",
          "postalcode": "60437",
          "city": "Frankfurt am Main"
        },
        "hours": {
          "raw": "Mo-Fr 14:00-20:00; Sa-Su 11:00-20:00"
        },
        "tags": [
          "wc",
          "applewoi",
          "schnaps",
          "sitzgelegenheiten",
          "innenraum",
          "musik",
          "ueberdacht"
        ],
        "sources": [
          {
            "type": "hopfenstop",
            "id": "877eedd2-edc1-44b2-9473-12c399ead711"
          }
        ],
        "created": "2026-05-19",
        "updated": "2026-05-19"
      }
    },
    {
      "type": "Feature",
      "geometry": {
        "type": "Point",
        "coordinates": [
          8.646719938028763,
          50.139454989324655
        ]
      },
      "properties": {
        "id": "tk_fr_0042",
        "name": "Trinkhalle Eichenloh",
        "description": "Sehr kompakte Trinkhalle in der Ginnheimer Landstraße. Durch die klassische Bretterbauweise macht dieses Häuschen direkt einen traditionellen Eindruck und man kommt sich willkommen vor. Die Bauweise entspricht dem der alten Jöst-Häuschen.",
        "address": {
          "street": "Mahräckerstraße",
          "number": "12",
          "postalcode": "60431",
          "city": "Frankfurt am Main",
          "district": "Ginnheim"
        },
        "tags": [
          "wc",
          "gemischte_tuete",
          "sonne",
          "applewoi",
          "snacks",
          "kaffee"
        ],
        "sources": [
          {
            "type": "hopfenstop",
            "id": "61b143c5-0d0d-4b66-90fb-1641e139f293"
          }
        ],
        "created": "2026-05-19",
        "updated": "2026-05-19"
      }
    },
    {
      "type": "Feature",
      "geometry": {
        "type": "Point",
        "coordinates": [
          8.548323,
          50.099522
        ]
      },
      "properties": {
        "id": "tk_fr_0043",
        "name": "Trinkhalle Bolongarostraße I",
        "description": "In-House Kiosk in der Bolongarostraße. Die Auswahl ist standard. Diverse Biere, Zeitschriften, Eis. Und natürlich Zigaretten!",
        "address": {
          "street": "Bolongarostraße",
          "number": "147",
          "postalcode": "65929",
          "city": "Frankfurt am Main",
          "district": "Höchst"
        },
        "hours": {
          "raw": "Mo-Sa 08:00-00:00"
        },
        "tags": [
          "eis",
          "zeitschriften",
          "applewoi",
          "fritz_kola",
          "craft_bier"
        ],
        "sources": [
          {
            "type": "hopfenstop",
            "id": "de0ce543-ed9d-4ff1-b8ec-73507719129b"
          }
        ],
        "created": "2026-05-19",
        "updated": "2026-05-19"
      }
    },
    {
      "type": "Feature",
      "geometry": {
        "type": "Point",
        "coordinates": [
          8.546049061490697,
          50.10513052572001
        ]
      },
      "properties": {
        "id": "tk_fr_0044",
        "name": "Kiosk Gerlachstraße",
        "description": "Mittelgroßer In-House Kiosk. Zeitungen, Bierchen, andere Getränke etc. werden hier verkauft. Gemischte Tüte gibt es auch!  Leider kein Kaugummiautomat vor der Tür..",
        "address": {
          "street": "Gerlachstraße",
          "number": "30",
          "postalcode": "65929",
          "city": "Frankfurt am Main",
          "district": "Höchst"
        },
        "tags": [
          "gemischte_tuete"
        ],
        "sources": [
          {
            "type": "hopfenstop",
            "id": "7eb63936-3376-4a96-a07c-b078a12b4e74"
          }
        ],
        "created": "2026-05-19",
        "updated": "2026-05-19"
      }
    },
    {
      "type": "Feature",
      "geometry": {
        "type": "Point",
        "coordinates": [
          8.623824447954629,
          50.14803542448734
        ]
      },
      "properties": {
        "id": "tk_fr_0045",
        "name": "Trinkhalle Praunheimer Brücke",
        "description": "Frankfurter Institution! Größenmäßig fast schon ein Supermarkt und trotzdem eine Trinkhalle! Geht nicht? Geht doch! Und zwar hier! Die Auswahl lässt wirklich wenig wünsche offen. Direkt an der Buga gelegen kann man sich hier super für den Sommertag auf dem Gelände der ehemaligen Bundesgartenschau versorgen! Muss bleiben; wird bleiben!",
        "address": {
          "street": "Praunheimer Landstraße",
          "number": "228",
          "postalcode": "60488",
          "city": "Frankfurt am Main",
          "district": "Praunheim"
        },
        "hours": {
          "raw": "Mo-Su 07:00-21:00"
        },
        "tags": [
          "chillout",
          "eis",
          "flair",
          "gemuetlich",
          "kaffee",
          "kuchen",
          "lotto",
          "snacks",
          "sitzgelegenheiten",
          "ueberdacht",
          "backwaren",
          "fritz_kola",
          "mate",
          "rubbellose",
          "zeitschriften",
          "schnaps",
          "sekt",
          "sonne",
          "wc",
          "applewoi",
          "wein",
          "stehtisch",
          "musik",
          "gemischte_tuete",
          "klassiker"
        ],
        "sources": [
          {
            "type": "hopfenstop",
            "id": "2ebe5ee8-deec-4632-b5ef-e5a0001ae6dd"
          }
        ],
        "created": "2026-05-19",
        "updated": "2026-05-19"
      }
    },
    {
      "type": "Feature",
      "geometry": {
        "type": "Point",
        "coordinates": [
          8.625381209709191,
          50.131250022901106
        ]
      },
      "properties": {
        "id": "tk_fr_0046",
        "name": "Internet Telekiosk",
        "description": "Kleines Kiosk, Anlaufstelle für Schüler, die Süßigkeiten kaufen wollen, für Menschen, die ihr Feierabendbier trinken wollen oder für den Nachbarn, der eben mal einen Liter Milch braucht.",
        "address": {
          "street": "Hausener Obergasse",
          "number": "36",
          "postalcode": "60488",
          "city": "Frankfurt am Main",
          "district": "Hausen"
        },
        "hours": {
          "raw": "Mo-Su 06:00-23:00"
        },
        "tags": [
          "milch",
          "lotto",
          "paketshop",
          "gemischte_tuete",
          "sekt",
          "rubbellose",
          "snacks",
          "schnaps",
          "eis"
        ],
        "sources": [
          {
            "type": "hopfenstop",
            "id": "b405ffcb-656d-431a-8d55-5e83a3164007"
          }
        ],
        "created": "2026-05-19",
        "updated": "2026-05-19"
      }
    },
    {
      "type": "Feature",
      "geometry": {
        "type": "Point",
        "coordinates": [
          8.506113,
          50.089039
        ]
      },
      "properties": {
        "id": "tk_fr_0047",
        "name": "Kiosk Hermann-Küsterstr.",
        "description": "alteingesessener Kiosk in FfM-Sindlingen, freistehende Bude mit Vordach, kein Gastraum. mittelgrosses Sortiment, vor 20 Jahren war die gemischte Tüte genial... ",
        "address": {
          "street": "Hermann-Küster-Straße",
          "number": "7",
          "postalcode": "65931",
          "city": "Frankfurt am Main",
          "district": "Sindlingen"
        },
        "hours": {
          "raw": "Mo-Fr 06:00-20:00; Sa 07:00-20:00; Su 09:00-14:00"
        },
        "tags": [
          "gemischte_tuete",
          "lotto",
          "wc",
          "eis",
          "sekt",
          "applewoi",
          "wein",
          "zeitschriften"
        ],
        "sources": [
          {
            "type": "hopfenstop",
            "id": "4ae7513c-0a70-4488-b315-8a4a4b1c57c2"
          }
        ],
        "created": "2026-05-19",
        "updated": "2026-05-19"
      }
    },
    {
      "type": "Feature",
      "geometry": {
        "type": "Point",
        "coordinates": [
          8.650776364662274,
          50.15904087555144
        ]
      },
      "properties": {
        "id": "tk_fr_0048",
        "name": "Am windigen Eck",
        "description": "Der Klassiker unter den Trinkhallen in Heddernheim!  Geöffnet: Mo. - So. 09:00 - 22:00 Uhr",
        "address": {
          "street": "Herborner Straße",
          "number": "1",
          "postalcode": "60439",
          "city": "Frankfurt am Main",
          "district": "Heddernheim"
        },
        "hours": {
          "raw": "Mo-Su 09:00-22:00"
        },
        "tags": [
          "eis",
          "klassiker",
          "wc",
          "wein",
          "schnaps",
          "snacks",
          "sitzgelegenheiten",
          "ueberdacht",
          "innenraum",
          "sonne",
          "applewoi",
          "sekt",
          "mate",
          "barrierefrei",
          "gemuetlich",
          "stehtisch",
          "gemischte_tuete",
          "kaffee",
          "chillout",
          "flair"
        ],
        "sources": [
          {
            "type": "hopfenstop",
            "id": "f9b6c20b-529e-488a-a920-deb9923e29dc"
          }
        ],
        "created": "2026-05-19",
        "updated": "2026-05-19"
      }
    },
    {
      "type": "Feature",
      "geometry": {
        "type": "Point",
        "coordinates": [
          8.50659690127531,
          50.09702902163731
        ]
      },
      "properties": {
        "id": "tk_fr_0049",
        "name": "Trinkhalle Pfaffenwiese",
        "description": "Gepflegtes kleines Wasserhäuschen, Raucherraum mit Spielautomaten und Sitzgelegenheiten, kleiner Nichtraucheraum vor den Toiletten, im Sommer Sitzbänke im Freien. Nette Leute. günstige Preise. Samstags jedes Bier 1 Euro (0,5L)",
        "address": {
          "street": "Pfaffenwiese",
          "number": "58",
          "postalcode": "65931",
          "city": "Frankfurt am Main",
          "district": "Zeilsheim"
        },
        "hours": {
          "raw": "Mo-Th 10:00-23:00; Fr-Sa 09:00-00:00; Su 10:00-23:00"
        },
        "tags": [
          "sitzgelegenheiten",
          "wc"
        ],
        "sources": [
          {
            "type": "hopfenstop",
            "id": "ac8ee1e0-fbce-4ed6-9158-7033d6ca8dfc"
          }
        ],
        "created": "2026-05-19",
        "updated": "2026-05-19"
      }
    },
    {
      "type": "Feature",
      "geometry": {
        "type": "Point",
        "coordinates": [
          8.676842071868862,
          50.12728166833746
        ]
      },
      "properties": {
        "id": "tk_fr_0050",
        "name": "Trinkhalle Eysseneckstraße",
        "description": "früher als Jost bekannt. Schönes am Holzhausenpark gelegenes Wasserhäuschen.  Wer hierzu mehr Informationen hat, bitte über den Link \"Änderung Vorschlagen\" eintragen!",
        "address": {
          "street": "Eysseneckstraße",
          "number": "3",
          "postalcode": "60322",
          "city": "Frankfurt am Main",
          "district": "Nordend-West"
        },
        "hours": {
          "raw": "Mo-Fr 07:00-19:00; Su 08:00-19:00"
        },
        "tags": [
          "eis",
          "sonne",
          "gemuetlich",
          "gemischte_tuete",
          "applewoi"
        ],
        "sources": [
          {
            "type": "hopfenstop",
            "id": "bddcf283-09f9-4eed-bfe2-e6dc706cee3d"
          }
        ],
        "created": "2026-05-19",
        "updated": "2026-05-19"
      }
    },
    {
      "type": "Feature",
      "geometry": {
        "type": "Point",
        "coordinates": [
          8.627870859524544,
          50.097198685872215
        ]
      },
      "properties": {
        "id": "tk_fr_0051",
        "name": "Trinkhalle Ackermannstr",
        "description": "Klassisches Wasserhäuschen.  Kioskbesitzer super freundlich.   Geöffnet Di-So. bis 21.00.  Mo. Ruhetag. ",
        "address": {
          "street": "Ackermannstraße",
          "number": "4",
          "postalcode": "60326",
          "city": "Frankfurt am Main",
          "district": "Gallus"
        },
        "hours": {
          "raw": "Tu 10:00-21:00; We-Su 09:00-21:00"
        },
        "tags": [
          "applewoi",
          "chillout",
          "kaffee",
          "klassiker",
          "wc",
          "sitzgelegenheiten",
          "ueberdacht",
          "gemischte_tuete"
        ],
        "sources": [
          {
            "type": "hopfenstop",
            "id": "5fabe25f-9e35-4761-8702-97c525f23098"
          }
        ],
        "created": "2026-05-19",
        "updated": "2026-05-19"
      }
    },
    {
      "type": "Feature",
      "geometry": {
        "type": "Point",
        "coordinates": [
          8.667518713333097,
          50.13777290383317
        ]
      },
      "properties": {
        "id": "tk_fr_0052",
        "name": "Trinkhalle Dornbusch",
        "description": "Binding 1.4. Diverse Lebensmittel ebenfalls erhältlich, sowie Presse und Tabak. Stets freundlicher Service.",
        "address": {
          "street": "Am Dornbusch",
          "number": "24",
          "postalcode": "60320",
          "city": "Frankfurt am Main",
          "district": "Dornbusch"
        },
        "hours": {
          "raw": "Mo-Fr 06:00-23:00; Sa 07:00-23:00; Su 08:00-23:00"
        },
        "tags": [
          "eis",
          "gemischte_tuete",
          "kaffee",
          "mate",
          "sekt",
          "snacks",
          "ueberdacht",
          "wein",
          "applewoi",
          "fritz_kola",
          "longpapes",
          "stehtisch",
          "gemuetlich"
        ],
        "sources": [
          {
            "type": "hopfenstop",
            "id": "e96745be-75d4-40e7-861f-0d696dd4c655"
          }
        ],
        "created": "2026-05-19",
        "updated": "2026-05-19"
      }
    },
    {
      "type": "Feature",
      "geometry": {
        "type": "Point",
        "coordinates": [
          8.651141145088202,
          50.08312792861392
        ]
      },
      "properties": {
        "id": "tk_fr_0053",
        "name": "Trinkhalle an der Rennbahn",
        "description": "Das Büdchen an der Haltestelle \"Rennbahn\" besticht durch sein reichhaltiges Getränkesortiment, dass stolz in der Auslage zur Schau gestellt wird. Die Bedienung ist flott und freundlich, die Preise sind absolut in Ordnung und wenn die Sonne untergegangen ist, wird flotte Musik sowie ein Discolicht angeschmissen (True Story). Nicht nur vor Eintrachtspielen zu empfehlen.",
        "address": {
          "street": "Rennbahnstraße",
          "number": "76",
          "postalcode": "60528",
          "city": "Frankfurt am Main",
          "district": "Niederrad"
        },
        "hours": {
          "raw": "Mo-Fr 06:00-22:00; Sa-Su 09:00-22:00"
        },
        "tags": [
          "musik",
          "sonne",
          "wc",
          "eis",
          "gemischte_tuete",
          "kaffee",
          "applewoi",
          "ueberdacht",
          "snacks",
          "sekt",
          "wein",
          "mate",
          "stehtisch"
        ],
        "sources": [
          {
            "type": "hopfenstop",
            "id": "f6e41074-101a-4ea7-8d17-c01773c9a27f"
          }
        ],
        "created": "2026-05-19",
        "updated": "2026-05-19"
      }
    },
    {
      "type": "Feature",
      "geometry": {
        "type": "Point",
        "coordinates": [
          8.69193754420465,
          50.143961425718615
        ]
      },
      "properties": {
        "id": "tk_fr_0054",
        "name": "Imbiss Kiosk am US Konsulat",
        "description": "Imbiss und Kiosk zugleich. Zeitschriften und die breite Produktpalette eines Kiosk im Produktportfolio. Unterstand-Innenraum.  Direkt neben dem US-Konsulat gelegen macht sich der Betreiber eines zum Vorteil: Man darf kaum etwas mit in das Konsulat hinein nehmen. Deshalb bietet - so sagt die Legende - dieser Betreiber seinen Kunden auch Schließfächer an und günstige Telefonmöglichkeiten.  Glaubt ihr nicht? Schaut selbst vorbei!",
        "address": {
          "street": "Marbachweg",
          "number": "401",
          "postalcode": "60320",
          "city": "Frankfurt am Main",
          "district": "Eckenheim"
        },
        "hours": {
          "raw": "Mo-Su 07:00-20:00"
        },
        "tags": [
          "paketshop",
          "zeitschriften",
          "innenraum",
          "stehtisch",
          "gemischte_tuete",
          "ueberdacht",
          "kaffee",
          "snacks",
          "sitzgelegenheiten",
          "sonne",
          "applewoi"
        ],
        "sources": [
          {
            "type": "hopfenstop",
            "id": "8590f0c2-7a84-42f3-9588-8c5d3bf66fe3"
          }
        ],
        "created": "2026-05-19",
        "updated": "2026-05-19"
      }
    },
    {
      "type": "Feature",
      "geometry": {
        "type": "Point",
        "coordinates": [
          8.75018439517214,
          50.15485127983427
        ]
      },
      "properties": {
        "id": "tk_fr_0055",
        "name": "Kiosk Marktstraße",
        "description": "Wasserhäuschen alteingesessen. Alleinstehend und gemauert.   Wer hierzu mehr Informationen hat, bitte über den Link \"Änderung Vorschlagen\" eintragen!",
        "address": {
          "street": "Marktstraße",
          "number": "6",
          "postalcode": "60388",
          "city": "Frankfurt am Main"
        },
        "hours": {
          "raw": "Mo-Fr 07:30-20:30; Sa 08:00-20:30; Su 09:00-20:30"
        },
        "tags": [
          "gemischte_tuete",
          "sekt",
          "snacks",
          "ueberdacht"
        ],
        "sources": [
          {
            "type": "hopfenstop",
            "id": "52c671b4-c979-407b-9888-b626edac4f60"
          }
        ],
        "created": "2026-05-19",
        "updated": "2026-05-19"
      }
    },
    {
      "type": "Feature",
      "geometry": {
        "type": "Point",
        "coordinates": [
          8.686135067615178,
          50.12008423977302
        ]
      },
      "properties": {
        "id": "tk_fr_0056",
        "name": "Zum Durstlöscher",
        "description": "Gemütliches, symphatisches und gepflegtes Einkaufskiosk mit Stehausschank drinnen und 2-3 kleinen Tischen mit Stühlen draußen (wenn´s warm ist ! )",
        "address": {
          "street": "Eckenheimer Landstraße",
          "number": "1",
          "postalcode": "60318",
          "city": "Frankfurt am Main",
          "district": "Nordend-West"
        },
        "hours": {
          "raw": "Mo-Fr 10:00-22:00; Su 10:00-22:00"
        },
        "tags": [
          "gemischte_tuete",
          "applewoi",
          "sonne",
          "innenraum",
          "schnaps",
          "eis",
          "sitzgelegenheiten",
          "wc",
          "kaffee",
          "mate",
          "snacks",
          "ueberdacht"
        ],
        "sources": [
          {
            "type": "hopfenstop",
            "id": "cb27691f-c26e-4660-9975-0e74b6a0e01f"
          }
        ],
        "created": "2026-05-19",
        "updated": "2026-05-19"
      }
    },
    {
      "type": "Feature",
      "geometry": {
        "type": "Point",
        "coordinates": [
          8.690955934788128,
          50.12346760263912
        ]
      },
      "properties": {
        "id": "tk_fr_0057",
        "name": "Glücks-Theke",
        "description": "Kleines Kiosk mit Lotto, diversen Getränken, Snacks und Knabberzeug der Luxusklasse. In der Nähe des Friedberger Platzes gelegen und deshalb auch bei den Feiernden dort beliebt.  Studenten holen sich dort immer wieder gerne die Zeitung oder versuchen sich an Rubbellosen.",
        "address": {
          "street": "Koselstraße",
          "number": "10",
          "postalcode": "60318",
          "city": "Frankfurt am Main",
          "district": "Nordend-West"
        },
        "hours": {
          "raw": "Mo-Sa 07:00-22:00; Su 08:00-22:00"
        },
        "tags": [
          "snacks",
          "lotto",
          "postkarten",
          "zeitschriften",
          "craft_bier",
          "kaffee",
          "eis",
          "gemischte_tuete",
          "innenraum",
          "mate",
          "sonne",
          "ueberdacht",
          "applewoi"
        ],
        "sources": [
          {
            "type": "hopfenstop",
            "id": "757d4183-2732-4a84-97b3-802946c0eb17"
          }
        ],
        "created": "2026-05-19",
        "updated": "2026-05-19"
      }
    },
    {
      "type": "Feature",
      "geometry": {
        "type": "Point",
        "coordinates": [
          8.691299,
          50.121915
        ]
      },
      "properties": {
        "id": "tk_fr_0058",
        "name": "Trinkhalle Merianstraße",
        "description": "Symphatisches,gut geführtes Nachbarschafts-Häusche mit kleinem Innenbereich, seitlich der Friedberger- Landstrasse",
        "address": {
          "street": "Merianstraße",
          "number": "49-51",
          "postalcode": "60316",
          "city": "Frankfurt am Main",
          "district": "Nordend-Ost"
        },
        "hours": {
          "raw": "Mo-Fr 07:00-23:00; Sa-Su 09:00-23:00"
        },
        "tags": [
          "wc",
          "stehtisch",
          "craft_bier",
          "innenraum",
          "kaffee",
          "sekt",
          "applewoi",
          "flair",
          "snacks",
          "gemischte_tuete",
          "zeitschriften",
          "eis"
        ],
        "sources": [
          {
            "type": "hopfenstop",
            "id": "02ca7014-3d1b-491f-adee-62d152bb1733"
          }
        ],
        "created": "2026-05-19",
        "updated": "2026-05-19"
      }
    },
    {
      "type": "Feature",
      "geometry": {
        "type": "Point",
        "coordinates": [
          8.641651382200239,
          50.123655815578196
        ]
      },
      "properties": {
        "id": "tk_fr_0059",
        "name": "Kiosk 85",
        "description": "Kleiner, gut sortierter Kiosk mit DHL Paketannahme und Lotto. Innenraum begehbar.",
        "address": {
          "street": "Leipziger Straße",
          "number": "85-89",
          "postalcode": "60487",
          "city": "Frankfurt am Main",
          "district": "Bockenheim"
        },
        "hours": {
          "raw": "Mo-Sa 08:00-19:00"
        },
        "tags": [
          "zeitschriften",
          "lotto",
          "paketshop",
          "sekt",
          "innenraum",
          "applewoi",
          "rubbellose",
          "flair",
          "milch"
        ],
        "sources": [
          {
            "type": "hopfenstop",
            "id": "9e09b297-6058-4315-b738-6b9bb50a6bd2"
          }
        ],
        "created": "2026-05-19",
        "updated": "2026-05-19"
      }
    },
    {
      "type": "Feature",
      "geometry": {
        "type": "Point",
        "coordinates": [
          8.647506751872934,
          50.12312010647047
        ]
      },
      "properties": {
        "id": "tk_fr_0060",
        "name": "Trinkhalle Am Weingarten",
        "description": "Netter Betreiber, der immer bester Laune ist. Große Auswahl an Zeitschriften, Tabakwaren und Süßigkeiten.",
        "address": {
          "street": "Am Weingarten",
          "number": "15",
          "postalcode": "60487",
          "city": "Frankfurt am Main",
          "district": "Bockenheim"
        },
        "tags": [
          "zeitschriften",
          "wc"
        ],
        "sources": [
          {
            "type": "hopfenstop",
            "id": "1646d5bb-7e69-4cd3-b62c-5db0c07aa14d"
          }
        ],
        "created": "2026-05-19",
        "updated": "2026-05-19"
      }
    },
    {
      "type": "Feature",
      "geometry": {
        "type": "Point",
        "coordinates": [
          8.647089668371152,
          50.12212096689114
        ]
      },
      "properties": {
        "id": "tk_fr_0061",
        "name": "Kiosk Prinz Mohebi DPD Shop",
        "description": "Kiosk mit großer Auswahl an Zeitschriften",
        "address": {
          "street": "Leipziger Straße",
          "number": "42A",
          "postalcode": "60487",
          "city": "Frankfurt am Main",
          "district": "Bockenheim"
        },
        "hours": {
          "raw": "Mo-Fr 07:00-19:00; Sa 08:30-18:00"
        },
        "tags": [
          "eis",
          "mate"
        ],
        "sources": [
          {
            "type": "hopfenstop",
            "id": "1618fe4a-7800-4773-a546-b1db50fd1cff"
          }
        ],
        "created": "2026-05-19",
        "updated": "2026-05-19"
      }
    },
    {
      "type": "Feature",
      "geometry": {
        "type": "Point",
        "coordinates": [
          8.681653954841623,
          50.1244992631598
        ]
      },
      "properties": {
        "id": "tk_fr_0062",
        "name": "Trinkhalle Adlerflychplatz",
        "description": "Die Trinkhalle am Adlerflychplatz liegt umringt von ein paar großen alten Bäumen am Oeder Weg und lädt nicht nur im Sommer zum verweilen ein. Das Sortiment ist reichhaltig, preislich absolut in Ordnung und mit dem übergroßen Eintrachtwappen an der Kioskfront auch zum Posendurchaus geeignet. Ach ja, wenn einem der Hunger zwischen den Schoppen überkommen sollte: 20 Meter weiter runter gibt es den \"Aroma Falafel\", der bekanntlich zu den schmackhaftesten Imbissen der Stadt gehört. Pissoir vorhanden.",
        "address": {
          "street": "Oeder Weg",
          "number": "96",
          "postalcode": "60318",
          "city": "Frankfurt am Main",
          "district": "Nordend-West"
        },
        "hours": {
          "raw": "Mo-Sa 07:00-23:00; Su 08:00-23:00"
        },
        "tags": [
          "mate",
          "klassiker",
          "zeitschriften",
          "ueberdacht",
          "snacks",
          "sekt",
          "schnaps",
          "postkarten",
          "kaffee",
          "wc",
          "longpapes",
          "sitzgelegenheiten",
          "wein",
          "applewoi",
          "rubbellose",
          "sonne",
          "flair",
          "gemischte_tuete",
          "lotto",
          "fritz_kola",
          "stehtisch"
        ],
        "sources": [
          {
            "type": "hopfenstop",
            "id": "bf384656-6714-494f-b1b5-3c4eb91498bd"
          }
        ],
        "created": "2026-05-19",
        "updated": "2026-05-19"
      }
    },
    {
      "type": "Feature",
      "geometry": {
        "type": "Point",
        "coordinates": [
          8.675610990351847,
          50.114595919977646
        ]
      },
      "properties": {
        "id": "tk_fr_0063",
        "name": "Kiosk Fressgass ",
        "description": "Kleines Kiosk in der Innenstadt. Richtig schön vollgeladen mit allerlei Büdchenkram. Spezialisiert auf die Touristen erhält man hier auch verhältnismäßig viele Postkarten. ",
        "address": {
          "street": "Fressgass",
          "number": "12-16",
          "postalcode": "60313",
          "city": "Frankfurt am Main",
          "district": "Innenstadt"
        },
        "tags": [
          "lotto",
          "postkarten",
          "flair",
          "mate",
          "stehtisch",
          "ueberdacht",
          "sonne",
          "wein",
          "applewoi",
          "sekt",
          "kaffee"
        ],
        "sources": [
          {
            "type": "hopfenstop",
            "id": "abec086a-d7a8-40dd-94c2-1655d0c39a71"
          }
        ],
        "created": "2026-05-19",
        "updated": "2026-05-19"
      }
    },
    {
      "type": "Feature",
      "geometry": {
        "type": "Point",
        "coordinates": [
          8.705123283721912,
          50.12189912412131
        ]
      },
      "properties": {
        "id": "tk_fr_0064",
        "name": "Kiosk Würzburger Straße",
        "description": "Kiosk mit Internet-Cafe, große Bierauswahl (u.a. Augustiner, Tegernseer hell, Tannezäpfle, Pilsener Urquell... und und und",
        "address": {
          "street": "Würzburger Straße",
          "number": "12",
          "postalcode": "60385",
          "city": "Frankfurt am Main",
          "district": "Ostend"
        },
        "hours": {
          "raw": "Mo-Th 08:00-22:00; Su 08:00-22:00"
        },
        "tags": [
          "craft_bier"
        ],
        "sources": [
          {
            "type": "hopfenstop",
            "id": "5520a6b4-643d-45f9-83c2-9a501362e282"
          }
        ],
        "created": "2026-05-19",
        "updated": "2026-05-19"
      }
    },
    {
      "type": "Feature",
      "geometry": {
        "type": "Point",
        "coordinates": [
          8.712608719620226,
          50.135615676890914
        ]
      },
      "properties": {
        "id": "tk_fr_0065",
        "name": "Trinkhalle Merz",
        "description": "Alt eingesessener Kiosk und Trinkhalle vom Inhaberpaar geführt . Viele Stammkunden viele verschiedene Biersorten , auch Messeneuheiten . DHL-Shop ",
        "address": {
          "street": "Seckbacher Landstraße",
          "number": "72",
          "postalcode": "60389",
          "city": "Frankfurt am Main",
          "district": "Bornheim"
        },
        "hours": {
          "raw": "Mo-Fr 08:00-20:00; Sa 11:00-20:00; Su 09:00-20:00"
        },
        "tags": [
          "eis",
          "applewoi",
          "ueberdacht"
        ],
        "sources": [
          {
            "type": "hopfenstop",
            "id": "5f584d8c-e4dc-4690-80c4-3e14b2775078"
          }
        ],
        "created": "2026-05-19",
        "updated": "2026-05-19"
      }
    },
    {
      "type": "Feature",
      "geometry": {
        "type": "Point",
        "coordinates": [
          8.626544,
          50.1654
        ]
      },
      "properties": {
        "id": "tk_fr_0066",
        "name": "Heinrichs Trinkhalle",
        "description": "Wasserhäuschen mit Außenbereich mit Sitzgelegenheiten. Inkl. SKY DHL Shop",
        "address": {
          "street": "Niederurseler Landstraße",
          "number": "54",
          "postalcode": "60439",
          "city": "Frankfurt am Main",
          "district": "Niederursel"
        },
        "hours": {
          "raw": "Mo-Su 07:00-21:00"
        },
        "tags": [
          "sitzgelegenheiten",
          "gemischte_tuete",
          "ueberdacht",
          "snacks",
          "applewoi",
          "sonne",
          "kaffee",
          "wc",
          "eis",
          "mate",
          "musik"
        ],
        "sources": [
          {
            "type": "hopfenstop",
            "id": "4a75b2c0-307d-4759-9f80-f6c0a1295cd0"
          }
        ],
        "created": "2026-05-19",
        "updated": "2026-05-19"
      }
    },
    {
      "type": "Feature",
      "geometry": {
        "type": "Point",
        "coordinates": [
          8.653431751586833,
          50.09284087707363
        ]
      },
      "properties": {
        "id": "tk_fr_0067",
        "name": "Trinkhalle am Blutspendedienst",
        "description": "Ein schickes frankfurter büdchen an der heinrich-hoffmannstraße mit dem klassischen Feierabendbier-Flair!",
        "address": {
          "street": "Sandhofstraße",
          "number": "3-5",
          "postalcode": "60528",
          "city": "Frankfurt am Main",
          "district": "Niederrad"
        },
        "tags": [
          "flair",
          "snacks",
          "wc",
          "eis",
          "gemischte_tuete",
          "innenraum",
          "kaffee",
          "lotto",
          "sitzgelegenheiten",
          "sonne",
          "ueberdacht",
          "wein",
          "applewoi",
          "fritz_kola",
          "zeitschriften",
          "rubbellose"
        ],
        "sources": [
          {
            "type": "hopfenstop",
            "id": "f8f7634b-8992-4e83-aa17-ae0da8ff7478"
          }
        ],
        "created": "2026-05-19",
        "updated": "2026-05-19"
      }
    },
    {
      "type": "Feature",
      "geometry": {
        "type": "Point",
        "coordinates": [
          8.651333100705145,
          50.088201500020546
        ]
      },
      "properties": {
        "id": "tk_fr_0068",
        "name": "Kiyani",
        "description": "Ein büdchen direkt auf der Verkehrinsel gelegen, Perfekt geeignet um während der Öden Warterei auf die Anschlussbahn sich etwas nettes zu gönnen",
        "address": {
          "street": "Rennbahnstraße",
          "postalcode": "60528",
          "city": "Frankfurt am Main",
          "district": "Sachsenhausen-Süd"
        },
        "tags": [
          "applewoi",
          "kaffee",
          "ueberdacht",
          "eis"
        ],
        "sources": [
          {
            "type": "hopfenstop",
            "id": "e9232dc5-8f05-4d31-96e4-b5b0de78fa2e"
          }
        ],
        "created": "2026-05-19",
        "updated": "2026-05-19"
      }
    },
    {
      "type": "Feature",
      "geometry": {
        "type": "Point",
        "coordinates": [
          8.68831522093006,
          50.105655376861996
        ]
      },
      "properties": {
        "id": "tk_fr_0069",
        "name": "Trinkhalle Elisabethenstraße",
        "description": "Direkt an der Bushaltestelle \"Elisabethenstrasse\" liegt neben einer Hinterhofeinfahrt diese schmucke Trinkhalle, die allerhand zu bieten hat. Sei es die exquisite und zugleich geldbeutelfreundliche Bierauswahl, die warmen Speisen, diverse Zeitungen oder die Naschereien für die gemischte Tüte. Hier bekommt der Kunde allerhand für seine Euronen. Weiterer Pluspunkt: Das durchweg freundliche Personal, das schon mal das Hoftor für die Anwohner offenhält und für den ein oder anderen Schwatz ein offenes Ohr hat.",
        "address": {
          "street": "Elisabethenstraße",
          "number": "45-47",
          "postalcode": "60594",
          "city": "Frankfurt am Main",
          "district": "Sachsenhausen"
        },
        "hours": {
          "raw": "Mo-Th 08:00-23:00; Fr-Sa 08:00-01:00; Su 08:00-23:00"
        },
        "tags": [
          "gemischte_tuete",
          "applewoi",
          "ueberdacht",
          "snacks",
          "kaffee",
          "mate",
          "sekt"
        ],
        "sources": [
          {
            "type": "hopfenstop",
            "id": "8deccfa4-1659-4f47-bd82-f3b88c73db7a"
          }
        ],
        "created": "2026-05-19",
        "updated": "2026-05-19"
      }
    },
    {
      "type": "Feature",
      "geometry": {
        "type": "Point",
        "coordinates": [
          8.69197844789221,
          50.12363170601517
        ]
      },
      "properties": {
        "id": "tk_fr_0070",
        "name": "Kiosk Friedberger Platz",
        "description": "Der Friedberger Platz wird seit Jahren regelmäßig von Studenten, Jugendlichen und kommunikationsfreudigen Menschen aufgesucht. Unter dem Namen \"Friedberger Markt\" existiert hiermit seit geraumer Zeit immer wieder bis in die Nacht hinein ein ganz eigener Flair. Mittendrin befindet sich das Kiosk, welches mit verschiedenen Snacks, Getränken etc. den Anwesenden den Aufenthalt noch mehr versüßt. ",
        "address": {
          "street": "Friedberger Platz",
          "postalcode": "60316",
          "city": "Frankfurt am Main",
          "district": "Nordend-Ost"
        },
        "tags": [
          "zeitschriften",
          "flair",
          "snacks",
          "sonne",
          "ueberdacht",
          "sitzgelegenheiten",
          "chillout"
        ],
        "sources": [
          {
            "type": "hopfenstop",
            "id": "eee107c4-2896-4d8b-851a-ae48ab8a25a4"
          }
        ],
        "created": "2026-05-19",
        "updated": "2026-05-19"
      }
    },
    {
      "type": "Feature",
      "geometry": {
        "type": "Point",
        "coordinates": [
          8.581264235832228,
          50.0827010919673
        ]
      },
      "properties": {
        "id": "tk_fr_0071",
        "name": "M&E Kiosk",
        "description": "Supernetter Inhaber!! Angebot entspricht dem Standard. Eine super Location um von hier aus diverse Wanderungen zu starten und sich vorher noch schnell mit etwas Verpflegung einzudecken.",
        "address": {
          "street": "Rheinlandstraße",
          "number": "72",
          "postalcode": "60529",
          "city": "Frankfurt am Main",
          "district": "Schwanheim"
        },
        "hours": {
          "raw": "Tu-Fr 07:30-20:30; Sa-Su 10:00-20:30"
        },
        "tags": [
          "eis",
          "kaffee",
          "innenraum",
          "gemischte_tuete",
          "schnaps",
          "paketshop"
        ],
        "sources": [
          {
            "type": "hopfenstop",
            "id": "86bf34a0-caca-4495-b9f4-421d5660f7d6"
          }
        ],
        "created": "2026-05-19",
        "updated": "2026-05-19"
      }
    },
    {
      "type": "Feature",
      "geometry": {
        "type": "Point",
        "coordinates": [
          8.674932339050514,
          50.120963589812085
        ]
      },
      "properties": {
        "id": "tk_fr_0072",
        "name": "Kiosk Grüneburgweg",
        "description": "An diesem fast schon klassichen Kiosk gibt es neben einer riesen Auswahl an Zeitschriften auch etwas für den durstigen Kunden: Diverse Biere (1, 50 Euro), Softdrinks und Kaffee. Zum naschen gibt es Schokoriegel und Lotto spielen ist hier auch möglich. Vor Ort trinken ist hier nicht möglich aber um sich ein Bier für auf die Faust zu holen, ist diese Lokalität durchaus zu empfehlen...",
        "address": {
          "street": "Grüneburgweg",
          "number": "4",
          "postalcode": "60322",
          "city": "Frankfurt am Main",
          "district": "Westend-Nord"
        },
        "hours": {
          "raw": "Mo-Sa 06:00-19:00"
        },
        "tags": [
          "lotto",
          "zeitschriften",
          "postkarten",
          "kaffee",
          "paketshop",
          "innenraum",
          "mate",
          "sitzgelegenheiten",
          "sonne",
          "ueberdacht",
          "rubbellose"
        ],
        "sources": [
          {
            "type": "hopfenstop",
            "id": "815c63af-0de5-4467-81b7-ac5bf7385b65"
          }
        ],
        "created": "2026-05-19",
        "updated": "2026-05-19"
      }
    },
    {
      "type": "Feature",
      "geometry": {
        "type": "Point",
        "coordinates": [
          8.610429772049253,
          50.125753888539464
        ]
      },
      "properties": {
        "id": "tk_fr_0073",
        "name": "Kiosk am Lorscher Eck",
        "description": "Kiosk und Tabakladen mit essenziellem Trinker- und Raucherbedarf. Zeitschriften und Lotto gibt's als Exklusivleistung dazu",
        "address": {
          "street": "Lorscher Straße",
          "number": "9",
          "postalcode": "60489",
          "city": "Frankfurt am Main",
          "district": "Rödelheim"
        },
        "tags": [
          "lotto",
          "zeitschriften"
        ],
        "sources": [
          {
            "type": "hopfenstop",
            "id": "36152467-2f96-4fd5-bf64-b1039e3e8324"
          }
        ],
        "created": "2026-05-19",
        "updated": "2026-05-19"
      }
    },
    {
      "type": "Feature",
      "geometry": {
        "type": "Point",
        "coordinates": [
          8.630532172144283,
          50.1132170564172
        ]
      },
      "properties": {
        "id": "tk_fr_0074",
        "name": "Trinkhalle Kuhwald (Fikri)",
        "description": "Trinkhalle / Kiosk-Kombination. Mittlerweile mit Innenbereich. Direkt neben der Kuhwald-Klause gelegen bekommt man hier auch zu später und sehr früher Stunde alles, was das Trinkhallenherz begehrt!",
        "address": {
          "street": "Funckstraße",
          "number": "54",
          "postalcode": "60486",
          "city": "Frankfurt am Main",
          "district": "Bockenheim"
        },
        "hours": {
          "raw": "Mo-Su 09:00-20:00"
        },
        "tags": [
          "eis",
          "paketshop",
          "sitzgelegenheiten",
          "snacks",
          "zeitschriften",
          "backwaren",
          "gemischte_tuete"
        ],
        "sources": [
          {
            "type": "hopfenstop",
            "id": "606926b6-629f-4ef2-b4eb-54122d1181b2"
          }
        ],
        "created": "2026-05-19",
        "updated": "2026-05-19"
      }
    },
    {
      "type": "Feature",
      "geometry": {
        "type": "Point",
        "coordinates": [
          8.697988607742253,
          50.1447521236093
        ]
      },
      "properties": {
        "id": "tk_fr_0075",
        "name": "Wasserhäuschen Marbachweg",
        "description": "Freistehendes Büdchen mit freundlichem Personal. Typisches Angebot und Publikum. ",
        "address": {
          "street": "Marbachweg",
          "number": "69",
          "postalcode": "60435",
          "city": "Frankfurt am Main",
          "district": "Bornheim"
        },
        "hours": {
          "raw": "Mo-Su 10:00-22:00"
        },
        "sources": [
          {
            "type": "hopfenstop",
            "id": "78a86f1c-c633-4e92-83fe-bb76bdc9ba16"
          }
        ],
        "created": "2026-05-19",
        "updated": "2026-05-19"
      }
    },
    {
      "type": "Feature",
      "geometry": {
        "type": "Point",
        "coordinates": [
          8.638526293254095,
          50.082996762266625
        ]
      },
      "properties": {
        "id": "tk_fr_0076",
        "name": "Trinkhalle August-Belz-Anlage",
        "description": "Trinkhalle an der August-Belz-Anlage,schräg gegenüber vom EDEKA Markt in der Melibocusstraße in Niederrad,perfekt für ein Bier nach nem stressigen Einkauf ;) oder,wenn man sich nach ner Sbahnfahrt was gönnen möchte ",
        "address": {
          "street": "Melibocusstraße",
          "number": "52A",
          "postalcode": "60528",
          "city": "Frankfurt am Main",
          "district": "Niederrad"
        },
        "hours": {
          "raw": "Tu-Fr 10:00-20:00; Sa 12:30-21:30; Su 13:00-20:30"
        },
        "tags": [
          "wc",
          "applewoi",
          "ueberdacht",
          "sitzgelegenheiten",
          "innenraum"
        ],
        "sources": [
          {
            "type": "hopfenstop",
            "id": "74af271d-de9d-4a39-98cc-ae03ba3434e6"
          }
        ],
        "created": "2026-05-19",
        "updated": "2026-05-19"
      }
    },
    {
      "type": "Feature",
      "geometry": {
        "type": "Point",
        "coordinates": [
          8.636301605613955,
          50.08621275888747
        ]
      },
      "properties": {
        "id": "tk_fr_0077",
        "name": "Wasserhäuschen am Haardtwaldplatz",
        "description": "Büdchen mit Lotto  ",
        "address": {
          "street": "Kalmitstraße",
          "number": "1",
          "postalcode": "60528",
          "city": "Frankfurt am Main",
          "district": "Niederrad"
        },
        "hours": {
          "raw": "Mo-Fr 05:00-20:00; Sa-Su 06:00-20:00"
        },
        "tags": [
          "lotto",
          "applewoi",
          "barrierefrei",
          "chillout",
          "gemuetlich",
          "klassiker",
          "schnaps",
          "rubbellose",
          "stehtisch",
          "sonne",
          "ueberdacht"
        ],
        "sources": [
          {
            "type": "hopfenstop",
            "id": "f85ac865-ee7e-4db5-a9df-039656581073"
          }
        ],
        "created": "2026-05-19",
        "updated": "2026-05-19"
      }
    },
    {
      "type": "Feature",
      "geometry": {
        "type": "Point",
        "coordinates": [
          8.644625636553961,
          50.08881376971881
        ]
      },
      "properties": {
        "id": "tk_fr_0078",
        "name": "Die Zwo",
        "description": "Kleiner überdachter Stehbereich nebenan.  Geöffnet: Mo. - Fr.: 09:00 -22:00 Uhr Sa./ So. und Feiertags: 10:00 - 22:00 Uhr",
        "address": {
          "street": "Kelsterbacher Straße",
          "number": "39",
          "postalcode": "60528",
          "city": "Frankfurt am Main",
          "district": "Niederrad"
        },
        "hours": {
          "raw": "Mo-Fr 07:30-21:00; Sa 09:00-21:00; Su 10:00-21:00"
        },
        "tags": [
          "ueberdacht"
        ],
        "sources": [
          {
            "type": "hopfenstop",
            "id": "0909a897-3d69-4ed8-aa5f-2df292555a85"
          }
        ],
        "created": "2026-05-19",
        "updated": "2026-05-19"
      }
    },
    {
      "type": "Feature",
      "geometry": {
        "type": "Point",
        "coordinates": [
          8.647517480709022,
          50.11870604079775
        ]
      },
      "properties": {
        "id": "tk_fr_0079",
        "name": "Trinkhalle Jordanstraße",
        "description": "Unter neuem Betreiber wieder neu eröffnet! Dieses Kiosk hat sich gemacht und steht mit einem neuen Konzept dem modernen Kiosk inkl. kleiner Vinothek in nichts nach! ",
        "address": {
          "street": "Jordanstraße",
          "number": "14",
          "postalcode": "60486",
          "city": "Frankfurt am Main",
          "district": "Bockenheim"
        },
        "hours": {
          "raw": "Mo-Su 09:30-23:00"
        },
        "tags": [
          "kaffee",
          "mate",
          "schnaps",
          "wein",
          "zeitschriften",
          "applewoi",
          "eis",
          "innenraum",
          "sekt",
          "craft_bier",
          "fritz_kola",
          "gemischte_tuete",
          "paketshop",
          "milch",
          "snacks"
        ],
        "sources": [
          {
            "type": "hopfenstop",
            "id": "37e42697-4e77-4ecd-8c11-d5c762ab3e27"
          }
        ],
        "created": "2026-05-19",
        "updated": "2026-05-19"
      }
    },
    {
      "type": "Feature",
      "geometry": {
        "type": "Point",
        "coordinates": [
          8.612366326958044,
          50.12708826160942
        ]
      },
      "properties": {
        "id": "tk_fr_0080",
        "name": "Kiosk Alexanderstraße II",
        "description": "Kleines Kiosk mit Laufkundschaft. Alt eingesessen und auch von Schülern der nahegelegenen Schule hoch frequentiert",
        "address": {
          "street": "Alexanderstraße",
          "number": "78",
          "postalcode": "60489",
          "city": "Frankfurt am Main",
          "district": "Rödelheim"
        },
        "hours": {
          "raw": "Mo-Su 12:00-22:30"
        },
        "sources": [
          {
            "type": "hopfenstop",
            "id": "a2686470-4ea1-4faa-adff-e345fd2c22d8"
          }
        ],
        "created": "2026-05-19",
        "updated": "2026-05-19"
      }
    },
    {
      "type": "Feature",
      "geometry": {
        "type": "Point",
        "coordinates": [
          8.644553639747706,
          50.125161313040074
        ]
      },
      "properties": {
        "id": "tk_fr_0081",
        "name": "Trinkhalle an der Franckeschule ",
        "description": "Brandneuer Kiosk direkt an der Grundschule in Bockenheim.  Alte Bude musste wegen einem Neubau weichen. Dem Kioskbesitzer wurde während der Bauphase ein Kontainer gestellt und der Kiosk blieb so erhalten. Der Kiosk befindet sich seit 2013 in den neuen Räumlichkeiten.  Nett anzusehen ist das Haus über dem Kiosk, es ist mit ca.  5 Metern Breite ultra  schmal. ",
        "address": {
          "street": "Marburger Straße",
          "number": "23",
          "postalcode": "60487",
          "city": "Frankfurt am Main",
          "district": "Bockenheim"
        },
        "hours": {
          "raw": "Mo-Su 06:00-22:30"
        },
        "tags": [
          "gemischte_tuete",
          "snacks",
          "ueberdacht",
          "applewoi",
          "eis",
          "schnaps"
        ],
        "sources": [
          {
            "type": "hopfenstop",
            "id": "8509b927-c5a1-4e7b-a884-8a732ddadc3c"
          }
        ],
        "created": "2026-05-19",
        "updated": "2026-05-19"
      }
    },
    {
      "type": "Feature",
      "geometry": {
        "type": "Point",
        "coordinates": [
          8.686180724914493,
          50.10182235922133
        ]
      },
      "properties": {
        "id": "tk_fr_0082",
        "name": "Büdchen am Adlhochplatz",
        "description": "Grosse Auswahl an Weinen und Spirituosen",
        "address": {
          "street": "Schwanthalerstraße",
          "number": "2",
          "postalcode": "60594",
          "city": "Frankfurt am Main",
          "district": "Sachsenhausen"
        },
        "hours": {
          "raw": "Mo-Th 08:00-23:59; Fr-Sa 08:00-01:00; Su 09:00-23:59"
        },
        "tags": [
          "sekt",
          "kaffee",
          "applewoi",
          "zeitschriften",
          "schnaps",
          "milch",
          "fritz_kola",
          "gemischte_tuete",
          "mate",
          "wein",
          "innenraum",
          "eis",
          "lotto",
          "snacks",
          "barrierefrei",
          "ueberdacht",
          "gemuetlich",
          "flair",
          "sonne"
        ],
        "sources": [
          {
            "type": "hopfenstop",
            "id": "c9710459-05be-4d30-a363-e06eb926a274"
          }
        ],
        "created": "2026-05-19",
        "updated": "2026-05-19"
      }
    },
    {
      "type": "Feature",
      "geometry": {
        "type": "Point",
        "coordinates": [
          8.6735262108535,
          50.166731022415185
        ]
      },
      "properties": {
        "id": "tk_fr_0083",
        "name": "Kiosk Berkersheimer Weg",
        "description": "Ehemalige \"Jöst-Trinkhalle\".",
        "address": {
          "street": "Berkersheimer Weg",
          "number": "32A",
          "postalcode": "60433",
          "city": "Frankfurt am Main",
          "district": "Frankfurter Berg"
        },
        "tags": [
          "gemischte_tuete",
          "sitzgelegenheiten",
          "snacks",
          "sonne",
          "ueberdacht",
          "wein",
          "applewoi",
          "gemuetlich",
          "schnaps",
          "kaffee"
        ],
        "sources": [
          {
            "type": "hopfenstop",
            "id": "0a77cb30-f966-4f7b-9224-f0609c713410"
          }
        ],
        "created": "2026-05-19",
        "updated": "2026-05-19"
      }
    },
    {
      "type": "Feature",
      "geometry": {
        "type": "Point",
        "coordinates": [
          8.710182596325886,
          50.1281684722212
        ]
      },
      "properties": {
        "id": "tk_fr_0085",
        "name": "Trinkhalle Berger Straße ",
        "description": "Hart klassische Bude auf der Berger, direkt neben dem Schönebergers. ",
        "address": {
          "street": "Berger Straße",
          "number": "237",
          "postalcode": "60385",
          "city": "Frankfurt am Main",
          "district": "Bornheim"
        },
        "tags": [
          "zeitschriften",
          "eis",
          "wc",
          "applewoi",
          "snacks",
          "gemischte_tuete",
          "ueberdacht",
          "lotto",
          "mate",
          "schnaps",
          "kaffee",
          "klassiker",
          "flair",
          "chillout",
          "sitzgelegenheiten",
          "sonne"
        ],
        "sources": [
          {
            "type": "hopfenstop",
            "id": "f6e2c1a9-0f79-45c4-9f3d-8b06372ac9b3"
          }
        ],
        "created": "2026-05-19",
        "updated": "2026-05-19"
      }
    },
    {
      "type": "Feature",
      "geometry": {
        "type": "Point",
        "coordinates": [
          8.703577680656286,
          50.12714670071675
        ]
      },
      "properties": {
        "id": "tk_fr_0086",
        "name": "Kiosk 45",
        "description": "Netter, Familiengeführter Kiosk mit über 1000 verschiedenen Biersorten (durchzählen hat noch nie geklappt :-). Grundsortiment mit Lebensmitteln ist ebenfalls vorhanden. Ist ein kleines Kuriositäten Kabinett für Leute die nichts gegen den Duft von Räucherstäbchen haben.  Malerisch am Hang des Günthersburgparks gelegen. Fussläufig lässt sich das UhrTürmchen an der Berger Strasse in 2 Minuten erreichen.",
        "address": {
          "street": "Wiesenstraße",
          "number": "45",
          "postalcode": "60385",
          "city": "Frankfurt am Main",
          "district": "Nordend-Ost"
        },
        "hours": {
          "raw": "Mo-Su 10:00-02:00"
        },
        "tags": [
          "mate",
          "fritz_kola",
          "snacks",
          "craft_bier",
          "schnaps",
          "applewoi",
          "eis",
          "wein",
          "rubbellose",
          "gemuetlich",
          "innenraum",
          "lotto",
          "ueberdacht"
        ],
        "sources": [
          {
            "type": "hopfenstop",
            "id": "80a7e50b-3f5b-44c8-bcf7-f1a07eeecf6d"
          }
        ],
        "created": "2026-05-19",
        "updated": "2026-05-19"
      }
    },
    {
      "type": "Feature",
      "geometry": {
        "type": "Point",
        "coordinates": [
          8.66200075871663,
          50.14743109795763
        ]
      },
      "properties": {
        "id": "tk_fr_0087",
        "name": "Dortmunder Union",
        "description": "Man kann auch Pakete abholen",
        "address": {
          "street": "Hügelstraße",
          "number": "162A",
          "postalcode": "60431",
          "city": "Frankfurt am Main",
          "district": "Dornbusch"
        },
        "hours": {
          "raw": "Mo-Fr 06:00-22:00; Sa 07:00-22:00; Su 08:00-22:00"
        },
        "tags": [
          "lotto",
          "zeitschriften",
          "innenraum",
          "kaffee",
          "sitzgelegenheiten",
          "applewoi",
          "wein",
          "sonne",
          "snacks"
        ],
        "sources": [
          {
            "type": "hopfenstop",
            "id": "3a149e32-c03c-40ad-b648-3c370e4390f9"
          }
        ],
        "created": "2026-05-19",
        "updated": "2026-05-19"
      }
    },
    {
      "type": "Feature",
      "geometry": {
        "type": "Point",
        "coordinates": [
          8.65795598752217,
          50.14620386045934
        ]
      },
      "properties": {
        "id": "tk_fr_0088",
        "name": "Trinkhalle Felix-Dahn-Straße",
        "description": "Netter Besitzer und Binding nur 1.10",
        "address": {
          "street": "Hügelstraße",
          "number": "198",
          "postalcode": "60431",
          "city": "Frankfurt am Main",
          "district": "Ginnheim"
        },
        "hours": {
          "raw": "Mo 09:00-23:00; Tu 10:00-23:00; We-Su 09:00-23:00"
        },
        "tags": [
          "paketshop",
          "eis",
          "ueberdacht",
          "sonne",
          "wein",
          "sitzgelegenheiten",
          "snacks",
          "stehtisch",
          "klassiker",
          "applewoi",
          "schnaps"
        ],
        "sources": [
          {
            "type": "hopfenstop",
            "id": "ebb47db9-eb89-4c3f-99e5-d24ea8365890"
          }
        ],
        "created": "2026-05-19",
        "updated": "2026-05-19"
      }
    },
    {
      "type": "Feature",
      "geometry": {
        "type": "Point",
        "coordinates": [
          8.659101290771394,
          50.102062550740875
        ]
      },
      "properties": {
        "id": "tk_fr_0089",
        "name": "Trinkhalle 21 am Hafentunnel",
        "description": "Kleine, relativ junge Trinkhalle direkt an der Ausfahrt des Hafentunnels.",
        "address": {
          "street": "Hafenstraße",
          "number": "25",
          "postalcode": "60327",
          "city": "Frankfurt am Main",
          "district": "Gutleutviertel"
        },
        "tags": [
          "innenraum",
          "paketshop",
          "sitzgelegenheiten",
          "schnaps",
          "snacks",
          "kaffee",
          "applewoi"
        ],
        "sources": [
          {
            "type": "hopfenstop",
            "id": "189d040e-a34f-497c-a612-e867b3e15bab"
          }
        ],
        "created": "2026-05-19",
        "updated": "2026-05-19"
      }
    },
    {
      "type": "Feature",
      "geometry": {
        "type": "Point",
        "coordinates": [
          8.707866974213182,
          50.12515456759177
        ]
      },
      "properties": {
        "id": "tk_fr_0090",
        "name": "Mainkur 5",
        "description": "Minitrinkhalle",
        "address": {
          "street": "Mainkurstraße",
          "number": "3",
          "postalcode": "60385",
          "city": "Frankfurt am Main",
          "district": "Bornheim"
        },
        "hours": {
          "raw": "Mo-Su 09:00-00:00"
        },
        "tags": [
          "gemischte_tuete",
          "schnaps",
          "gemuetlich",
          "applewoi",
          "mate",
          "fritz_kola",
          "snacks"
        ],
        "sources": [
          {
            "type": "hopfenstop",
            "id": "6d26bbb1-3bb3-414b-b8e1-2ab756ece670"
          }
        ],
        "created": "2026-05-19",
        "updated": "2026-05-19"
      }
    },
    {
      "type": "Feature",
      "geometry": {
        "type": "Point",
        "coordinates": [
          8.708359705487883,
          50.12483873591626
        ]
      },
      "properties": {
        "id": "tk_fr_0091",
        "name": "Mainkur 15",
        "description": "Genau neben der Mainkur 5: Noch ein Minikiosk",
        "address": {
          "street": "Mainkurstraße",
          "number": "13",
          "postalcode": "60385",
          "city": "Frankfurt am Main",
          "district": "Bornheim"
        },
        "hours": {
          "raw": "Mo-Su 10:00-22:00"
        },
        "tags": [
          "eis",
          "schnaps",
          "wein",
          "gemischte_tuete",
          "mate",
          "barrierefrei",
          "ueberdacht",
          "snacks",
          "applewoi",
          "sekt",
          "lotto",
          "sonne"
        ],
        "sources": [
          {
            "type": "hopfenstop",
            "id": "8b788a8c-f3c6-4c89-ad86-f69ec4824c76"
          }
        ],
        "created": "2026-05-19",
        "updated": "2026-05-19"
      }
    },
    {
      "type": "Feature",
      "geometry": {
        "type": "Point",
        "coordinates": [
          8.767025334903641,
          50.13330736889171
        ]
      },
      "properties": {
        "id": "tk_fr_0092",
        "name": "Mainkur Imbiss ",
        "description": "Der Name täuscht etwas. Eigentlich ist es eher ein halbrundes, klassisches Büdchen. ",
        "address": {
          "street": "Vilbeler Landstraße",
          "number": "5",
          "postalcode": "60386",
          "city": "Frankfurt am Main",
          "district": "Fechenheim"
        },
        "hours": {
          "raw": "Mo-Sa 06:00-00:00; Su 07:00-00:00"
        },
        "tags": [
          "chillout",
          "sitzgelegenheiten",
          "wc",
          "innenraum",
          "eis",
          "gemischte_tuete",
          "ueberdacht",
          "flair",
          "snacks",
          "applewoi",
          "kaffee",
          "kuchen",
          "sonne",
          "mate"
        ],
        "sources": [
          {
            "type": "hopfenstop",
            "id": "8f9ef5ab-7449-4a7a-9a44-61bd7478797e"
          }
        ],
        "created": "2026-05-19",
        "updated": "2026-05-19"
      }
    },
    {
      "type": "Feature",
      "geometry": {
        "type": "Point",
        "coordinates": [
          8.607609583207958,
          50.09399822643246
        ]
      },
      "properties": {
        "id": "tk_fr_0093",
        "name": "Blechtrommel",
        "description": "Freistehendes, massives Büdchen mit Sportwettenannahme. Sehr gemütlich!",
        "address": {
          "street": "Am Gemeindegarten",
          "number": "2",
          "postalcode": "65933",
          "city": "Frankfurt am Main",
          "district": "Griesheim"
        },
        "tags": [
          "gemuetlich",
          "sonne",
          "gemischte_tuete",
          "applewoi",
          "lotto",
          "snacks",
          "ueberdacht",
          "wc",
          "innenraum"
        ],
        "sources": [
          {
            "type": "hopfenstop",
            "id": "f6fd258f-1d7e-416e-a997-f36af756ab24"
          }
        ],
        "created": "2026-05-19",
        "updated": "2026-05-19"
      }
    },
    {
      "type": "Feature",
      "geometry": {
        "type": "Point",
        "coordinates": [
          8.607293082544205,
          50.09357148658747
        ]
      },
      "properties": {
        "id": "tk_fr_0094",
        "name": "Sahan Kiosk und Trinkhalle / Zum Falter",
        "description": "Alteingesessene Trinkhalle mit kleinem Innenraum, direkt neben einem Dönerladen.",
        "address": {
          "street": "Alte Falterstraße",
          "number": "27",
          "postalcode": "65933",
          "city": "Frankfurt am Main",
          "district": "Griesheim"
        },
        "hours": {
          "raw": "Mo-Fr 06:30-01:00; Sa-Su 07:30-01:00"
        },
        "tags": [
          "innenraum",
          "snacks"
        ],
        "sources": [
          {
            "type": "hopfenstop",
            "id": "723bc5da-ca1e-4c01-8fb0-4111fbb64b07"
          }
        ],
        "created": "2026-05-19",
        "updated": "2026-05-19"
      }
    },
    {
      "type": "Feature",
      "geometry": {
        "type": "Point",
        "coordinates": [
          8.603934956857605,
          50.09184039807702
        ]
      },
      "properties": {
        "id": "tk_fr_0095",
        "name": "Trinkhalle Trink + Babbelstubb",
        "description": "Standard Trinkhalle im Herzen Alt-Griesheims",
        "address": {
          "street": "Auf der Beun",
          "number": "14",
          "postalcode": "65933",
          "city": "Frankfurt am Main",
          "district": "Griesheim"
        },
        "hours": {
          "raw": "Mo-Th 08:00-19:00; Fr 08:00-22:00; Sa-Su 09:00-14:00"
        },
        "tags": [
          "wc",
          "innenraum",
          "sitzgelegenheiten",
          "ueberdacht",
          "eis",
          "kaffee",
          "gemischte_tuete",
          "applewoi",
          "musik",
          "sekt"
        ],
        "sources": [
          {
            "type": "hopfenstop",
            "id": "ab8e86da-3b6a-467d-8530-9a2b03d33933"
          }
        ],
        "created": "2026-05-19",
        "updated": "2026-05-19"
      }
    },
    {
      "type": "Feature",
      "geometry": {
        "type": "Point",
        "coordinates": [
          8.658202415475337,
          50.102108572165406
        ]
      },
      "properties": {
        "id": "tk_fr_0096",
        "name": "Trinkhalle am Schönplatz",
        "description": "Klassisches Büdchen inmitten des Gutleutviertels",
        "address": {
          "street": "Schönstraße",
          "number": "9",
          "postalcode": "60327",
          "city": "Frankfurt am Main",
          "district": "Gutleutviertel"
        },
        "hours": {
          "raw": "Mo-Su 06:00-02:00"
        },
        "tags": [
          "flair",
          "innenraum",
          "sitzgelegenheiten",
          "sekt",
          "wc",
          "kaffee",
          "ueberdacht",
          "kuchen",
          "stehtisch"
        ],
        "sources": [
          {
            "type": "hopfenstop",
            "id": "840cc112-aa91-42b7-99cc-b97a5cd9fd42"
          }
        ],
        "created": "2026-05-19",
        "updated": "2026-05-19"
      }
    },
    {
      "type": "Feature",
      "geometry": {
        "type": "Point",
        "coordinates": [
          8.692584137519864,
          50.10646880530656
        ]
      },
      "properties": {
        "id": "tk_fr_0097",
        "name": "Kiosk am Frankensteiner Platz",
        "description": "Büdchen in Mainnähe. Standardsortiment.",
        "address": {
          "street": "Frankensteiner Straße",
          "number": "24",
          "postalcode": "60594",
          "city": "Frankfurt am Main",
          "district": "Sachsenhausen"
        },
        "hours": {
          "raw": "Mo-Su 10:00-05:00"
        },
        "tags": [
          "eis",
          "mate",
          "lotto",
          "stehtisch",
          "applewoi",
          "craft_bier",
          "gemischte_tuete",
          "innenraum",
          "ueberdacht",
          "flair"
        ],
        "sources": [
          {
            "type": "hopfenstop",
            "id": "5c0d2c7b-ff5b-4ac6-8afd-1dddf7a317a5"
          }
        ],
        "created": "2026-05-19",
        "updated": "2026-05-19"
      }
    },
    {
      "type": "Feature",
      "geometry": {
        "type": "Point",
        "coordinates": [
          8.649656893486478,
          50.10661602000583
        ]
      },
      "properties": {
        "id": "tk_fr_0098",
        "name": "Nedo's Kiosk",
        "description": "Zentral auf einem Grünstreifen zwischen zwei Fahrbahnen gelegen. Der Wirt (Nedo) spielt auch gerne mal eine Runde Lügenmäxchen um einen Schnaps mit, wenn man Ihn nett danach fragt.",
        "address": {
          "street": "Frankenallee",
          "number": "24-26",
          "postalcode": "60327",
          "city": "Frankfurt am Main",
          "district": "Gallus"
        },
        "tags": [
          "schnaps",
          "wc",
          "ueberdacht",
          "sitzgelegenheiten",
          "applewoi",
          "snacks",
          "chillout",
          "kaffee",
          "wein",
          "gemischte_tuete",
          "barrierefrei",
          "flair"
        ],
        "sources": [
          {
            "type": "hopfenstop",
            "id": "6a1943fe-ee1b-499b-9c6c-30326f549be4"
          }
        ],
        "created": "2026-05-19",
        "updated": "2026-05-19"
      }
    },
    {
      "type": "Feature",
      "geometry": {
        "type": "Point",
        "coordinates": [
          8.650968833038391,
          50.12011503892893
        ]
      },
      "properties": {
        "id": "tk_fr_0099",
        "name": "Bockenheimer Warte Einkaufskiosk und Lotto ",
        "description": "Direkt im Anbau der Bockenheimer Warte ist ein gut sortiertes Einkaufkiosk untergebracht.Ebenso das \"Café Campus\" ",
        "address": {
          "street": "Bockenheimer Landstraße",
          "number": "135",
          "postalcode": "60325",
          "city": "Frankfurt am Main",
          "district": "Westend-Süd"
        },
        "hours": {
          "raw": "Mo-Su 06:00-20:00"
        },
        "tags": [
          "applewoi",
          "rubbellose",
          "eis",
          "kaffee",
          "sitzgelegenheiten",
          "lotto",
          "innenraum",
          "snacks",
          "ueberdacht",
          "fritz_kola",
          "zeitschriften",
          "stehtisch",
          "wc",
          "sekt",
          "wein",
          "craft_bier",
          "gemischte_tuete",
          "kuchen",
          "sonne",
          "postkarten",
          "gemuetlich",
          "chillout"
        ],
        "sources": [
          {
            "type": "hopfenstop",
            "id": "012e5842-4226-4d19-b3f1-1f0bda58c3f7"
          }
        ],
        "created": "2026-05-19",
        "updated": "2026-05-19"
      }
    },
    {
      "type": "Feature",
      "geometry": {
        "type": "Point",
        "coordinates": [
          8.692875586264945,
          50.112838047452996
        ]
      },
      "properties": {
        "id": "tk_fr_0100",
        "name": "City Kiosk",
        "description": "Sortiment top. Multikulturelle Abstellkammer zum trinken daneben.",
        "address": {
          "street": "Lange Straße",
          "number": "35",
          "postalcode": "60311",
          "city": "Frankfurt am Main",
          "district": "Innenstadt"
        },
        "tags": [
          "applewoi",
          "craft_bier",
          "gemischte_tuete",
          "mate",
          "sitzgelegenheiten",
          "longpapes",
          "chillout",
          "kaffee"
        ],
        "sources": [
          {
            "type": "hopfenstop",
            "id": "d89af9bc-ce8f-4c20-8dcf-7fd7b83289cd"
          }
        ],
        "created": "2026-05-19",
        "updated": "2026-05-19"
      }
    },
    {
      "type": "Feature",
      "geometry": {
        "type": "Point",
        "coordinates": [
          8.714199228355335,
          50.13057187564449
        ]
      },
      "properties": {
        "id": "tk_fr_0101",
        "name": "Alt Bernemer Wasserhütt Bei Gudrun und Reiner",
        "description": "Trinkhalle Einkaufskiosk  ",
        "address": {
          "street": "Berger Straße",
          "number": "297",
          "postalcode": "60385",
          "city": "Frankfurt am Main",
          "district": "Bornheim"
        },
        "tags": [
          "paketshop",
          "applewoi",
          "innenraum",
          "ueberdacht"
        ],
        "sources": [
          {
            "type": "hopfenstop",
            "id": "203574f6-be3a-41a3-bd8b-3764ae3662d5"
          }
        ],
        "created": "2026-05-19",
        "updated": "2026-05-19"
      }
    },
    {
      "type": "Feature",
      "geometry": {
        "type": "Point",
        "coordinates": [
          8.645841119954168,
          50.119330813063904
        ]
      },
      "properties": {
        "id": "tk_fr_0102",
        "name": "TUT",
        "description": "Der Kiosk (Haus Nr. 27)  liegt direkt NEBEN Pizzeria Cimino (Haus Nr. 29)",
        "address": {
          "street": "Adalbertstraße",
          "number": "27",
          "postalcode": "60486",
          "city": "Frankfurt am Main",
          "district": "Bockenheim"
        },
        "hours": {
          "raw": "Mo-Th 16:00-00:00; Fr-Sa 16:00-01:00; Su 10:00-23:00"
        },
        "tags": [
          "snacks",
          "gemischte_tuete",
          "mate",
          "schnaps",
          "milch",
          "sekt",
          "wein",
          "barrierefrei",
          "eis"
        ],
        "sources": [
          {
            "type": "hopfenstop",
            "id": "56dbbdd4-7a6f-41aa-aaa1-effd88f9ebb7"
          }
        ],
        "created": "2026-05-19",
        "updated": "2026-05-19"
      }
    },
    {
      "type": "Feature",
      "geometry": {
        "type": "Point",
        "coordinates": [
          8.64508943087775,
          50.122964628703805
        ]
      },
      "properties": {
        "id": "tk_fr_0103",
        "name": "Wilma's Winkel",
        "description": "direkt an der Rolltreppe zur U-Bahn RMV Fahrkarten, Lotto, Zeitungen, Tabak, Süßwaren, Wein ",
        "address": {
          "street": "Leipziger Straße",
          "number": "62A",
          "postalcode": "60487",
          "city": "Frankfurt am Main",
          "district": "Bockenheim"
        },
        "hours": {
          "raw": "Mo-Su 11:00-23:00"
        },
        "tags": [
          "lotto",
          "zeitschriften",
          "eis",
          "wein",
          "gemischte_tuete",
          "innenraum",
          "mate",
          "snacks",
          "applewoi",
          "rubbellose",
          "sekt",
          "fritz_kola",
          "schnaps",
          "ueberdacht",
          "klassiker"
        ],
        "sources": [
          {
            "type": "hopfenstop",
            "id": "d0569ddd-6db1-453f-a156-cc672a5316f4"
          }
        ],
        "created": "2026-05-19",
        "updated": "2026-05-19"
      }
    },
    {
      "type": "Feature",
      "geometry": {
        "type": "Point",
        "coordinates": [
          8.66221935875136,
          50.108909364450525
        ]
      },
      "properties": {
        "id": "tk_fr_0104",
        "name": "BUNA Euro Kiosk ",
        "description": "Unter der Arcade  neben dem Hotel Manhattan an Ende des Gebäudes.",
        "address": {
          "street": "Düsseldorfer Straße",
          "number": "12",
          "postalcode": "60329",
          "city": "Frankfurt am Main",
          "district": "Gallus"
        },
        "sources": [
          {
            "type": "hopfenstop",
            "id": "3570caaa-4602-4eb5-afe0-54a43e8fe1c7"
          }
        ],
        "created": "2026-05-19",
        "updated": "2026-05-19"
      }
    },
    {
      "type": "Feature",
      "geometry": {
        "type": "Point",
        "coordinates": [
          8.625595135757393,
          50.100975227961726
        ]
      },
      "properties": {
        "id": "tk_fr_0105",
        "name": "Kiosk Menon's - Gallusviertel",
        "description": "Ein begehbarer Miniladen für Tageszeitungen, Lebensmittel, Kaffeespezialitäten, Tabakwaren - Der freundliche Kiosk!",
        "address": {
          "street": "Ackermannstraße",
          "number": "82",
          "postalcode": "60326",
          "city": "Frankfurt am Main",
          "district": "Gallus"
        },
        "hours": {
          "raw": "Mo-Sa 06:30-21:30; Su 10:30-21:30"
        },
        "sources": [
          {
            "type": "hopfenstop",
            "id": "f3e36cf0-e1e1-41c0-bf7d-f87e15c9fc39"
          }
        ],
        "created": "2026-05-19",
        "updated": "2026-05-19"
      }
    },
    {
      "type": "Feature",
      "geometry": {
        "type": "Point",
        "coordinates": [
          8.606389178106383,
          50.097269198786655
        ]
      },
      "properties": {
        "id": "tk_fr_0106",
        "name": "Trinkhalle Kiosk Waldschulstraße",
        "description": "Trinkhalle scheint alt eingesessen zu sein",
        "address": {
          "street": "Waldschulstraße",
          "number": "25",
          "postalcode": "65933",
          "city": "Frankfurt am Main",
          "district": "Griesheim"
        },
        "tags": [
          "zeitschriften",
          "kaffee",
          "gemischte_tuete",
          "snacks",
          "sonne",
          "sekt",
          "klassiker",
          "applewoi",
          "wein"
        ],
        "sources": [
          {
            "type": "hopfenstop",
            "id": "ebee6dd2-37f2-4a52-9383-df6aa4df191b"
          }
        ],
        "created": "2026-05-19",
        "updated": "2026-05-19"
      }
    },
    {
      "type": "Feature",
      "geometry": {
        "type": "Point",
        "coordinates": [
          8.495047999689097,
          50.09405501007599
        ]
      },
      "properties": {
        "id": "tk_fr_0107",
        "name": "Trinkhalle Blauländchenstraße",
        "description": "ggü Käthe Kollwitz Schule",
        "address": {
          "street": "Alt-Zeilsheim",
          "number": "3",
          "postalcode": "65931",
          "city": "Frankfurt am Main",
          "district": "Zeilsheim"
        },
        "tags": [
          "longpapes",
          "schnaps",
          "paketshop",
          "stehtisch",
          "sitzgelegenheiten"
        ],
        "sources": [
          {
            "type": "hopfenstop",
            "id": "b4bc5586-d594-4200-8b55-78823b0efda7"
          }
        ],
        "created": "2026-05-19",
        "updated": "2026-05-19"
      }
    },
    {
      "type": "Feature",
      "geometry": {
        "type": "Point",
        "coordinates": [
          8.596945120164914,
          50.10191287327965
        ]
      },
      "properties": {
        "id": "tk_fr_0108",
        "name": "Kiosk Kasseckert/Trinkhalle",
        "description": "Kiosk und Trinkhalle alt eingesessen. Super netter Inhaber",
        "address": {
          "street": "Zum Linnegraben",
          "number": "22",
          "postalcode": "65933",
          "city": "Frankfurt am Main",
          "district": "Griesheim"
        },
        "hours": {
          "raw": "Mo-Sa 06:00-19:00; Su 08:00-19:00"
        },
        "tags": [
          "zeitschriften",
          "paketshop",
          "klassiker",
          "stehtisch",
          "backwaren",
          "applewoi",
          "barrierefrei",
          "kuchen",
          "eis",
          "gemischte_tuete",
          "kaffee",
          "lotto",
          "sitzgelegenheiten",
          "sonne",
          "sekt",
          "mate"
        ],
        "sources": [
          {
            "type": "hopfenstop",
            "id": "2a31afd7-dbc5-437e-ba84-0a74c94f081f"
          }
        ],
        "created": "2026-05-19",
        "updated": "2026-05-19"
      }
    },
    {
      "type": "Feature",
      "geometry": {
        "type": "Point",
        "coordinates": [
          8.54504591531917,
          50.10508063648013
        ]
      },
      "properties": {
        "id": "tk_fr_0109",
        "name": "Kiosk Königsteiner 42",
        "description": "Kiosk auf der Königsteiner Straße",
        "address": {
          "street": "Königsteiner Straße",
          "number": "40D",
          "postalcode": "65929",
          "city": "Frankfurt am Main",
          "district": "Höchst"
        },
        "hours": {
          "raw": "Mo-Fr 09:00-22:00; Sa-Su 10:00-22:00"
        },
        "sources": [
          {
            "type": "hopfenstop",
            "id": "f53d90d0-ed5d-4e5b-9496-c3304302defc"
          }
        ],
        "created": "2026-05-19",
        "updated": "2026-05-19"
      }
    },
    {
      "type": "Feature",
      "geometry": {
        "type": "Point",
        "coordinates": [
          8.711107982465549,
          50.1342890822656
        ]
      },
      "properties": {
        "id": "tk_fr_0110",
        "name": "Trinkhalle An den Röthen - Bornheim",
        "description": "Klassische Trinkhalle mit überdachter Laube, direkt rechts hinter dem Durchgang von Seckbacher Landstr zu An den Röthen",
        "address": {
          "street": "An den Röthen",
          "number": "67",
          "postalcode": "60389",
          "city": "Frankfurt am Main",
          "district": "Bornheim"
        },
        "tags": [
          "wc",
          "gemischte_tuete",
          "craft_bier",
          "eis",
          "innenraum",
          "lotto",
          "sekt",
          "snacks",
          "applewoi",
          "sitzgelegenheiten",
          "ueberdacht"
        ],
        "sources": [
          {
            "type": "hopfenstop",
            "id": "09486c3b-e97f-4078-98f5-9a87a84d3dc1"
          }
        ],
        "created": "2026-05-19",
        "updated": "2026-05-19"
      }
    },
    {
      "type": "Feature",
      "geometry": {
        "type": "Point",
        "coordinates": [
          8.543758454991973,
          50.10191170311394
        ]
      },
      "properties": {
        "id": "tk_fr_0111",
        "name": "Kiosk Dahlbergstraße",
        "description": "Kiosk in der Dahlbergstraße direkt am Bahnhof Höchst",
        "address": {
          "street": "Dalbergstraße",
          "number": "8",
          "postalcode": "65929",
          "city": "Frankfurt am Main",
          "district": "Höchst"
        },
        "tags": [
          "ueberdacht",
          "wein",
          "applewoi",
          "eis",
          "kaffee",
          "lotto",
          "mate",
          "sekt",
          "snacks"
        ],
        "sources": [
          {
            "type": "hopfenstop",
            "id": "b9602b8e-97fb-4c29-bd25-49a0978074da"
          }
        ],
        "created": "2026-05-19",
        "updated": "2026-05-19"
      }
    },
    {
      "type": "Feature",
      "geometry": {
        "type": "Point",
        "coordinates": [
          8.541569772435867,
          50.10149879733588
        ]
      },
      "properties": {
        "id": "tk_fr_0112",
        "name": "City Kiosk Höchst",
        "description": "City Kiosk direkt am zentralen Busbahnhof Frankfurt Höchst",
        "address": {
          "street": "Adolf-Haeuser-Straße",
          "number": "1",
          "postalcode": "65929",
          "city": "Frankfurt am Main",
          "district": "Höchst"
        },
        "tags": [
          "wein",
          "applewoi",
          "craft_bier",
          "innenraum",
          "kaffee",
          "eis",
          "sekt",
          "lotto",
          "snacks",
          "wc",
          "gemischte_tuete",
          "ueberdacht"
        ],
        "sources": [
          {
            "type": "hopfenstop",
            "id": "940c287b-7b72-43ad-8c2f-14e49d78a326"
          }
        ],
        "created": "2026-05-19",
        "updated": "2026-05-19"
      }
    },
    {
      "type": "Feature",
      "geometry": {
        "type": "Point",
        "coordinates": [
          8.704752488204958,
          50.126472641443534
        ]
      },
      "properties": {
        "id": "tk_fr_0113",
        "name": "Rakin's Kiosk Trinkhalle",
        "description": "Alt eingesessener Kiosk Trinkhalle, bestand bereits vor 1977 mit in letzter Zeit wechselnden Besitzern ",
        "address": {
          "street": "Wiesenstraße",
          "number": "29",
          "postalcode": "60385",
          "city": "Frankfurt am Main",
          "district": "Nordend-Ost"
        },
        "hours": {
          "raw": "Mo-Su 07:00-00:00"
        },
        "tags": [
          "applewoi",
          "longpapes",
          "mate",
          "milch",
          "snacks",
          "fritz_kola",
          "sekt",
          "wein",
          "eis",
          "innenraum",
          "kaffee",
          "zeitschriften"
        ],
        "sources": [
          {
            "type": "hopfenstop",
            "id": "1d8d1ecf-cd30-4978-a4d9-ebacc68d6313"
          }
        ],
        "created": "2026-05-19",
        "updated": "2026-05-19"
      }
    },
    {
      "type": "Feature",
      "geometry": {
        "type": "Point",
        "coordinates": [
          8.492756052085964,
          50.06990040367099
        ]
      },
      "properties": {
        "id": "tk_fr_0114",
        "name": "Geven Kiosk ",
        "description": "freistehender Kiosk",
        "address": {
          "street": "Kürenbergstraße",
          "number": "3",
          "postalcode": "65795",
          "city": "Hattersheim am Main"
        },
        "tags": [
          "backwaren"
        ],
        "sources": [
          {
            "type": "hopfenstop",
            "id": "8bd55bf1-846e-4b9a-8838-bc66f8148363"
          }
        ],
        "created": "2026-05-19",
        "updated": "2026-05-19"
      }
    },
    {
      "type": "Feature",
      "geometry": {
        "type": "Point",
        "coordinates": [
          8.55647460944372,
          50.11551096789685
        ]
      },
      "properties": {
        "id": "tk_fr_0115",
        "name": "Kiosk Center Frankfurt",
        "description": "Sossenheim",
        "address": {
          "street": "Sossenheimer Weg",
          "number": "196",
          "postalcode": "65936",
          "city": "Frankfurt am Main",
          "district": "Sossenheim"
        },
        "sources": [
          {
            "type": "hopfenstop",
            "id": "78fa05a4-0dfa-4421-935b-0362650edbd4"
          }
        ],
        "created": "2026-05-19",
        "updated": "2026-05-19"
      }
    },
    {
      "type": "Feature",
      "geometry": {
        "type": "Point",
        "coordinates": [
          8.55424837596126,
          50.11955610733526
        ]
      },
      "properties": {
        "id": "tk_fr_0116",
        "name": "Kiosk Trinkhalle Kugel",
        "description": "Separates Gebäude",
        "address": {
          "street": "Dufourstraße",
          "number": "11",
          "postalcode": "65936",
          "city": "Frankfurt am Main",
          "district": "Sossenheim"
        },
        "sources": [
          {
            "type": "hopfenstop",
            "id": "9d3c80ea-a3c6-49ce-b685-f5be97c8dcd0"
          }
        ],
        "created": "2026-05-19",
        "updated": "2026-05-19"
      }
    },
    {
      "type": "Feature",
      "geometry": {
        "type": "Point",
        "coordinates": [
          8.536551160881084,
          50.110068753082125
        ]
      },
      "properties": {
        "id": "tk_fr_0117",
        "name": "Trinkhalle Kiosk Wasgaustraße",
        "description": "Alt eingesessene separat stehende Trinkhalle",
        "address": {
          "street": "Soonwaldstraße",
          "number": "1",
          "postalcode": "65929",
          "city": "Frankfurt am Main",
          "district": "Unterliederbach"
        },
        "sources": [
          {
            "type": "hopfenstop",
            "id": "2a3fafc8-38ba-447c-b8f7-d0ca9fef2691"
          }
        ],
        "created": "2026-05-19",
        "updated": "2026-05-19"
      }
    },
    {
      "type": "Feature",
      "geometry": {
        "type": "Point",
        "coordinates": [
          8.552821440765454,
          50.105740684393346
        ]
      },
      "properties": {
        "id": "tk_fr_0118",
        "name": "Ricki's Ecke",
        "description": "Ricki's Ecke  Kiosk ",
        "address": {
          "street": "Kurmainzer Straße",
          "number": "23",
          "postalcode": "65929",
          "city": "Frankfurt am Main",
          "district": "Höchst"
        },
        "sources": [
          {
            "type": "hopfenstop",
            "id": "ac4e1b80-4876-4780-87ba-8349285779b7"
          }
        ],
        "created": "2026-05-19",
        "updated": "2026-05-19"
      }
    },
    {
      "type": "Feature",
      "geometry": {
        "type": "Point",
        "coordinates": [
          8.550042672226013,
          50.10960087262083
        ]
      },
      "properties": {
        "id": "tk_fr_0119",
        "name": "Trinkhalle am Lindenviertel",
        "description": "Klassische alt eingesessene freistehende Trinkhalle unter alten Linden",
        "address": {
          "street": "Herbesthaler Straße",
          "number": "2",
          "postalcode": "65929",
          "city": "Frankfurt am Main",
          "district": "Höchst"
        },
        "sources": [
          {
            "type": "hopfenstop",
            "id": "66fb0945-9965-40dc-8951-b23c3ade5f4b"
          }
        ],
        "created": "2026-05-19",
        "updated": "2026-05-19"
      }
    },
    {
      "type": "Feature",
      "geometry": {
        "type": "Point",
        "coordinates": [
          8.532232804366952,
          50.10906074022658
        ]
      },
      "properties": {
        "id": "tk_fr_0120",
        "name": "Trinkhalle Hunsrückstraße",
        "description": "Trinkhalle   Einkaufskiosk Bei Sveda",
        "address": {
          "street": "Hunsrückstraße",
          "number": "33",
          "postalcode": "65929",
          "city": "Frankfurt am Main",
          "district": "Unterliederbach"
        },
        "tags": [
          "innenraum",
          "zeitschriften",
          "ueberdacht",
          "longpapes"
        ],
        "sources": [
          {
            "type": "hopfenstop",
            "id": "7df031ba-d8e8-4784-acb6-e32ccfcd281e"
          }
        ],
        "created": "2026-05-19",
        "updated": "2026-05-19"
      }
    },
    {
      "type": "Feature",
      "geometry": {
        "type": "Point",
        "coordinates": [
          8.538401885101349,
          50.11148956793592
        ]
      },
      "properties": {
        "id": "tk_fr_0121",
        "name": "Trinkhalle Sossenheimer Weg Unterliederbach",
        "description": "Alt eingesessene Trinkhalle mit Klappe und viel Süßigkeiten im Fenster",
        "address": {
          "street": "Sossenheimer Weg",
          "number": "4",
          "postalcode": "65929",
          "city": "Frankfurt am Main",
          "district": "Unterliederbach"
        },
        "tags": [
          "wc",
          "applewoi"
        ],
        "sources": [
          {
            "type": "hopfenstop",
            "id": "132af77c-d417-461a-af14-9c4960ca8b70"
          }
        ],
        "created": "2026-05-19",
        "updated": "2026-05-19"
      }
    },
    {
      "type": "Feature",
      "geometry": {
        "type": "Point",
        "coordinates": [
          8.627944750854468,
          50.09731049316962
        ]
      },
      "properties": {
        "id": "tk_fr_0122",
        "name": "Kiosk Ackermannstraße ",
        "description": "Beinder Kiosk. Inhouse Kiosk. Gleich daneben steht die  freistehende Trinkhalle gegenüber der Steuernagelstrasse  ",
        "address": {
          "street": "Ackermannstraße",
          "number": "2",
          "postalcode": "60326",
          "city": "Frankfurt am Main",
          "district": "Gallus"
        },
        "tags": [
          "backwaren",
          "snacks"
        ],
        "sources": [
          {
            "type": "hopfenstop",
            "id": "4141bafb-816a-437d-8013-3124e92cb33c"
          }
        ],
        "created": "2026-05-19",
        "updated": "2026-05-19"
      }
    },
    {
      "type": "Feature",
      "geometry": {
        "type": "Point",
        "coordinates": [
          8.665805093054049,
          50.105856742375444
        ]
      },
      "properties": {
        "id": "tk_fr_0123",
        "name": "Kiosk am Wiesenhüttenplatz",
        "description": "Kleines Kiosk mit sehr breitem Sortiment. Extrem viele Mixgetränke und nahezu immer geöffnet.   +++ Mittlerweile auch Eis verfügbar!! +++  Super freundlicher Verkäufer!",
        "address": {
          "street": "Wiesenhüttenstraße",
          "number": "43",
          "postalcode": "60329",
          "city": "Frankfurt am Main",
          "district": "Gutleutviertel"
        },
        "tags": [
          "eis",
          "wein"
        ],
        "sources": [
          {
            "type": "hopfenstop",
            "id": "62b872fb-2ce9-42d8-85dc-0eda88a2ad6f"
          }
        ],
        "created": "2026-05-19",
        "updated": "2026-05-19"
      }
    },
    {
      "type": "Feature",
      "geometry": {
        "type": "Point",
        "coordinates": [
          8.69468883998098,
          50.0561602056597
        ]
      },
      "properties": {
        "id": "tk_fr_0124",
        "name": "Klausens Trinkhalle Neu-Isenburg",
        "description": "Klassische Trinkhalle und Kiosk ",
        "address": {
          "street": "Kirchstraße",
          "number": "3",
          "postalcode": "63263",
          "city": "Neu-Isenburg"
        },
        "sources": [
          {
            "type": "hopfenstop",
            "id": "c3ca82ae-d6b9-40ba-ad65-d5c6e7d2a5c4"
          }
        ],
        "created": "2026-05-19",
        "updated": "2026-05-19"
      }
    },
    {
      "type": "Feature",
      "geometry": {
        "type": "Point",
        "coordinates": [
          8.696396066019046,
          50.05318953273106
        ]
      },
      "properties": {
        "id": "tk_fr_0125",
        "name": "Trinkhalle Pumuckl Neu-Isenburg",
        "description": "freistehende klassische Trinkhalle und Kiosk",
        "address": {
          "street": "Richard-Wagner-Straße",
          "number": "15",
          "postalcode": "63263",
          "city": "Neu-Isenburg"
        },
        "tags": [
          "zeitschriften"
        ],
        "sources": [
          {
            "type": "hopfenstop",
            "id": "21d3f685-1c21-40d6-95e9-bd9da0f80c6e"
          }
        ],
        "created": "2026-05-19",
        "updated": "2026-05-19"
      }
    },
    {
      "type": "Feature",
      "geometry": {
        "type": "Point",
        "coordinates": [
          8.689984245368924,
          50.05431410475442
        ]
      },
      "properties": {
        "id": "tk_fr_0126",
        "name": "Kiosk-Eck Neu-Isenburg",
        "description": "Begehbarer Kiosk Beethovenstr. Ecke Rheinstr.",
        "address": {
          "street": "Rheinstraße",
          "number": "16",
          "postalcode": "63263",
          "city": "Neu-Isenburg"
        },
        "sources": [
          {
            "type": "hopfenstop",
            "id": "ff115ed7-8f4a-4758-aaf0-74f5e6d02670"
          }
        ],
        "created": "2026-05-19",
        "updated": "2026-05-19"
      }
    },
    {
      "type": "Feature",
      "geometry": {
        "type": "Point",
        "coordinates": [
          8.684871954986585,
          50.04966754019121
        ]
      },
      "properties": {
        "id": "tk_fr_0127",
        "name": "Trinkhalle Pfeifer Neu-Isenburg",
        "description": "Trinkhalle und Verkaufskiosk",
        "address": {
          "street": "Gartenstraße",
          "number": "122",
          "postalcode": "63263",
          "city": "Neu-Isenburg"
        },
        "sources": [
          {
            "type": "hopfenstop",
            "id": "aa67eecb-cb1f-4e10-bf44-e5b63372fbbf"
          }
        ],
        "created": "2026-05-19",
        "updated": "2026-05-19"
      }
    },
    {
      "type": "Feature",
      "geometry": {
        "type": "Point",
        "coordinates": [
          8.699608011314176,
          50.04232994325839
        ]
      },
      "properties": {
        "id": "tk_fr_0128",
        "name": "Kiosk Der Buchenbuschladen Neu-Isenburg",
        "description": "Kleiner begehbarer Kiosk Verkaufsladen",
        "address": {
          "street": "Pappelweg",
          "number": "36A",
          "postalcode": "63263",
          "city": "Neu-Isenburg"
        },
        "hours": {
          "raw": "Mo-Fr 15:00-18:00; Sa 07:00-12:00"
        },
        "sources": [
          {
            "type": "hopfenstop",
            "id": "effa781a-5f55-4d8f-9944-506791d3d90a"
          }
        ],
        "created": "2026-05-19",
        "updated": "2026-05-19"
      }
    },
    {
      "type": "Feature",
      "geometry": {
        "type": "Point",
        "coordinates": [
          8.760714097091725,
          50.1255991015268
        ]
      },
      "properties": {
        "id": "tk_fr_0129",
        "name": "Trinkhalle Leo-Gans-Straße",
        "description": "freistehende Trinkhalle und Kiosk, alt eingesessen mit neuem Pächter",
        "address": {
          "street": "Leo-Gans-Straße",
          "number": "3",
          "postalcode": "60386",
          "city": "Frankfurt am Main",
          "district": "Fechenheim"
        },
        "tags": [
          "sitzgelegenheiten",
          "applewoi",
          "wc",
          "ueberdacht",
          "snacks",
          "kaffee"
        ],
        "sources": [
          {
            "type": "hopfenstop",
            "id": "8ef960ee-3f3c-4093-8d12-06d074d552ea"
          }
        ],
        "created": "2026-05-19",
        "updated": "2026-05-19"
      }
    },
    {
      "type": "Feature",
      "geometry": {
        "type": "Point",
        "coordinates": [
          8.769999904701134,
          50.11728247833647
        ]
      },
      "properties": {
        "id": "tk_fr_0130",
        "name": "Binding Kiosk Fachfeldstraße",
        "description": "allein stehender Kiosk, alt eingesessen",
        "address": {
          "street": "Fachfeldstraße",
          "number": "67",
          "postalcode": "60386",
          "city": "Frankfurt am Main",
          "district": "Fechenheim"
        },
        "tags": [
          "snacks",
          "sitzgelegenheiten",
          "kaffee",
          "kuchen",
          "wc",
          "wein",
          "applewoi"
        ],
        "sources": [
          {
            "type": "hopfenstop",
            "id": "d9d92d25-f78e-4587-bb3b-a642da99754e"
          }
        ],
        "created": "2026-05-19",
        "updated": "2026-05-19"
      }
    },
    {
      "type": "Feature",
      "geometry": {
        "type": "Point",
        "coordinates": [
          8.751776976654154,
          50.14083905348252
        ]
      },
      "properties": {
        "id": "tk_fr_0131",
        "name": "Kiosk tabacon im Hessen Center Enkheim",
        "description": "im Hessen Center Erdgeschoß, Kiosk, Tabak, Tabakwaren, Lotto, Toto, Zeitungen, Zeitschriften... ",
        "address": {
          "street": "Borsigallee",
          "number": "26",
          "postalcode": "60388",
          "city": "Frankfurt am Main"
        },
        "hours": {
          "raw": "Mo-Fr 09:30-20:00; Sa 09:30-21:00"
        },
        "tags": [
          "lotto",
          "zeitschriften"
        ],
        "sources": [
          {
            "type": "hopfenstop",
            "id": "a3c87b31-7a00-4b5c-a05c-dcaf36c08206"
          }
        ],
        "created": "2026-05-19",
        "updated": "2026-05-19"
      }
    },
    {
      "type": "Feature",
      "geometry": {
        "type": "Point",
        "coordinates": [
          8.7561369074076,
          50.14359630594863
        ]
      },
      "properties": {
        "id": "tk_fr_0132",
        "name": "Trinkhalle Hahnenkammstraße",
        "description": "alleinstehende Trinkhalle und Kiosk mit Wetterschutz Getränke, Spirituosen, Süßwaren, Zeitungen, Zeitschriften, Tabakwaren",
        "address": {
          "street": "Stargarder Straße",
          "number": "46",
          "postalcode": "60388",
          "city": "Frankfurt am Main"
        },
        "hours": {
          "raw": "Mo-Fr 06:30-22:00; Sa-Su 08:00-22:00"
        },
        "tags": [
          "zeitschriften",
          "wc",
          "gemischte_tuete",
          "sekt",
          "sitzgelegenheiten",
          "ueberdacht",
          "snacks",
          "wein",
          "innenraum"
        ],
        "sources": [
          {
            "type": "hopfenstop",
            "id": "9aef5bdc-f46a-4b50-9678-3119de0b2e45"
          }
        ],
        "created": "2026-05-19",
        "updated": "2026-05-19"
      }
    },
    {
      "type": "Feature",
      "geometry": {
        "type": "Point",
        "coordinates": [
          8.626008195945674,
          50.10281265143616
        ]
      },
      "properties": {
        "id": "tk_fr_0133",
        "name": "Kiosk Frankenallee - Gallusviertel",
        "description": "Kleiner begehbarer Inhouse Kiosk  Frankenallee / Ecke Rebstöcker Straße",
        "address": {
          "street": "Rebstöcker Straße",
          "number": "91",
          "postalcode": "60326",
          "city": "Frankfurt am Main",
          "district": "Gallus"
        },
        "tags": [
          "lotto",
          "kaffee",
          "eis",
          "gemischte_tuete",
          "sitzgelegenheiten",
          "snacks"
        ],
        "sources": [
          {
            "type": "hopfenstop",
            "id": "e694fdda-3638-4e1a-a752-a639df03e95f"
          }
        ],
        "created": "2026-05-19",
        "updated": "2026-05-19"
      }
    },
    {
      "type": "Feature",
      "geometry": {
        "type": "Point",
        "coordinates": [
          8.656519664594596,
          50.10888872226155
        ]
      },
      "properties": {
        "id": "tk_fr_0134",
        "name": "Kiosk Futterstübchen Hohenstaufenstraße",
        "description": "begehbarer Mini Inhouse Kiosk Kaffee, Tabakwaren, Zeitschriften, Schreibwaren, Backwaren, Getränke, Belegte Brötchen, Heisse Wurst",
        "address": {
          "street": "Hohenstaufenstraße",
          "number": "8",
          "postalcode": "60327",
          "city": "Frankfurt am Main",
          "district": "Gallus"
        },
        "tags": [
          "backwaren",
          "kaffee",
          "zeitschriften",
          "snacks"
        ],
        "sources": [
          {
            "type": "hopfenstop",
            "id": "8abeedcc-8e69-4e5f-b797-d447dab2b67e"
          }
        ],
        "created": "2026-05-19",
        "updated": "2026-05-19"
      }
    },
    {
      "type": "Feature",
      "geometry": {
        "type": "Point",
        "coordinates": [
          8.639403147765986,
          50.104216478057054
        ]
      },
      "properties": {
        "id": "tk_fr_0135",
        "name": "Trinkhalle Frankenallee - Gallusviertel",
        "description": "Klassische Inhouse Trinkhalle mit Schiebefenster und Thekenbrett  Frankenallee / Ecke Kriegkstraße",
        "address": {
          "street": "Frankenallee",
          "number": "131",
          "postalcode": "60326",
          "city": "Frankfurt am Main",
          "district": "Gallus"
        },
        "hours": {
          "raw": "Mo-Su 07:00-22:00"
        },
        "tags": [
          "innenraum",
          "snacks",
          "gemuetlich",
          "sitzgelegenheiten",
          "mate",
          "eis",
          "gemischte_tuete",
          "wc",
          "applewoi",
          "kaffee",
          "sekt",
          "sonne",
          "wein",
          "klassiker"
        ],
        "sources": [
          {
            "type": "hopfenstop",
            "id": "9cd30ffc-7415-4b49-98ee-35c9774c8b78"
          }
        ],
        "created": "2026-05-19",
        "updated": "2026-05-19"
      }
    },
    {
      "type": "Feature",
      "geometry": {
        "type": "Point",
        "coordinates": [
          8.647149367401067,
          50.10685198259278
        ]
      },
      "properties": {
        "id": "tk_fr_0136",
        "name": "Kiosk Koblenzer Straße",
        "description": "klassischer Inhouse Kiosk mit Backshop  Koblenzer Straße 14 / Ecke Gutenbergstraße",
        "address": {
          "street": "Koblenzer Straße",
          "number": "14",
          "postalcode": "60327",
          "city": "Frankfurt am Main",
          "district": "Gallus"
        },
        "hours": {
          "raw": "Mo-Sa 09:00-21:00; Su 09:00-20:00"
        },
        "tags": [
          "innenraum",
          "applewoi"
        ],
        "sources": [
          {
            "type": "hopfenstop",
            "id": "1435bf48-55af-4e26-8fb3-2ade83f58be0"
          }
        ],
        "created": "2026-05-19",
        "updated": "2026-05-19"
      }
    },
    {
      "type": "Feature",
      "geometry": {
        "type": "Point",
        "coordinates": [
          8.64342243797504,
          50.10334425238671
        ]
      },
      "properties": {
        "id": "tk_fr_0137",
        "name": "Kiosk Hufnagelstraße",
        "description": "begehbarer Inhouse Mini Kiosk Hufnagelstraße 3 / Ecke Mainzer Landstraße",
        "address": {
          "street": "Hufnagelstraße",
          "number": "3",
          "postalcode": "60326",
          "city": "Frankfurt am Main",
          "district": "Gallus"
        },
        "hours": {
          "raw": "Mo-Sa 08:00-21:00"
        },
        "tags": [
          "zeitschriften",
          "gemischte_tuete",
          "lotto",
          "sekt",
          "klassiker"
        ],
        "sources": [
          {
            "type": "hopfenstop",
            "id": "8ab23fa1-56b8-47c2-a2b6-dc8fba4d8bd8"
          }
        ],
        "created": "2026-05-19",
        "updated": "2026-05-19"
      }
    },
    {
      "type": "Feature",
      "geometry": {
        "type": "Point",
        "coordinates": [
          8.622156543800266,
          50.104563987607584
        ]
      },
      "properties": {
        "id": "tk_fr_0138",
        "name": "Snack & Drinks Idsteiner Straße",
        "description": "freistehender Kiosk, mit Tischen und Stühlen davor, wenn es warm ist  Idsteiner Straße 196 / Ecke Schloßborner Straße",
        "address": {
          "street": "Idsteiner Straße",
          "number": "196",
          "postalcode": "60326",
          "city": "Frankfurt am Main",
          "district": "Gallus"
        },
        "hours": {
          "raw": "Mo-Sa 10:00-20:00"
        },
        "tags": [
          "innenraum",
          "sitzgelegenheiten",
          "ueberdacht",
          "klassiker",
          "applewoi",
          "kuchen",
          "wc",
          "sonne",
          "wein"
        ],
        "sources": [
          {
            "type": "hopfenstop",
            "id": "9f8c0fb1-1da3-4552-9e86-64160ecdd34e"
          }
        ],
        "created": "2026-05-19",
        "updated": "2026-05-19"
      }
    },
    {
      "type": "Feature",
      "geometry": {
        "type": "Point",
        "coordinates": [
          8.67366970903588,
          50.100994153095385
        ]
      },
      "properties": {
        "id": "tk_fr_0139",
        "name": "Kiosk Schmück Gartenstraße",
        "description": "Kiosk, Presseshop, Getränke, Spirituosen, Zeitungen, Zeitschriften",
        "address": {
          "street": "Gartenstraße",
          "number": "79",
          "postalcode": "60596",
          "city": "Frankfurt am Main",
          "district": "Sachsenhausen"
        },
        "hours": {
          "raw": "Mo-Tu 07:30-18:30; We 07:30-00:00; Th-Fr 07:30-18:30; Sa 08:00-13:00"
        },
        "tags": [
          "lotto",
          "ueberdacht"
        ],
        "sources": [
          {
            "type": "hopfenstop",
            "id": "46bde430-8f70-4fc1-8158-e55428046621"
          }
        ],
        "created": "2026-05-19",
        "updated": "2026-05-19"
      }
    },
    {
      "type": "Feature",
      "geometry": {
        "type": "Point",
        "coordinates": [
          8.680280013152963,
          50.1019455614998
        ]
      },
      "properties": {
        "id": "tk_fr_0140",
        "name": "Dario Kiosk Schweizer Platz Sachsenhausen",
        "description": "Der kleine Zeitschriften-Kiosk Dario befindet sich auf dem Schweizer Platz. Klassisches Kiosk Angebot mit Zeitungen und Zeitschriften, gekühlte Getränke und vieles mehr",
        "address": {
          "street": "Schneckenhofstraße",
          "number": "6",
          "postalcode": "60596",
          "city": "Frankfurt am Main",
          "district": "Sachsenhausen"
        },
        "tags": [
          "zeitschriften",
          "craft_bier",
          "kaffee",
          "lotto",
          "applewoi",
          "innenraum",
          "eis",
          "mate",
          "fritz_kola",
          "snacks",
          "sonne",
          "ueberdacht",
          "schnaps"
        ],
        "sources": [
          {
            "type": "hopfenstop",
            "id": "cd7f2516-4c88-4e03-943c-a80f58618fdc"
          }
        ],
        "created": "2026-05-19",
        "updated": "2026-05-19"
      }
    },
    {
      "type": "Feature",
      "geometry": {
        "type": "Point",
        "coordinates": [
          8.681603683302013,
          50.10039542708778
        ]
      },
      "properties": {
        "id": "tk_fr_0141",
        "name": "Kiosk Schweizer Straße",
        "description": "gegenüber Gemaltes Haus Kiosk begehbarer Miniladen Barrierefrei für Rollstuhlfahrer",
        "address": {
          "street": "Schweizer Straße",
          "number": "82",
          "postalcode": "60594",
          "city": "Frankfurt am Main",
          "district": "Sachsenhausen"
        },
        "tags": [
          "lotto",
          "barrierefrei"
        ],
        "sources": [
          {
            "type": "hopfenstop",
            "id": "b1e9153f-c65e-4e88-a77f-0eb516ac9448"
          }
        ],
        "created": "2026-05-19",
        "updated": "2026-05-19"
      }
    },
    {
      "type": "Feature",
      "geometry": {
        "type": "Point",
        "coordinates": [
          8.75536443121139,
          50.14331439964915
        ]
      },
      "properties": {
        "id": "tk_fr_0142",
        "name": "tipico Kiosk Triebstraße",
        "description": "Neueröffnung 20. Oktober 2014  Zeitungen, Getränke, Snacks, Sportwetten, Telekarte, Tabak ",
        "address": {
          "street": "Triebstraße",
          "number": "81",
          "postalcode": "60388",
          "city": "Frankfurt am Main"
        },
        "hours": {
          "raw": "Mo-Sa 10:00-22:00"
        },
        "tags": [
          "snacks"
        ],
        "sources": [
          {
            "type": "hopfenstop",
            "id": "3fea94a3-acdd-4906-9a48-d1d134003155"
          }
        ],
        "created": "2026-05-19",
        "updated": "2026-05-19"
      }
    },
    {
      "type": "Feature",
      "geometry": {
        "type": "Point",
        "coordinates": [
          8.759516490766465,
          50.13017297230224
        ]
      },
      "properties": {
        "id": "tk_fr_0143",
        "name": "Cassella-Eck",
        "description": "Klassische freistehende Trinkhalle mit kleinem Gastraum   Die Trinkhalle befindet sich unter der Fußgängerbrücke, die die Hanauer Landstraße überspannt. Hanauer Landstraße 509b / Ecke Cassellastraße. ",
        "address": {
          "street": "Hanauer Landstraße",
          "number": "509A",
          "postalcode": "60386",
          "city": "Frankfurt am Main",
          "district": "Fechenheim"
        },
        "hours": {
          "raw": "Mo-Sa 06:00-23:00; Su 11:00-23:00"
        },
        "tags": [
          "wc",
          "eis",
          "gemischte_tuete",
          "innenraum",
          "lotto",
          "sitzgelegenheiten",
          "snacks",
          "ueberdacht",
          "wein",
          "applewoi",
          "barrierefrei",
          "zeitschriften",
          "chillout",
          "flair",
          "fritz_kola",
          "longpapes"
        ],
        "sources": [
          {
            "type": "hopfenstop",
            "id": "a75b346f-dce6-471a-9c10-6020652b85bd"
          }
        ],
        "created": "2026-05-19",
        "updated": "2026-05-19"
      }
    },
    {
      "type": "Feature",
      "geometry": {
        "type": "Point",
        "coordinates": [
          8.763557238647607,
          50.12239713189478
        ]
      },
      "properties": {
        "id": "tk_fr_0144",
        "name": "Trinkhalle II Leo-Gans-Straße",
        "description": "Klassische freistehende alt eingesessene Trinkhalle  Leo-Gans-Str. 51 gegenüber Max-Eyth-Straße",
        "address": {
          "street": "Leo-Gans-Straße",
          "number": "51",
          "postalcode": "60386",
          "city": "Frankfurt am Main",
          "district": "Fechenheim"
        },
        "tags": [
          "wc",
          "gemischte_tuete",
          "ueberdacht",
          "zeitschriften",
          "applewoi",
          "sonne",
          "kaffee",
          "innenraum"
        ],
        "sources": [
          {
            "type": "hopfenstop",
            "id": "b22fec7e-18ed-4be6-a4c7-781629bedc4b"
          }
        ],
        "created": "2026-05-19",
        "updated": "2026-05-19"
      }
    },
    {
      "type": "Feature",
      "geometry": {
        "type": "Point",
        "coordinates": [
          8.753033591577495,
          50.13380768417825
        ]
      },
      "properties": {
        "id": "tk_fr_0145",
        "name": "Haydars Treff",
        "description": "Klassische freistehende alt eingesessene Trinkhalle. Im Sommer Tische und Stühle im Außenbereich.",
        "address": {
          "street": "Birsteiner Straße",
          "number": "65A",
          "postalcode": "60386",
          "city": "Frankfurt am Main",
          "district": "Fechenheim"
        },
        "hours": {
          "raw": "Tu-Sa 09:00-22:00; Su 11:00-22:00"
        },
        "tags": [
          "wc",
          "musik",
          "sitzgelegenheiten",
          "snacks",
          "applewoi",
          "gemuetlich",
          "ueberdacht",
          "milch",
          "kaffee",
          "gemischte_tuete",
          "wein",
          "fritz_kola",
          "sekt",
          "craft_bier",
          "barrierefrei"
        ],
        "sources": [
          {
            "type": "hopfenstop",
            "id": "0ee5ac75-b1c4-4235-b0b6-3480ff77d1c0"
          }
        ],
        "created": "2026-05-19",
        "updated": "2026-05-19"
      }
    },
    {
      "type": "Feature",
      "geometry": {
        "type": "Point",
        "coordinates": [
          8.768530054161065,
          50.125530318178896
        ]
      },
      "properties": {
        "id": "tk_fr_0146",
        "name": "Trinkhalle Alt-Fechenheim Fechenheim",
        "description": "Klassische halb freistehende alt eingesessene Trinkhalle",
        "address": {
          "street": "Kleestraße",
          "number": "4",
          "postalcode": "60386",
          "city": "Frankfurt am Main",
          "district": "Fechenheim"
        },
        "hours": {
          "raw": "Mo-Fr 06:00-23:00; Sa-Su 08:00-23:00"
        },
        "tags": [
          "applewoi",
          "ueberdacht",
          "mate",
          "kaffee"
        ],
        "sources": [
          {
            "type": "hopfenstop",
            "id": "f9def1ad-71a6-4ec5-8701-0c3b9de549d6"
          }
        ],
        "created": "2026-05-19",
        "updated": "2026-05-19"
      }
    },
    {
      "type": "Feature",
      "geometry": {
        "type": "Point",
        "coordinates": [
          8.767211748430194,
          50.12127587599859
        ]
      },
      "properties": {
        "id": "tk_fr_0147",
        "name": "Mega-Kiosk Gründenseestraße",
        "description": " Der Mega-Kiosk ist eher schon ein kleiner Laden mit allem was so benötigt wird.  Der Eingang zum Kiosk befindet sich in der Konstanzer Straße. Der Hauseingang befindet sich um die Ecke in der Gründenseestraße 26. Es handelt sich um das Eckhaus.",
        "address": {
          "street": "Gründenseestraße",
          "number": "24-26",
          "postalcode": "60386",
          "city": "Frankfurt am Main",
          "district": "Fechenheim"
        },
        "tags": [
          "gemischte_tuete",
          "kaffee"
        ],
        "sources": [
          {
            "type": "hopfenstop",
            "id": "343ae3df-08e9-44c1-ac15-b6ef1870a0e2"
          }
        ],
        "created": "2026-05-19",
        "updated": "2026-05-19"
      }
    },
    {
      "type": "Feature",
      "geometry": {
        "type": "Point",
        "coordinates": [
          8.76982287890617,
          50.12372471994815
        ]
      },
      "properties": {
        "id": "tk_fr_0148",
        "name": "Kiosk Internet Callshop Alt-Fechenheim Fechenheim",
        "description": "Getränke, Snacks, Süßigkeiten, Tabakwaren, Zeitungen, Zeitschriften, Telefon Kabinen, Telefonieren, Faxen, Prepaid Telefonkarten",
        "address": {
          "street": "Alt-Fechenheim",
          "number": "99",
          "postalcode": "60386",
          "city": "Frankfurt am Main",
          "district": "Fechenheim"
        },
        "tags": [
          "snacks",
          "zeitschriften"
        ],
        "sources": [
          {
            "type": "hopfenstop",
            "id": "d7b252fe-0339-438f-9569-eea529500f8c"
          }
        ],
        "created": "2026-05-19",
        "updated": "2026-05-19"
      }
    },
    {
      "type": "Feature",
      "geometry": {
        "type": "Point",
        "coordinates": [
          8.770542381474591,
          50.122523529493996
        ]
      },
      "properties": {
        "id": "tk_fr_0149",
        "name": "Kiosk mit Lotto Alt-Fechenheim Fechenheim",
        "description": "Tabakwaren, Zeitschriften, Stehcafé, Glückwunschkarten, Geschenkartikel, Schreibwaren, Lotto  Kiosk befindet sich neben Bäckerei Eifler ",
        "address": {
          "street": "Alt-Fechenheim",
          "number": "123",
          "postalcode": "60386",
          "city": "Frankfurt am Main",
          "district": "Fechenheim"
        },
        "tags": [
          "lotto",
          "zeitschriften"
        ],
        "sources": [
          {
            "type": "hopfenstop",
            "id": "98014fdc-af58-41d3-9bcc-ad1481313a48"
          }
        ],
        "created": "2026-05-19",
        "updated": "2026-05-19"
      }
    },
    {
      "type": "Feature",
      "geometry": {
        "type": "Point",
        "coordinates": [
          8.649611635276754,
          50.1199654178798
        ]
      },
      "properties": {
        "id": "tk_fr_0150",
        "name": "Kiosk Glücks Tipp",
        "description": "Zeitungen, Zeitschriften, Tabakwaren, Getränke, Lotto",
        "address": {
          "street": "Adalbertstraße",
          "number": "1A",
          "postalcode": "60486",
          "city": "Frankfurt am Main",
          "district": "Bockenheim"
        },
        "hours": {
          "raw": "Tu-Su 10:00-18:30"
        },
        "tags": [
          "zeitschriften",
          "postkarten",
          "lotto",
          "wein",
          "innenraum"
        ],
        "sources": [
          {
            "type": "hopfenstop",
            "id": "e1801c42-9d7c-47fe-9885-b18fb7e785d6"
          }
        ],
        "created": "2026-05-19",
        "updated": "2026-05-19"
      }
    },
    {
      "type": "Feature",
      "geometry": {
        "type": "Point",
        "coordinates": [
          8.674206150838861,
          50.09093180969916
        ]
      },
      "properties": {
        "id": "tk_fr_0151",
        "name": "Kifle Treffpunkt",
        "description": "Klassische freistehende Trinkhalle  Mörfelder Landstr. 203 Ecke Beuthener Str. Die Haltestelle der Tram 14 liegt schräg gegenüber.",
        "address": {
          "street": "Mörfelder Landstraße",
          "number": "203",
          "postalcode": "60598",
          "city": "Frankfurt am Main",
          "district": "Sachsenhausen-Süd"
        },
        "hours": {
          "raw": "Mo-Su 08:00-22:00"
        },
        "tags": [
          "wc",
          "eis",
          "sitzgelegenheiten",
          "stehtisch",
          "ueberdacht",
          "chillout",
          "gemischte_tuete",
          "sonne",
          "flair",
          "gemuetlich",
          "schnaps",
          "kaffee",
          "applewoi",
          "innenraum",
          "klassiker",
          "barrierefrei",
          "kuchen",
          "milch"
        ],
        "sources": [
          {
            "type": "hopfenstop",
            "id": "c3d50726-68ac-4f5f-9787-6b6883a96492"
          }
        ],
        "created": "2026-05-19",
        "updated": "2026-05-19"
      }
    },
    {
      "type": "Feature",
      "geometry": {
        "type": "Point",
        "coordinates": [
          8.692076368400594,
          50.10583358027655
        ]
      },
      "properties": {
        "id": "tk_fr_0152",
        "name": "Kiosk Alt-Sachs",
        "description": "kleiner begehbarer Kiosk Tabakwaren, Süßigkeiten, Getränke, Telefonkarten, Zeitungen",
        "address": {
          "street": "Dreieichstraße",
          "number": "16",
          "postalcode": "60594",
          "city": "Frankfurt am Main",
          "district": "Sachsenhausen"
        },
        "hours": {
          "raw": "Mo-Th 08:00-02:00; Fr-Sa 00:00-23:59; Su 08:00-02:00"
        },
        "tags": [
          "kaffee",
          "sekt",
          "schnaps",
          "applewoi",
          "gemischte_tuete",
          "fritz_kola",
          "postkarten",
          "ueberdacht",
          "craft_bier",
          "innenraum",
          "lotto",
          "mate",
          "sitzgelegenheiten",
          "snacks",
          "sonne",
          "wein",
          "rubbellose",
          "zeitschriften"
        ],
        "sources": [
          {
            "type": "hopfenstop",
            "id": "d45db5a2-d81f-47d9-a958-0fa15eda775f"
          }
        ],
        "created": "2026-05-19",
        "updated": "2026-05-19"
      }
    },
    {
      "type": "Feature",
      "geometry": {
        "type": "Point",
        "coordinates": [
          8.694238228866524,
          50.10539318337986
        ]
      },
      "properties": {
        "id": "tk_fr_0153",
        "name": "Your local dealer",
        "description": "Kleiner begehbarer Kiosk Spirituosen Tabakwaren, Süßwaren, Zeitschriften, Getränke",
        "address": {
          "street": "Seehofstraße",
          "number": "24",
          "postalcode": "60594",
          "city": "Frankfurt am Main",
          "district": "Sachsenhausen"
        },
        "hours": {
          "raw": "Mo-Th 06:00-00:00; Fr-Su 06:00-01:00"
        },
        "tags": [
          "gemischte_tuete",
          "gemuetlich",
          "zeitschriften",
          "wc",
          "snacks",
          "sekt",
          "wein",
          "schnaps",
          "applewoi",
          "mate",
          "sitzgelegenheiten",
          "innenraum",
          "musik",
          "kaffee",
          "kuchen",
          "ueberdacht",
          "klassiker",
          "sonne",
          "eis",
          "fritz_kola",
          "chillout",
          "flair",
          "craft_bier",
          "stehtisch",
          "longpapes"
        ],
        "sources": [
          {
            "type": "hopfenstop",
            "id": "04cf1bd9-74e1-41d2-916c-5b0a4e732b09"
          }
        ],
        "created": "2026-05-19",
        "updated": "2026-05-19"
      }
    },
    {
      "type": "Feature",
      "geometry": {
        "type": "Point",
        "coordinates": [
          8.685376210281301,
          50.11656012277119
        ]
      },
      "properties": {
        "id": "tk_fr_0154",
        "name": "Kiosk Schäfergasse Innenstadt",
        "description": "Kleiner begehbarer Laden mit Schiebefenster und Außentheke Spirituosen, Wein, Tabakwaren, Süßes, Chips, Zeitungen, Zeitschriften, Getränke, Eis, Lotto",
        "address": {
          "street": "Schäfergasse",
          "number": "44",
          "postalcode": "60313",
          "city": "Frankfurt am Main",
          "district": "Innenstadt"
        },
        "hours": {
          "raw": "Mo-Th 08:00-00:00; Fr-Sa 08:00-02:00; Su 08:00-00:00"
        },
        "tags": [
          "lotto",
          "zeitschriften",
          "eis",
          "wein",
          "mate",
          "applewoi",
          "ueberdacht",
          "snacks",
          "gemischte_tuete",
          "innenraum",
          "kaffee",
          "sekt",
          "sitzgelegenheiten",
          "stehtisch",
          "flair"
        ],
        "sources": [
          {
            "type": "hopfenstop",
            "id": "b10a6cdf-4d71-4ada-a394-923648204acd"
          }
        ],
        "created": "2026-05-19",
        "updated": "2026-05-19"
      }
    },
    {
      "type": "Feature",
      "geometry": {
        "type": "Point",
        "coordinates": [
          8.686211718389544,
          50.116797469373864
        ]
      },
      "properties": {
        "id": "tk_fr_0155",
        "name": "Kiosk Okbe",
        "description": "Kleiner begehbarer Kiosk Tabakwaren, Presse, Getränke, Spirituosen",
        "address": {
          "street": "Vilbeler Straße",
          "number": "33",
          "postalcode": "60313",
          "city": "Frankfurt am Main",
          "district": "Innenstadt"
        },
        "hours": {
          "raw": "Mo-Th 18:00-01:00; Fr-Sa 18:00-02:35"
        },
        "tags": [
          "gemischte_tuete",
          "mate",
          "musik",
          "sekt",
          "applewoi",
          "innenraum"
        ],
        "sources": [
          {
            "type": "hopfenstop",
            "id": "b739be59-b900-45b0-b83c-71f22b64ff84"
          }
        ],
        "created": "2026-05-19",
        "updated": "2026-05-19"
      }
    },
    {
      "type": "Feature",
      "geometry": {
        "type": "Point",
        "coordinates": [
          8.678386373588523,
          50.114000832489914
        ]
      },
      "properties": {
        "id": "tk_fr_0156",
        "name": "Kiosk B-Ebene Hauptwache Innenstadt",
        "description": "Begehbarer Kiosk Getränke, Tabakwaren, Internet, Telefon, Lotto",
        "address": {
          "street": "Biebergasse",
          "number": "7",
          "postalcode": "60313",
          "city": "Frankfurt am Main",
          "district": "Innenstadt"
        },
        "tags": [
          "lotto",
          "applewoi",
          "musik",
          "craft_bier"
        ],
        "sources": [
          {
            "type": "hopfenstop",
            "id": "69a85829-3fdf-4b40-a902-d08082226922"
          }
        ],
        "created": "2026-05-19",
        "updated": "2026-05-19"
      }
    },
    {
      "type": "Feature",
      "geometry": {
        "type": "Point",
        "coordinates": [
          8.678728355237954,
          50.121965485878654
        ]
      },
      "properties": {
        "id": "tk_fr_0157",
        "name": "Trinkhalle Bornwiesenweg Nordend",
        "description": "Klassische Inhouse Trinkhalle alt eingesessen",
        "address": {
          "street": "Bornwiesenweg",
          "number": "55",
          "postalcode": "60322",
          "city": "Frankfurt am Main",
          "district": "Nordend-West"
        },
        "tags": [
          "eis",
          "zeitschriften"
        ],
        "sources": [
          {
            "type": "hopfenstop",
            "id": "1ec6aefc-34dd-4ee2-9fad-a28bd448a5c6"
          }
        ],
        "created": "2026-05-19",
        "updated": "2026-05-19"
      }
    },
    {
      "type": "Feature",
      "geometry": {
        "type": "Point",
        "coordinates": [
          8.68588046557611,
          50.12680967226681
        ]
      },
      "properties": {
        "id": "tk_fr_0158",
        "name": "Einkaufskiosk Eckenheimer Landstraße",
        "description": "Begehbarer kleiner Kiosk Laden, mit Schiebefenster Zeitungen, Zeitschrift, Getränke, Tabakwaren, etc.",
        "address": {
          "street": "Glauburgstraße",
          "number": "60",
          "postalcode": "60318",
          "city": "Frankfurt am Main",
          "district": "Nordend-West"
        },
        "tags": [
          "sitzgelegenheiten",
          "gemischte_tuete",
          "wein",
          "snacks",
          "sekt",
          "ueberdacht",
          "innenraum",
          "kaffee",
          "lotto",
          "musik",
          "sonne",
          "applewoi",
          "longpapes",
          "flair",
          "chillout",
          "stehtisch",
          "klassiker"
        ],
        "sources": [
          {
            "type": "hopfenstop",
            "id": "54d2b52e-9ce0-49d1-afd4-1200ce204203"
          }
        ],
        "created": "2026-05-19",
        "updated": "2026-05-19"
      }
    },
    {
      "type": "Feature",
      "geometry": {
        "type": "Point",
        "coordinates": [
          8.685243440935013,
          50.12772445825411
        ]
      },
      "properties": {
        "id": "tk_fr_0159",
        "name": "Kiosk im Nordend Eckenheimer Landstraße",
        "description": "Kleiner begehbarer Kiosk Laden mit Schiebefenster und Theke aussen Zeitungen, Zeitschriften, Tabakwaren, Lotto, Eis, Getränke, etc.",
        "address": {
          "street": "Eckenheimer Landstraße",
          "number": "132",
          "postalcode": "60318",
          "city": "Frankfurt am Main",
          "district": "Nordend-West"
        },
        "tags": [
          "wein",
          "zeitschriften",
          "eis",
          "lotto",
          "innenraum",
          "applewoi",
          "gemischte_tuete",
          "kaffee",
          "sekt",
          "snacks",
          "schnaps",
          "postkarten",
          "paketshop"
        ],
        "sources": [
          {
            "type": "hopfenstop",
            "id": "3fc669b3-d959-4d69-9efe-792aed12bcff"
          }
        ],
        "created": "2026-05-19",
        "updated": "2026-05-19"
      }
    },
    {
      "type": "Feature",
      "geometry": {
        "type": "Point",
        "coordinates": [
          8.69257660038181,
          50.12772273874648
        ]
      },
      "properties": {
        "id": "tk_fr_0160",
        "name": "Kiosk Rohrbachstraße",
        "description": "Kleiner begehbarer Kiosk Tabakwaren, Backwaren, Süßwaren, Zeitungen, Zeitschriften, Getränke",
        "address": {
          "street": "Rohrbachstraße",
          "number": "68",
          "postalcode": "60389",
          "city": "Frankfurt am Main",
          "district": "Nordend-Ost"
        },
        "hours": {
          "raw": "Mo-Su 10:00-01:00"
        },
        "tags": [
          "paketshop",
          "backwaren",
          "zeitschriften",
          "snacks",
          "craft_bier",
          "stehtisch",
          "eis",
          "sitzgelegenheiten",
          "musik",
          "innenraum",
          "gemischte_tuete",
          "applewoi",
          "schnaps"
        ],
        "sources": [
          {
            "type": "hopfenstop",
            "id": "adaf4b9b-e023-4059-a22a-9d9db8da1bba"
          }
        ],
        "created": "2026-05-19",
        "updated": "2026-05-19"
      }
    },
    {
      "type": "Feature",
      "geometry": {
        "type": "Point",
        "coordinates": [
          8.692290945121643,
          50.12670649981833
        ]
      },
      "properties": {
        "id": "tk_fr_0161",
        "name": "Einkaufskiosk Noel",
        "description": "Kleiner begehbarer Kiosk Tabakwaren, Presse, Geschenkkarten, Getränke, Fotoarbeiten, Passbilder, Lotto",
        "address": {
          "street": "Friedberger Landstraße",
          "number": "114",
          "postalcode": "60316",
          "city": "Frankfurt am Main",
          "district": "Nordend-Ost"
        },
        "tags": [
          "ueberdacht",
          "wc",
          "eis",
          "gemischte_tuete",
          "innenraum",
          "kaffee",
          "musik",
          "sekt",
          "sitzgelegenheiten",
          "snacks",
          "wein",
          "applewoi",
          "fritz_kola",
          "craft_bier",
          "zeitschriften",
          "paketshop",
          "lotto",
          "schnaps"
        ],
        "sources": [
          {
            "type": "hopfenstop",
            "id": "c44a5698-1847-49b4-ae76-5dfa4001c2a2"
          }
        ],
        "created": "2026-05-19",
        "updated": "2026-05-19"
      }
    },
    {
      "type": "Feature",
      "geometry": {
        "type": "Point",
        "coordinates": [
          8.686186237403868,
          50.12388636675659
        ]
      },
      "properties": {
        "id": "tk_fr_0162",
        "name": "Trinkhalle Einkaufskiosk Eckenheimer Landstraße",
        "description": "Klassische Trinkhalle Inhouse mit Schiebefenster und Theke aussen Tabak- und Süßwaren, Presse, Getränke, Eis  Es handelt sich um das Eckhaus Eckenheimer Landstr / Ecke Adlerflychtstraße.  ",
        "address": {
          "street": "Eckenheimer Landstraße",
          "number": "57",
          "postalcode": "60318",
          "city": "Frankfurt am Main",
          "district": "Nordend-West"
        },
        "hours": {
          "raw": "Mo-Su 07:00-22:00"
        },
        "tags": [
          "kaffee",
          "zeitschriften",
          "eis",
          "wein",
          "innenraum",
          "snacks",
          "sonne",
          "ueberdacht",
          "schnaps",
          "musik",
          "sitzgelegenheiten",
          "fritz_kola",
          "kuchen"
        ],
        "sources": [
          {
            "type": "hopfenstop",
            "id": "365a7404-73c0-43d3-8024-4b9054977fe9"
          }
        ],
        "created": "2026-05-19",
        "updated": "2026-05-19"
      }
    },
    {
      "type": "Feature",
      "geometry": {
        "type": "Point",
        "coordinates": [
          8.686052126953166,
          50.1224143288665
        ]
      },
      "properties": {
        "id": "tk_fr_0163",
        "name": "Kiosk Nordend-Shop Eckenheimer Landstraße Nordend",
        "description": "kleiner begehbarer Kiosk direkt neben der Musterschule Eckenheimer Landstraße Ecke Oberweg Presseerzeugnisse + Schreibwaren, Lotto-Toto, Tabakwaren, Getränke, Süßwaren",
        "address": {
          "street": "Eckenheimer Landstraße",
          "number": "39",
          "postalcode": "60318",
          "city": "Frankfurt am Main",
          "district": "Nordend-West"
        },
        "hours": {
          "raw": "Mo-Fr 06:30-18:00; Sa 06:30-15:00"
        },
        "tags": [
          "eis",
          "zeitschriften",
          "lotto",
          "gemischte_tuete",
          "snacks",
          "applewoi",
          "wein",
          "rubbellose",
          "kaffee",
          "fritz_kola",
          "sonne",
          "postkarten",
          "innenraum",
          "sekt"
        ],
        "sources": [
          {
            "type": "hopfenstop",
            "id": "d49191d3-7509-42fc-896d-dbf034e590a8"
          }
        ],
        "created": "2026-05-19",
        "updated": "2026-05-19"
      }
    },
    {
      "type": "Feature",
      "geometry": {
        "type": "Point",
        "coordinates": [
          8.698896555373292,
          50.115268455056366
        ]
      },
      "properties": {
        "id": "tk_fr_0164",
        "name": "Trinkhalle Kiosk am Zoo Bernhard-Grzimek-Allee Ostend",
        "description": "Klassische freistehende alt eingesessene Trinkhalle direkt gegenüber der alten Zoo Kasse und Haltestelle der Tram 14",
        "address": {
          "street": "Hölderlinstraße",
          "number": "20",
          "postalcode": "60316",
          "city": "Frankfurt am Main",
          "district": "Ostend"
        },
        "hours": {
          "raw": "Mo-Su 09:00-01:00"
        },
        "tags": [
          "innenraum",
          "sekt",
          "zeitschriften",
          "craft_bier",
          "snacks"
        ],
        "sources": [
          {
            "type": "hopfenstop",
            "id": "1f1cccab-9d40-4e69-a9e7-5e4eac5fbd7d"
          }
        ],
        "created": "2026-05-19",
        "updated": "2026-05-19"
      }
    },
    {
      "type": "Feature",
      "geometry": {
        "type": "Point",
        "coordinates": [
          8.705685896942045,
          50.11493650286591
        ]
      },
      "properties": {
        "id": "tk_fr_0165",
        "name": "Trinkhalle Maulbeerstraße ",
        "description": "Klassische Inhouse Trinkhalle mit Schiebefenster und Außentheke Maulbeerstraße Ecke Röderbergweg Getränke, Zeitungen, Zeitschriften, Tabakwaren, Lebensmittel, Süßwaren, Eis ",
        "address": {
          "street": "Maulbeerstraße",
          "number": "2",
          "postalcode": "60314",
          "city": "Frankfurt am Main",
          "district": "Ostend"
        },
        "hours": {
          "raw": "Mo-Sa 07:00-20:00; Su 08:00-20:00"
        },
        "tags": [
          "eis",
          "zeitschriften"
        ],
        "sources": [
          {
            "type": "hopfenstop",
            "id": "9473f6b3-f815-4041-9542-79c41f34adcf"
          }
        ],
        "created": "2026-05-19",
        "updated": "2026-05-19"
      }
    },
    {
      "type": "Feature",
      "geometry": {
        "type": "Point",
        "coordinates": [
          8.699532909461915,
          50.11149300811452
        ]
      },
      "properties": {
        "id": "tk_fr_0166",
        "name": "Euro Center Kiosk Ostendstraße",
        "description": "Begehbarer Eckladen Zeitungen, Zeitschriften, Getränke, Snacks, Eis, Tabakwaren, Süßwaren, etc.  Ostendstraße Ecke Rückertstraße",
        "address": {
          "street": "Ostendstraße",
          "number": "50",
          "postalcode": "60314",
          "city": "Frankfurt am Main",
          "district": "Ostend"
        },
        "tags": [
          "eis",
          "snacks",
          "zeitschriften",
          "innenraum",
          "mate",
          "kaffee",
          "sekt",
          "barrierefrei"
        ],
        "sources": [
          {
            "type": "hopfenstop",
            "id": "cbf406cd-be03-4fba-945c-280dc8db8911"
          }
        ],
        "created": "2026-05-19",
        "updated": "2026-05-19"
      }
    },
    {
      "type": "Feature",
      "geometry": {
        "type": "Point",
        "coordinates": [
          8.70648519522852,
          50.12077027042371
        ]
      },
      "properties": {
        "id": "tk_fr_0167",
        "name": "Kiosk 71 Wittelsbacher Allee Bornheim",
        "description": "begehbarer Miniladen Presse, Getränke, Süßigkeiten, Tabakwaren, etc.",
        "address": {
          "street": "Wittelsbacherallee",
          "number": "71",
          "postalcode": "60385",
          "city": "Frankfurt am Main",
          "district": "Ostend"
        },
        "hours": {
          "raw": "Mo-Su 09:00-23:00"
        },
        "tags": [
          "kaffee",
          "innenraum",
          "applewoi"
        ],
        "sources": [
          {
            "type": "hopfenstop",
            "id": "9fff93f3-7fbc-4e97-a796-8ed3f9d23d51"
          }
        ],
        "created": "2026-05-19",
        "updated": "2026-05-19"
      }
    },
    {
      "type": "Feature",
      "geometry": {
        "type": "Point",
        "coordinates": [
          8.703697038957579,
          50.12010472025011
        ]
      },
      "properties": {
        "id": "tk_fr_0168",
        "name": "Trinkhalle Einkaufskiosk Wittelsbacherallee Bornheim",
        "description": "Kleine Trinkhalle mit Schiebefenster und Außentheke, auch begehbar. Presse, Getränke, Tabakwaren, Süßigkeiten, Eis, etc.",
        "address": {
          "street": "Wittelsbacherallee",
          "number": "45",
          "postalcode": "60316",
          "city": "Frankfurt am Main",
          "district": "Ostend"
        },
        "hours": {
          "raw": "Mo-Fr 07:00-23:30; Sa-Su 08:00-23:30"
        },
        "tags": [
          "eis",
          "innenraum",
          "lotto",
          "snacks",
          "wein",
          "applewoi"
        ],
        "sources": [
          {
            "type": "hopfenstop",
            "id": "7f4e08ed-9999-48be-8ad2-45bf09eee23d"
          }
        ],
        "created": "2026-05-19",
        "updated": "2026-05-19"
      }
    },
    {
      "type": "Feature",
      "geometry": {
        "type": "Point",
        "coordinates": [
          8.710283203193667,
          50.11606478694141
        ]
      },
      "properties": {
        "id": "tk_fr_0169",
        "name": "Kiosk Konsumgut Röderbergweg Bornheim",
        "description": "Begehbarer kleiner Kiosk mit Schiebefenst4er und Außentheke Presse, Lotto, Getränke, Süßigkeiten, Tabakwaren, etc.  Das Eckhaus Röderbergweg Ecke Habsburgerallee. Mit DPD Annahmestelle.",
        "address": {
          "street": "Röderbergweg",
          "number": "121",
          "postalcode": "60385",
          "city": "Frankfurt am Main",
          "district": "Ostend"
        },
        "hours": {
          "raw": "Mo-Fr 15:00-21:00; Sa 09:00-22:00; Su 09:00-20:00"
        },
        "tags": [
          "paketshop",
          "lotto",
          "gemischte_tuete",
          "craft_bier",
          "innenraum",
          "eis",
          "kaffee",
          "mate",
          "wein",
          "applewoi",
          "sonne"
        ],
        "sources": [
          {
            "type": "hopfenstop",
            "id": "e725ac0d-4363-424d-bba0-a056165a3d1b"
          }
        ],
        "created": "2026-05-19",
        "updated": "2026-05-19"
      }
    },
    {
      "type": "Feature",
      "geometry": {
        "type": "Point",
        "coordinates": [
          8.712905733057847,
          50.119612860687035
        ]
      },
      "properties": {
        "id": "tk_fr_0170",
        "name": "Kiosk Komp Rhönstraße Bornheim",
        "description": "Begehbarer Kiosk im Flachbau neben Haus Nr. 94 Presse, Tabakwaren, Geschenkartikel, Schulbedarf, Passfotos, Lotto",
        "address": {
          "street": "Rhönstraße",
          "number": "94",
          "postalcode": "60385",
          "city": "Frankfurt am Main",
          "district": "Ostend"
        },
        "tags": [
          "lotto"
        ],
        "sources": [
          {
            "type": "hopfenstop",
            "id": "efdf87fb-606d-4d45-8484-33a92ff83172"
          }
        ],
        "created": "2026-05-19",
        "updated": "2026-05-19"
      }
    },
    {
      "type": "Feature",
      "geometry": {
        "type": "Point",
        "coordinates": [
          8.712605996200653,
          50.11991038473314
        ]
      },
      "properties": {
        "id": "tk_fr_0171",
        "name": "Kio Kiosk Presse Shop Rhönstraße Bornheim",
        "description": "kleiner begehbarer Kiosk Presse, Getränke, Briefmarken, Kaffee, Frühstück, etc.",
        "address": {
          "street": "Rhönstraße",
          "number": "137",
          "postalcode": "60385",
          "city": "Frankfurt am Main",
          "district": "Ostend"
        },
        "tags": [
          "kaffee",
          "sekt",
          "sitzgelegenheiten",
          "wc",
          "ueberdacht"
        ],
        "sources": [
          {
            "type": "hopfenstop",
            "id": "a320c5d7-556d-4afb-a658-8284980b05f7"
          }
        ],
        "created": "2026-05-19",
        "updated": "2026-05-19"
      }
    },
    {
      "type": "Feature",
      "geometry": {
        "type": "Point",
        "coordinates": [
          8.69943098551939,
          50.12039192262304
        ]
      },
      "properties": {
        "id": "tk_fr_0172",
        "name": "Kiosk Getränke-Abhollager Einkaufskiosk Sandweg Bornheim",
        "description": "Begehbarer Kiosk mit späten Öffnungszeiten",
        "address": {
          "street": "Sandweg",
          "number": "74",
          "postalcode": "60316",
          "city": "Frankfurt am Main",
          "district": "Ostend"
        },
        "hours": {
          "raw": "Mo-Su 12:30-00:30"
        },
        "tags": [
          "mate",
          "eis",
          "applewoi",
          "innenraum",
          "craft_bier",
          "wc",
          "gemischte_tuete",
          "sekt",
          "sonne",
          "wein"
        ],
        "sources": [
          {
            "type": "hopfenstop",
            "id": "716053db-7a21-4ac2-80bc-b072b64013ce"
          }
        ],
        "created": "2026-05-19",
        "updated": "2026-05-19"
      }
    },
    {
      "type": "Feature",
      "geometry": {
        "type": "Point",
        "coordinates": [
          8.698760433265617,
          50.11982783489371
        ]
      },
      "properties": {
        "id": "tk_fr_0173",
        "name": "Eddy's Kiosk",
        "description": "Klassische alt eingesessene Inhouse Trinkhalle mit Schiebefenster und Außentheke Presse, Getränke, Süßigkeiten, Tabakwaren, etc.",
        "address": {
          "street": "Sandweg",
          "number": "60",
          "postalcode": "60316",
          "city": "Frankfurt am Main",
          "district": "Ostend"
        },
        "hours": {
          "raw": "Mo-Th 08:00-23:00; Fr 08:00-01:00; Sa 10:00-01:00; Su 09:00-23:00"
        },
        "tags": [
          "gemischte_tuete",
          "eis",
          "wein",
          "schnaps",
          "sekt",
          "applewoi",
          "snacks",
          "craft_bier",
          "ueberdacht",
          "mate",
          "musik",
          "kaffee",
          "sonne",
          "sitzgelegenheiten",
          "chillout",
          "gemuetlich",
          "paketshop"
        ],
        "sources": [
          {
            "type": "hopfenstop",
            "id": "4819dff8-6924-453f-9759-938ea8337134"
          }
        ],
        "created": "2026-05-19",
        "updated": "2026-05-19"
      }
    },
    {
      "type": "Feature",
      "geometry": {
        "type": "Point",
        "coordinates": [
          8.696657581397949,
          50.11772964536843
        ]
      },
      "properties": {
        "id": "tk_fr_0174",
        "name": "Trinkhalle Sandweg Bornheim",
        "description": "Klassische alt eingesessene inhouseTrinkhalle mit Schiebefenster und Außentheke Getränke, Süßwaren, Tabakwaren, Eis, etc.",
        "address": {
          "street": "Sandweg",
          "number": "28",
          "postalcode": "60316",
          "city": "Frankfurt am Main",
          "district": "Ostend"
        },
        "tags": [
          "eis"
        ],
        "sources": [
          {
            "type": "hopfenstop",
            "id": "7e9ad7b6-bc0b-490e-ba33-ca4da1197eba"
          }
        ],
        "created": "2026-05-19",
        "updated": "2026-05-19"
      }
    },
    {
      "type": "Feature",
      "geometry": {
        "type": "Point",
        "coordinates": [
          8.69320826060491,
          50.11938068746023
        ]
      },
      "properties": {
        "id": "tk_fr_0175",
        "name": "Kiosk Berger Straße Ecke Baumweg Bornheim",
        "description": "kleiner begehbarer Kiosk Zeitschriften, Getränke, Tabak- und Süßwaren, Lotto",
        "address": {
          "street": "Berger Straße",
          "number": "21",
          "postalcode": "60316",
          "city": "Frankfurt am Main",
          "district": "Nordend-Ost"
        },
        "hours": {
          "raw": "Mo-Su 08:00-22:00"
        },
        "tags": [
          "lotto",
          "zeitschriften",
          "kaffee",
          "mate",
          "wein",
          "sekt",
          "schnaps",
          "paketshop",
          "eis",
          "innenraum",
          "snacks",
          "fritz_kola"
        ],
        "sources": [
          {
            "type": "hopfenstop",
            "id": "15fe2a57-30a6-4f75-b58b-6decaf5e0e50"
          }
        ],
        "created": "2026-05-19",
        "updated": "2026-05-19"
      }
    },
    {
      "type": "Feature",
      "geometry": {
        "type": "Point",
        "coordinates": [
          8.698152242371577,
          50.12129909245283
        ]
      },
      "properties": {
        "id": "tk_fr_0176",
        "name": "Trinkhalle Berger Straße Bornheim",
        "description": "Klassische Inhouse Trinkhalle Zeitungen, Zeitschriften, Getränke, Tabak, Süßwaren, Crêpes, Eis, Blumen, Tannenbäume",
        "address": {
          "street": "Berger Straße",
          "number": "84",
          "postalcode": "60316",
          "city": "Frankfurt am Main",
          "district": "Nordend-Ost"
        },
        "hours": {
          "raw": "Mo-Sa 08:00-23:00; Su 08:00-21:00"
        },
        "tags": [
          "eis",
          "zeitschriften"
        ],
        "sources": [
          {
            "type": "hopfenstop",
            "id": "aca325b9-82c0-4b8e-a2fd-0f73ae022e35"
          }
        ],
        "created": "2026-05-19",
        "updated": "2026-05-19"
      }
    },
    {
      "type": "Feature",
      "geometry": {
        "type": "Point",
        "coordinates": [
          8.69357304103084,
          50.12265508582315
        ]
      },
      "properties": {
        "id": "tk_fr_0177",
        "name": "Trinkhalle Feststraße Bornheim",
        "description": "Klassische Inhouse Trinkhalle mit kleiner Überdachung, Schiebefenster und Außentheke  Zeitungen, Zeitschriften, Getränke, Tabak, Süßwaren, Eis",
        "address": {
          "street": "Feststraße",
          "number": "20",
          "postalcode": "60316",
          "city": "Frankfurt am Main",
          "district": "Nordend-Ost"
        },
        "hours": {
          "raw": "Mo-Sa 07:00-23:00"
        },
        "tags": [
          "sitzgelegenheiten",
          "gemischte_tuete",
          "schnaps",
          "wein",
          "zeitschriften",
          "eis",
          "applewoi",
          "snacks",
          "ueberdacht",
          "musik"
        ],
        "sources": [
          {
            "type": "hopfenstop",
            "id": "9a6352ae-a8cc-4a3d-b236-8be237d5ba1d"
          }
        ],
        "created": "2026-05-19",
        "updated": "2026-05-19"
      }
    },
    {
      "type": "Feature",
      "geometry": {
        "type": "Point",
        "coordinates": [
          8.731435103485058,
          50.0985252203628
        ]
      },
      "properties": {
        "id": "tk_fr_0178",
        "name": "Trinkhalle und Kiosk Wiener Straße",
        "description": "Klassische Trinkhalle mit kleiner Überdachung, Schiebefenster und Außentheke . Direkt daneben befindet sich der Kiosk. Von Tram Haltestelle Flaschenburgstraße den Berg hoch über die Schafheckstraße zur Wiener Straße",
        "address": {
          "street": "Wiener Straße",
          "number": "57",
          "postalcode": "60599",
          "city": "Frankfurt am Main",
          "district": "Oberrad"
        },
        "tags": [
          "eis",
          "gemischte_tuete",
          "zeitschriften",
          "innenraum",
          "paketshop",
          "rubbellose",
          "lotto",
          "wein",
          "sekt",
          "sitzgelegenheiten",
          "snacks",
          "ueberdacht",
          "applewoi",
          "klassiker"
        ],
        "sources": [
          {
            "type": "hopfenstop",
            "id": "794884d5-e29f-48c5-ab42-b46dad166356"
          }
        ],
        "created": "2026-05-19",
        "updated": "2026-05-19"
      }
    },
    {
      "type": "Feature",
      "geometry": {
        "type": "Point",
        "coordinates": [
          8.681181235382144,
          50.11176822159498
        ]
      },
      "properties": {
        "id": "tk_fr_0179",
        "name": "Kiosk Römer Shop",
        "description": "kleiner begehbarer Kiosk mit einem Tisch für 4 Personen vor der Tür. Presse, Souvenirs, Tabak, Drinks, Süßigkeiten",
        "address": {
          "street": "Berliner Straße",
          "number": "42A",
          "postalcode": "60311",
          "city": "Frankfurt am Main",
          "district": "Altstadt"
        },
        "hours": {
          "raw": "Mo-Th 08:00-00:30; Fr-Sa 08:00-01:30; Su 08:00-00:30"
        },
        "tags": [
          "sitzgelegenheiten",
          "innenraum",
          "flair",
          "gemuetlich",
          "kaffee",
          "mate",
          "postkarten",
          "ueberdacht",
          "applewoi",
          "snacks",
          "lotto",
          "rubbellose",
          "sekt",
          "sonne"
        ],
        "sources": [
          {
            "type": "hopfenstop",
            "id": "e8b88692-62c0-4caa-a2ad-f3336735df46"
          }
        ],
        "created": "2026-05-19",
        "updated": "2026-05-19"
      }
    },
    {
      "type": "Feature",
      "geometry": {
        "type": "Point",
        "coordinates": [
          8.699549002715914,
          50.10177351798012
        ]
      },
      "properties": {
        "id": "tk_fr_0180",
        "name": "Imbiss - Kiosk Mühlberg ",
        "description": "Freistehender Kiosk direkt gegenüber der Tram Haltestelle Mühlberg Tabakwaren, Snacks, Süßigkeiten, Getränke ",
        "address": {
          "street": "Offenbacher Landstraße",
          "number": "70",
          "postalcode": "60599",
          "city": "Frankfurt am Main",
          "district": "Sachsenhausen-Süd"
        },
        "hours": {
          "raw": "Mo-Sa 08:00-23:00; Su 13:00-21:00"
        },
        "tags": [
          "snacks",
          "eis",
          "kaffee",
          "sonne",
          "gemuetlich",
          "milch",
          "gemischte_tuete",
          "stehtisch",
          "innenraum",
          "sitzgelegenheiten",
          "ueberdacht",
          "applewoi",
          "mate"
        ],
        "sources": [
          {
            "type": "hopfenstop",
            "id": "dee9cd03-fff8-4395-9bb1-d696fd0e2c0a"
          }
        ],
        "created": "2026-05-19",
        "updated": "2026-05-19"
      }
    },
    {
      "type": "Feature",
      "geometry": {
        "type": "Point",
        "coordinates": [
          8.73403081125933,
          50.10049005382131
        ]
      },
      "properties": {
        "id": "tk_fr_0181",
        "name": "Kiosk Minimarkt Offenbacher Landstraße",
        "description": "Kleiner begehbarer Laden  im Sommer mit Tischen und Stühlen davor. Presse, kleine Imbisse, Getränke, Snacks, Süßigkeiten, Eis, Schreibwaren ",
        "address": {
          "street": "Offenbacher Landstraße",
          "number": "461",
          "postalcode": "60599",
          "city": "Frankfurt am Main",
          "district": "Oberrad"
        },
        "tags": [
          "kuchen",
          "eis",
          "snacks",
          "wc",
          "applewoi",
          "sonne"
        ],
        "sources": [
          {
            "type": "hopfenstop",
            "id": "6bca647a-d01a-4594-bcbb-8b9365125a19"
          }
        ],
        "created": "2026-05-19",
        "updated": "2026-05-19"
      }
    },
    {
      "type": "Feature",
      "geometry": {
        "type": "Point",
        "coordinates": [
          8.724606199333156,
          50.09998766974717
        ]
      },
      "properties": {
        "id": "tk_fr_0182",
        "name": "Kiosk Back Café Lotto ",
        "description": "Kleiner begehbarer Kiosk Laden mit Café und Lottoannahmestelle",
        "address": {
          "street": "Offenbacher Landstraße",
          "number": "350",
          "postalcode": "60599",
          "city": "Frankfurt am Main",
          "district": "Oberrad"
        },
        "tags": [
          "backwaren",
          "innenraum",
          "kaffee",
          "kuchen",
          "paketshop",
          "rubbellose",
          "sitzgelegenheiten",
          "snacks",
          "zeitschriften",
          "lotto"
        ],
        "sources": [
          {
            "type": "hopfenstop",
            "id": "28eb6619-39e4-4956-b2ad-2ec488cb7131"
          }
        ],
        "created": "2026-05-19",
        "updated": "2026-05-19"
      }
    },
    {
      "type": "Feature",
      "geometry": {
        "type": "Point",
        "coordinates": [
          8.72292378372865,
          50.1007386631711
        ]
      },
      "properties": {
        "id": "tk_fr_0183",
        "name": "Tommi`s Laden",
        "description": "Presse, Lotto, Tabakwaren, Zeitschriften, Schreibwaren, Glückwunschkarten, Telefonkarten, Fax- und Kopierservice",
        "address": {
          "street": "Offenbacher Landstraße",
          "number": "335",
          "postalcode": "60599",
          "city": "Frankfurt am Main",
          "district": "Oberrad"
        },
        "tags": [
          "paketshop",
          "postkarten",
          "rubbellose",
          "lotto",
          "zeitschriften"
        ],
        "sources": [
          {
            "type": "hopfenstop",
            "id": "68e6401a-c45f-42c0-b8bd-1d1072129090"
          }
        ],
        "created": "2026-05-19",
        "updated": "2026-05-19"
      }
    },
    {
      "type": "Feature",
      "geometry": {
        "type": "Point",
        "coordinates": [
          8.720057172843887,
          50.09999799276091
        ]
      },
      "properties": {
        "id": "tk_fr_0184",
        "name": "Kiosk Offenbacher Landstraße",
        "description": "Kleiner begehbarer Kiosk Laden Presse, Lotto, Getränke, Kaffee, belegte Brötchen, Tabakwaren, Süßigkeiten, Kopier- und Faxservice, Glückwunschkarten, DHL Paketshop",
        "address": {
          "street": "Offenbacher Landstraße",
          "number": "298",
          "postalcode": "60599",
          "city": "Frankfurt am Main",
          "district": "Oberrad"
        },
        "tags": [
          "lotto",
          "kaffee",
          "paketshop"
        ],
        "sources": [
          {
            "type": "hopfenstop",
            "id": "7865a25a-5236-48e2-9885-e9bb9a9fad2c"
          }
        ],
        "created": "2026-05-19",
        "updated": "2026-05-19"
      }
    },
    {
      "type": "Feature",
      "geometry": {
        "type": "Point",
        "coordinates": [
          8.686239881584129,
          50.112693615321405
        ]
      },
      "properties": {
        "id": "tk_fr_0185",
        "name": "Khan Kiosk Fahrgasse Innenstadt",
        "description": "Kleiner begehbarer Kiosk Laden mit Getränken, Backwaren, Presse, etc.",
        "address": {
          "street": "Fahrgasse",
          "number": "82",
          "postalcode": "60311",
          "city": "Frankfurt am Main",
          "district": "Altstadt"
        },
        "hours": {
          "raw": "Mo-Th 09:00-02:00; Fr-Sa 09:00-04:00; Su 09:00-02:00"
        },
        "tags": [
          "chillout",
          "sonne",
          "sitzgelegenheiten",
          "backwaren",
          "fritz_kola",
          "snacks",
          "longpapes",
          "innenraum",
          "craft_bier",
          "sekt",
          "applewoi",
          "wein",
          "mate",
          "eis",
          "flair",
          "kaffee",
          "lotto",
          "stehtisch",
          "gemuetlich",
          "ueberdacht",
          "gemischte_tuete",
          "klassiker",
          "schnaps"
        ],
        "sources": [
          {
            "type": "hopfenstop",
            "id": "228ed525-146c-4970-b609-1931c59842f2"
          }
        ],
        "created": "2026-05-19",
        "updated": "2026-05-19"
      }
    },
    {
      "type": "Feature",
      "geometry": {
        "type": "Point",
        "coordinates": [
          8.64258424765771,
          50.12348052905365
        ]
      },
      "properties": {
        "id": "tk_fr_0186",
        "name": "Kiosk Leipziger Straße ",
        "description": "Kleiner begehbarer Kiosk Laden Presse, Lotto, Getränke, Spirituosen, Tabakwaren, etc.",
        "address": {
          "street": "Leipziger Straße",
          "number": "81",
          "postalcode": "60487",
          "city": "Frankfurt am Main",
          "district": "Bockenheim"
        },
        "hours": {
          "raw": "Mo-Sa 06:00-20:00; Su 08:00-16:00"
        },
        "tags": [
          "zeitschriften",
          "lotto"
        ],
        "sources": [
          {
            "type": "hopfenstop",
            "id": "3392b7fd-2607-48a1-b730-5c5ff3c1e961"
          }
        ],
        "created": "2026-05-19",
        "updated": "2026-05-19"
      }
    },
    {
      "type": "Feature",
      "geometry": {
        "type": "Point",
        "coordinates": [
          8.647485447421275,
          50.11720439612307
        ]
      },
      "properties": {
        "id": "tk_fr_0187",
        "name": "Trinkhalle Kiosk Kiesstraße Ecke Robert-Mayer-Straße",
        "description": "Trinkhalle mit Schiebefenster und Aussentheke zur Kiesstraße hin. Begehbarer kleiner Laden mit Tür zur Robert-Mayer-Straße hin. Im Sommer Sonnenschirm mit Sitzplätzen",
        "address": {
          "street": "Robert-Mayer-Straße",
          "number": "28",
          "postalcode": "60486",
          "city": "Frankfurt am Main",
          "district": "Bockenheim"
        },
        "hours": {
          "raw": "Mo-Fr 09:00-23:00; Sa-Su 10:00-23:00"
        },
        "tags": [
          "snacks",
          "applewoi",
          "gemischte_tuete",
          "mate",
          "schnaps",
          "sonne",
          "sekt",
          "innenraum",
          "kaffee",
          "eis",
          "fritz_kola",
          "klassiker",
          "flair",
          "stehtisch"
        ],
        "sources": [
          {
            "type": "hopfenstop",
            "id": "80569a38-c20a-4204-8859-cf51bb4fc3cc"
          }
        ],
        "created": "2026-05-19",
        "updated": "2026-05-19"
      }
    },
    {
      "type": "Feature",
      "geometry": {
        "type": "Point",
        "coordinates": [
          8.681882900539827,
          50.10996485729034
        ]
      },
      "properties": {
        "id": "tk_fr_0188",
        "name": "Kiosk am Römerberg",
        "description": "Kiosk mit Souvenirs",
        "address": {
          "street": "Römerberg",
          "number": "15",
          "postalcode": "60311",
          "city": "Frankfurt am Main",
          "district": "Altstadt"
        },
        "tags": [
          "lotto"
        ],
        "sources": [
          {
            "type": "hopfenstop",
            "id": "2427b715-7791-47fc-85b8-1c31c8953434"
          }
        ],
        "created": "2026-05-19",
        "updated": "2026-05-19"
      }
    },
    {
      "type": "Feature",
      "geometry": {
        "type": "Point",
        "coordinates": [
          8.684714240474442,
          50.10636273974906
        ]
      },
      "properties": {
        "id": "tk_fr_0189",
        "name": "Einkaufskiosk Sunny Schulstraße",
        "description": "Kleiner begehbarer Laden, Presse, Tabakwaren, Spirituosen, Kopieren und Gemischte Tüte",
        "address": {
          "street": "Schulstraße",
          "number": "38",
          "postalcode": "60594",
          "city": "Frankfurt am Main",
          "district": "Sachsenhausen"
        },
        "hours": {
          "raw": "Mo-Sa 06:30-20:00"
        },
        "tags": [
          "mate",
          "sitzgelegenheiten",
          "ueberdacht",
          "stehtisch",
          "snacks",
          "backwaren",
          "paketshop",
          "gemischte_tuete",
          "lotto"
        ],
        "sources": [
          {
            "type": "hopfenstop",
            "id": "fa03ea61-dfce-4e00-8d45-29ac900a2949"
          }
        ],
        "created": "2026-05-19",
        "updated": "2026-05-19"
      }
    },
    {
      "type": "Feature",
      "geometry": {
        "type": "Point",
        "coordinates": [
          8.688713949607848,
          50.10491149463696
        ]
      },
      "properties": {
        "id": "tk_fr_0190",
        "name": "Kiosk Wall",
        "description": "Kleiner begehbarer Laden. Zigaretten, Getränke, Presse, Snacks und vieles mehr",
        "address": {
          "street": "Wallstraße",
          "number": "9-13",
          "postalcode": "60594",
          "city": "Frankfurt am Main",
          "district": "Sachsenhausen"
        },
        "hours": {
          "raw": "Mo-Fr 09:30-00:00; Sa 09:30-02:00; Su 11:00-23:00"
        },
        "tags": [
          "snacks",
          "innenraum",
          "sitzgelegenheiten",
          "ueberdacht",
          "applewoi",
          "craft_bier",
          "gemischte_tuete",
          "sonne",
          "musik",
          "lotto"
        ],
        "sources": [
          {
            "type": "hopfenstop",
            "id": "4b42a27f-346f-40cb-9b66-f301b4eaf229"
          }
        ],
        "created": "2026-05-19",
        "updated": "2026-05-19"
      }
    },
    {
      "type": "Feature",
      "geometry": {
        "type": "Point",
        "coordinates": [
          8.689209,
          50.10568
        ]
      },
      "properties": {
        "id": "tk_fr_0191",
        "name": "Sachsenhäuser Eckkiosk",
        "description": "Begehbarer kleiner Ladenkiosk. Zigaretten, Presse, Getränke und dergl.",
        "address": {
          "street": "Elisabethenstraße",
          "number": "2",
          "postalcode": "60594",
          "city": "Frankfurt am Main",
          "district": "Sachsenhausen"
        },
        "hours": {
          "raw": "Mo-Th 07:00-03:00; Fr-Sa 07:00-05:00; Su 07:00-03:00"
        },
        "tags": [
          "zeitschriften",
          "snacks",
          "mate",
          "ueberdacht",
          "wein",
          "kaffee",
          "craft_bier",
          "innenraum",
          "applewoi",
          "lotto"
        ],
        "sources": [
          {
            "type": "hopfenstop",
            "id": "23f6b5d9-aa46-4126-82a6-4dc419bf12ab"
          }
        ],
        "created": "2026-05-19",
        "updated": "2026-05-19"
      }
    },
    {
      "type": "Feature",
      "geometry": {
        "type": "Point",
        "coordinates": [
          8.649071169177963,
          50.08448240253546
        ]
      },
      "properties": {
        "id": "tk_fr_0192",
        "name": "Wasserhäuschen Schwarzwaldstraße",
        "description": "Kleines Inhouse Wasserhäuschen mit Schiebefenster, Außentheke und Überdachung",
        "address": {
          "street": "Schwarzwaldstraße",
          "number": "65",
          "postalcode": "60528",
          "city": "Frankfurt am Main",
          "district": "Niederrad"
        },
        "sources": [
          {
            "type": "hopfenstop",
            "id": "76fe129c-d2c6-4da4-836b-0fbd00acd062"
          }
        ],
        "created": "2026-05-19",
        "updated": "2026-05-19"
      }
    },
    {
      "type": "Feature",
      "geometry": {
        "type": "Point",
        "coordinates": [
          8.647090626139548,
          50.08576423005482
        ]
      },
      "properties": {
        "id": "tk_fr_0193",
        "name": "Euro Kiosk",
        "description": "Kleiner begehbarer Laden mit Kiosk Sortiment: Eis, Getränke, Süßwaren, Spirituosen, Zeitungen, Zigaretten",
        "address": {
          "street": "Schwarzwaldstraße",
          "number": "37",
          "postalcode": "60528",
          "city": "Frankfurt am Main",
          "district": "Niederrad"
        },
        "tags": [
          "eis"
        ],
        "sources": [
          {
            "type": "hopfenstop",
            "id": "a1a8a3e5-de43-4d8b-a6f1-35821e896035"
          }
        ],
        "created": "2026-05-19",
        "updated": "2026-05-19"
      }
    },
    {
      "type": "Feature",
      "geometry": {
        "type": "Point",
        "coordinates": [
          8.679848713812527,
          50.153006897515574
        ]
      },
      "properties": {
        "id": "tk_fr_0194",
        "name": "Peters Kiosk",
        "description": "Frei stehende Trinkhalle und Kiosk mit Sonnenschirm und Außenplätzen im Sommer. Zeitschriften/Zeitungen, Süßwaren, Spirituosen, Getränke, Snacks, Zigaretten. Direkt gegenüber der Bus Haltestelle 39 Niederbornstraße Richtung Markus Krankenhaus.",
        "address": {
          "street": "Sigmund-Freud-Straße",
          "number": "54",
          "postalcode": "60435",
          "city": "Frankfurt am Main",
          "district": "Eckenheim"
        },
        "hours": {
          "raw": "Tu-Fr 06:00-22:00; Sa 09:00-22:00; Su 10:00-22:00"
        },
        "tags": [
          "schnaps",
          "gemischte_tuete",
          "kaffee",
          "sitzgelegenheiten",
          "snacks",
          "zeitschriften",
          "wc",
          "klassiker",
          "gemuetlich",
          "applewoi",
          "sonne",
          "innenraum"
        ],
        "sources": [
          {
            "type": "hopfenstop",
            "id": "85d2e0ab-39f9-4382-8d23-7347aebb0265"
          }
        ],
        "created": "2026-05-19",
        "updated": "2026-05-19"
      }
    },
    {
      "type": "Feature",
      "geometry": {
        "type": "Point",
        "coordinates": [
          8.672902864430649,
          50.14920039611623
        ]
      },
      "properties": {
        "id": "tk_fr_0195",
        "name": "Lucky Kiosk",
        "description": "kleiner begehbarer Kiosk Laden mit Zeitungen, Tabakwaren, Süßwaren, Getränken, Kaffee, Backwaren und alkoholischen Getränken. Direkt gegenüber Bus Haltestelle 39 Reinhardstraße Richtung Markus Krankenhaus",
        "address": {
          "street": "Hügelstraße",
          "number": "79",
          "postalcode": "60433",
          "city": "Frankfurt am Main",
          "district": "Dornbusch"
        },
        "hours": {
          "raw": "Mo-Fr 05:00-23:59; Sa 06:00-23:59; Su 07:00-23:59"
        },
        "tags": [
          "mate",
          "lotto",
          "sitzgelegenheiten",
          "wein",
          "eis",
          "schnaps",
          "rubbellose",
          "kaffee",
          "backwaren",
          "gemischte_tuete",
          "innenraum",
          "sekt",
          "snacks",
          "applewoi",
          "gemuetlich",
          "klassiker"
        ],
        "sources": [
          {
            "type": "hopfenstop",
            "id": "165f5f0a-4b65-4506-b57d-cea1b0257f32"
          }
        ],
        "created": "2026-05-19",
        "updated": "2026-05-19"
      }
    },
    {
      "type": "Feature",
      "geometry": {
        "type": "Point",
        "coordinates": [
          8.672941757198211,
          50.1500339750549
        ]
      },
      "properties": {
        "id": "tk_fr_0196",
        "name": "Trinkhalle und Kiosk Reinhardstraße",
        "description": "Frei stehende Trinkhalle mit Schiebefenster, Außentheke und Überdachung",
        "address": {
          "street": "Reinhardstraße",
          "number": "37",
          "postalcode": "60433",
          "city": "Frankfurt am Main",
          "district": "Dornbusch"
        },
        "hours": {
          "raw": "Mo-Su 07:00-22:00"
        },
        "tags": [
          "sitzgelegenheiten",
          "flair",
          "gemuetlich",
          "gemischte_tuete",
          "snacks",
          "ueberdacht",
          "sonne",
          "wc"
        ],
        "sources": [
          {
            "type": "hopfenstop",
            "id": "c8bc9fbf-431e-4251-b0b0-26d8e9afdec4"
          }
        ],
        "created": "2026-05-19",
        "updated": "2026-05-19"
      }
    },
    {
      "type": "Feature",
      "geometry": {
        "type": "Point",
        "coordinates": [
          8.629719299618477,
          50.15691689066936
        ]
      },
      "properties": {
        "id": "tk_fr_0197",
        "name": "Trinkhalle Bernadottestraße",
        "description": "Klassische Trinkhalle mit Schiebefenster und Außentheke",
        "address": {
          "street": "Bernadottestraße",
          "number": "58",
          "postalcode": "60439",
          "city": "Frankfurt am Main",
          "district": "Nordweststadt"
        },
        "tags": [
          "sitzgelegenheiten",
          "gemischte_tuete",
          "postkarten",
          "zeitschriften",
          "wc",
          "eis",
          "innenraum",
          "ueberdacht",
          "wein",
          "applewoi"
        ],
        "sources": [
          {
            "type": "hopfenstop",
            "id": "2178e53c-e217-4770-870d-8cc8aba2d2c8"
          }
        ],
        "created": "2026-05-19",
        "updated": "2026-05-19"
      }
    },
    {
      "type": "Feature",
      "geometry": {
        "type": "Point",
        "coordinates": [
          8.649376672686579,
          50.15946838787146
        ]
      },
      "properties": {
        "id": "tk_fr_0198",
        "name": "Kiosk Lotto Schorsch ",
        "description": "Der Kiosk Lotto Schorsch ist eine Institution in Heddernheim. Ein kleiner Eckladen, alt eingesessen mit Zeitungen, Zeitschriften, Tabakwaren, Getränken und dergl.",
        "address": {
          "street": "Heddernheimer Landstraße",
          "number": "15",
          "postalcode": "60439",
          "city": "Frankfurt am Main",
          "district": "Heddernheim"
        },
        "hours": {
          "raw": "Mo-Fr 15:00-18:30; Sa 00:00-23:59"
        },
        "tags": [
          "lotto",
          "zeitschriften"
        ],
        "sources": [
          {
            "type": "hopfenstop",
            "id": "379c40d4-8e20-46ae-94c6-aa2a39154f8a"
          }
        ],
        "created": "2026-05-19",
        "updated": "2026-05-19"
      }
    },
    {
      "type": "Feature",
      "geometry": {
        "type": "Point",
        "coordinates": [
          8.64989809483947,
          50.16123414746187
        ]
      },
      "properties": {
        "id": "tk_fr_0199",
        "name": "Kiosk U-Bahn Haltestelle Heddernheim",
        "description": "Der Kiosk befindet sich auf Bahnsteig 1. Verkauft VGF Karten, Zeitungen, Getränke etc.",
        "address": {
          "street": "Maybachbrücke",
          "postalcode": "60439",
          "city": "Frankfurt am Main",
          "district": "Heddernheim"
        },
        "tags": [
          "gemischte_tuete",
          "innenraum"
        ],
        "sources": [
          {
            "type": "hopfenstop",
            "id": "053d7cd6-8917-4d97-bc08-926be8b8945a"
          }
        ],
        "created": "2026-05-19",
        "updated": "2026-05-19"
      }
    },
    {
      "type": "Feature",
      "geometry": {
        "type": "Point",
        "coordinates": [
          8.668992472497317,
          50.15380500771785
        ]
      },
      "properties": {
        "id": "tk_fr_0200",
        "name": "Einkaufskiosk Rauschenbergerstraße",
        "description": "Freistehender Kiosk mit Schiebefenster und Außentheke",
        "address": {
          "street": "Rauschenberger Straße",
          "number": "2",
          "postalcode": "60433",
          "city": "Frankfurt am Main",
          "district": "Dornbusch"
        },
        "hours": {
          "raw": "Mo-Su 08:00-20:00"
        },
        "tags": [
          "innenraum",
          "sitzgelegenheiten",
          "ueberdacht",
          "wc"
        ],
        "sources": [
          {
            "type": "hopfenstop",
            "id": "34068c37-7aac-4586-a100-3a5b82dc63e8"
          }
        ],
        "created": "2026-05-19",
        "updated": "2026-05-19"
      }
    },
    {
      "type": "Feature",
      "geometry": {
        "type": "Point",
        "coordinates": [
          8.691168976468738,
          50.15464194307766
        ]
      },
      "properties": {
        "id": "tk_fr_0201",
        "name": "Kiosk 435",
        "description": "Trinkhalle mit Schiebefenster, Außentheke und Überdachung",
        "address": {
          "street": "Homburger Landstraße",
          "number": "201",
          "postalcode": "60435",
          "city": "Frankfurt am Main",
          "district": "Preungesheim"
        },
        "hours": {
          "raw": "Mo-Su 07:00-23:00"
        },
        "sources": [
          {
            "type": "hopfenstop",
            "id": "a6954a04-519f-41c2-a51f-d25f1a241dab"
          }
        ],
        "created": "2026-05-19",
        "updated": "2026-05-19"
      }
    },
    {
      "type": "Feature",
      "geometry": {
        "type": "Point",
        "coordinates": [
          8.675691289511928,
          50.12431558834939
        ]
      },
      "properties": {
        "id": "tk_fr_0202",
        "name": "Trinkhalle Wolfsgangstraße Nordend",
        "description": "Inhouse Trinkhalle mit Schiebefenster, Außentheke und allem  was dazu gehört",
        "address": {
          "street": "Wolfsgangstraße",
          "number": "70",
          "postalcode": "60322",
          "city": "Frankfurt am Main",
          "district": "Nordend-West"
        },
        "hours": {
          "raw": "Mo-Fr 10:00-23:00; Su 10:00-23:00"
        },
        "tags": [
          "gemischte_tuete",
          "sitzgelegenheiten",
          "applewoi",
          "sonne",
          "snacks",
          "eis",
          "wc"
        ],
        "sources": [
          {
            "type": "hopfenstop",
            "id": "156b9672-f8c9-4b8d-a3f8-4f933d3bb6a0"
          }
        ],
        "created": "2026-05-19",
        "updated": "2026-05-19"
      }
    },
    {
      "type": "Feature",
      "geometry": {
        "type": "Point",
        "coordinates": [
          8.691987319192222,
          50.12422204010676
        ]
      },
      "properties": {
        "id": "tk_fr_0203",
        "name": "Kiosk Tulpe Friedberger Landstraße Nordend",
        "description": "Kleiner begehbarer Kiosk mit etlichen verschiedenen Biersorten",
        "address": {
          "street": "Friedberger Landstraße",
          "number": "78",
          "postalcode": "60316",
          "city": "Frankfurt am Main",
          "district": "Nordend-Ost"
        },
        "hours": {
          "raw": "Mo-Th 17:00-22:30; Fr-Sa 17:00-23:30; Su 17:00-22:30"
        },
        "tags": [
          "wc",
          "wein",
          "ueberdacht",
          "sitzgelegenheiten",
          "kaffee",
          "innenraum",
          "eis",
          "mate",
          "snacks",
          "musik"
        ],
        "sources": [
          {
            "type": "hopfenstop",
            "id": "df7d4aee-28ed-4e68-99d2-2cbf8e225783"
          }
        ],
        "created": "2026-05-19",
        "updated": "2026-05-19"
      }
    },
    {
      "type": "Feature",
      "geometry": {
        "type": "Point",
        "coordinates": [
          8.655895514360395,
          50.14337009434531
        ]
      },
      "properties": {
        "id": "tk_fr_0204",
        "name": "Einkaufskiosk Raimundstraße Ginnheim",
        "description": "Inhouse Kiosk mit Schiebefenster, Außentheke, aber auch begehbar. Tabakwaren, Süßwaren, Getränke, Zeitungen und dergl.",
        "address": {
          "street": "Raimundstraße",
          "number": "21",
          "postalcode": "60431",
          "city": "Frankfurt am Main",
          "district": "Ginnheim"
        },
        "tags": [
          "innenraum",
          "gemischte_tuete",
          "kaffee",
          "sitzgelegenheiten",
          "zeitschriften",
          "applewoi",
          "sonne",
          "wein",
          "ueberdacht"
        ],
        "sources": [
          {
            "type": "hopfenstop",
            "id": "9fb84b91-0ae4-46a3-a86b-3551656f5b9e"
          }
        ],
        "created": "2026-05-19",
        "updated": "2026-05-19"
      }
    },
    {
      "type": "Feature",
      "geometry": {
        "type": "Point",
        "coordinates": [
          8.705905838081364,
          50.144435139257396
        ]
      },
      "properties": {
        "id": "tk_fr_0205",
        "name": "Imbiß und Kiosk (Bosna Grill) an der BGU Frankfurt",
        "description": "Neueröffnung eines Kiosk/Grillimbiß mit neuem Konzept. Diesen halb freistehenden Kiosk kann man nicht übersehen, der rote Anstrich lockt jeden Kunden förmlich an. Es gibt verschiedene Gerichte, Getränke, Zigaretten und Süßigkeiten.",
        "address": {
          "street": "Friedberger Landstraße",
          "number": "420",
          "postalcode": "60389",
          "city": "Frankfurt am Main",
          "district": "Seckbach"
        },
        "hours": {
          "raw": "Mo-Su 10:00-22:00"
        },
        "tags": [
          "snacks",
          "gemischte_tuete",
          "sitzgelegenheiten",
          "ueberdacht",
          "applewoi",
          "eis",
          "schnaps",
          "stehtisch",
          "wc",
          "musik"
        ],
        "sources": [
          {
            "type": "hopfenstop",
            "id": "3ad63b2c-7dc3-4abb-8f52-a4c9d2e1bb26"
          }
        ],
        "created": "2026-05-19",
        "updated": "2026-05-19"
      }
    },
    {
      "type": "Feature",
      "geometry": {
        "type": "Point",
        "coordinates": [
          8.577453643083572,
          50.10486332549548
        ]
      },
      "properties": {
        "id": "tk_fr_0206",
        "name": "Zum Laternchen Kiosk",
        "description": "Bahnschranke in Nied- kurzer Stop am Laternchen!",
        "address": {
          "street": "Oeserstraße",
          "number": "85",
          "postalcode": "65934",
          "city": "Frankfurt am Main",
          "district": "Nied"
        },
        "hours": {
          "raw": "Mo-Fr 16:00-23:00; Sa 15:00-23:00; Su 15:00-22:00"
        },
        "tags": [
          "wc",
          "innenraum",
          "gemischte_tuete",
          "eis",
          "kaffee",
          "sekt",
          "lotto",
          "sitzgelegenheiten",
          "ueberdacht",
          "chillout",
          "applewoi",
          "musik",
          "snacks"
        ],
        "sources": [
          {
            "type": "hopfenstop",
            "id": "772d1124-bec9-4203-bf0d-9e4f4db085d2"
          }
        ],
        "created": "2026-05-19",
        "updated": "2026-05-19"
      }
    },
    {
      "type": "Feature",
      "geometry": {
        "type": "Point",
        "coordinates": [
          8.665064297702628,
          50.11313189364881
        ]
      },
      "properties": {
        "id": "tk_fr_0208",
        "name": "Kiosk Ulmeneck",
        "description": "Gemischtes etc im Bankenviertel ",
        "address": {
          "street": "Ulmenstraße",
          "number": "1",
          "postalcode": "60325",
          "city": "Frankfurt am Main",
          "district": "Westend-Süd"
        },
        "hours": {
          "raw": "Mo-Fr 07:00-23:00; Sa 08:00-20:00; Su 10:00-18:00"
        },
        "tags": [
          "snacks",
          "sitzgelegenheiten",
          "eis",
          "kaffee",
          "mate",
          "sonne",
          "wein",
          "applewoi",
          "schnaps",
          "ueberdacht",
          "stehtisch",
          "innenraum",
          "flair"
        ],
        "sources": [
          {
            "type": "hopfenstop",
            "id": "9b7d05bf-78b9-45b1-89e2-592d244183b6"
          }
        ],
        "created": "2026-05-19",
        "updated": "2026-05-19"
      }
    },
    {
      "type": "Feature",
      "geometry": {
        "type": "Point",
        "coordinates": [
          8.6729904029362,
          50.10977568905736
        ]
      },
      "properties": {
        "id": "tk_fr_0244",
        "name": "Kiosk Presse Bailly",
        "description": "Frei stehendes begehbares Kiosk, Kaiserstraße 30a, direkt an der Gallusanlage, mit Presse, Getränken, Zigaretten, Süßigkeiten, Eis, etc.",
        "address": {
          "street": "Kaiserstraße",
          "number": "30A",
          "postalcode": "60311",
          "city": "Frankfurt am Main",
          "district": "Innenstadt"
        },
        "hours": {
          "raw": "Mo-Fr 04:00-20:00; Sa 05:00-16:00"
        },
        "tags": [
          "eis",
          "kaffee",
          "wc",
          "zeitschriften",
          "gemischte_tuete",
          "sonne",
          "ueberdacht",
          "craft_bier",
          "innenraum",
          "lotto",
          "applewoi",
          "sekt",
          "sitzgelegenheiten",
          "snacks",
          "wein",
          "gemuetlich"
        ],
        "sources": [
          {
            "type": "hopfenstop",
            "id": "a91865ed-ce98-4af6-a479-1468af37fc0d"
          }
        ],
        "created": "2026-05-19",
        "updated": "2026-05-19"
      }
    },
    {
      "type": "Feature",
      "geometry": {
        "type": "Point",
        "coordinates": [
          8.497447237128,
          50.10068121060371
        ]
      },
      "properties": {
        "id": "tk_fr_0245",
        "name": "Trinkhalle Lenzenbergstraße",
        "description": "Begehbare Trinkhalle neben Cafe ran. Lenzenbergstr. 77 Ecke Rombergstr. Zeilsheim",
        "address": {
          "street": "Rombergstraße",
          "number": "77",
          "postalcode": "65931",
          "city": "Frankfurt am Main",
          "district": "Zeilsheim"
        },
        "sources": [
          {
            "type": "hopfenstop",
            "id": "05687553-263c-40f9-a387-ffeee60b715b"
          }
        ],
        "created": "2026-05-19",
        "updated": "2026-05-19"
      }
    },
    {
      "type": "Feature",
      "geometry": {
        "type": "Point",
        "coordinates": [
          8.69754873162591,
          50.12618103790476
        ]
      },
      "properties": {
        "id": "tk_fr_0246",
        "name": "Trinkhalle Rothschildallee",
        "description": "Begehbare Inhouse Trinkhalle mit Schiebefenster, Aussentheke und Stehtisch davor im Sommer.  Rothschildallee Ecke Martin-Luther-Str. 33, Nordend",
        "address": {
          "street": "Martin-Luther-Straße",
          "number": "22",
          "postalcode": "60316",
          "city": "Frankfurt am Main",
          "district": "Nordend-Ost"
        },
        "hours": {
          "raw": "Mo-Su 06:00-00:00"
        },
        "tags": [
          "stehtisch",
          "applewoi",
          "snacks"
        ],
        "sources": [
          {
            "type": "hopfenstop",
            "id": "993f5b8d-d332-48d8-b3e4-9fceb973d000"
          }
        ],
        "created": "2026-05-19",
        "updated": "2026-05-19"
      }
    },
    {
      "type": "Feature",
      "geometry": {
        "type": "Point",
        "coordinates": [
          8.69736,
          50.13001
        ]
      },
      "properties": {
        "id": "tk_fr_0247",
        "name": "Einkaufskiosk Martin-Luther-Straße",
        "description": "Begehbarer Kiosk im Eckhaus Martin-Luther-Str. 67 Ecke Hallgartenstr, Nordend Presse, Getränke, Tabakwaren, Süßigkeiten, Lotto",
        "address": {
          "street": "Martin-Luther-Straße",
          "number": "67",
          "postalcode": "60389",
          "city": "Frankfurt am Main",
          "district": "Nordend-Ost"
        },
        "tags": [
          "lotto",
          "mate",
          "musik"
        ],
        "sources": [
          {
            "type": "hopfenstop",
            "id": "9e3b284a-940e-4911-8d38-84eff20928ed"
          }
        ],
        "created": "2026-05-19",
        "updated": "2026-05-19"
      }
    },
    {
      "type": "Feature",
      "geometry": {
        "type": "Point",
        "coordinates": [
          8.657960674869685,
          50.10095376127933
        ]
      },
      "properties": {
        "id": "tk_fr_0248",
        "name": "Kiosk Gutleutstraße",
        "description": "Begehbarer Inhouse Kiosk mit Presse, Tababkwaren, Getränken, Süßigkeiten, etc. Gutleutstr. 152",
        "address": {
          "street": "Gutleutstraße",
          "number": "156",
          "postalcode": "60327",
          "city": "Frankfurt am Main",
          "district": "Gutleutviertel"
        },
        "tags": [
          "eis",
          "innenraum",
          "kaffee",
          "sitzgelegenheiten",
          "ueberdacht",
          "applewoi"
        ],
        "sources": [
          {
            "type": "hopfenstop",
            "id": "d70a8507-36c8-4cbb-ad29-d9ebf02b9154"
          }
        ],
        "created": "2026-05-19",
        "updated": "2026-05-19"
      }
    },
    {
      "type": "Feature",
      "geometry": {
        "type": "Point",
        "coordinates": [
          8.66161195016806,
          50.10255283555793
        ]
      },
      "properties": {
        "id": "tk_fr_0249",
        "name": "Kiosk Gutleutstraße",
        "description": "Begehbarer Inhouse Kiosk mit Presse, Tabakwaren, Getränken, Eis, Süßigkeiten, Hermes Paket Shop Gutleutstr. 135",
        "address": {
          "street": "Gutleutstraße",
          "number": "135",
          "postalcode": "60327",
          "city": "Frankfurt am Main",
          "district": "Gutleutviertel"
        },
        "tags": [
          "eis"
        ],
        "sources": [
          {
            "type": "hopfenstop",
            "id": "e28199f9-d6e2-47b1-87c2-24bc74bfdbfa"
          }
        ],
        "created": "2026-05-19",
        "updated": "2026-05-19"
      }
    },
    {
      "type": "Feature",
      "geometry": {
        "type": "Point",
        "coordinates": [
          8.696228103809462,
          50.109485213855294
        ]
      },
      "properties": {
        "id": "tk_fr_0250",
        "name": "Kiosk Obermainstraße",
        "description": "Begehbarer Inhouse Kiosk, Backshop, mit Aussensitzbereich, Getränke, Tabakwaren, Zeitungen, etc. Obermainstr. 4 Ecke Sonnemannstr., Ostend",
        "address": {
          "street": "Obermainstraße",
          "number": "4",
          "postalcode": "60314",
          "city": "Frankfurt am Main",
          "district": "Ostend"
        },
        "tags": [
          "kaffee",
          "snacks",
          "lotto"
        ],
        "sources": [
          {
            "type": "hopfenstop",
            "id": "b658a76f-0336-43d5-975c-b96508aacc53"
          }
        ],
        "created": "2026-05-19",
        "updated": "2026-05-19"
      }
    },
    {
      "type": "Feature",
      "geometry": {
        "type": "Point",
        "coordinates": [
          8.564501011817075,
          50.10013814525371
        ]
      },
      "properties": {
        "id": "tk_fr_0265",
        "name": "Nidda-Treff Kiosk und Spielhalle",
        "description": "Nidda-Treff ist ein Klassiker. Die Einordnung als Büdchen fällt schwer, ist es doch eine Spielhalle mit Kioskbereich. Da dieser aber auch ein Fenster nach außen hat, und Stehbier durch die Luke verkauft, ist es als Kiosk einzuordnen.  Ist man erstmal drin, fühlt man sich schnell wohl. Super Preise, rauchen erlaubt.",
        "address": {
          "street": "Alt-Nied",
          "number": "2",
          "postalcode": "65934",
          "city": "Frankfurt am Main",
          "district": "Nied"
        },
        "hours": {
          "raw": "Mo-Su 11:00-01:00"
        },
        "tags": [
          "musik",
          "innenraum",
          "wc",
          "sitzgelegenheiten",
          "klassiker"
        ],
        "sources": [
          {
            "type": "hopfenstop",
            "id": "e7fabc1e-80b9-49ef-9eae-30413b08b65c"
          }
        ],
        "created": "2026-05-19",
        "updated": "2026-05-19"
      }
    },
    {
      "type": "Feature",
      "geometry": {
        "type": "Point",
        "coordinates": [
          8.677266036032593,
          50.11407567792068
        ]
      },
      "properties": {
        "id": "tk_fr_0266",
        "name": "Wasserhäuschen Kiosk Media Shop am Rathenauplatz",
        "description": "Frei stehendes alt eingesessenes Wasserhäuschen und Kiosk an sehr prominenter Stelle Biebergasse Ecke Rathenauplatz",
        "address": {
          "street": "Biebergasse",
          "number": "8",
          "postalcode": "60313",
          "city": "Frankfurt am Main",
          "district": "Innenstadt"
        },
        "tags": [
          "lotto"
        ],
        "sources": [
          {
            "type": "hopfenstop",
            "id": "0095ccaf-3463-4fa7-86b3-b5ace75e6978"
          }
        ],
        "created": "2026-05-19",
        "updated": "2026-05-19"
      }
    },
    {
      "type": "Feature",
      "geometry": {
        "type": "Point",
        "coordinates": [
          8.67117263557413,
          50.109212619166044
        ]
      },
      "properties": {
        "id": "tk_fr_0267",
        "name": "Kiosk 34",
        "description": "Inhouse Kiosk Kaiserstraße 34 zirka 50 Meter vor der Gallusanlage",
        "address": {
          "street": "Kaiserstraße",
          "number": "32",
          "postalcode": "60329",
          "city": "Frankfurt am Main",
          "district": "Bahnhofsviertel"
        },
        "hours": {
          "raw": "Mo-Th 08:00-22:00; Fr 08:00-00:00; Sa 13:30-21:30; Su 00:00-23:59"
        },
        "tags": [
          "sitzgelegenheiten",
          "stehtisch",
          "longpapes",
          "schnaps",
          "wein",
          "innenraum",
          "mate"
        ],
        "sources": [
          {
            "type": "hopfenstop",
            "id": "22a622df-af70-4908-9051-a824db2fd401"
          }
        ],
        "created": "2026-05-19",
        "updated": "2026-05-19"
      }
    },
    {
      "type": "Feature",
      "geometry": {
        "type": "Point",
        "coordinates": [
          8.703506506129164,
          50.09972106690918
        ]
      },
      "properties": {
        "id": "tk_fr_0268",
        "name": "Kiosk-Shop Offenbacher Landstraße Ecke Lettigkautweg",
        "description": "Begehbarer Kiosk eher schon ein kleiner Laden im Eckhaus Offenbacher Landstr 130 Ecke Lettigkautweg",
        "address": {
          "street": "Offenbacher Landstraße",
          "number": "130",
          "postalcode": "60599",
          "city": "Frankfurt am Main",
          "district": "Sachsenhausen-Süd"
        },
        "tags": [
          "lotto",
          "zeitschriften",
          "wc",
          "innenraum",
          "gemischte_tuete",
          "mate",
          "ueberdacht",
          "snacks",
          "eis",
          "wein",
          "applewoi"
        ],
        "sources": [
          {
            "type": "hopfenstop",
            "id": "7e900755-2ec6-45cc-94b4-20a004141532"
          }
        ],
        "created": "2026-05-19",
        "updated": "2026-05-19"
      }
    },
    {
      "type": "Feature",
      "geometry": {
        "type": "Point",
        "coordinates": [
          8.695100891446518,
          50.0963460314029
        ]
      },
      "properties": {
        "id": "tk_fr_0269",
        "name": "Kiosk Hainer Weg",
        "description": "Super netter Inhaber. Inhouse Kiosk Hainer Weg 104 in Sachsenhausen, unterhalb der Baustelle zum neuen Henninger Turm",
        "address": {
          "street": "Hainer Weg",
          "number": "104",
          "postalcode": "60599",
          "city": "Frankfurt am Main",
          "district": "Sachsenhausen-Süd"
        },
        "hours": {
          "raw": "Mo-Fr 06:30-18:00; Sa 07:00-14:00"
        },
        "tags": [
          "innenraum",
          "gemischte_tuete",
          "snacks",
          "sonne"
        ],
        "sources": [
          {
            "type": "hopfenstop",
            "id": "d931887e-9ef7-4f79-826f-05db8000d8d6"
          }
        ],
        "created": "2026-05-19",
        "updated": "2026-05-19"
      }
    },
    {
      "type": "Feature",
      "geometry": {
        "type": "Point",
        "coordinates": [
          8.689552408746385,
          50.110331478432954
        ]
      },
      "properties": {
        "id": "tk_fr_0270",
        "name": "Kiosk Mainstraße Ecke Fischerfeldstraße",
        "description": "Kleiner begehbarer Kiosk im Eckhaus Mainstr Ecke Fischerfeldstr Innenstadt",
        "address": {
          "street": "Fischerfeldstraße",
          "number": "19",
          "postalcode": "60311",
          "city": "Frankfurt am Main",
          "district": "Innenstadt"
        },
        "tags": [
          "sekt"
        ],
        "sources": [
          {
            "type": "hopfenstop",
            "id": "5ebf6058-bb7f-4158-a78d-e39cb3b02d54"
          }
        ],
        "created": "2026-05-19",
        "updated": "2026-05-19"
      }
    },
    {
      "type": "Feature",
      "geometry": {
        "type": "Point",
        "coordinates": [
          8.662115771757652,
          50.1130268862604
        ]
      },
      "properties": {
        "id": "tk_fr_0271",
        "name": "Kiosk am Westendplatz",
        "description": "Freistehendes, begehbares Kiosk direkt am Westendplatz. Hier gibt's auch Gref  Völsings11",
        "address": {
          "street": "Westendplatz",
          "number": "30",
          "postalcode": "60325",
          "city": "Frankfurt am Main",
          "district": "Westend-Süd"
        },
        "tags": [
          "gemischte_tuete",
          "wc",
          "sitzgelegenheiten",
          "sonne",
          "mate",
          "ueberdacht",
          "kaffee",
          "kuchen",
          "snacks",
          "applewoi",
          "eis",
          "gemuetlich"
        ],
        "sources": [
          {
            "type": "hopfenstop",
            "id": "6750623d-5fad-41c6-98f7-bae28b757f41"
          }
        ],
        "created": "2026-05-19",
        "updated": "2026-05-19"
      }
    },
    {
      "type": "Feature",
      "geometry": {
        "type": "Point",
        "coordinates": [
          8.538591368944234,
          50.11547420877798
        ]
      },
      "properties": {
        "id": "tk_fr_0272",
        "name": "Wasserhäuschen Engelsruhe Ecke Alemannenweg",
        "description": "Frei stehendes blaues Wasserhäuschen mit Schiebefenster und Aussentheke, sowie Vorplatz mit Sonnenschirmen, Tischen mit Stühlen. Sehr nette Eigentümer.",
        "address": {
          "street": "Alemannenweg",
          "number": "53",
          "postalcode": "65929",
          "city": "Frankfurt am Main",
          "district": "Unterliederbach"
        },
        "sources": [
          {
            "type": "hopfenstop",
            "id": "5475b758-9c8b-4fed-89d6-526046ce634e"
          }
        ],
        "created": "2026-05-19",
        "updated": "2026-05-19"
      }
    },
    {
      "type": "Feature",
      "geometry": {
        "type": "Point",
        "coordinates": [
          8.668552733095176,
          50.1191973750513
        ]
      },
      "properties": {
        "id": "tk_fr_0273",
        "name": "Kiosk Staufenstraße",
        "description": "Begehbarer kleiner Kiosk Staufenstr. 29a im Westend. Tabak- und Süßwaren, Getränke, Zeitungen, Zeitschriften, Lotto und Hermes Paketshop",
        "address": {
          "street": "Staufenstraße",
          "number": "29A",
          "postalcode": "60323",
          "city": "Frankfurt am Main",
          "district": "Westend-Süd"
        },
        "hours": {
          "raw": "Mo-Fr 06:00-22:00; Sa 08:00-22:00; Su 09:00-22:00"
        },
        "tags": [
          "lotto",
          "zeitschriften",
          "wc",
          "innenraum",
          "kaffee",
          "sitzgelegenheiten",
          "snacks",
          "sonne",
          "fritz_kola",
          "flair",
          "mate",
          "gemischte_tuete",
          "eis",
          "applewoi",
          "paketshop",
          "sekt",
          "wein",
          "schnaps",
          "musik",
          "postkarten",
          "rubbellose",
          "craft_bier",
          "gemuetlich"
        ],
        "sources": [
          {
            "type": "hopfenstop",
            "id": "51647dca-966b-4520-aafa-583b61c8c289"
          }
        ],
        "created": "2026-05-19",
        "updated": "2026-05-19"
      }
    },
    {
      "type": "Feature",
      "geometry": {
        "type": "Point",
        "coordinates": [
          8.65994269451793,
          50.11912365899664
        ]
      },
      "properties": {
        "id": "tk_fr_0274",
        "name": "Kiosk am Palmengarten",
        "description": "Frei stehendes Kiosk mit Schiebefenster und Aussentheke, direkt an der Bockenheimer Landstr 78 Ecke Siesmayerstr im Westend",
        "address": {
          "street": "Siesmayerstraße",
          "number": "4",
          "postalcode": "60323",
          "city": "Frankfurt am Main",
          "district": "Westend-Süd"
        },
        "hours": {
          "raw": "Mo-Sa 07:00-19:30"
        },
        "tags": [
          "zeitschriften",
          "snacks",
          "sonne",
          "ueberdacht",
          "wein",
          "applewoi"
        ],
        "sources": [
          {
            "type": "hopfenstop",
            "id": "9dd018f5-3f20-4f3c-831d-705d80fa9651"
          }
        ],
        "created": "2026-05-19",
        "updated": "2026-05-19"
      }
    },
    {
      "type": "Feature",
      "geometry": {
        "type": "Point",
        "coordinates": [
          8.66716538080981,
          50.12041264943625
        ]
      },
      "properties": {
        "id": "tk_fr_0275",
        "name": "Le Kiosk",
        "description": "Begehbarer Kiosk, eher ein kleiner Laden. Eppsteiner Str. 27 im Westend. Getränke, Tabakwaren, Zeitungen, Zeitschriften, Spirituosen",
        "address": {
          "street": "Eppsteiner Straße",
          "number": "29",
          "postalcode": "60323",
          "city": "Frankfurt am Main",
          "district": "Westend-Süd"
        },
        "hours": {
          "raw": "Mo-Su 09:00-22:00"
        },
        "tags": [
          "zeitschriften",
          "innenraum",
          "sekt",
          "sitzgelegenheiten",
          "snacks",
          "sonne",
          "wein",
          "applewoi",
          "wc",
          "gemischte_tuete",
          "klassiker",
          "ueberdacht"
        ],
        "sources": [
          {
            "type": "hopfenstop",
            "id": "5dddbabc-ca22-4cd3-b4dc-6926937dff98"
          }
        ],
        "created": "2026-05-19",
        "updated": "2026-05-19"
      }
    },
    {
      "type": "Feature",
      "geometry": {
        "type": "Point",
        "coordinates": [
          8.66434281583627,
          50.12016464512175
        ]
      },
      "properties": {
        "id": "tk_fr_0276",
        "name": "Kiosk Glücksecke",
        "description": "Kleiner begehbarer Kiosk, Freiherr-vom-Stein-Str. 22 Ecke Eppsteiner Str. Getränke, Internationale Presse, Tabakwaren. Süßwaren und Lotto",
        "address": {
          "street": "Eppsteiner Straße",
          "number": "46",
          "postalcode": "60323",
          "city": "Frankfurt am Main",
          "district": "Westend-Süd"
        },
        "tags": [
          "fritz_kola",
          "zeitschriften",
          "postkarten",
          "eis",
          "lotto",
          "innenraum",
          "sitzgelegenheiten",
          "kaffee",
          "chillout",
          "craft_bier",
          "gemischte_tuete",
          "mate",
          "sekt",
          "snacks",
          "applewoi",
          "sonne",
          "wein",
          "ueberdacht"
        ],
        "sources": [
          {
            "type": "hopfenstop",
            "id": "30e532d4-d293-45c0-ac32-12675aab0bbc"
          }
        ],
        "created": "2026-05-19",
        "updated": "2026-05-19"
      }
    },
    {
      "type": "Feature",
      "geometry": {
        "type": "Point",
        "coordinates": [
          8.610835282712184,
          50.125024629330596
        ]
      },
      "properties": {
        "id": "tk_fr_0277",
        "name": "Radilo Kiosk",
        "description": "Kleiner Kiosk mit großer Auswahl! Die Öffnungszeiten sind auch groß, nämlich &amp;quot;immer so bis 02:00 Uhr&amp;quot; ",
        "address": {
          "street": "Radilostraße",
          "number": "11",
          "postalcode": "60489",
          "city": "Frankfurt am Main",
          "district": "Rödelheim"
        },
        "hours": {
          "raw": "Mo-Su 06:00-02:00"
        },
        "tags": [
          "applewoi",
          "fritz_kola",
          "gemischte_tuete",
          "eis",
          "musik",
          "snacks",
          "schnaps",
          "mate",
          "wein"
        ],
        "sources": [
          {
            "type": "hopfenstop",
            "id": "3ad89be3-3b79-4bb1-b88f-356fafe16366"
          }
        ],
        "created": "2026-05-19",
        "updated": "2026-05-19"
      }
    },
    {
      "type": "Feature",
      "geometry": {
        "type": "Point",
        "coordinates": [
          8.683386079598558,
          50.143060979629496
        ]
      },
      "properties": {
        "id": "tk_fr_0278",
        "name": "Trinkhalle & Kiosk Eckenheimer Landstraße",
        "description": "Frei stehendes Wasserhäuschen in Eckenheim, mit Tischen und Stühlen davor (in der warmen Jahreszeit).  Öffnungszeiten:  Mo. - Do.: 11:00 - 23:00 Fr. - So.: 12:00 - 24:00",
        "address": {
          "street": "Eckenheimer Landstraße",
          "number": "264-266",
          "postalcode": "60435",
          "city": "Frankfurt am Main",
          "district": "Eckenheim"
        },
        "hours": {
          "raw": "Mo-Th 11:00-23:00; Fr-Su 12:00-00:00"
        },
        "tags": [
          "sitzgelegenheiten",
          "innenraum",
          "kaffee",
          "gemischte_tuete",
          "sonne",
          "applewoi",
          "ueberdacht",
          "wc",
          "mate",
          "sekt",
          "snacks",
          "wein"
        ],
        "sources": [
          {
            "type": "hopfenstop",
            "id": "601ed6b0-08ad-412a-919b-8f946ed47aa4"
          }
        ],
        "created": "2026-05-19",
        "updated": "2026-05-19"
      }
    },
    {
      "type": "Feature",
      "geometry": {
        "type": "Point",
        "coordinates": [
          8.516303969413125,
          50.08166314632933
        ]
      },
      "properties": {
        "id": "tk_fr_0279",
        "name": "Kiosk Sindlinger Bahnstrasse",
        "description": "Mehr als klassische Trinkhalle mit schwerem Eintracht-Flaire. Alles was das Herz begehrt: Gemischte Tüte, Getränke, Kleinwaren. Ein Paradies für Stehbiertrinker!",
        "address": {
          "street": "Lehmkautstraße",
          "number": "26",
          "postalcode": "65931",
          "city": "Frankfurt am Main",
          "district": "Sindlingen"
        },
        "tags": [
          "gemischte_tuete",
          "mate"
        ],
        "sources": [
          {
            "type": "hopfenstop",
            "id": "8389af96-1d41-4ac3-b07a-23d8f31e8d38"
          }
        ],
        "created": "2026-05-19",
        "updated": "2026-05-19"
      }
    },
    {
      "type": "Feature",
      "geometry": {
        "type": "Point",
        "coordinates": [
          8.664798302719008,
          50.10949766307891
        ]
      },
      "properties": {
        "id": "tk_fr_0280",
        "name": "Lottocafe Einkaufskiosk",
        "description": "Großer Kiosk mit viel Auswahl, Lotto, Western Union und Lebensmittel",
        "address": {
          "street": "Moselstraße",
          "number": "50",
          "postalcode": "60329",
          "city": "Frankfurt am Main",
          "district": "Bahnhofsviertel"
        },
        "tags": [
          "lotto",
          "craft_bier",
          "innenraum",
          "musik",
          "applewoi",
          "sekt",
          "ueberdacht",
          "kaffee",
          "wc",
          "eis",
          "mate",
          "sitzgelegenheiten",
          "kuchen",
          "fritz_kola",
          "sonne",
          "wein",
          "snacks",
          "zeitschriften",
          "rubbellose",
          "chillout",
          "paketshop"
        ],
        "sources": [
          {
            "type": "hopfenstop",
            "id": "d8929296-8308-4c56-92f9-69ce8417f7b4"
          }
        ],
        "created": "2026-05-19",
        "updated": "2026-05-19"
      }
    },
    {
      "type": "Feature",
      "geometry": {
        "type": "Point",
        "coordinates": [
          8.610028996467571,
          50.23627222953621
        ]
      },
      "properties": {
        "id": "tk_fr_0281",
        "name": "Profi´s Treff",
        "description": "Trinkhalle mit Standard Sortiment. Viel Stammkunden. ",
        "address": {
          "street": "Kirdorfer Straße",
          "number": "40",
          "postalcode": "61350",
          "city": "Bad Homburg vor der Höhe"
        },
        "hours": {
          "raw": "Mo-Fr 15:30-19:00; Sa 09:00-14:30"
        },
        "tags": [
          "applewoi",
          "backwaren",
          "eis",
          "flair",
          "gemischte_tuete",
          "gemuetlich",
          "kaffee",
          "innenraum",
          "musik",
          "paketshop",
          "sekt",
          "schnaps",
          "sitzgelegenheiten",
          "snacks",
          "wc",
          "ueberdacht"
        ],
        "sources": [
          {
            "type": "hopfenstop",
            "id": "4f757eca-5d13-4497-9d47-ec5c666db523"
          }
        ],
        "created": "2026-05-19",
        "updated": "2026-05-19"
      }
    },
    {
      "type": "Feature",
      "geometry": {
        "type": "Point",
        "coordinates": [
          8.679746263590753,
          50.11296198040199
        ]
      },
      "properties": {
        "id": "tk_fr_0282",
        "name": "The Local Dealer",
        "description": "Kleiner In-House Kiosk in ziemlicher Nähe zur Hauptwache. Standard-Sortiment.",
        "address": {
          "street": "Katharinenpforte",
          "number": "6",
          "postalcode": "60313",
          "city": "Frankfurt am Main",
          "district": "Innenstadt"
        },
        "hours": {
          "raw": "Mo-Su 09:00-02:00"
        },
        "tags": [
          "snacks",
          "applewoi",
          "gemischte_tuete",
          "schnaps"
        ],
        "sources": [
          {
            "type": "hopfenstop",
            "id": "5b40dc52-c47d-42b5-835e-4930ee07e4fc"
          }
        ],
        "created": "2026-05-19",
        "updated": "2026-05-19"
      }
    },
    {
      "type": "Feature",
      "geometry": {
        "type": "Point",
        "coordinates": [
          8.721771432141981,
          50.11848146431825
        ]
      },
      "properties": {
        "id": "tk_fr_0283",
        "name": "Parkblick",
        "description": "Kiosk im Ostpark am See unterste Spitze gegenüber vom unter Denkmalschutz stehenden Ostparkbrunnen.  Ostparkstraße 16. Frei stehendes Kiosk, mit Aussentheke und Schiebefenster. Im Sommer stehen Sonnenschirme und kleine Tische davor.",
        "address": {
          "street": "Ostparkstraße",
          "number": "16",
          "postalcode": "60385",
          "city": "Frankfurt am Main",
          "district": "Ostend"
        },
        "hours": {
          "raw": "Mo-Su 10:00-22:00"
        },
        "tags": [
          "eis",
          "flair",
          "sitzgelegenheiten",
          "ueberdacht",
          "snacks",
          "chillout",
          "innenraum",
          "sonne",
          "wc",
          "wein",
          "gemischte_tuete",
          "kaffee",
          "sekt",
          "fritz_kola",
          "musik",
          "klassiker",
          "gemuetlich",
          "applewoi"
        ],
        "sources": [
          {
            "type": "hopfenstop",
            "id": "9f01a2d6-1409-4c19-ad19-f821c17f2de3"
          }
        ],
        "created": "2026-05-19",
        "updated": "2026-05-19"
      }
    },
    {
      "type": "Feature",
      "geometry": {
        "type": "Point",
        "coordinates": [
          8.708937314436037,
          50.12710711031508
        ]
      },
      "properties": {
        "id": "tk_fr_0284",
        "name": "Tele Kiosk",
        "description": "Kleines Inhouse-Kiosk mit allem was man erwarten würde.",
        "address": {
          "street": "Berger Straße",
          "number": "215",
          "postalcode": "60385",
          "city": "Frankfurt am Main",
          "district": "Bornheim"
        },
        "tags": [
          "applewoi",
          "wc",
          "innenraum",
          "snacks"
        ],
        "sources": [
          {
            "type": "hopfenstop",
            "id": "e99c2d1b-47be-4faa-a5cb-5045cf0b4b94"
          }
        ],
        "created": "2026-05-19",
        "updated": "2026-05-19"
      }
    },
    {
      "type": "Feature",
      "geometry": {
        "type": "Point",
        "coordinates": [
          8.670701124425584,
          50.19874927845359
        ]
      },
      "properties": {
        "id": "tk_fr_0285",
        "name": "Trinkhalle an der U-Bahn",
        "description": "Trinkhalle an der U-Bahn Station Nieder-Eschbach",
        "address": {
          "street": "Deuil-La-Barre-Straße",
          "number": "49",
          "postalcode": "60437",
          "city": "Frankfurt am Main"
        },
        "hours": {
          "raw": "Mo-Su 08:30-23:00"
        },
        "tags": [
          "gemischte_tuete",
          "kaffee",
          "lotto",
          "sekt",
          "snacks",
          "ueberdacht",
          "wein",
          "eis",
          "applewoi"
        ],
        "sources": [
          {
            "type": "hopfenstop",
            "id": "b25d5ccf-53f2-46e4-857b-0945166d8d16"
          }
        ],
        "created": "2026-05-19",
        "updated": "2026-05-19"
      }
    },
    {
      "type": "Feature",
      "geometry": {
        "type": "Point",
        "coordinates": [
          8.68599,
          50.117809
        ]
      },
      "properties": {
        "id": "tk_fr_0287",
        "name": "Khan Einkaufskiosk",
        "description": "Indoor Kiosk mit allem was dazu gehört.",
        "address": {
          "street": "Alte Gasse",
          "number": "30",
          "postalcode": "60313",
          "city": "Frankfurt am Main",
          "district": "Innenstadt"
        },
        "tags": [
          "mate",
          "stehtisch",
          "applewoi",
          "snacks",
          "eis",
          "innenraum",
          "kaffee",
          "wein",
          "chillout",
          "fritz_kola",
          "sekt",
          "craft_bier",
          "sitzgelegenheiten",
          "sonne",
          "lotto",
          "zeitschriften"
        ],
        "sources": [
          {
            "type": "hopfenstop",
            "id": "be463a90-cab6-4cdb-a692-1509ebb90396"
          }
        ],
        "created": "2026-05-19",
        "updated": "2026-05-19"
      }
    },
    {
      "type": "Feature",
      "geometry": {
        "type": "Point",
        "coordinates": [
          8.691092035651621,
          50.103214422969046
        ]
      },
      "properties": {
        "id": "tk_fr_0288",
        "name": "Sai Kiosk",
        "description": "Kiosk am Harmonie Kino mit indischen Lebensmitteln und Snacks",
        "address": {
          "street": "Dreieichstraße",
          "number": "59",
          "postalcode": "60594",
          "city": "Frankfurt am Main",
          "district": "Sachsenhausen"
        },
        "tags": [
          "snacks",
          "zeitschriften"
        ],
        "sources": [
          {
            "type": "hopfenstop",
            "id": "9ad94a37-d49a-4b5d-9553-0d713803eb55"
          }
        ],
        "created": "2026-05-19",
        "updated": "2026-05-19"
      }
    },
    {
      "type": "Feature",
      "geometry": {
        "type": "Point",
        "coordinates": [
          8.668416476155324,
          50.109483708594325
        ]
      },
      "properties": {
        "id": "tk_fr_0289",
        "name": "Buy & Go",
        "description": "Kleiner begehbarer Inhouse Kiosk. Weserstraße 37, Bahnhofsviertel.",
        "address": {
          "street": "Weserstraße",
          "number": "37",
          "postalcode": "60329",
          "city": "Frankfurt am Main",
          "district": "Bahnhofsviertel"
        },
        "tags": [
          "applewoi",
          "sekt",
          "innenraum",
          "snacks",
          "ueberdacht",
          "gemischte_tuete",
          "musik",
          "sitzgelegenheiten",
          "kaffee",
          "longpapes"
        ],
        "sources": [
          {
            "type": "hopfenstop",
            "id": "55c0d0ff-51a3-46f0-93f2-9ddbf38e636e"
          }
        ],
        "created": "2026-05-19",
        "updated": "2026-05-19"
      }
    },
    {
      "type": "Feature",
      "geometry": {
        "type": "Point",
        "coordinates": [
          8.656872510910034,
          50.10777791202764
        ]
      },
      "properties": {
        "id": "tk_fr_0290",
        "name": "Kiosk-Center",
        "description": "Inhouse Kiosk der klassischen Art. Direkt an der Ecke.",
        "address": {
          "street": "Rudolfstraße",
          "number": "24",
          "postalcode": "60327",
          "city": "Frankfurt am Main",
          "district": "Gallus"
        },
        "sources": [
          {
            "type": "hopfenstop",
            "id": "72d8e345-f320-4bb8-8681-839c918a2c88"
          }
        ],
        "created": "2026-05-19",
        "updated": "2026-05-19"
      }
    },
    {
      "type": "Feature",
      "geometry": {
        "type": "Point",
        "coordinates": [
          8.660595417022705,
          50.10176707698827
        ]
      },
      "properties": {
        "id": "tk_fr_0291",
        "name": "Trinkhalle Gutleutstraße 151",
        "description": "Inhouse Trinkhalle mit Schiebefenster und Außentheke",
        "address": {
          "street": "Gutleutstraße",
          "number": "153",
          "postalcode": "60327",
          "city": "Frankfurt am Main",
          "district": "Gutleutviertel"
        },
        "tags": [
          "eis",
          "gemischte_tuete",
          "innenraum",
          "kaffee",
          "snacks",
          "schnaps"
        ],
        "sources": [
          {
            "type": "hopfenstop",
            "id": "8455a517-63dd-4cdf-8ce5-38f4c13cdd58"
          }
        ],
        "created": "2026-05-19",
        "updated": "2026-05-19"
      }
    },
    {
      "type": "Feature",
      "geometry": {
        "type": "Point",
        "coordinates": [
          8.785349065437913,
          50.11954911053178
        ]
      },
      "properties": {
        "id": "tk_fr_0296",
        "name": "Wasserhäuschen Hessenstraße",
        "description": "Klassisches Wasserhäusschen in Offembach.",
        "address": {
          "street": "Rumpenheimer Straße",
          "number": "26",
          "postalcode": "63075",
          "city": "Offenbach am Main"
        },
        "tags": [
          "ueberdacht",
          "zeitschriften",
          "kaffee"
        ],
        "sources": [
          {
            "type": "hopfenstop",
            "id": "f2fedb6f-6379-415f-8df8-f2f021cfbb9c"
          }
        ],
        "created": "2026-05-19",
        "updated": "2026-05-19"
      }
    },
    {
      "type": "Feature",
      "geometry": {
        "type": "Point",
        "coordinates": [
          8.62103283405304,
          50.149936448780124
        ]
      },
      "properties": {
        "id": "tk_fr_0297",
        "name": "Kiosk & Internetcafe Alt Praunheim ",
        "description": "Liegt genau in der Gabelung Heerstr. - Alt-Praunheim Öffnungszeiten: Mo-Fr  10:00h - 14:00h             15:00h - 22:20h Sa        10:00h - 22:00h So        10.00h - 21:00h",
        "address": {
          "street": "Heerstraße",
          "number": "2",
          "postalcode": "60488",
          "city": "Frankfurt am Main",
          "district": "Praunheim"
        },
        "hours": {
          "raw": "Mo-Fr 15:00-22:20; Sa 10:00-22:00; Su 10:00-21:00"
        },
        "tags": [
          "kaffee",
          "innenraum",
          "ueberdacht"
        ],
        "sources": [
          {
            "type": "hopfenstop",
            "id": "cbcd9275-029b-4716-b2b7-e72397bc5cb8"
          }
        ],
        "created": "2026-05-19",
        "updated": "2026-05-19"
      }
    },
    {
      "type": "Feature",
      "geometry": {
        "type": "Point",
        "coordinates": [
          8.635295748727003,
          50.15363788684809
        ]
      },
      "properties": {
        "id": "tk_fr_0298",
        "name": "Trinkhalle Adlereck",
        "description": "Direkt neben der Hadrian Apotheke unter Bäumen  Täglich ab Mittags geöffnet.",
        "address": {
          "street": "In der Römerstadt",
          "number": "114",
          "postalcode": "60439",
          "city": "Frankfurt am Main",
          "district": "Heddernheim"
        },
        "tags": [
          "eis",
          "gemischte_tuete",
          "snacks",
          "sekt"
        ],
        "sources": [
          {
            "type": "hopfenstop",
            "id": "172952e3-f332-49ee-9e54-f96616ec02fd"
          }
        ],
        "created": "2026-05-19",
        "updated": "2026-05-19"
      }
    },
    {
      "type": "Feature",
      "geometry": {
        "type": "Point",
        "coordinates": [
          8.639572262763977,
          50.15531295245819
        ]
      },
      "properties": {
        "id": "tk_fr_0299",
        "name": "Kiosk Nord West, Römerstadt",
        "description": "Begehbarer Kiosk, schon nein kleiner Laden.",
        "address": {
          "street": "Konstantinstraße",
          "number": "2",
          "postalcode": "60439",
          "city": "Frankfurt am Main",
          "district": "Heddernheim"
        },
        "tags": [
          "kuchen",
          "kaffee",
          "innenraum",
          "eis",
          "backwaren",
          "applewoi",
          "wein",
          "snacks"
        ],
        "sources": [
          {
            "type": "hopfenstop",
            "id": "316671ab-84d8-4775-aa6b-83cd034a24d2"
          }
        ],
        "created": "2026-05-19",
        "updated": "2026-05-19"
      }
    },
    {
      "type": "Feature",
      "geometry": {
        "type": "Point",
        "coordinates": [
          8.629009991900602,
          50.13333101998185
        ]
      },
      "properties": {
        "id": "tk_fr_0300",
        "name": "Kiosk Hausen",
        "description": "Kleiner begehbarer Kiosk/Laden, Trinkhalle. ",
        "address": {
          "street": "Große Nelkenstraße",
          "number": "38-42",
          "postalcode": "60488",
          "city": "Frankfurt am Main",
          "district": "Hausen"
        },
        "hours": {
          "raw": "Mo-Sa 09:00-21:00; Su 13:00-21:00"
        },
        "sources": [
          {
            "type": "hopfenstop",
            "id": "369eaf52-284e-4b79-8da4-2795bc875f4c"
          }
        ],
        "created": "2026-05-19",
        "updated": "2026-05-19"
      }
    },
    {
      "type": "Feature",
      "geometry": {
        "type": "Point",
        "coordinates": [
          8.65596055984497,
          50.11626198662452
        ]
      },
      "properties": {
        "id": "tk_fr_0301",
        "name": "Kiosk Westendshop",
        "description": "Kleiner begehbarer Laden mit einem Stehtisch unter dem Sonnenschirm vor der Tür, für den schnellen Kaffee.",
        "address": {
          "street": "Beethovenstraße",
          "number": "37",
          "postalcode": "60325",
          "city": "Frankfurt am Main",
          "district": "Westend-Süd"
        },
        "tags": [
          "kaffee",
          "stehtisch",
          "lotto",
          "innenraum",
          "sonne",
          "ueberdacht",
          "applewoi",
          "gemuetlich",
          "mate"
        ],
        "sources": [
          {
            "type": "hopfenstop",
            "id": "ba4cb175-c737-4de8-b1ab-a97991deb421"
          }
        ],
        "created": "2026-05-19",
        "updated": "2026-05-19"
      }
    },
    {
      "type": "Feature",
      "geometry": {
        "type": "Point",
        "coordinates": [
          8.638794422149658,
          50.12567520363683
        ]
      },
      "properties": {
        "id": "tk_fr_0302",
        "name": "Einkaufskiosk Himalaya",
        "description": "Nahe dem Elisabethen Krankenhaus ",
        "address": {
          "street": "Ginnheimer Straße",
          "number": "12",
          "postalcode": "60487",
          "city": "Frankfurt am Main",
          "district": "Bockenheim"
        },
        "tags": [
          "applewoi",
          "sitzgelegenheiten",
          "eis",
          "innenraum",
          "snacks",
          "ueberdacht",
          "longpapes",
          "wein",
          "mate"
        ],
        "sources": [
          {
            "type": "hopfenstop",
            "id": "6e083aae-489a-4140-a0a3-9b5d5b1993ce"
          }
        ],
        "created": "2026-05-19",
        "updated": "2026-05-19"
      }
    },
    {
      "type": "Feature",
      "geometry": {
        "type": "Point",
        "coordinates": [
          8.648214340209961,
          49.93149988342057
        ]
      },
      "properties": {
        "id": "tk_fr_0303",
        "name": "Rudolf Müller Kiosk",
        "description": "Kioskbetrieb + Postagentur",
        "address": {
          "street": "Messeler-Park-Straße",
          "number": "2",
          "postalcode": "64291",
          "city": "Darmstadt"
        },
        "sources": [
          {
            "type": "hopfenstop",
            "id": "df5eb6d6-4a13-48fb-8663-8508a8eb15bd"
          }
        ],
        "created": "2026-05-19",
        "updated": "2026-05-19"
      }
    },
    {
      "type": "Feature",
      "geometry": {
        "type": "Point",
        "coordinates": [
          8.654115200042725,
          49.88987907330548
        ]
      },
      "properties": {
        "id": "tk_fr_0304",
        "name": "Trinkhalle Annemarie Beck",
        "description": "Hier gibt es Essen und Bier! ",
        "address": {
          "street": "Martin-Luther-King-Ring",
          "postalcode": "64289",
          "city": "Darmstadt"
        },
        "sources": [
          {
            "type": "hopfenstop",
            "id": "967be4a3-094c-412f-8a7e-4ec622898d4a"
          }
        ],
        "created": "2026-05-19",
        "updated": "2026-05-19"
      }
    },
    {
      "type": "Feature",
      "geometry": {
        "type": "Point",
        "coordinates": [
          8.644416332244873,
          49.87148407561918
        ]
      },
      "properties": {
        "id": "tk_fr_0305",
        "name": "Kiosk an der Neckarstraße",
        "description": "Standard Kiosk direkt an der Rhein-/Neckar-Straße. Standard-Sortiment. Gut für das Feierabendbier auf dem Weg zum Bahnhof.",
        "address": {
          "street": "Neckarstraße",
          "number": "3",
          "postalcode": "64283",
          "city": "Darmstadt"
        },
        "sources": [
          {
            "type": "hopfenstop",
            "id": "5ff88079-4147-475a-84e0-6e24c75fbdf8"
          }
        ],
        "created": "2026-05-19",
        "updated": "2026-05-19"
      }
    },
    {
      "type": "Feature",
      "geometry": {
        "type": "Point",
        "coordinates": [
          8.653948903083801,
          49.87277539360008
        ]
      },
      "properties": {
        "id": "tk_fr_0306",
        "name": "Kiosk am weißen Turm",
        "description": "Freistehendes Büdchen direkt am weißen Turm. Standardsortiment inkl. Postkarten.",
        "address": {
          "street": "Ernst-Ludwig-Straße",
          "number": "12",
          "postalcode": "64283",
          "city": "Darmstadt"
        },
        "tags": [
          "postkarten",
          "applewoi",
          "snacks",
          "sonne"
        ],
        "sources": [
          {
            "type": "hopfenstop",
            "id": "e8e69aeb-980d-476d-8235-2de2d971f401"
          }
        ],
        "created": "2026-05-19",
        "updated": "2026-05-19"
      }
    },
    {
      "type": "Feature",
      "geometry": {
        "type": "Point",
        "coordinates": [
          8.60743717841694,
          50.14433237775643
        ]
      },
      "properties": {
        "id": "tk_fr_0307",
        "name": "EinkaufsMarkt",
        "description": "Multifunktionales Einkaufskiosk an der LuLa.",
        "address": {
          "street": "Ludwig-Landmann-Straße",
          "number": "12",
          "postalcode": "60488",
          "city": "Frankfurt am Main",
          "district": "Rödelheim"
        },
        "hours": {
          "raw": "Mo-Su 08:30-22:30"
        },
        "tags": [
          "gemischte_tuete",
          "kaffee",
          "applewoi",
          "milch",
          "innenraum",
          "mate",
          "snacks",
          "ueberdacht",
          "schnaps",
          "flair"
        ],
        "sources": [
          {
            "type": "hopfenstop",
            "id": "36c0085e-3580-4acc-841a-ef311c012848"
          }
        ],
        "created": "2026-05-19",
        "updated": "2026-05-19"
      }
    },
    {
      "type": "Feature",
      "geometry": {
        "type": "Point",
        "coordinates": [
          8.697223663330078,
          50.11590011449121
        ]
      },
      "properties": {
        "id": "tk_fr_0308",
        "name": "Kiosk am Zoo",
        "description": "Kleiner begehbarer Kiosk-Laden mit Süßwaren, Eis, Getränken, Wein, Spirituosen, Presse, Lotto, etc.",
        "address": {
          "street": "Pfingstweidstraße",
          "number": "9",
          "postalcode": "60316",
          "city": "Frankfurt am Main",
          "district": "Ostend"
        },
        "tags": [
          "eis",
          "lotto",
          "wein",
          "zeitschriften",
          "sekt",
          "kaffee",
          "innenraum",
          "barrierefrei",
          "ueberdacht"
        ],
        "sources": [
          {
            "type": "hopfenstop",
            "id": "750da9c4-bf79-4752-affa-88124bb3e24f"
          }
        ],
        "created": "2026-05-19",
        "updated": "2026-05-19"
      }
    },
    {
      "type": "Feature",
      "geometry": {
        "type": "Point",
        "coordinates": [
          8.752179428501657,
          50.11001112048132
        ]
      },
      "properties": {
        "id": "tk_fr_0309",
        "name": "Trinkhalle Bettinastr.",
        "description": "Kleine alte Eckbude mit üblichem Sortiment ",
        "address": {
          "street": "Bettinastraße",
          "number": "35",
          "postalcode": "63067",
          "city": "Offenbach am Main"
        },
        "hours": {
          "raw": "Mo-Su 08:00-00:00"
        },
        "sources": [
          {
            "type": "hopfenstop",
            "id": "3999ecb1-5183-49a7-8c08-409f39e9da7e"
          }
        ],
        "created": "2026-05-19",
        "updated": "2026-05-19"
      }
    },
    {
      "type": "Feature",
      "geometry": {
        "type": "Point",
        "coordinates": [
          8.664971306911866,
          50.12354591591392
        ]
      },
      "properties": {
        "id": "tk_fr_0310",
        "name": "Cinelli's",
        "description": "Das Kartoffelkiosk. Hier gibt es Ofenkartoffeln und die üblichen Kioskartikel. Gehobene Preisklasse, dafür aber eben auch gutes Essen.",
        "address": {
          "street": "Fürstenbergerstraße",
          "number": "239",
          "postalcode": "60323",
          "city": "Frankfurt am Main",
          "district": "Westend-Nord"
        },
        "tags": [
          "wc",
          "kuchen",
          "eis",
          "gemischte_tuete",
          "fritz_kola",
          "sitzgelegenheiten",
          "innenraum",
          "kaffee",
          "mate",
          "musik",
          "sekt",
          "snacks",
          "sonne",
          "applewoi",
          "stehtisch"
        ],
        "sources": [
          {
            "type": "hopfenstop",
            "id": "75d800ba-1885-45e0-af94-e979ab8a3e1c"
          }
        ],
        "created": "2026-05-19",
        "updated": "2026-05-19"
      }
    },
    {
      "type": "Feature",
      "geometry": {
        "type": "Point",
        "coordinates": [
          8.719568,
          50.10008450013444
        ]
      },
      "properties": {
        "id": "tk_fr_0311",
        "name": "Easy call Shop & Internet",
        "description": "Kiosk und indische, Asiatische Lebensmittel",
        "address": {
          "street": "Bethmann-Hollweg-Straße",
          "number": "2",
          "postalcode": "60599",
          "city": "Frankfurt am Main",
          "district": "Oberrad"
        },
        "hours": {
          "raw": "Mo-Fr 09:00-21:00; Sa 15:00-21:00; Su 11:30-21:00"
        },
        "tags": [
          "schnaps",
          "wein",
          "snacks",
          "sekt",
          "applewoi",
          "sonne"
        ],
        "sources": [
          {
            "type": "hopfenstop",
            "id": "d23d36ec-9bad-4659-b249-db49e4094c3e"
          }
        ],
        "created": "2026-05-19",
        "updated": "2026-05-19"
      }
    },
    {
      "type": "Feature",
      "geometry": {
        "type": "Point",
        "coordinates": [
          8.695271015167236,
          50.122586738815556
        ]
      },
      "properties": {
        "id": "tk_fr_0312",
        "name": "Trinkhallle Burgstraße",
        "description": "In Bornheim gelegen.",
        "address": {
          "street": "Bornheimer Landstraße",
          "number": "38",
          "postalcode": "60316",
          "city": "Frankfurt am Main",
          "district": "Nordend-Ost"
        },
        "hours": {
          "raw": "Mo-Su 10:00-23:00"
        },
        "tags": [
          "applewoi",
          "stehtisch",
          "longpapes",
          "gemischte_tuete",
          "klassiker",
          "ueberdacht",
          "flair",
          "eis",
          "snacks",
          "sonne"
        ],
        "sources": [
          {
            "type": "hopfenstop",
            "id": "ec723ed5-45cd-4b12-a6ca-fe87064074bc"
          }
        ],
        "created": "2026-05-19",
        "updated": "2026-05-19"
      }
    },
    {
      "type": "Feature",
      "geometry": {
        "type": "Point",
        "coordinates": [
          8.699993824434092,
          50.12484966245012
        ]
      },
      "properties": {
        "id": "tk_fr_0313",
        "name": "Einkaufskiosk/Trinkhallle ",
        "description": "Kiosk und Trinkhalle. Quasi 2 in 1",
        "address": {
          "street": "Höhenstraße",
          "number": "44-48",
          "postalcode": "60385",
          "city": "Frankfurt am Main",
          "district": "Nordend-Ost"
        },
        "hours": {
          "raw": "Mo-Fr 07:00-00:00; Sa 08:00-00:00; Su 09:00-00:00"
        },
        "tags": [
          "innenraum",
          "kaffee",
          "milch",
          "musik",
          "paketshop",
          "schnaps",
          "sekt",
          "sitzgelegenheiten",
          "stehtisch",
          "wein",
          "zeitschriften",
          "wc",
          "applewoi",
          "craft_bier",
          "eis",
          "gemischte_tuete",
          "gemuetlich",
          "longpapes",
          "mate",
          "snacks"
        ],
        "sources": [
          {
            "type": "hopfenstop",
            "id": "9d0910dd-16dd-48ac-90b2-19cb13329e99"
          }
        ],
        "created": "2026-05-19",
        "updated": "2026-05-19"
      }
    },
    {
      "type": "Feature",
      "geometry": {
        "type": "Point",
        "coordinates": [
          8.68969202041626,
          50.10264793341253
        ]
      },
      "properties": {
        "id": "tk_fr_0319",
        "name": "Tabakwaren Weisheit",
        "description": "Inhouse-Kiosk mit regulärer Auswahl. Leider nicht allzu lange Abends offen.",
        "address": {
          "street": "Textorstraße",
          "number": "6",
          "postalcode": "60594",
          "city": "Frankfurt am Main",
          "district": "Sachsenhausen"
        },
        "tags": [
          "longpapes"
        ],
        "sources": [
          {
            "type": "hopfenstop",
            "id": "59b45ba3-9cac-416f-958b-1a673028af8c"
          }
        ],
        "created": "2026-05-19",
        "updated": "2026-05-19"
      }
    },
    {
      "type": "Feature",
      "geometry": {
        "type": "Point",
        "coordinates": [
          8.614702820777893,
          50.129855319393954
        ]
      },
      "properties": {
        "id": "tk_fr_0320",
        "name": "Niddagau-Kiosk",
        "description": "Freistehendes Inhouse Kiosk mit allerlei Auswahl. Auch GLS-Pickpoint",
        "address": {
          "street": "Niddagaustraße",
          "number": "76",
          "postalcode": "60489",
          "city": "Frankfurt am Main",
          "district": "Rödelheim"
        },
        "sources": [
          {
            "type": "hopfenstop",
            "id": "c0b92f6a-5bff-413e-885e-012e9b7df55c"
          }
        ],
        "created": "2026-05-19",
        "updated": "2026-05-19"
      }
    },
    {
      "type": "Feature",
      "geometry": {
        "type": "Point",
        "coordinates": [
          8.64545563320057,
          50.11790373786937
        ]
      },
      "properties": {
        "id": "tk_fr_0321",
        "name": "Kiosk an der Polizei",
        "description": "Kleines Kiosk mit Standardausstattung und Lotto gegenüber der Polizei in Bockenheim",
        "address": {
          "street": "Schloßstraße",
          "number": "91",
          "postalcode": "60486",
          "city": "Frankfurt am Main",
          "district": "Bockenheim"
        },
        "hours": {
          "raw": "Mo-Fr 09:00-20:00; Sa 10:00-19:00"
        },
        "tags": [
          "lotto",
          "paketshop",
          "eis",
          "zeitschriften",
          "sonne",
          "snacks",
          "kaffee",
          "rubbellose"
        ],
        "sources": [
          {
            "type": "hopfenstop",
            "id": "43645948-1b6f-444d-8d36-983e0af67756"
          }
        ],
        "created": "2026-05-19",
        "updated": "2026-05-19"
      }
    },
    {
      "type": "Feature",
      "geometry": {
        "type": "Point",
        "coordinates": [
          8.668803825605936,
          50.10644386148542
        ]
      },
      "properties": {
        "id": "tk_fr_0322",
        "name": "Can Kiosk",
        "description": "Klassiker im BHSVRTL ",
        "address": {
          "street": "Moselstraße",
          "number": "2",
          "postalcode": "60329",
          "city": "Frankfurt am Main",
          "district": "Bahnhofsviertel"
        },
        "tags": [
          "klassiker"
        ],
        "sources": [
          {
            "type": "hopfenstop",
            "id": "45d281e1-d2c5-4c78-a05d-9e74e6f70280"
          }
        ],
        "created": "2026-05-19",
        "updated": "2026-05-19"
      }
    },
    {
      "type": "Feature",
      "geometry": {
        "type": "Point",
        "coordinates": [
          8.751659095287323,
          50.10703821058209
        ]
      },
      "properties": {
        "id": "tk_fr_0324",
        "name": "Am Goetheplatz",
        "description": "...direkt am Goetheplatz, immer was los, nebenan ein guter Dönerladen ",
        "address": {
          "street": "Ludwigstraße",
          "number": "123",
          "postalcode": "63067",
          "city": "Offenbach am Main"
        },
        "tags": [
          "eis",
          "gemischte_tuete"
        ],
        "sources": [
          {
            "type": "hopfenstop",
            "id": "155e161e-f586-4ced-849f-a460472d592f"
          }
        ],
        "created": "2026-05-19",
        "updated": "2026-05-19"
      }
    },
    {
      "type": "Feature",
      "geometry": {
        "type": "Point",
        "coordinates": [
          8.77408504486084,
          50.102097400045494
        ]
      },
      "properties": {
        "id": "tk_fr_0325",
        "name": "Trinkhalle Kasernenstraße",
        "description": "nur 0,5er hülsen und kein sauergespritzter",
        "address": {
          "street": "Kasernenstraße",
          "number": "7",
          "postalcode": "63065",
          "city": "Offenbach am Main"
        },
        "tags": [
          "wc"
        ],
        "sources": [
          {
            "type": "hopfenstop",
            "id": "8dcd7907-3639-40b5-932c-20cfb76edbcc"
          }
        ],
        "created": "2026-05-19",
        "updated": "2026-05-19"
      }
    },
    {
      "type": "Feature",
      "geometry": {
        "type": "Point",
        "coordinates": [
          8.77631664276123,
          50.10200105605577
        ]
      },
      "properties": {
        "id": "tk_fr_0326",
        "name": "Kiosk Ursula May",
        "description": "Gute Toilette vorhanden.",
        "address": {
          "street": "Bieberer Straße",
          "number": "81",
          "postalcode": "63065",
          "city": "Offenbach am Main"
        },
        "tags": [
          "wc"
        ],
        "sources": [
          {
            "type": "hopfenstop",
            "id": "be4d7619-db90-437d-bf6a-a24d360d7239"
          }
        ],
        "created": "2026-05-19",
        "updated": "2026-05-19"
      }
    },
    {
      "type": "Feature",
      "geometry": {
        "type": "Point",
        "coordinates": [
          8.772454261779785,
          50.10074856655618
        ]
      },
      "properties": {
        "id": "tk_fr_0327",
        "name": "Kiosk am Tunnel I",
        "description": "Wasserhäuschen in klassischer Bauweise.  Geöffnet: Mo-Fr 6-21, Sa 7-21, So 8-22",
        "address": {
          "street": "Feldstraße",
          "number": "76",
          "postalcode": "63071",
          "city": "Offenbach am Main"
        },
        "hours": {
          "raw": "Mo-Fr 06:00-21:00; Sa 07:00-21:00; Su 08:00-22:00"
        },
        "tags": [
          "wc",
          "wein",
          "applewoi"
        ],
        "sources": [
          {
            "type": "hopfenstop",
            "id": "0b2902ce-9684-447c-bba8-ecdd9bead61a"
          }
        ],
        "created": "2026-05-19",
        "updated": "2026-05-19"
      }
    },
    {
      "type": "Feature",
      "geometry": {
        "type": "Point",
        "coordinates": [
          8.765979,
          50.09916
        ]
      },
      "properties": {
        "id": "tk_fr_0328",
        "name": "Trinkhalle KÖYLÜM",
        "description": "Mit kleinem Anbau zum Unterstellen bei Schlechtwetter",
        "address": {
          "street": "Waldstraße",
          "number": "63",
          "postalcode": "63071",
          "city": "Offenbach am Main"
        },
        "tags": [
          "wc"
        ],
        "sources": [
          {
            "type": "hopfenstop",
            "id": "abcc6a45-9a6b-4790-98eb-10fcd1670e8c"
          }
        ],
        "created": "2026-05-19",
        "updated": "2026-05-19"
      }
    },
    {
      "type": "Feature",
      "geometry": {
        "type": "Point",
        "coordinates": [
          8.763979235672172,
          50.099214194389134
        ]
      },
      "properties": {
        "id": "tk_fr_0329",
        "name": "Kiosk am Tunnel II",
        "description": "heimelig, neu renoviert, offen ab 7 Uhr",
        "address": {
          "street": "Senefelderstraße",
          "number": "4",
          "postalcode": "63069",
          "city": "Offenbach am Main"
        },
        "tags": [
          "wc"
        ],
        "sources": [
          {
            "type": "hopfenstop",
            "id": "e6b63c73-d955-4e6c-b58a-f4f46ff0759c"
          }
        ],
        "created": "2026-05-19",
        "updated": "2026-05-19"
      }
    },
    {
      "type": "Feature",
      "geometry": {
        "type": "Point",
        "coordinates": [
          8.759798,
          50.102236
        ]
      },
      "properties": {
        "id": "tk_fr_0330",
        "name": "Kiosk Kaiserstraße",
        "description": "Trinkhalle am Gericht",
        "address": {
          "street": "Kaiserstraße",
          "number": "31",
          "postalcode": "63065",
          "city": "Offenbach am Main"
        },
        "tags": [
          "wc"
        ],
        "sources": [
          {
            "type": "hopfenstop",
            "id": "34a16d99-452d-4a7f-aa9e-bda0b89b4015"
          }
        ],
        "created": "2026-05-19",
        "updated": "2026-05-19"
      }
    },
    {
      "type": "Feature",
      "geometry": {
        "type": "Point",
        "coordinates": [
          8.756803248815173,
          50.10405827975586
        ]
      },
      "properties": {
        "id": "tk_fr_0331",
        "name": "Trinkhalle Luisenstraße",
        "description": "Griechisches Bier und Zinn40",
        "address": {
          "street": "Luisenstraße",
          "number": "63A",
          "postalcode": "63067",
          "city": "Offenbach am Main"
        },
        "sources": [
          {
            "type": "hopfenstop",
            "id": "58f48f04-c861-4b93-8d16-e923ca3f45f4"
          }
        ],
        "created": "2026-05-19",
        "updated": "2026-05-19"
      }
    },
    {
      "type": "Feature",
      "geometry": {
        "type": "Point",
        "coordinates": [
          8.456818288047833,
          50.23177894510073
        ]
      },
      "properties": {
        "id": "tk_fr_0332",
        "name": "Kiosk auf dem Feldberg",
        "description": "Schöne Bretterbude auf dem Feldberg, breites Angebot von warmen Speisen bis Eis, von Kaffee bis Apfelschorle. Perfekte Verpflegunsstation beim Wandern oder Radfahren!",
        "address": {
          "street": "L3024",
          "postalcode": "61389",
          "city": "Königstein im Taunus"
        },
        "tags": [
          "kaffee",
          "eis"
        ],
        "sources": [
          {
            "type": "hopfenstop",
            "id": "1083b016-2ae1-4792-a587-e6b95ef63cf8"
          }
        ],
        "created": "2026-05-19",
        "updated": "2026-05-19"
      }
    },
    {
      "type": "Feature",
      "geometry": {
        "type": "Point",
        "coordinates": [
          8.681473731994629,
          50.12387305016085
        ]
      },
      "properties": {
        "id": "tk_fr_0334",
        "name": "Aroma Falafel ehem. Trinkhalle",
        "description": "Eigentlich keine klassische Trinkhallle, aber ein Falafel Imbiss im Gewand einer ehem. Trinkalle. Vegetarische Köstlichkeiten ",
        "address": {
          "street": "Adlerflychtstraße",
          "number": "41",
          "postalcode": "60318",
          "city": "Frankfurt am Main",
          "district": "Nordend-West"
        },
        "hours": {
          "raw": "Mo-Fr 11:30-21:00; Sa-Su 14:00-21:00"
        },
        "tags": [
          "mate",
          "snacks",
          "sitzgelegenheiten",
          "flair",
          "ueberdacht",
          "stehtisch",
          "backwaren",
          "sonne"
        ],
        "sources": [
          {
            "type": "hopfenstop",
            "id": "464feefa-42fd-4762-92ff-69037fccbc3c"
          }
        ],
        "created": "2026-05-19",
        "updated": "2026-05-19"
      }
    },
    {
      "type": "Feature",
      "geometry": {
        "type": "Point",
        "coordinates": [
          8.640468120574953,
          50.11895461431118
        ]
      },
      "properties": {
        "id": "tk_fr_0336",
        "name": "Kiosk West Point",
        "description": "Riesen Inhouse Kiosk mit jeder Menge Auswahl und sehr gediegenen Öffnungszeiten.  Gute gemischte Tüten!  Täglich geöffnet bis 02:00 Uhr nachts. ",
        "address": {
          "street": "Kasseler Straße",
          "number": "9",
          "postalcode": "60486",
          "city": "Frankfurt am Main",
          "district": "Bockenheim"
        },
        "hours": {
          "raw": "Mo-Fr 08:30-01:00; Sa-Su 10:00-01:00"
        },
        "tags": [
          "mate",
          "snacks",
          "fritz_kola"
        ],
        "sources": [
          {
            "type": "hopfenstop",
            "id": "70e4da4c-54a7-462c-b1e6-3e3d55a329f4"
          }
        ],
        "created": "2026-05-19",
        "updated": "2026-05-19"
      }
    },
    {
      "type": "Feature",
      "geometry": {
        "type": "Point",
        "coordinates": [
          8.520225491014845,
          50.13740980044793
        ]
      },
      "properties": {
        "id": "tk_fr_0337",
        "name": "Trinkhalle W. Lemke",
        "description": "Großes Büdchen mit breitem Angebot!",
        "address": {
          "street": "Hauptstraße",
          "number": "101",
          "postalcode": "65843",
          "city": "Sulzbach (Taunus)"
        },
        "sources": [
          {
            "type": "hopfenstop",
            "id": "51d030fc-c383-4ebf-897b-4a8309ad907c"
          }
        ],
        "created": "2026-05-19",
        "updated": "2026-05-19"
      }
    },
    {
      "type": "Feature",
      "geometry": {
        "type": "Point",
        "coordinates": [
          8.609654903411863,
          50.124787892275236
        ]
      },
      "properties": {
        "id": "tk_fr_0338",
        "name": "City Kiosk und Café Radilostraße",
        "description": "In-House Kiosk mit Café Ambitionen und großer Auswahl an Kiosk-Produkten. Im Herzen Rödelheims direkt auf der Radilostraße. Sehr freundlich und gemütlich.",
        "address": {
          "street": "Radilostraße",
          "number": "16",
          "postalcode": "60489",
          "city": "Frankfurt am Main",
          "district": "Rödelheim"
        },
        "hours": {
          "raw": "Mo-Fr 08:00-23:00; Sa 08:00-00:00; Su 08:00-23:00"
        },
        "tags": [
          "applewoi",
          "eis",
          "gemuetlich",
          "innenraum",
          "kaffee",
          "mate",
          "sitzgelegenheiten",
          "wc"
        ],
        "sources": [
          {
            "type": "hopfenstop",
            "id": "f119191c-6e9d-419c-af00-35b243ca8537"
          }
        ],
        "created": "2026-05-19",
        "updated": "2026-05-19"
      }
    },
    {
      "type": "Feature",
      "geometry": {
        "type": "Point",
        "coordinates": [
          8.774345219135284,
          50.10287502658315
        ]
      },
      "properties": {
        "id": "tk_fr_0339",
        "name": "Bistro & Trinkhalle Bieberer Straße",
        "description": "Begehbare Trinkhalle mit Sitzgelegenheit innen und draußen. Großes Sortiment auch an alkoholischen Getränken.",
        "address": {
          "street": "Gerberstraße",
          "number": "2",
          "postalcode": "63065",
          "city": "Offenbach am Main"
        },
        "sources": [
          {
            "type": "hopfenstop",
            "id": "5dc4f721-ca46-452a-ade4-01fd2bf04f1f"
          }
        ],
        "created": "2026-05-19",
        "updated": "2026-05-19"
      }
    },
    {
      "type": "Feature",
      "geometry": {
        "type": "Point",
        "coordinates": [
          8.775871396064758,
          50.10232793666296
        ]
      },
      "properties": {
        "id": "tk_fr_0340",
        "name": "BG Kiosk Sofia",
        "description": "Begehbarer Kiosk, schon ein kleiner Laden, mit Getränken, Telefonieren, Drucken, Surfen, Faxen, Scannen, Kopieren, Simkarten, Prepaidkarten",
        "address": {
          "street": "Bieberer Straße",
          "number": "86",
          "postalcode": "63071",
          "city": "Offenbach am Main"
        },
        "tags": [
          "mate"
        ],
        "sources": [
          {
            "type": "hopfenstop",
            "id": "1e70fa36-fb2c-485b-9e06-06191821d889"
          }
        ],
        "created": "2026-05-19",
        "updated": "2026-05-19"
      }
    },
    {
      "type": "Feature",
      "geometry": {
        "type": "Point",
        "coordinates": [
          8.767948150634766,
          50.10128535178012
        ]
      },
      "properties": {
        "id": "tk_fr_0341",
        "name": "Kiosk Katilmis Hanifi",
        "description": "Begehbarer Eckhaus Kiosk, mit Straßenverkauf über Schiebefenster mit Außentheke.",
        "address": {
          "street": "Wilhelmstraße",
          "number": "22",
          "postalcode": "63065",
          "city": "Offenbach am Main"
        },
        "sources": [
          {
            "type": "hopfenstop",
            "id": "035bbf3c-52ea-4167-9e8d-b5f41abf0dd6"
          }
        ],
        "created": "2026-05-19",
        "updated": "2026-05-19"
      }
    },
    {
      "type": "Feature",
      "geometry": {
        "type": "Point",
        "coordinates": [
          8.755041360855103,
          50.09659171837842
        ]
      },
      "properties": {
        "id": "tk_fr_0342",
        "name": "Trinkhalle am Sana Klinikum",
        "description": "Frei stehendes Gebäude, rechts die Trinkhalle, links der Blumenpavillon. Die Trinkhalle hat klassisches Büdchen Sortiment. Straßenverkauf über Schiebefenster mit Außentheke",
        "address": {
          "street": "Starkenburgring",
          "number": "81",
          "postalcode": "63069",
          "city": "Offenbach am Main"
        },
        "tags": [
          "applewoi"
        ],
        "sources": [
          {
            "type": "hopfenstop",
            "id": "c3428bf7-bf1d-4462-b79b-6b56802461c5"
          }
        ],
        "created": "2026-05-19",
        "updated": "2026-05-19"
      }
    },
    {
      "type": "Feature",
      "geometry": {
        "type": "Point",
        "coordinates": [
          8.754676580429077,
          50.09660548337152
        ]
      },
      "properties": {
        "id": "tk_fr_0343",
        "name": "Zeitungskiosk gegenüber Sana Klinikum",
        "description": "Freistehender begehbarer Kiosk mit Presse, Tabakwaren, Lotto, Fahrkarten etc.",
        "address": {
          "street": "Isenburgring",
          "number": "42",
          "postalcode": "63069",
          "city": "Offenbach am Main"
        },
        "tags": [
          "lotto",
          "wc"
        ],
        "sources": [
          {
            "type": "hopfenstop",
            "id": "0b4bb9c7-da08-48f9-8b42-6e8be4f6f4bc"
          }
        ],
        "created": "2026-05-19",
        "updated": "2026-05-19"
      }
    },
    {
      "type": "Feature",
      "geometry": {
        "type": "Point",
        "coordinates": [
          8.770431876182556,
          50.10180492662079
        ]
      },
      "properties": {
        "id": "tk_fr_0344",
        "name": "Trinkhalle Panajotti",
        "description": "Frei stehende Trinkhalle Öffnungszeiten: Mo-So 06:00 - 22:00 Uhr",
        "address": {
          "street": "Karlstraße",
          "number": "7",
          "postalcode": "63065",
          "city": "Offenbach am Main"
        },
        "hours": {
          "raw": "Mo-Su 06:00-22:00"
        },
        "sources": [
          {
            "type": "hopfenstop",
            "id": "2b3e3b42-31fb-4f25-bd0f-9f86bde3b9be"
          }
        ],
        "created": "2026-05-19",
        "updated": "2026-05-19"
      }
    },
    {
      "type": "Feature",
      "geometry": {
        "type": "Point",
        "coordinates": [
          8.760931491851807,
          50.104875808519466
        ]
      },
      "properties": {
        "id": "tk_fr_0345",
        "name": "Kiosk Roland Krupkat",
        "description": "Frei stehendes Kiosk, barrierefrei, Zeitungen, Zeitschriften, Tabakwaren, Lotto, Fahrkarten, mit Schiebefenster und Außentheke. Aliceplatz kurz vor Querung der Frankfurter Straße.",
        "address": {
          "street": "Frankfurter Straße",
          "number": "36",
          "postalcode": "63065",
          "city": "Offenbach am Main"
        },
        "tags": [
          "lotto",
          "zeitschriften",
          "barrierefrei"
        ],
        "sources": [
          {
            "type": "hopfenstop",
            "id": "0d76922e-e110-4fc1-98d8-d47cab7dafb1"
          }
        ],
        "created": "2026-05-19",
        "updated": "2026-05-19"
      }
    },
    {
      "type": "Feature",
      "geometry": {
        "type": "Point",
        "coordinates": [
          8.76884937286377,
          50.1032638351181
        ]
      },
      "properties": {
        "id": "tk_fr_0346",
        "name": "Einkaufskiosk Ishag Muhammad",
        "description": "Begehbarer Kiosk Einkaufskiosk im Eckhaus Friedrichstr Ecke Bleichstr, drei Stufen hoch. Straßenverkauf mit Schiebefenster und Außentheke.",
        "address": {
          "street": "Friedrichstraße",
          "number": "31",
          "postalcode": "63065",
          "city": "Offenbach am Main"
        },
        "sources": [
          {
            "type": "hopfenstop",
            "id": "53db0069-d550-4ba2-867b-81b00ed69441"
          }
        ],
        "created": "2026-05-19",
        "updated": "2026-05-19"
      }
    },
    {
      "type": "Feature",
      "geometry": {
        "type": "Point",
        "coordinates": [
          8.759998083114624,
          50.101030723641685
        ]
      },
      "properties": {
        "id": "tk_fr_0347",
        "name": "Kiosk Tabacon Presse & Co.",
        "description": "Kleiner begehbarer Laden mit Presse, Lotto, Fahrkarten, etc.",
        "address": {
          "street": "Kaiserstraße",
          "number": "18",
          "postalcode": "63065",
          "city": "Offenbach am Main"
        },
        "tags": [
          "lotto"
        ],
        "sources": [
          {
            "type": "hopfenstop",
            "id": "cf796799-0f83-457a-8ed6-d3e11b55c255"
          }
        ],
        "created": "2026-05-19",
        "updated": "2026-05-19"
      }
    },
    {
      "type": "Feature",
      "geometry": {
        "type": "Point",
        "coordinates": [
          8.751296997070312,
          50.10867585982567
        ]
      },
      "properties": {
        "id": "tk_fr_0349",
        "name": "Trinkhalle Theodoros Chantzaras",
        "description": "Klassisches Büdchensortiment.",
        "address": {
          "street": "Goethestraße",
          "number": "51",
          "postalcode": "63067",
          "city": "Offenbach am Main"
        },
        "sources": [
          {
            "type": "hopfenstop",
            "id": "403c4a46-11e4-4d6d-87eb-32f687f78025"
          }
        ],
        "created": "2026-05-19",
        "updated": "2026-05-19"
      }
    },
    {
      "type": "Feature",
      "geometry": {
        "type": "Point",
        "coordinates": [
          8.549734354019165,
          50.100624692188774
        ]
      },
      "properties": {
        "id": "tk_fr_0350",
        "name": "Kiosk Akrami Farid",
        "description": "Kleiner beghbarer Kiosk mit Schiebefenster und Aussentheke. Tabakwaren, Presse, Getränke, Spirituosen, Süßwaren, Eis, Ansichtskarten etc.. Öffnungszeiten: Mo-Sa 08:340h - 21:30 h, So 09:00  20:00 h",
        "address": {
          "street": "Königsteiner Straße",
          "number": "1",
          "postalcode": "65929",
          "city": "Frankfurt am Main",
          "district": "Höchst"
        },
        "hours": {
          "raw": "Mo-Fr 08:30-21:30; Sa-Su 09:00-20:00"
        },
        "tags": [
          "eis"
        ],
        "sources": [
          {
            "type": "hopfenstop",
            "id": "c0de583f-e757-42c2-abc0-0644effb85cb"
          }
        ],
        "created": "2026-05-19",
        "updated": "2026-05-19"
      }
    },
    {
      "type": "Feature",
      "geometry": {
        "type": "Point",
        "coordinates": [
          8.749408721923828,
          50.11091205511508
        ]
      },
      "properties": {
        "id": "tk_fr_0351",
        "name": "Trinkhalle Finhas Khokhar",
        "description": "Klassisches Büdchen Sortiment",
        "address": {
          "street": "Ludwigstraße",
          "number": "179",
          "postalcode": "63067",
          "city": "Offenbach am Main"
        },
        "sources": [
          {
            "type": "hopfenstop",
            "id": "6b9b2ac3-e27b-46b1-a369-0c60edc2aa9e"
          }
        ],
        "created": "2026-05-19",
        "updated": "2026-05-19"
      }
    },
    {
      "type": "Feature",
      "geometry": {
        "type": "Point",
        "coordinates": [
          8.749172687530518,
          50.11091893555482
        ]
      },
      "properties": {
        "id": "tk_fr_0352",
        "name": "Einkausfkiosk Rüya Köksal",
        "description": "Klassisches Büdchen Sortiment, begehbar mit Schiebefenster und Aussentheke",
        "address": {
          "street": "Ludwigstraße",
          "number": "164",
          "postalcode": "63067",
          "city": "Offenbach am Main"
        },
        "sources": [
          {
            "type": "hopfenstop",
            "id": "8857c52b-fed1-40eb-a083-e7bd24d8675c"
          }
        ],
        "created": "2026-05-19",
        "updated": "2026-05-19"
      }
    },
    {
      "type": "Feature",
      "geometry": {
        "type": "Point",
        "coordinates": [
          8.75086784362793,
          50.108868520761035
        ]
      },
      "properties": {
        "id": "tk_fr_0353",
        "name": "Einkaufs Kiosk Lotto Shop",
        "description": "Kleiner begehbarer Laden, DHL, Getränke, Presse, etc.",
        "address": {
          "street": "Ludwigstraße",
          "number": "147",
          "postalcode": "63067",
          "city": "Offenbach am Main"
        },
        "tags": [
          "lotto"
        ],
        "sources": [
          {
            "type": "hopfenstop",
            "id": "f8ccfaf9-1a6a-458b-b77a-3ffdf819cb03"
          }
        ],
        "created": "2026-05-19",
        "updated": "2026-05-19"
      }
    },
    {
      "type": "Feature",
      "geometry": {
        "type": "Point",
        "coordinates": [
          8.748443126678467,
          50.10754740163972
        ]
      },
      "properties": {
        "id": "tk_fr_0354",
        "name": "Kiosk-Imbiss Zur roten Sonne",
        "description": "Beghbarer Eckladen, Getränke, Backwaren, Eis, Lotto, etc..              Öffnungszeiten: Mo-Do 06:30-22:00h, Fr 06:30-23h, Sa 8-22h, So 8-23h ",
        "address": {
          "street": "Lilistraße",
          "number": "24-28",
          "postalcode": "63067",
          "city": "Offenbach am Main"
        },
        "hours": {
          "raw": "Mo-Fr 06:30-22:00; Sa 08:00-22:00; Su 08:00-23:00"
        },
        "tags": [
          "backwaren",
          "eis",
          "lotto",
          "snacks",
          "kaffee",
          "gemischte_tuete",
          "innenraum",
          "applewoi"
        ],
        "sources": [
          {
            "type": "hopfenstop",
            "id": "27fe2866-805a-4545-84be-b13d8524c07b"
          }
        ],
        "created": "2026-05-19",
        "updated": "2026-05-19"
      }
    },
    {
      "type": "Feature",
      "geometry": {
        "type": "Point",
        "coordinates": [
          8.74786913394928,
          50.10792585094583
        ]
      },
      "properties": {
        "id": "tk_fr_0355",
        "name": "Trinkhalle Rosemarie Pavlovic",
        "description": "Klassischer Inhouse Kiosk mit Schiebefenster und Außentheke. Zeitschriften, Tabakwaren, Backwaren & belegte Brötchen, Getränke, Coffee to go, Süßwaren, Eis und vieles mehr.",
        "address": {
          "street": "Goethestraße",
          "number": "81-87",
          "postalcode": "63067",
          "city": "Offenbach am Main"
        },
        "tags": [
          "backwaren",
          "eis",
          "zeitschriften",
          "snacks"
        ],
        "sources": [
          {
            "type": "hopfenstop",
            "id": "8c18e3e6-22db-4a52-9e82-ee189d804eaf"
          }
        ],
        "created": "2026-05-19",
        "updated": "2026-05-19"
      }
    },
    {
      "type": "Feature",
      "geometry": {
        "type": "Point",
        "coordinates": [
          8.749247789382935,
          50.1062056027304
        ]
      },
      "properties": {
        "id": "tk_fr_0356",
        "name": "Kiosk Tipico",
        "description": "Begehbarer barrierefreier Kiosk. Zeitungen, Getränke, Snacks, Sportwetten, Telekarten, Tabakwaren.",
        "address": {
          "street": "Rödernstraße",
          "number": "39",
          "postalcode": "63067",
          "city": "Offenbach am Main"
        },
        "tags": [
          "snacks"
        ],
        "sources": [
          {
            "type": "hopfenstop",
            "id": "ab58958d-043d-4795-9330-5379f664fdaa"
          }
        ],
        "created": "2026-05-19",
        "updated": "2026-05-19"
      }
    },
    {
      "type": "Feature",
      "geometry": {
        "type": "Point",
        "coordinates": [
          8.750663995742798,
          50.10414466401937
        ]
      },
      "properties": {
        "id": "tk_fr_0357",
        "name": "Kiosk Einkaufskiosk Rödernstrasse",
        "description": "Klassiches inhouse Kiosk mit Schiebefenster und Aussentheke. Weine, Spiritosen, Süßwaren, Tabakwaren, Presse, Eis etc.",
        "address": {
          "street": "Löwenstraße",
          "number": "22",
          "postalcode": "63067",
          "city": "Offenbach am Main"
        },
        "tags": [
          "eis",
          "gemischte_tuete",
          "sonne"
        ],
        "sources": [
          {
            "type": "hopfenstop",
            "id": "40c4a13e-3750-476a-888d-9124449d8f99"
          }
        ],
        "created": "2026-05-19",
        "updated": "2026-05-19"
      }
    },
    {
      "type": "Feature",
      "geometry": {
        "type": "Point",
        "coordinates": [
          8.762975335121157,
          50.10350124762738
        ]
      },
      "properties": {
        "id": "tk_fr_0358",
        "name": "Einkaufskiosk Ay Yildiz",
        "description": "Begehbarer barrierefreier Eckladen mit Tabakwaren, Getränken, Presse, Süßwaren, etc.",
        "address": {
          "street": "Herrnstraße",
          "number": "1",
          "postalcode": "63065",
          "city": "Offenbach am Main"
        },
        "hours": {
          "raw": "Mo-Sa 06:00-23:59; Su 08:00-23:59"
        },
        "sources": [
          {
            "type": "hopfenstop",
            "id": "d68822b8-2530-4406-bbac-ac3c1be8b48a"
          }
        ],
        "created": "2026-05-19",
        "updated": "2026-05-19"
      }
    },
    {
      "type": "Feature",
      "geometry": {
        "type": "Point",
        "coordinates": [
          8.765598535537718,
          50.101164919721185
        ]
      },
      "properties": {
        "id": "tk_fr_0359",
        "name": "Kiosk Mizanur",
        "description": "Begehbarer barrierefreier kleiner Laden mit Tabakwaren, Getränken, Presse, Süßigkeiten, Spirituosen",
        "address": {
          "street": "Waldstraße",
          "number": "44-46",
          "postalcode": "63065",
          "city": "Offenbach am Main"
        },
        "sources": [
          {
            "type": "hopfenstop",
            "id": "f5382ba2-8dfe-4d80-a3ad-bf7b2c294bd6"
          }
        ],
        "created": "2026-05-19",
        "updated": "2026-05-19"
      }
    },
    {
      "type": "Feature",
      "geometry": {
        "type": "Point",
        "coordinates": [
          8.766746520996094,
          50.09981261895862
        ]
      },
      "properties": {
        "id": "tk_fr_0360",
        "name": "Kiosk Anette Wohlgut",
        "description": "Miniatur begehbarer Laden zwischen zwei Häusern gebaut mit Tabakwaren, Presse, Backwaren, Kaffee, Eis, DHL, Lotto, etc..                                     Öffnungszeiten: Mo - Fr  07:00 - 18:30 h, Sa 07:00 - 15:00 h, So geschlossen       ",
        "address": {
          "street": "Feldstraße",
          "number": "4-6",
          "postalcode": "63071",
          "city": "Offenbach am Main"
        },
        "hours": {
          "raw": "Mo-Fr 07:00-18:30; Sa 08:00-15:00"
        },
        "tags": [
          "backwaren",
          "eis",
          "kaffee",
          "lotto",
          "snacks"
        ],
        "sources": [
          {
            "type": "hopfenstop",
            "id": "543857c7-5832-4468-9e9f-db11f9c8ddb2"
          }
        ],
        "created": "2026-05-19",
        "updated": "2026-05-19"
      }
    },
    {
      "type": "Feature",
      "geometry": {
        "type": "Point",
        "coordinates": [
          8.766682147979736,
          50.09844995667797
        ]
      },
      "properties": {
        "id": "tk_fr_0361",
        "name": "Kiosk & Internet Café",
        "description": "Tabakwaren, Alkohlfreie Getränke, Handy-Shop, Getränke, Backwaren, Kaffee, etc.",
        "address": {
          "street": "Waldstraße",
          "number": "76",
          "postalcode": "63071",
          "city": "Offenbach am Main"
        },
        "tags": [
          "backwaren",
          "kaffee",
          "snacks"
        ],
        "sources": [
          {
            "type": "hopfenstop",
            "id": "52e8a1b5-8b62-4e75-9459-9fea5bd71c64"
          }
        ],
        "created": "2026-05-19",
        "updated": "2026-05-19"
      }
    },
    {
      "type": "Feature",
      "geometry": {
        "type": "Point",
        "coordinates": [
          8.665444850921633,
          50.185582219743395
        ]
      },
      "properties": {
        "id": "tk_fr_0362",
        "name": "Trinkhalle U-Bahn Kiosk Bonames",
        "description": "Halbrunde Trinkhalle mit Schiebefenster, Außentheke und Überdachung. Klassisches Büdchen Sortiment, Kaffee und Brötchen, Fahrkarten, Fahrpläne, Tintenpatronen und Tonerkartuschen.  Mo.-Sa. 06:00 - 22:00 h So. geschlossen  ",
        "address": {
          "street": "Homburger Landstraße",
          "number": "715",
          "postalcode": "60437",
          "city": "Frankfurt am Main",
          "district": "Bonames"
        },
        "hours": {
          "raw": "Mo-Sa 06:00-22:00"
        },
        "tags": [
          "kaffee",
          "snacks",
          "sonne",
          "ueberdacht",
          "applewoi",
          "wein",
          "longpapes",
          "schnaps",
          "wc",
          "craft_bier",
          "kuchen",
          "lotto",
          "chillout",
          "stehtisch"
        ],
        "sources": [
          {
            "type": "hopfenstop",
            "id": "f24fdd7d-2d9f-4fb5-af1b-16e09ec897bd"
          }
        ],
        "created": "2026-05-19",
        "updated": "2026-05-19"
      }
    },
    {
      "type": "Feature",
      "geometry": {
        "type": "Point",
        "coordinates": [
          8.743915557861326,
          50.18343195336229
        ]
      },
      "properties": {
        "id": "tk_fr_0363",
        "name": "Kiosk Hildebrand II",
        "description": "Die etwas andere Lotto Annahmestelle  Begehbarer Kiosk mit Lotto, Presse, Kartenvorverkauf etc.   Öffnungszeiten:   Mo-Do 07:30 - 13:00 h, 14:15 - 17:00 h Fr 07:30 - 19:00 h Sa 08:00 - 16:00 h So geschlossen ",
        "address": {
          "street": "Marktplatz",
          "number": "4",
          "postalcode": "61118",
          "city": "Bad Vilbel"
        },
        "hours": {
          "raw": "Mo-Th 14:15-17:00; Fr 07:30-19:00; Sa 08:00-16:00"
        },
        "tags": [
          "lotto"
        ],
        "sources": [
          {
            "type": "hopfenstop",
            "id": "318d1e20-f8e1-405f-b48f-86db4a13c6f2"
          }
        ],
        "created": "2026-05-19",
        "updated": "2026-05-19"
      }
    },
    {
      "type": "Feature",
      "geometry": {
        "type": "Point",
        "coordinates": [
          8.73889446258545,
          50.180244159903424
        ]
      },
      "properties": {
        "id": "tk_fr_0364",
        "name": "City Kiosk Bad Vilbel",
        "description": "Kleiner begehbarer Laden. Sortiment: Presse, Zeitschriften, Getränke, Tabakwaren, Süßigkeiten , Eis, Kaffee, Softgetränke, alkoholische Getränke, sowie Lebensmittel und Snacks.Lotto, Telefonkarten, Fahrkarten, Western Union.   Öffnungszeiten:  Mo-Fr 07:00-00:00 h Sa 24 Std So 00:00 - 22:00 h",
        "address": {
          "street": "Hasengasse",
          "number": "3",
          "postalcode": "61118",
          "city": "Bad Vilbel"
        },
        "hours": {
          "raw": "Mo-Su 08:00-22:00"
        },
        "tags": [
          "eis",
          "kaffee",
          "lotto",
          "snacks",
          "zeitschriften",
          "innenraum",
          "mate",
          "sekt",
          "wein",
          "applewoi",
          "stehtisch",
          "craft_bier",
          "ueberdacht",
          "sonne",
          "musik"
        ],
        "sources": [
          {
            "type": "hopfenstop",
            "id": "5ecdd308-cdde-4388-8dbf-a8f8e158ca06"
          }
        ],
        "created": "2026-05-19",
        "updated": "2026-05-19"
      }
    },
    {
      "type": "Feature",
      "geometry": {
        "type": "Point",
        "coordinates": [
          8.767454624176025,
          50.09712166775816
        ]
      },
      "properties": {
        "id": "tk_fr_0365",
        "name": "Kiosk & Internet Cafe",
        "description": "Eckladen mit drei Stufen, Kiosk Angebot, Getränke etc.  MoneyGram Geldtransfer, Kopieren, Scannen, Drucken, Faxen  Öffnungszeiten: Mo.-So. 09:00 - 23:59 h",
        "address": {
          "street": "Waldstraße",
          "number": "98",
          "postalcode": "63071",
          "city": "Offenbach am Main"
        },
        "hours": {
          "raw": "Mo 09:00-23:59; Tu 10:00-23:59; We-Su 09:00-23:59"
        },
        "sources": [
          {
            "type": "hopfenstop",
            "id": "60514c54-2908-481c-bf62-97897acdedd0"
          }
        ],
        "created": "2026-05-19",
        "updated": "2026-05-19"
      }
    },
    {
      "type": "Feature",
      "geometry": {
        "type": "Point",
        "coordinates": [
          8.767722845077515,
          50.096770662980305
        ]
      },
      "properties": {
        "id": "tk_fr_0366",
        "name": "Kiosk und Wettannahmestelle",
        "description": "Kiosk Sortiment Getränke, Süßwaren, Tabakwaren, Zeitschriften, Spirituosen, Lebensmittel und Wettannahmestelle",
        "address": {
          "street": "Lindenstraße",
          "number": "1",
          "postalcode": "63071",
          "city": "Offenbach am Main"
        },
        "tags": [
          "zeitschriften"
        ],
        "sources": [
          {
            "type": "hopfenstop",
            "id": "8c494fd0-2b4e-4b5e-8e9c-b8861fec9284"
          }
        ],
        "created": "2026-05-19",
        "updated": "2026-05-19"
      }
    },
    {
      "type": "Feature",
      "geometry": {
        "type": "Point",
        "coordinates": [
          8.767315149307251,
          50.09633018275812
        ]
      },
      "properties": {
        "id": "tk_fr_0367",
        "name": "Kiosk und Hami's Bistro",
        "description": "Begehbarer Kiosk mit angegliedertem Bistro neben Fahrschule Kreuzinger. Kaffee, Eis, Getränke, Süßwaren, Presse, Tabakwaren, etc.",
        "address": {
          "street": "Waldstraße",
          "number": "107",
          "postalcode": "63071",
          "city": "Offenbach am Main"
        },
        "tags": [
          "eis",
          "kaffee"
        ],
        "sources": [
          {
            "type": "hopfenstop",
            "id": "8799d3ed-0fd4-49d4-81ba-4047acdb4f5f"
          }
        ],
        "created": "2026-05-19",
        "updated": "2026-05-19"
      }
    },
    {
      "type": "Feature",
      "geometry": {
        "type": "Point",
        "coordinates": [
          8.768581151962278,
          50.092689183351666
        ]
      },
      "properties": {
        "id": "tk_fr_0368",
        "name": "Kiosk Focke",
        "description": "Klassischer In-house Kiosk, begehbar, barrierefrei. Getränke, Spirituosen, Tabakwaren, Lebensmittel, Süßigkeiten, Zeitschriften, Telefonkarten, Kaffee, etc.",
        "address": {
          "street": "Waldstraße",
          "number": "153",
          "postalcode": "63071",
          "city": "Offenbach am Main"
        },
        "tags": [
          "zeitschriften",
          "kaffee",
          "barrierefrei"
        ],
        "sources": [
          {
            "type": "hopfenstop",
            "id": "c344d1c1-7a37-4522-9e33-9abb1d196175"
          }
        ],
        "created": "2026-05-19",
        "updated": "2026-05-19"
      }
    },
    {
      "type": "Feature",
      "geometry": {
        "type": "Point",
        "coordinates": [
          8.76735806465149,
          50.091505282731816
        ]
      },
      "properties": {
        "id": "tk_fr_0369",
        "name": "Trinkhalle Goldnugget Saloon",
        "description": "Wer hierzu weitere Informationen hat, gerne einfach über den Link \"Änderungsvorschlag\" eintragen.",
        "address": {
          "street": "Humboldtstraße",
          "number": "30-48",
          "postalcode": "63069",
          "city": "Offenbach am Main"
        },
        "sources": [
          {
            "type": "hopfenstop",
            "id": "ad1c76b3-b188-4b5f-9614-bf22e315f2ef"
          }
        ],
        "created": "2026-05-19",
        "updated": "2026-05-19"
      }
    },
    {
      "type": "Feature",
      "geometry": {
        "type": "Point",
        "coordinates": [
          8.764225244522095,
          50.10606798020399
        ]
      },
      "properties": {
        "id": "tk_fr_0370",
        "name": "Kiosk Stadtmitte",
        "description": "Begehbarer barrierefreier Eckladen Nähe S-Bahn Station Marktplatz. Tabakwaren, Getränke, Süßigkeiten, Handy Aufladen, etc.",
        "address": {
          "street": "Schloßstraße",
          "number": "20",
          "postalcode": "63065",
          "city": "Offenbach am Main"
        },
        "sources": [
          {
            "type": "hopfenstop",
            "id": "199240e5-5f78-45ba-b951-68a625d3bcc4"
          }
        ],
        "created": "2026-05-19",
        "updated": "2026-05-19"
      }
    },
    {
      "type": "Feature",
      "geometry": {
        "type": "Point",
        "coordinates": [
          8.50816011428833,
          50.14321857896144
        ]
      },
      "properties": {
        "id": "tk_fr_0371",
        "name": "Kurstubb",
        "description": "Büdchen mit angrenzendem Pavillion, direkt am neuen Kurpark",
        "address": {
          "street": "Odenwaldstraße",
          "number": "2",
          "postalcode": "65812",
          "city": "Bad Soden am Taunus"
        },
        "tags": [
          "wc",
          "ueberdacht",
          "wein",
          "applewoi",
          "sitzgelegenheiten",
          "sekt",
          "innenraum"
        ],
        "sources": [
          {
            "type": "hopfenstop",
            "id": "bc7b108c-fcfb-49b7-a6e9-d6674459b53e"
          }
        ],
        "created": "2026-05-19",
        "updated": "2026-05-19"
      }
    },
    {
      "type": "Feature",
      "geometry": {
        "type": "Point",
        "coordinates": [
          8.670766353607178,
          50.12686799922011
        ]
      },
      "properties": {
        "id": "tk_fr_0372",
        "name": "Campus' Trinkhalle",
        "description": "Trinkhalle am Campus Westend  - Kaffee - Softdrinks - Bier - Eis (Sommer) - Glühwein (Winter)",
        "address": {
          "street": "Gisèle-Freund-Platz",
          "postalcode": "60323",
          "city": "Frankfurt am Main",
          "district": "Westend-Nord"
        },
        "hours": {
          "raw": "Mo 12:00-18:00; Tu 10:00-20:00; We 10:00-18:00; Th 12:00-20:00; Fr 10:00-14:00"
        },
        "tags": [
          "eis",
          "kaffee",
          "wc",
          "sitzgelegenheiten",
          "mate",
          "applewoi",
          "musik",
          "ueberdacht",
          "fritz_kola",
          "innenraum",
          "flair",
          "schnaps"
        ],
        "sources": [
          {
            "type": "hopfenstop",
            "id": "50c5e139-74fd-4d2e-b498-079e8ec43934"
          }
        ],
        "created": "2026-05-19",
        "updated": "2026-05-19"
      }
    },
    {
      "type": "Feature",
      "geometry": {
        "type": "Point",
        "coordinates": [
          8.63027036190033,
          50.152747484917114
        ]
      },
      "properties": {
        "id": "tk_fr_0373",
        "name": "Wasserhäuschen \"Römer-Shop\"",
        "description": "Wasserhäuschen mit allem was das Herz begehrt.",
        "address": {
          "street": "In der Römerstadt",
          "number": "152B",
          "postalcode": "60439",
          "city": "Frankfurt am Main",
          "district": "Heddernheim"
        },
        "tags": [
          "paketshop"
        ],
        "sources": [
          {
            "type": "hopfenstop",
            "id": "da39bdc9-9f85-4f79-a43b-ed4c34d33165"
          }
        ],
        "created": "2026-05-19",
        "updated": "2026-05-19"
      }
    },
    {
      "type": "Feature",
      "geometry": {
        "type": "Point",
        "coordinates": [
          8.68093729019165,
          50.168136851191946
        ]
      },
      "properties": {
        "id": "tk_fr_0374",
        "name": "Kiosk an der Ladenzeile",
        "description": "Klassisches Kiosk mit Standard-Sortiment.",
        "address": {
          "street": "Berkersheimer Weg",
          "number": "5",
          "postalcode": "60433",
          "city": "Frankfurt am Main",
          "district": "Frankfurter Berg"
        },
        "tags": [
          "sitzgelegenheiten",
          "wc",
          "applewoi",
          "snacks",
          "sonne"
        ],
        "sources": [
          {
            "type": "hopfenstop",
            "id": "96cf17d2-36a1-4035-9e4e-d84f2f076ff7"
          }
        ],
        "created": "2026-05-19",
        "updated": "2026-05-19"
      }
    },
    {
      "type": "Feature",
      "geometry": {
        "type": "Point",
        "coordinates": [
          8.669296503067017,
          50.14207030700629
        ]
      },
      "properties": {
        "id": "tk_fr_0375",
        "name": "Einkaufskiosk Eschersheimer Landstraße",
        "description": "Kleines Einkaufskiosk mit gutem Sortiment.",
        "address": {
          "street": "Eschersheimer Landstraße",
          "number": "322",
          "postalcode": "60320",
          "city": "Frankfurt am Main",
          "district": "Dornbusch"
        },
        "hours": {
          "raw": "Mo-Su 08:00-23:00"
        },
        "tags": [
          "craft_bier",
          "musik",
          "kuchen",
          "gemischte_tuete",
          "sitzgelegenheiten",
          "snacks",
          "ueberdacht",
          "applewoi",
          "longpapes",
          "innenraum",
          "sekt",
          "wein",
          "schnaps"
        ],
        "sources": [
          {
            "type": "hopfenstop",
            "id": "ccc75715-94ce-4dfd-b2ea-990724c44763"
          }
        ],
        "created": "2026-05-19",
        "updated": "2026-05-19"
      }
    },
    {
      "type": "Feature",
      "geometry": {
        "type": "Point",
        "coordinates": [
          8.669757843017578,
          50.19852299230578
        ]
      },
      "properties": {
        "id": "tk_fr_0376",
        "name": "Express Einkaufskiosk",
        "description": "Einkaufskiosk mit Standard Kiosksortiment.",
        "address": {
          "street": "Deuil-La-Barre-Straße",
          "number": "37-45",
          "postalcode": "60437",
          "city": "Frankfurt am Main"
        },
        "hours": {
          "raw": "Mo-Su 09:00-22:00"
        },
        "tags": [
          "gemischte_tuete",
          "innenraum",
          "snacks",
          "applewoi",
          "wein",
          "schnaps",
          "sekt"
        ],
        "sources": [
          {
            "type": "hopfenstop",
            "id": "997221f1-bfaa-43be-94cb-88714688c892"
          }
        ],
        "created": "2026-05-19",
        "updated": "2026-05-19"
      }
    },
    {
      "type": "Feature",
      "geometry": {
        "type": "Point",
        "coordinates": [
          8.730230927467346,
          50.182013274139194
        ]
      },
      "properties": {
        "id": "tk_fr_0377",
        "name": "Kiosk am Niddablick",
        "description": "Kiosk / Trinkhalle nördlich der Nidda in Bad Bilbel Süd.",
        "address": {
          "street": "Riedweg",
          "number": "38A",
          "postalcode": "61118",
          "city": "Bad Vilbel"
        },
        "sources": [
          {
            "type": "hopfenstop",
            "id": "9bc55734-2423-47ec-9321-a1e6c8efec28"
          }
        ],
        "created": "2026-05-19",
        "updated": "2026-05-19"
      }
    },
    {
      "type": "Feature",
      "geometry": {
        "type": "Point",
        "coordinates": [
          8.74187707901001,
          50.14215969443529
        ]
      },
      "properties": {
        "id": "tk_fr_0378",
        "name": "Kruppschänke Trinkhalle",
        "description": "Begehbares Kiosk mit Sitzgelegenheiten.",
        "address": {
          "street": "Kruppstraße",
          "number": "120",
          "postalcode": "60388",
          "city": "Frankfurt am Main",
          "district": "Seckbach"
        },
        "tags": [
          "sitzgelegenheiten"
        ],
        "sources": [
          {
            "type": "hopfenstop",
            "id": "357c2466-e11f-4bed-bed4-f3d6c64e1e5d"
          }
        ],
        "created": "2026-05-19",
        "updated": "2026-05-19"
      }
    },
    {
      "type": "Feature",
      "geometry": {
        "type": "Point",
        "coordinates": [
          8.692245483398438,
          50.147728889422126
        ]
      },
      "properties": {
        "id": "tk_fr_0379",
        "name": "3 Sterne Kiosk",
        "description": "Begehbares Kiosk.",
        "address": {
          "street": "Festeburgring",
          "number": "2",
          "postalcode": "60435",
          "city": "Frankfurt am Main",
          "district": "Preungesheim"
        },
        "sources": [
          {
            "type": "hopfenstop",
            "id": "764701d6-bc53-4ae2-85fc-f01687b850a3"
          }
        ],
        "created": "2026-05-19",
        "updated": "2026-05-19"
      }
    },
    {
      "type": "Feature",
      "geometry": {
        "type": "Point",
        "coordinates": [
          8.643429279327393,
          50.258071230693986
        ]
      },
      "properties": {
        "id": "tk_fr_0380",
        "name": "Kiosk Hugenottenstraße",
        "description": "Ein Begehbares Kiosk in der Hugenottenstraße.",
        "address": {
          "street": "Hugenottenstraße",
          "number": "114",
          "postalcode": "61381",
          "city": "Friedrichsdorf"
        },
        "tags": [
          "innenraum",
          "sitzgelegenheiten",
          "ueberdacht",
          "applewoi",
          "wein"
        ],
        "sources": [
          {
            "type": "hopfenstop",
            "id": "13bda080-1def-4326-ac9d-e2b91ef709d7"
          }
        ],
        "created": "2026-05-19",
        "updated": "2026-05-19"
      }
    },
    {
      "type": "Feature",
      "geometry": {
        "type": "Point",
        "coordinates": [
          8.638638854026794,
          50.219424133771184
        ]
      },
      "properties": {
        "id": "tk_fr_0381",
        "name": "Kiosk U-Bahnstation Gonzenheim",
        "description": "Begehbares Kiosk an der U-Bahnstation Gonzenheim",
        "address": {
          "street": "Frankfurter Landstraße",
          "number": "96-102",
          "postalcode": "61352",
          "city": "Bad Homburg vor der Höhe"
        },
        "tags": [
          "wc",
          "innenraum"
        ],
        "sources": [
          {
            "type": "hopfenstop",
            "id": "76ec61fe-483a-488d-b0b0-f50a9a453095"
          }
        ],
        "created": "2026-05-19",
        "updated": "2026-05-19"
      }
    },
    {
      "type": "Feature",
      "geometry": {
        "type": "Point",
        "coordinates": [
          8.499893546104431,
          50.05354474222918
        ]
      },
      "properties": {
        "id": "tk_fr_0382",
        "name": "Kiosk am Dalles Okriftel",
        "description": "Kiosk in der Orstmitte am \"Dalles\"",
        "address": {
          "street": "Mainstraße",
          "number": "3",
          "postalcode": "65795",
          "city": "Hattersheim am Main",
          "district": "Flughafen"
        },
        "sources": [
          {
            "type": "hopfenstop",
            "id": "59713ff8-46c7-46f3-a929-56a6fafb52b6"
          }
        ],
        "created": "2026-05-19",
        "updated": "2026-05-19"
      }
    },
    {
      "type": "Feature",
      "geometry": {
        "type": "Point",
        "coordinates": [
          8.909327387809753,
          50.11911627722748
        ]
      },
      "properties": {
        "id": "tk_fr_0383",
        "name": "Einkaufskiosk Hossain",
        "description": "Einkaufskiosk auf der Hauptstraße (Ludwigstraße) in Hanau Steinheim",
        "address": {
          "street": "Ludwigstraße",
          "number": "139",
          "postalcode": "63456",
          "city": "Hanau"
        },
        "hours": {
          "raw": "Mo-Fr 05:00-19:00; Sa 07:00-19:00"
        },
        "tags": [
          "wein",
          "applewoi",
          "snacks",
          "sonne",
          "innenraum",
          "kaffee",
          "lotto",
          "gemischte_tuete",
          "eis",
          "sekt",
          "ueberdacht",
          "zeitschriften"
        ],
        "sources": [
          {
            "type": "hopfenstop",
            "id": "28a97f99-e184-4343-a02a-76139934bc99"
          }
        ],
        "created": "2026-05-19",
        "updated": "2026-05-19"
      }
    },
    {
      "type": "Feature",
      "geometry": {
        "type": "Point",
        "coordinates": [
          8.91065239906311,
          50.11768536946903
        ]
      },
      "properties": {
        "id": "tk_fr_0384",
        "name": "Kiosk",
        "description": "Kiosk und Trinkhalle",
        "address": {
          "street": "Ludwigstraße",
          "number": "113A",
          "postalcode": "63456",
          "city": "Hanau"
        },
        "tags": [
          "innenraum",
          "kaffee",
          "lotto",
          "sitzgelegenheiten",
          "ueberdacht",
          "wein",
          "applewoi",
          "klassiker",
          "wc",
          "barrierefrei",
          "gemischte_tuete"
        ],
        "sources": [
          {
            "type": "hopfenstop",
            "id": "80988c6f-1c7e-46a5-8081-c95de5af0b8d"
          }
        ],
        "created": "2026-05-19",
        "updated": "2026-05-19"
      }
    },
    {
      "type": "Feature",
      "geometry": {
        "type": "Point",
        "coordinates": [
          8.914445042610168,
          50.10876186926757
        ]
      },
      "properties": {
        "id": "tk_fr_0385",
        "name": "Trinkhalle Alt-Steinheim",
        "description": "Trinkhalle nahe der Altstadt von Hanau Steinheim",
        "address": {
          "street": "Ludwigstraße",
          "number": "13",
          "postalcode": "63456",
          "city": "Hanau"
        },
        "tags": [
          "mate"
        ],
        "sources": [
          {
            "type": "hopfenstop",
            "id": "482121a2-0ea3-4fa9-b7c0-839be006347d"
          }
        ],
        "created": "2026-05-19",
        "updated": "2026-05-19"
      }
    },
    {
      "type": "Feature",
      "geometry": {
        "type": "Point",
        "coordinates": [
          8.933182954788208,
          50.179502142973746
        ]
      },
      "properties": {
        "id": "tk_fr_0386",
        "name": "Wolfgang Strobel Lotto-Eck",
        "description": "Kiosk mit Lotto in Bruchköbel.",
        "address": {
          "street": "Lindenallee",
          "number": "25",
          "postalcode": "63486",
          "city": "Bruchköbel"
        },
        "tags": [
          "lotto"
        ],
        "sources": [
          {
            "type": "hopfenstop",
            "id": "7ce917f0-68ef-4e1c-8666-35f7629378cd"
          }
        ],
        "created": "2026-05-19",
        "updated": "2026-05-19"
      }
    },
    {
      "type": "Feature",
      "geometry": {
        "type": "Point",
        "coordinates": [
          8.52801114320755,
          50.06965724015333
        ]
      },
      "properties": {
        "id": "tk_fr_0387",
        "name": "Kiosk am Main",
        "description": "Trinkhalle am Mainufer Kelsterbach",
        "address": {
          "street": "Mainstraße",
          "number": "50",
          "postalcode": "65451",
          "city": "Kelsterbach"
        },
        "tags": [
          "snacks",
          "eis",
          "kaffee",
          "sitzgelegenheiten",
          "sonne",
          "ueberdacht"
        ],
        "sources": [
          {
            "type": "hopfenstop",
            "id": "3791f7de-3f63-4416-84fe-302ef6e192ad"
          }
        ],
        "created": "2026-05-19",
        "updated": "2026-05-19"
      }
    },
    {
      "type": "Feature",
      "geometry": {
        "type": "Point",
        "coordinates": [
          8.663615584373474,
          50.020874399514696
        ]
      },
      "properties": {
        "id": "tk_fr_0388",
        "name": "Imbiss Boxen-Stopp",
        "description": "Imbiss mit Tabakwaren und Getränkeverkauf",
        "address": {
          "street": "Buchschlager Allee",
          "number": "3",
          "postalcode": "63303",
          "city": "Dreieich"
        },
        "tags": [
          "wc",
          "snacks",
          "kaffee",
          "innenraum"
        ],
        "sources": [
          {
            "type": "hopfenstop",
            "id": "531ffc2c-7994-48bf-8083-31068e37ab4e"
          }
        ],
        "created": "2026-05-19",
        "updated": "2026-05-19"
      }
    },
    {
      "type": "Feature",
      "geometry": {
        "type": "Point",
        "coordinates": [
          8.255512118339539,
          50.00619445321425
        ]
      },
      "properties": {
        "id": "tk_fr_0389",
        "name": "Eulchen Trinkhalle",
        "description": "Trinkhalle nahe der Straßenbahnhaltestelle Lessingstraße",
        "address": {
          "street": "Boppstraße",
          "number": "64",
          "postalcode": "55118",
          "city": "Mainz"
        },
        "hours": {
          "raw": "Tu-Sa 16:00-21:00"
        },
        "tags": [
          "craft_bier",
          "fritz_kola",
          "flair",
          "gemischte_tuete",
          "klassiker",
          "sitzgelegenheiten"
        ],
        "sources": [
          {
            "type": "hopfenstop",
            "id": "2b17bd5a-56d8-41ab-98c9-71b06d9d2859"
          }
        ],
        "created": "2026-05-19",
        "updated": "2026-05-19"
      }
    },
    {
      "type": "Feature",
      "geometry": {
        "type": "Point",
        "coordinates": [
          8.51527065038681,
          50.299914989505396
        ]
      },
      "properties": {
        "id": "tk_fr_0390",
        "name": "Bahnhofskiosk",
        "description": "Kiosk am Bahnhof Neu-Anspach",
        "address": {
          "street": "Bahnhofstraße",
          "number": "95-97",
          "postalcode": "61267",
          "city": "Neu-Anspach"
        },
        "tags": [
          "innenraum",
          "kaffee",
          "sitzgelegenheiten",
          "ueberdacht",
          "craft_bier",
          "wc",
          "gemischte_tuete",
          "eis",
          "lotto",
          "snacks",
          "wein",
          "applewoi",
          "fritz_kola",
          "sonne",
          "zeitschriften"
        ],
        "sources": [
          {
            "type": "hopfenstop",
            "id": "875cb2fa-afeb-4cfe-a5eb-fc2236ca16bc"
          }
        ],
        "created": "2026-05-19",
        "updated": "2026-05-19"
      }
    },
    {
      "type": "Feature",
      "geometry": {
        "type": "Point",
        "coordinates": [
          8.567533493041992,
          50.29654992599305
        ]
      },
      "properties": {
        "id": "tk_fr_0392",
        "name": "Kiosk am Bahnhof",
        "description": "Kiosk am Bahnhof Wehrheim",
        "address": {
          "street": "Am Bahnhof",
          "number": "2-3",
          "postalcode": "61273",
          "city": "Wehrheim"
        },
        "hours": {
          "raw": "Mo-Th 11:30-21:00; Fr 05:00-21:00; Sa 06:30-21:00; Su 08:00-13:00"
        },
        "tags": [
          "innenraum",
          "kaffee",
          "lotto",
          "sitzgelegenheiten",
          "snacks",
          "ueberdacht",
          "applewoi",
          "longpapes"
        ],
        "sources": [
          {
            "type": "hopfenstop",
            "id": "d6ad7676-869f-407e-9dbe-d3a8e2e18e65"
          }
        ],
        "created": "2026-05-19",
        "updated": "2026-05-19"
      }
    },
    {
      "type": "Feature",
      "geometry": {
        "type": "Point",
        "coordinates": [
          8.620102107524872,
          50.163580355507776
        ]
      },
      "properties": {
        "id": "tk_fr_0393",
        "name": "Kiosk Ladenzeile Thomas-Mann-Straße",
        "description": "Trinkhalle in der Ladenzeile Thomas-Mann-Straße",
        "address": {
          "street": "Thomas-Mann-Straße",
          "number": "2-4",
          "postalcode": "60439",
          "city": "Frankfurt am Main",
          "district": "Niederursel"
        },
        "sources": [
          {
            "type": "hopfenstop",
            "id": "2f67a942-eb39-42a1-92f3-76aa9cdced85"
          }
        ],
        "created": "2026-05-19",
        "updated": "2026-05-19"
      }
    },
    {
      "type": "Feature",
      "geometry": {
        "type": "Point",
        "coordinates": [
          8.60378086566925,
          50.07929632268741
        ]
      },
      "properties": {
        "id": "tk_fr_0394",
        "name": "Kiosk Goldstein",
        "description": "Eine Trinkhalle in der Goldstein Siedlung Süd neben dem REWE Markt \"Straßburger Straße\"",
        "address": {
          "street": "Straßburger Straße",
          "number": "41",
          "postalcode": "60529",
          "city": "Frankfurt am Main",
          "district": "Schwanheim"
        },
        "sources": [
          {
            "type": "hopfenstop",
            "id": "cfdc3337-4e3d-4449-ba96-b1f4ea715240"
          }
        ],
        "created": "2026-05-19",
        "updated": "2026-05-19"
      }
    },
    {
      "type": "Feature",
      "geometry": {
        "type": "Point",
        "coordinates": [
          8.64351511001587,
          50.08873470330843
        ]
      },
      "properties": {
        "id": "tk_fr_0395",
        "name": "Kiosk 49",
        "description": "Begehbares Kiosk mit großem Sortiment.",
        "address": {
          "street": "Kelsterbacher Straße",
          "number": "47-49",
          "postalcode": "60528",
          "city": "Frankfurt am Main",
          "district": "Niederrad"
        },
        "hours": {
          "raw": "Mo-Fr 07:00-22:00; Sa-Su 09:00-22:30"
        },
        "tags": [
          "applewoi",
          "wein",
          "eis",
          "gemischte_tuete",
          "schnaps",
          "lotto"
        ],
        "sources": [
          {
            "type": "hopfenstop",
            "id": "e82152a4-f0ea-4a59-b5ba-4468c808a444"
          }
        ],
        "created": "2026-05-19",
        "updated": "2026-05-19"
      }
    },
    {
      "type": "Feature",
      "geometry": {
        "type": "Point",
        "coordinates": [
          8.562370240688324,
          50.14259975318873
        ]
      },
      "properties": {
        "id": "tk_fr_0396",
        "name": "Kiosk Eschborn",
        "description": "Kiosk Berliner Straße Eschborn neben dem Friseur Saloon",
        "address": {
          "street": "Berliner Straße",
          "number": "41",
          "postalcode": "65760",
          "city": "Eschborn"
        },
        "sources": [
          {
            "type": "hopfenstop",
            "id": "80ff3668-ab9b-4992-a15c-9ee29acd4c2a"
          }
        ],
        "created": "2026-05-19",
        "updated": "2026-05-19"
      }
    },
    {
      "type": "Feature",
      "geometry": {
        "type": "Point",
        "coordinates": [
          8.840357065200806,
          50.15506754795078
        ]
      },
      "properties": {
        "id": "tk_fr_0398",
        "name": "Kiosk Hochstadt",
        "description": "Kiosk an der Hauptstraße in Hochstadt.",
        "address": {
          "street": "Wachenbucher Straße",
          "number": "18",
          "postalcode": "63477",
          "city": "Maintal"
        },
        "sources": [
          {
            "type": "hopfenstop",
            "id": "48af4a73-c154-436a-95d4-e6cac4e9b2b2"
          }
        ],
        "created": "2026-05-19",
        "updated": "2026-05-19"
      }
    },
    {
      "type": "Feature",
      "geometry": {
        "type": "Point",
        "coordinates": [
          8.239102363586426,
          50.04772173288683
        ]
      },
      "properties": {
        "id": "tk_fr_0399",
        "name": "Kiosk Biebrich",
        "description": "Ein Kiosk mit reichhaltigem Sortiment.",
        "address": {
          "street": "Didierstraße",
          "number": "9",
          "postalcode": "65203",
          "city": "Wiesbaden"
        },
        "sources": [
          {
            "type": "hopfenstop",
            "id": "ca74fe27-5a37-4856-9cd0-1b3c8783bd53"
          }
        ],
        "created": "2026-05-19",
        "updated": "2026-05-19"
      }
    },
    {
      "type": "Feature",
      "geometry": {
        "type": "Point",
        "coordinates": [
          8.456688523292543,
          50.039022931942924
        ]
      },
      "properties": {
        "id": "tk_fr_0400",
        "name": "Kiosk Nauheimer",
        "description": "Trinkhalle nahe der S-Bahnstation (Bahnsteig Richtung Frankfurt)",
        "address": {
          "street": "Volkerstraße",
          "number": "1",
          "postalcode": "65795",
          "city": "Hattersheim am Main"
        },
        "sources": [
          {
            "type": "hopfenstop",
            "id": "2e07491d-bb7d-48bc-a074-397f89cc6c59"
          }
        ],
        "created": "2026-05-19",
        "updated": "2026-05-19"
      }
    },
    {
      "type": "Feature",
      "geometry": {
        "type": "Point",
        "coordinates": [
          8.246167302131653,
          50.04177915828717
        ]
      },
      "properties": {
        "id": "tk_fr_0401",
        "name": "Schön's Kiosk",
        "description": "Kiosk in Wiesbaden Biebrich",
        "address": {
          "street": "Breslauer Straße",
          "number": "49-55",
          "postalcode": "65203",
          "city": "Wiesbaden"
        },
        "sources": [
          {
            "type": "hopfenstop",
            "id": "68f23486-d71c-4135-9f67-007fc2bfc095"
          }
        ],
        "created": "2026-05-19",
        "updated": "2026-05-19"
      }
    },
    {
      "type": "Feature",
      "geometry": {
        "type": "Point",
        "coordinates": [
          8.24526071548462,
          50.041803274569304
        ]
      },
      "properties": {
        "id": "tk_fr_0402",
        "name": "Lotto-Kiosk",
        "description": "Begehbares Kiosk mit großem Sortiment.",
        "address": {
          "street": "Breslauer Straße",
          "number": "36",
          "postalcode": "65203",
          "city": "Wiesbaden"
        },
        "sources": [
          {
            "type": "hopfenstop",
            "id": "a6458e26-7e2c-44ef-9747-96ca34de9c2a"
          }
        ],
        "created": "2026-05-19",
        "updated": "2026-05-19"
      }
    },
    {
      "type": "Feature",
      "geometry": {
        "type": "Point",
        "coordinates": [
          8.76785695552826,
          50.277993254953
        ]
      },
      "properties": {
        "id": "tk_fr_0403",
        "name": "Kiosk Nieder-Wöllstadt",
        "description": "Kiosk an der Hauptstraße in Nieder-Wöllstadt",
        "address": {
          "street": "Lindenstraße",
          "number": "1",
          "postalcode": "61206",
          "city": "Wöllstadt"
        },
        "hours": {
          "raw": "Mo-Fr 13:00-18:00; Sa 06:00-14:00"
        },
        "sources": [
          {
            "type": "hopfenstop",
            "id": "377023a2-2deb-48f2-8550-d644acb58f3b"
          }
        ],
        "created": "2026-05-19",
        "updated": "2026-05-19"
      }
    },
    {
      "type": "Feature",
      "geometry": {
        "type": "Point",
        "coordinates": [
          8.784223794937136,
          50.10255847217093
        ]
      },
      "properties": {
        "id": "tk_fr_0404",
        "name": "Trinkhalle Offenbach Ost",
        "description": "Trinkhalle mit angrenzendem verzehrbereich.",
        "address": {
          "street": "Untere Grenzstraße",
          "number": "49",
          "postalcode": "63075",
          "city": "Offenbach am Main"
        },
        "hours": {
          "raw": "Mo-Fr 05:00-21:45; Sa 06:30-21:45; Su 09:00-20:30"
        },
        "tags": [
          "applewoi",
          "gemischte_tuete",
          "zeitschriften",
          "innenraum",
          "kaffee",
          "wc",
          "stehtisch",
          "sitzgelegenheiten",
          "ueberdacht",
          "eis",
          "sonne",
          "craft_bier"
        ],
        "sources": [
          {
            "type": "hopfenstop",
            "id": "4da86636-dd5e-4c6a-912b-8fbc076df38b"
          }
        ],
        "created": "2026-05-19",
        "updated": "2026-05-19"
      }
    },
    {
      "type": "Feature",
      "geometry": {
        "type": "Point",
        "coordinates": [
          8.770973682403564,
          50.10585466450655
        ]
      },
      "properties": {
        "id": "tk_fr_0405",
        "name": "Trinkhalle Ziegelstraße",
        "description": "Trinkhalle in der Ziegelstraße",
        "address": {
          "street": "Hermann-Steinhäuser-Straße",
          "number": "10-18",
          "postalcode": "63065",
          "city": "Offenbach am Main"
        },
        "sources": [
          {
            "type": "hopfenstop",
            "id": "202f67b4-cdca-4a1c-8711-61388c0d3205"
          }
        ],
        "created": "2026-05-19",
        "updated": "2026-05-19"
      }
    },
    {
      "type": "Feature",
      "geometry": {
        "type": "Point",
        "coordinates": [
          8.72465446827654,
          50.097242112555136
        ]
      },
      "properties": {
        "id": "tk_fr_0406",
        "name": "Laden am Eck",
        "description": "Wir bieten Ihnen eine große Auswahl an kundenorientierten Artikeln, wie Tabak, Spirituosen, Lebensmittel und Schulbedarf.  Wir freuen uns auf Ihren Besuch!",
        "address": {
          "street": "Buchrainstraße",
          "number": "54",
          "postalcode": "60599",
          "city": "Frankfurt am Main",
          "district": "Oberrad"
        },
        "hours": {
          "raw": "Mo 07:00-21:00; We-Fr 07:00-21:00; Sa-Su 08:00-21:00"
        },
        "tags": [
          "applewoi",
          "gemischte_tuete",
          "kaffee",
          "milch",
          "paketshop",
          "sitzgelegenheiten",
          "snacks",
          "schnaps",
          "eis",
          "innenraum",
          "zeitschriften",
          "wein"
        ],
        "sources": [
          {
            "type": "hopfenstop",
            "id": "1ec6eca3-562c-49c5-b7fb-36add1b04f47"
          }
        ],
        "created": "2026-05-19",
        "updated": "2026-05-19"
      }
    },
    {
      "type": "Feature",
      "geometry": {
        "type": "Point",
        "coordinates": [
          8.808967173099518,
          50.086987951351205
        ]
      },
      "properties": {
        "id": "tk_fr_0407",
        "name": "Kiosk am Ostendplatz",
        "description": "Begehbares Kiosk direkt am Ostendplatz.  Öffnungszeiten:  Mo-Fr 07:00-19:00h,  Sa 08:00-18:00h,  So 09:00-15:00h ",
        "address": {
          "street": "Seligenstädter Straße",
          "number": "19",
          "postalcode": "63073",
          "city": "Offenbach am Main"
        },
        "hours": {
          "raw": "Mo-Fr 07:00-19:00; Sa 08:00-18:00; Su 09:00-15:00"
        },
        "sources": [
          {
            "type": "hopfenstop",
            "id": "c9dc96c9-e160-4ea5-aa0e-5a471058f9c5"
          }
        ],
        "created": "2026-05-19",
        "updated": "2026-05-19"
      }
    },
    {
      "type": "Feature",
      "geometry": {
        "type": "Point",
        "coordinates": [
          8.777703344821932,
          50.082513222435495
        ]
      },
      "properties": {
        "id": "tk_fr_0408",
        "name": "Kiosk an der Stadthalle",
        "description": "Frei stehender großer Kiosk mit Schiebefenster und Außentheke, Klassisches Büdchen Sortiment, Lotto",
        "address": {
          "street": "Brunnenweg",
          "number": "11A",
          "postalcode": "63071",
          "city": "Offenbach am Main"
        },
        "tags": [
          "wc"
        ],
        "sources": [
          {
            "type": "hopfenstop",
            "id": "d16f303e-9d50-4097-bf4a-b5136e322c1b"
          }
        ],
        "created": "2026-05-19",
        "updated": "2026-05-19"
      }
    },
    {
      "type": "Feature",
      "geometry": {
        "type": "Point",
        "coordinates": [
          8.766177892684937,
          50.10425476649317
        ]
      },
      "properties": {
        "id": "tk_fr_0409",
        "name": "Kiosk im Markthäuschen",
        "description": "Seit 1986 Kiosk in denkmalgeschützten Markthäuschen auf dem Wilhelmsplatz. Presse, Lotto, Getränke etc.",
        "address": {
          "street": "Bieberer Straße",
          "number": "9",
          "postalcode": "63065",
          "city": "Offenbach am Main"
        },
        "tags": [
          "lotto"
        ],
        "sources": [
          {
            "type": "hopfenstop",
            "id": "352248e2-de78-4d8c-a963-fa172b3219d3"
          }
        ],
        "created": "2026-05-19",
        "updated": "2026-05-19"
      }
    },
    {
      "type": "Feature",
      "geometry": {
        "type": "Point",
        "coordinates": [
          8.80254328250885,
          50.0905347377325
        ]
      },
      "properties": {
        "id": "tk_fr_0410",
        "name": "Verkaufskiosk Ohnacker",
        "description": "Frei stehender Kiosk mit Lotto und klassischem Büdchen Sortiment",
        "address": {
          "street": "Aschaffenburger Straße",
          "number": "75",
          "postalcode": "63073",
          "city": "Offenbach am Main"
        },
        "tags": [
          "lotto"
        ],
        "sources": [
          {
            "type": "hopfenstop",
            "id": "df70dd50-4849-431f-98a3-d02401d579f0"
          }
        ],
        "created": "2026-05-19",
        "updated": "2026-05-19"
      }
    },
    {
      "type": "Feature",
      "geometry": {
        "type": "Point",
        "coordinates": [
          8.78111243247986,
          50.10072103894663
        ]
      },
      "properties": {
        "id": "tk_fr_0411",
        "name": "Kiosk & Sportcafe",
        "description": "Schiebefenster mit Außentheke. Tabakwaren, Presse, Getränke, Snacks, etc. mit anschließendem Innenraum",
        "address": {
          "street": "Bieberer Straße",
          "number": "134-136",
          "postalcode": "63071",
          "city": "Offenbach am Main"
        },
        "tags": [
          "snacks",
          "wc",
          "zeitschriften",
          "innenraum"
        ],
        "sources": [
          {
            "type": "hopfenstop",
            "id": "04d7ee3a-8c08-4667-8714-d9ca85cc080e"
          }
        ],
        "created": "2026-05-19",
        "updated": "2026-05-19"
      }
    },
    {
      "type": "Feature",
      "geometry": {
        "type": "Point",
        "coordinates": [
          8.785709738731383,
          50.084225716113394
        ]
      },
      "properties": {
        "id": "tk_fr_0412",
        "name": "Kiosk Westenberger",
        "description": "Alt eingesessener inhouse Kiosk, mit Schiebefenster und Außentheke. Im Sommer Tische außen rechts am Haus. Klassisches Büdchen Sortiment, Lotto.  Öffnungszeiten: Mo-Sa 06:00 h - 20:00 h, Sonntag geschlossen",
        "address": {
          "street": "Brunnenweg",
          "number": "136",
          "postalcode": "63071",
          "city": "Offenbach am Main"
        },
        "hours": {
          "raw": "Mo-Sa 06:00-22:00"
        },
        "tags": [
          "lotto",
          "wc",
          "rubbellose",
          "schnaps",
          "sekt",
          "gemischte_tuete",
          "stehtisch",
          "zeitschriften"
        ],
        "sources": [
          {
            "type": "hopfenstop",
            "id": "44411eab-b0de-4297-ac6a-389657a4deaf"
          }
        ],
        "created": "2026-05-19",
        "updated": "2026-05-19"
      }
    },
    {
      "type": "Feature",
      "geometry": {
        "type": "Point",
        "coordinates": [
          8.77780795097351,
          50.09982638302637
        ]
      },
      "properties": {
        "id": "tk_fr_0413",
        "name": "Trinkhalle Friedensstraße",
        "description": "Frei stehende Trinkhalle mit Schiebenfenster, Außentheke, Markise. Klassisches Büdchen Sortiment",
        "address": {
          "street": "Friedensstraße",
          "number": "146",
          "postalcode": "63071",
          "city": "Offenbach am Main"
        },
        "sources": [
          {
            "type": "hopfenstop",
            "id": "d66a27b4-e581-46f8-b332-c3f8145eecaa"
          }
        ],
        "created": "2026-05-19",
        "updated": "2026-05-19"
      }
    },
    {
      "type": "Feature",
      "geometry": {
        "type": "Point",
        "coordinates": [
          8.779857158660889,
          50.1009894324647
        ]
      },
      "properties": {
        "id": "tk_fr_0414",
        "name": "Trinkhalle & Einkaufskiosk",
        "description": "Frei stehende Trinkhalle und Einkaufskiosk",
        "address": {
          "street": "Landgrafenstraße",
          "number": "3",
          "postalcode": "63071",
          "city": "Offenbach am Main"
        },
        "sources": [
          {
            "type": "hopfenstop",
            "id": "b8a0f1ad-6014-4374-a6c7-4706dab1c9c4"
          }
        ],
        "created": "2026-05-19",
        "updated": "2026-05-19"
      }
    },
    {
      "type": "Feature",
      "geometry": {
        "type": "Point",
        "coordinates": [
          8.670508861541748,
          50.18304036088614
        ]
      },
      "properties": {
        "id": "tk_fr_0415",
        "name": "Trinkhalle Einkaufskiosk",
        "description": "Trinkhalle und Einkaufskiosk",
        "address": {
          "street": "Harheimer Weg",
          "number": "30",
          "postalcode": "60437",
          "city": "Frankfurt am Main",
          "district": "Bonames"
        },
        "tags": [
          "gemischte_tuete",
          "applewoi",
          "kaffee",
          "snacks",
          "sonne",
          "ueberdacht",
          "sitzgelegenheiten",
          "chillout",
          "sekt",
          "wein"
        ],
        "sources": [
          {
            "type": "hopfenstop",
            "id": "31c7f4b8-2071-4b7c-8a0f-f3182970cf49"
          }
        ],
        "created": "2026-05-19",
        "updated": "2026-05-19"
      }
    },
    {
      "type": "Feature",
      "geometry": {
        "type": "Point",
        "coordinates": [
          8.668714699999999,
          50.1082397
        ]
      },
      "properties": {
        "id": "tk_fr_0416",
        "name": "City-Shop Kaiser ",
        "description": "Kiosk, Lotto, DHL Packet Shop, Western Union, Internet",
        "address": {
          "street": "Kaiserstraße",
          "number": "57",
          "postalcode": "60329",
          "city": "Frankfurt am Main",
          "district": "Bahnhofsviertel"
        },
        "hours": {
          "raw": "Mo-Su 00:00-23:59"
        },
        "tags": [
          "lotto",
          "wc",
          "gemischte_tuete",
          "innenraum",
          "fritz_kola",
          "applewoi",
          "wein",
          "craft_bier",
          "snacks",
          "schnaps"
        ],
        "sources": [
          {
            "type": "hopfenstop",
            "id": "c7df6692-b82e-45e5-8095-3b36dbecea8a"
          }
        ],
        "created": "2026-05-19",
        "updated": "2026-05-19"
      }
    },
    {
      "type": "Feature",
      "geometry": {
        "type": "Point",
        "coordinates": [
          8.703857281066984,
          50.09502619127382
        ]
      },
      "properties": {
        "id": "tk_fr_0417",
        "name": "Treffpunkt Seehofpark",
        "description": "Eine freistehende Trinkhalle der alten Schule, direkt an der Polizeireitstaffel. Webseite: www.treffpunkt-seehofpark.de",
        "address": {
          "street": "Wendelsweg",
          "number": "128",
          "postalcode": "60599",
          "city": "Frankfurt am Main",
          "district": "Sachsenhausen-Süd"
        },
        "tags": [
          "applewoi",
          "klassiker",
          "flair",
          "eis",
          "kaffee",
          "kuchen",
          "sitzgelegenheiten",
          "snacks",
          "gemuetlich",
          "sonne",
          "sekt",
          "wc",
          "innenraum",
          "gemischte_tuete",
          "ueberdacht",
          "barrierefrei"
        ],
        "sources": [
          {
            "type": "hopfenstop",
            "id": "2570e4dd-8625-4efa-8e05-f4e3319608af"
          }
        ],
        "created": "2026-05-19",
        "updated": "2026-05-19"
      }
    },
    {
      "type": "Feature",
      "geometry": {
        "type": "Point",
        "coordinates": [
          8.708096500000002,
          50.126574
        ]
      },
      "properties": {
        "id": "tk_fr_0418",
        "name": "Internet Café - Kiosk Berger Straße",
        "description": "Kleines Kiosk an der Ecke",
        "address": {
          "street": "Berger Straße",
          "number": "205",
          "postalcode": "60385",
          "city": "Frankfurt am Main",
          "district": "Innenstadt"
        },
        "sources": [
          {
            "type": "hopfenstop",
            "id": "454ea2ec-ee40-466c-8de0-3208f69e0df4"
          }
        ],
        "created": "2026-05-19",
        "updated": "2026-05-19"
      }
    },
    {
      "type": "Feature",
      "geometry": {
        "type": "Point",
        "coordinates": [
          8.840656599999999,
          50.1354183
        ]
      },
      "properties": {
        "id": "tk_fr_0419",
        "name": "Kiosk Karlstraße ",
        "description": "Lange geöffnet ",
        "address": {
          "street": "Karlstraße",
          "number": "26",
          "postalcode": "63477",
          "city": "Maintal",
          "district": "Dörnigheim"
        },
        "hours": {
          "raw": "Mo 15:00-20:00; We-Fr 15:00-20:00; Sa 07:00-21:00; Su 09:00-20:00"
        },
        "tags": [
          "mate"
        ],
        "sources": [
          {
            "type": "hopfenstop",
            "id": "da253617-a2d2-4ca7-a878-5f360149fdd8"
          }
        ],
        "created": "2026-05-19",
        "updated": "2026-05-19"
      }
    },
    {
      "type": "Feature",
      "geometry": {
        "type": "Point",
        "coordinates": [
          8.8380107,
          50.1323601
        ]
      },
      "properties": {
        "id": "tk_fr_0420",
        "name": "Kiosk auf der Kennedystraße ",
        "description": "Frühe Öffnungszeiten ",
        "address": {
          "street": "Kennedystraße",
          "number": "76",
          "postalcode": "63477",
          "city": "Maintal",
          "district": "Dörnigheim"
        },
        "hours": {
          "raw": "Mo-Fr 05:00-18:00; Sa 06:00-13:00; Su 07:00-13:00"
        },
        "sources": [
          {
            "type": "hopfenstop",
            "id": "e5a93d3d-14be-42d7-9222-7598395a62e6"
          }
        ],
        "created": "2026-05-19",
        "updated": "2026-05-19"
      }
    },
    {
      "type": "Feature",
      "geometry": {
        "type": "Point",
        "coordinates": [
          8.648444,
          50.1197554
        ]
      },
      "properties": {
        "id": "tk_fr_0421",
        "name": "Khan Kiosk Adalbertstraße",
        "description": "Bier, Süßwaren, Tabak, Kaffee, Eis und Aufladekarten",
        "address": {
          "street": "Adalbertstraße",
          "number": "7B",
          "postalcode": "60486",
          "city": "Frankfurt am Main",
          "district": "Innenstadt"
        },
        "hours": {
          "raw": "Mo-Su 10:00-01:00"
        },
        "tags": [
          "eis",
          "kaffee",
          "mate",
          "sekt",
          "schnaps",
          "longpapes",
          "snacks",
          "postkarten",
          "wein",
          "applewoi",
          "gemischte_tuete"
        ],
        "sources": [
          {
            "type": "hopfenstop",
            "id": "1fd9e939-f477-4809-84cc-575e0e818fa7"
          }
        ],
        "created": "2026-05-19",
        "updated": "2026-05-19"
      }
    },
    {
      "type": "Feature",
      "geometry": {
        "type": "Point",
        "coordinates": [
          8.70594,
          50.11269
        ]
      },
      "properties": {
        "id": "tk_fr_0422",
        "name": "Café Kiosk am Ostbahnhof",
        "description": "Authentisch hergerichteter Kiosk im Ostend Style. Wackers Kaffee im Ausschank. Einige Sitzmöglichkeiten im Außen- und Innenraum.",
        "address": {
          "street": "Ostbahnhofstraße",
          "number": "18",
          "postalcode": "60314",
          "city": "Frankfurt am Main",
          "district": "Innenstadt"
        },
        "hours": {
          "raw": "Mo-Su 07:00-00:00"
        },
        "tags": [
          "mate",
          "kaffee",
          "innenraum",
          "craft_bier",
          "gemischte_tuete",
          "lotto",
          "applewoi",
          "ueberdacht",
          "sitzgelegenheiten"
        ],
        "sources": [
          {
            "type": "hopfenstop",
            "id": "8f3be427-9f40-4e4e-8f6f-2b955a7ad17c"
          }
        ],
        "created": "2026-05-19",
        "updated": "2026-05-19"
      }
    },
    {
      "type": "Feature",
      "geometry": {
        "type": "Point",
        "coordinates": [
          8.6687748,
          50.10666639999999
        ]
      },
      "properties": {
        "id": "tk_fr_0424",
        "name": "Kisso Kiosk",
        "description": "Kiosk",
        "address": {
          "street": "Moselstraße",
          "number": "5",
          "postalcode": "60329",
          "city": "Frankfurt am Main",
          "district": "Innenstadt"
        },
        "hours": {
          "raw": "Mo-Th 06:00-00:00; Fr-Sa 06:00-03:00; Su 08:00-03:00"
        },
        "tags": [
          "snacks",
          "mate",
          "schnaps",
          "craft_bier",
          "sekt",
          "fritz_kola",
          "eis",
          "kaffee",
          "wein",
          "lotto",
          "musik",
          "sitzgelegenheiten",
          "rubbellose",
          "wc",
          "applewoi",
          "paketshop",
          "stehtisch",
          "gemischte_tuete",
          "innenraum",
          "barrierefrei",
          "longpapes"
        ],
        "sources": [
          {
            "type": "hopfenstop",
            "id": "7a4ee834-2778-42fa-925f-950c77058c92"
          }
        ],
        "created": "2026-05-19",
        "updated": "2026-05-19"
      }
    },
    {
      "type": "Feature",
      "geometry": {
        "type": "Point",
        "coordinates": [
          8.665880099999999,
          50.1069669
        ]
      },
      "properties": {
        "id": "tk_fr_0425",
        "name": "Tip Shop & Bar Kiosk",
        "description": "Großes Sortiment",
        "address": {
          "street": "Münchener Straße",
          "number": "56",
          "postalcode": "60329",
          "city": "Frankfurt am Main",
          "district": "Innenstadt"
        },
        "hours": {
          "raw": "Mo-Th 10:00-03:00; Fr-Sa 10:00-07:00"
        },
        "tags": [
          "snacks",
          "wc",
          "eis",
          "gemischte_tuete",
          "wein",
          "ueberdacht",
          "klassiker",
          "schnaps",
          "applewoi",
          "craft_bier",
          "innenraum",
          "sonne",
          "mate",
          "sekt",
          "kaffee",
          "lotto",
          "kuchen",
          "musik"
        ],
        "sources": [
          {
            "type": "hopfenstop",
            "id": "fcfee8b9-bd78-4f52-b6d8-6db3f7cdea87"
          }
        ],
        "created": "2026-05-19",
        "updated": "2026-05-19"
      }
    },
    {
      "type": "Feature",
      "geometry": {
        "type": "Point",
        "coordinates": [
          8.667511,
          50.10832
        ]
      },
      "properties": {
        "id": "tk_fr_0426",
        "name": "Spicelands Groß- und Einzelhandel Kiosk",
        "description": "Riesiger Laden mit allem was man braucht.",
        "address": {
          "street": "Kaiserstraße",
          "number": "60",
          "postalcode": "60329",
          "city": "Frankfurt am Main",
          "district": "Innenstadt"
        },
        "hours": {
          "raw": "Mo-Sa 09:00-02:00"
        },
        "tags": [
          "lotto",
          "eis",
          "snacks",
          "sekt",
          "wein",
          "applewoi",
          "fritz_kola",
          "gemischte_tuete",
          "mate",
          "innenraum"
        ],
        "sources": [
          {
            "type": "hopfenstop",
            "id": "2b4b35f3-08d7-4209-b277-1ffe7955919c"
          }
        ],
        "created": "2026-05-19",
        "updated": "2026-05-19"
      }
    },
    {
      "type": "Feature",
      "geometry": {
        "type": "Point",
        "coordinates": [
          8.6676851,
          50.10858349999999
        ]
      },
      "properties": {
        "id": "tk_fr_0427",
        "name": "7 Star Kiosk",
        "description": "Hat auch Champagner",
        "address": {
          "street": "Kaiserstraße",
          "number": "58",
          "postalcode": "60329",
          "city": "Frankfurt am Main",
          "district": "Innenstadt"
        },
        "hours": {
          "raw": "Mo-Su 09:00-20:00"
        },
        "tags": [
          "craft_bier",
          "innenraum",
          "kaffee",
          "mate",
          "applewoi"
        ],
        "sources": [
          {
            "type": "hopfenstop",
            "id": "20beb54f-a230-4dd9-b09a-bffe4b72c823"
          }
        ],
        "created": "2026-05-19",
        "updated": "2026-05-19"
      }
    },
    {
      "type": "Feature",
      "geometry": {
        "type": "Point",
        "coordinates": [
          8.669611999999999,
          50.1079117
        ]
      },
      "properties": {
        "id": "tk_fr_0428",
        "name": "Günes Kiosk",
        "description": "Sympathische Jungs!",
        "address": {
          "street": "Münchener Straße",
          "number": "22",
          "postalcode": "60329",
          "city": "Frankfurt am Main",
          "district": "Innenstadt"
        },
        "hours": {
          "raw": "Mo-Sa 07:00-20:00"
        },
        "sources": [
          {
            "type": "hopfenstop",
            "id": "cd74547e-a3a2-45e2-9504-cec215c4b5f4"
          }
        ],
        "created": "2026-05-19",
        "updated": "2026-05-19"
      }
    },
    {
      "type": "Feature",
      "geometry": {
        "type": "Point",
        "coordinates": [
          8.686647299999999,
          50.113855
        ]
      },
      "properties": {
        "id": "tk_fr_0429",
        "name": "Lotto auf der Zeil",
        "description": "Kiosk direkt neben dem Goldkauf",
        "address": {
          "street": "An der Staufenmauer",
          "number": "11",
          "postalcode": "60311",
          "city": "Frankfurt am Main",
          "district": "Innenstadt"
        },
        "hours": {
          "raw": "Mo-Th 07:00-01:00; Fr-Sa 07:00-03:00; Su 07:00-01:00"
        },
        "tags": [
          "lotto",
          "kaffee",
          "craft_bier",
          "applewoi",
          "schnaps",
          "eis",
          "innenraum",
          "snacks",
          "gemischte_tuete"
        ],
        "sources": [
          {
            "type": "hopfenstop",
            "id": "8b91d2aa-3f61-462c-a31f-45e42692e21d"
          }
        ],
        "created": "2026-05-19",
        "updated": "2026-05-19"
      }
    },
    {
      "type": "Feature",
      "geometry": {
        "type": "Point",
        "coordinates": [
          8.6845289,
          50.11247789999999
        ]
      },
      "properties": {
        "id": "tk_fr_0430",
        "name": "Mario's Lottoladen",
        "description": "Lottoladen auf der Berliner Straße",
        "address": {
          "street": "Berliner Straße",
          "number": "14",
          "postalcode": "60311",
          "city": "Frankfurt am Main",
          "district": "Innenstadt"
        },
        "tags": [
          "lotto"
        ],
        "sources": [
          {
            "type": "hopfenstop",
            "id": "26742226-3ef5-4085-a946-ed148f844026"
          }
        ],
        "created": "2026-05-19",
        "updated": "2026-05-19"
      }
    },
    {
      "type": "Feature",
      "geometry": {
        "type": "Point",
        "coordinates": [
          8.68196,
          50.11157
        ]
      },
      "properties": {
        "id": "tk_fr_0431",
        "name": "7 days Shop",
        "description": "Kiosk an der Berliner Str.",
        "address": {
          "street": "Berliner Straße",
          "number": "39",
          "postalcode": "60311",
          "city": "Frankfurt am Main",
          "district": "Innenstadt"
        },
        "hours": {
          "raw": "Mo-Th 10:00-01:00; Fr-Sa 10:00-02:00; Su 10:00-01:00"
        },
        "tags": [
          "eis",
          "wein",
          "sekt",
          "schnaps",
          "snacks",
          "sitzgelegenheiten",
          "craft_bier",
          "gemischte_tuete",
          "innenraum",
          "lotto",
          "ueberdacht"
        ],
        "sources": [
          {
            "type": "hopfenstop",
            "id": "61ec3fa3-ad1b-4017-a7a6-6e694545849b"
          }
        ],
        "created": "2026-05-19",
        "updated": "2026-05-19"
      }
    },
    {
      "type": "Feature",
      "geometry": {
        "type": "Point",
        "coordinates": [
          8.6783406,
          50.1145648
        ]
      },
      "properties": {
        "id": "tk_fr_0432",
        "name": "Kiosk am Börsenplatz",
        "description": "Direkt neben Bulle & Bär",
        "address": {
          "street": "Schillerstraße",
          "number": "7",
          "postalcode": "60313",
          "city": "Frankfurt am Main",
          "district": "Innenstadt"
        },
        "tags": [
          "innenraum",
          "mate",
          "applewoi",
          "stehtisch",
          "longpapes",
          "sitzgelegenheiten",
          "snacks",
          "sekt",
          "sonne",
          "lotto",
          "eis"
        ],
        "sources": [
          {
            "type": "hopfenstop",
            "id": "36d0ba28-2d90-4262-8c89-043aca9aafa4"
          }
        ],
        "created": "2026-05-19",
        "updated": "2026-05-19"
      }
    },
    {
      "type": "Feature",
      "geometry": {
        "type": "Point",
        "coordinates": [
          8.679502,
          50.1187755
        ]
      },
      "properties": {
        "id": "tk_fr_0433",
        "name": "Post am Turm Kiosk",
        "description": "Mit Internetcafé",
        "address": {
          "street": "Oeder Weg",
          "number": "7",
          "postalcode": "60318",
          "city": "Frankfurt am Main",
          "district": "Innenstadt"
        },
        "hours": {
          "raw": "Mo-Fr 09:00-19:00; Sa 10:00-18:00"
        },
        "tags": [
          "paketshop",
          "lotto",
          "gemischte_tuete"
        ],
        "sources": [
          {
            "type": "hopfenstop",
            "id": "f07afce2-6473-46cf-a26a-614085edb560"
          }
        ],
        "created": "2026-05-19",
        "updated": "2026-05-19"
      }
    },
    {
      "type": "Feature",
      "geometry": {
        "type": "Point",
        "coordinates": [
          8.689209,
          50.10568
        ]
      },
      "properties": {
        "id": "tk_fr_0434",
        "name": "Mainhattan Café Kiosk",
        "description": "Direkt in Alt-Sachs",
        "address": {
          "street": "Elisabethenstraße",
          "number": "4",
          "postalcode": "60594",
          "city": "Frankfurt am Main",
          "district": "Frankfurt am Main Süd"
        },
        "hours": {
          "raw": "Mo-Th 06:30-01:00; Fr-Sa 06:30-05:00; Su 06:30-01:00"
        },
        "tags": [
          "innenraum",
          "kaffee",
          "sekt",
          "sitzgelegenheiten",
          "snacks",
          "applewoi"
        ],
        "sources": [
          {
            "type": "hopfenstop",
            "id": "59801547-deef-4abf-ba59-00bbcc1e5ec9"
          }
        ],
        "created": "2026-05-19",
        "updated": "2026-05-19"
      }
    },
    {
      "type": "Feature",
      "geometry": {
        "type": "Point",
        "coordinates": [
          8.6880908,
          50.10606629999999
        ]
      },
      "properties": {
        "id": "tk_fr_0435",
        "name": "Betty Lottoladen",
        "description": "In der Elisabethenstraße",
        "address": {
          "street": "Elisabethenstraße",
          "number": "14",
          "postalcode": "60594",
          "city": "Frankfurt am Main",
          "district": "Frankfurt am Main Süd"
        },
        "hours": {
          "raw": "Mo-Fr 15:00-22:00; Sa 07:00-22:00"
        },
        "tags": [
          "lotto",
          "longpapes",
          "innenraum",
          "kaffee",
          "snacks",
          "sonne",
          "ueberdacht",
          "postkarten",
          "craft_bier",
          "klassiker"
        ],
        "sources": [
          {
            "type": "hopfenstop",
            "id": "f61de792-c41c-4db2-b2ab-0f0d93a0d299"
          }
        ],
        "created": "2026-05-19",
        "updated": "2026-05-19"
      }
    },
    {
      "type": "Feature",
      "geometry": {
        "type": "Point",
        "coordinates": [
          8.691368299999999,
          50.1031189
        ]
      },
      "properties": {
        "id": "tk_fr_0436",
        "name": "Presseshop Baratto",
        "description": "Große Zeitungsauswahl, Lotto, Postkarten.",
        "address": {
          "street": "Dreieichstraße",
          "number": "59",
          "postalcode": "60594",
          "city": "Frankfurt am Main",
          "district": "Frankfurt am Main Süd"
        },
        "tags": [
          "lotto",
          "postkarten"
        ],
        "sources": [
          {
            "type": "hopfenstop",
            "id": "65eb5305-8395-4c72-af9c-2ecb1c61d070"
          }
        ],
        "created": "2026-05-19",
        "updated": "2026-05-19"
      }
    },
    {
      "type": "Feature",
      "geometry": {
        "type": "Point",
        "coordinates": [
          8.6869544,
          50.1104297
        ]
      },
      "properties": {
        "id": "tk_fr_0437",
        "name": "Main-Lotto Kiosk",
        "description": "Zeitschriften, Getränke und Haushaltswaren",
        "address": {
          "street": "Fahrgasse",
          "number": "9",
          "postalcode": "60311",
          "city": "Frankfurt am Main",
          "district": "Innenstadt"
        },
        "hours": {
          "raw": "Mo-Sa 08:00-19:00; Su 11:00-18:00"
        },
        "tags": [
          "zeitschriften",
          "lotto",
          "eis",
          "sekt",
          "applewoi",
          "wein",
          "gemischte_tuete",
          "innenraum",
          "kaffee",
          "kuchen",
          "sonne",
          "snacks",
          "longpapes",
          "rubbellose",
          "backwaren",
          "ueberdacht"
        ],
        "sources": [
          {
            "type": "hopfenstop",
            "id": "0cce4fa7-a3e5-4983-9792-bdc7103cbd92"
          }
        ],
        "created": "2026-05-19",
        "updated": "2026-05-19"
      }
    },
    {
      "type": "Feature",
      "geometry": {
        "type": "Point",
        "coordinates": [
          8.672335,
          50.118142
        ]
      },
      "properties": {
        "id": "tk_fr_0438",
        "name": "Eat & Read",
        "description": "Der Laden, der die Welle mit dem nötigsten versorgt. MO und DO gibt es hausgemachtes Chilli für einen schmalen Kurs. Top!",
        "address": {
          "street": "An der Welle",
          "number": "10",
          "postalcode": "60322",
          "city": "Frankfurt am Main",
          "district": "Innenstadt"
        },
        "hours": {
          "raw": "Mo-Fr 08:00-18:00; Sa 09:30-13:00"
        },
        "sources": [
          {
            "type": "hopfenstop",
            "id": "ebee8a73-8f7d-4ca3-a33f-d13673fb0b45"
          }
        ],
        "created": "2026-05-19",
        "updated": "2026-05-19"
      }
    },
    {
      "type": "Feature",
      "geometry": {
        "type": "Point",
        "coordinates": [
          8.56687,
          50.12159
        ]
      },
      "properties": {
        "id": "tk_fr_0439",
        "name": "NR Kiosk ",
        "description": "Kiosk mit Tabak und Hopfenwaren, Sonntags geöffnet",
        "address": {
          "street": "Schaumburger Straße",
          "number": "2",
          "postalcode": "65936",
          "city": "Frankfurt am Main",
          "district": "Frankfurt am Main West"
        },
        "sources": [
          {
            "type": "hopfenstop",
            "id": "6ba92dbf-b182-421b-8693-9f0bdb2e8272"
          }
        ],
        "created": "2026-05-19",
        "updated": "2026-05-19"
      }
    },
    {
      "type": "Feature",
      "geometry": {
        "type": "Point",
        "coordinates": [
          8.661129599999999,
          50.1089262
        ]
      },
      "properties": {
        "id": "tk_fr_0440",
        "name": "City Shop Platz der Republik",
        "description": "Kühles Bier",
        "address": {
          "street": "Düsseldorfer Straße",
          "number": "15",
          "postalcode": "60329",
          "city": "Frankfurt am Main",
          "district": "Innenstadt"
        },
        "tags": [
          "lotto",
          "mate",
          "sekt",
          "applewoi",
          "musik",
          "gemischte_tuete",
          "wein",
          "fritz_kola"
        ],
        "sources": [
          {
            "type": "hopfenstop",
            "id": "3361cdd1-e0fc-444c-8902-afd20b195822"
          }
        ],
        "created": "2026-05-19",
        "updated": "2026-05-19"
      }
    },
    {
      "type": "Feature",
      "geometry": {
        "type": "Point",
        "coordinates": [
          9.2440745,
          50.086217
        ]
      },
      "properties": {
        "id": "tk_fr_0441",
        "name": "Lotto Kiosk",
        "description": "Direkt am Bahnhof",
        "address": {
          "street": "Am Bahnhof",
          "number": "2",
          "postalcode": "63825",
          "city": "Schöllkrippen"
        },
        "sources": [
          {
            "type": "hopfenstop",
            "id": "1dced40a-3002-4ed0-a5dc-23296a87446f"
          }
        ],
        "created": "2026-05-19",
        "updated": "2026-05-19"
      }
    },
    {
      "type": "Feature",
      "geometry": {
        "type": "Point",
        "coordinates": [
          8.6951203,
          50.1134909
        ]
      },
      "properties": {
        "id": "tk_fr_0442",
        "name": "bonitura.shop",
        "description": "Getränke, Tabakwaren, Zeitschriften",
        "address": {
          "street": "Hanauer Landstraße",
          "number": "7",
          "postalcode": "60314",
          "city": "Frankfurt am Main",
          "district": "Innenstadt"
        },
        "hours": {
          "raw": "Mo-Th 08:00-22:00; Fr 08:00-00:00; Sa 09:00-00:00; Su 09:00-22:00"
        },
        "tags": [
          "applewoi",
          "lotto",
          "snacks",
          "wein",
          "schnaps",
          "sitzgelegenheiten",
          "craft_bier",
          "zeitschriften",
          "innenraum",
          "ueberdacht"
        ],
        "sources": [
          {
            "type": "hopfenstop",
            "id": "e8b0a313-adfb-4b05-96cd-1a5c279f3974"
          }
        ],
        "created": "2026-05-19",
        "updated": "2026-05-19"
      }
    },
    {
      "type": "Feature",
      "geometry": {
        "type": "Point",
        "coordinates": [
          8.6991741,
          50.113222
        ]
      },
      "properties": {
        "id": "tk_fr_0443",
        "name": "Kiosk Hanauer Landstraße",
        "description": "Getränke, Tabak, Süßigkeiten",
        "address": {
          "street": "Hanauer Landstraße",
          "number": "39",
          "postalcode": "60314",
          "city": "Frankfurt am Main",
          "district": "Innenstadt"
        },
        "tags": [
          "lotto",
          "backwaren",
          "innenraum",
          "kaffee",
          "ueberdacht"
        ],
        "sources": [
          {
            "type": "hopfenstop",
            "id": "23a299ed-0ea5-4081-9790-e5fb76a4bb14"
          }
        ],
        "created": "2026-05-19",
        "updated": "2026-05-19"
      }
    },
    {
      "type": "Feature",
      "geometry": {
        "type": "Point",
        "coordinates": [
          8.762584799999999,
          50.095201
        ]
      },
      "properties": {
        "id": "tk_fr_0444",
        "name": "Kiosk Senefelderstraße",
        "description": "kleiner Kiosk mit Straßenverkauf aus dem Fenster. Kaltes Bier und Stöffsche zum fairen Preis.",
        "address": {
          "street": "Senefelderstraße",
          "number": "68",
          "postalcode": "63069",
          "city": "Offenbach am Main"
        },
        "sources": [
          {
            "type": "hopfenstop",
            "id": "d2bafaf4-f629-42a0-9011-d0dbd3f8b77a"
          }
        ],
        "created": "2026-05-19",
        "updated": "2026-05-19"
      }
    },
    {
      "type": "Feature",
      "geometry": {
        "type": "Point",
        "coordinates": [
          8.661928,
          50.1086247
        ]
      },
      "properties": {
        "id": "tk_fr_0445",
        "name": "Trinkhalle, Zeitschriften und Lotto",
        "description": "große begehbare Trinkhalle mit guter Auswahl, Zeitschriften und Lotto am Platz der Republik.",
        "address": {
          "street": "Düsseldorfer Straße",
          "number": "1-7",
          "postalcode": "60329",
          "city": "Frankfurt am Main",
          "district": "Innenstadt"
        },
        "tags": [
          "lotto",
          "zeitschriften"
        ],
        "sources": [
          {
            "type": "hopfenstop",
            "id": "b10d0490-02f3-4bc8-846b-f93226f10551"
          }
        ],
        "created": "2026-05-19",
        "updated": "2026-05-19"
      }
    },
    {
      "type": "Feature",
      "geometry": {
        "type": "Point",
        "coordinates": [
          8.661770299999999,
          49.8731895
        ]
      },
      "properties": {
        "id": "tk_fr_0446",
        "name": "Oase",
        "description": "Schicker Kiosk im Herzen Darmstadts, direkt am Jugendstilbad. Pfungstädter Bier, Possmann Äppelwoi und diverse alkoholfreie Getränke sowie kleine Speisen zu ebensolchen Preisen werden angeboten. Schöne Freisitzmöglichkeiten vorhanden. Außerdem gibt es Sky-Fußball im kleinen Kneipenraum. ",
        "address": {
          "street": "Landgraf-Georg-Straße",
          "number": "58",
          "postalcode": "64283",
          "city": "Darmstadt"
        },
        "tags": [
          "wc"
        ],
        "sources": [
          {
            "type": "hopfenstop",
            "id": "3a15a130-fd4b-4acb-a89b-344e5388de18"
          }
        ],
        "created": "2026-05-19",
        "updated": "2026-05-19"
      }
    },
    {
      "type": "Feature",
      "geometry": {
        "type": "Point",
        "coordinates": [
          8.680019999999999,
          50.09168
        ]
      },
      "properties": {
        "id": "tk_fr_0447",
        "name": "alba Kiosk",
        "description": "kiosk mit zeitschriften, süsswaren, Kaffee und mehr. Direkt neben dem Aldi.",
        "address": {
          "street": "Ziegelhüttenweg",
          "number": "39",
          "postalcode": "60598",
          "city": "Frankfurt am Main",
          "district": "Frankfurt am Main Süd"
        },
        "hours": {
          "raw": "Mo-Fr 07:00-19:00; Sa 07:00-17:00"
        },
        "tags": [
          "paketshop",
          "kaffee",
          "lotto",
          "zeitschriften",
          "eis",
          "sitzgelegenheiten",
          "sonne",
          "snacks",
          "sekt",
          "musik",
          "craft_bier",
          "gemischte_tuete",
          "klassiker",
          "ueberdacht",
          "applewoi"
        ],
        "sources": [
          {
            "type": "hopfenstop",
            "id": "f4f7ce49-c00e-4259-94b7-bae725d2ef14"
          }
        ],
        "created": "2026-05-19",
        "updated": "2026-05-19"
      }
    },
    {
      "type": "Feature",
      "geometry": {
        "type": "Point",
        "coordinates": [
          8.650698199999999,
          49.8817117
        ]
      },
      "properties": {
        "id": "tk_fr_0451",
        "name": "Alara's Getränkeshop II",
        "description": "Getränke, Zeitschriften, Deutsche Postn Kaffee, Backwaren, Handy-Zubehör, O2-Laden",
        "address": {
          "street": "Frankfurter Straße",
          "number": "68",
          "postalcode": "64293",
          "city": "Darmstadt"
        },
        "hours": {
          "raw": "Mo-Sa 08:00-21:00"
        },
        "tags": [
          "backwaren",
          "kaffee",
          "zeitschriften",
          "snacks",
          "lotto",
          "paketshop",
          "rubbellose"
        ],
        "sources": [
          {
            "type": "hopfenstop",
            "id": "7f8fbb59-2ce7-4a95-bbaa-958f59b8121a"
          }
        ],
        "created": "2026-05-19",
        "updated": "2026-05-19"
      }
    },
    {
      "type": "Feature",
      "geometry": {
        "type": "Point",
        "coordinates": [
          8.6655967,
          50.1489612
        ]
      },
      "properties": {
        "id": "tk_fr_0452",
        "name": "All In One",
        "description": "Kleiner Kiosk mit Zeitschriften, Getränken, Süsswaren, Kleinkram. Gute Bierauswahl.",
        "address": {
          "street": "Eschersheimer Landstraße",
          "number": "402",
          "postalcode": "60433",
          "city": "Frankfurt am Main",
          "district": "Frankfurt am Main Mitte-Nord"
        },
        "hours": {
          "raw": "Mo-Su 12:00-02:00"
        },
        "tags": [
          "zeitschriften",
          "gemischte_tuete",
          "wein",
          "sekt",
          "mate",
          "kaffee",
          "eis",
          "craft_bier",
          "innenraum",
          "snacks",
          "applewoi",
          "klassiker"
        ],
        "sources": [
          {
            "type": "hopfenstop",
            "id": "46a7e196-7b28-489b-bd32-3f92649ee221"
          }
        ],
        "created": "2026-05-19",
        "updated": "2026-05-19"
      }
    },
    {
      "type": "Feature",
      "geometry": {
        "type": "Point",
        "coordinates": [
          8.7683991,
          50.1041912
        ]
      },
      "properties": {
        "id": "tk_fr_0461",
        "name": "Weblounge Welt der Getränke ",
        "description": "Deutsche Bier Weizenbier Internationale Bier Wasser Limonade ",
        "address": {
          "street": "Bieberer Str.",
          "number": "29",
          "postalcode": "63065",
          "city": "Offenbach am Main"
        },
        "hours": {
          "raw": "Mo-Su 09:00-23:00"
        },
        "tags": [
          "applewoi",
          "kaffee",
          "milch"
        ],
        "sources": [
          {
            "type": "hopfenstop",
            "id": "0083fbb9-8070-4011-90e5-51f71e2c7fdc"
          }
        ],
        "created": "2026-05-19",
        "updated": "2026-05-19"
      }
    },
    {
      "type": "Feature",
      "geometry": {
        "type": "Point",
        "coordinates": [
          8.682217399999999,
          50.1121557
        ]
      },
      "properties": {
        "id": "tk_fr_0462",
        "name": "oliver Holzmann",
        "description": "kiosk direkt an der Kleinmarkthalle. Es gibt Kaffee, zeitschriften, Tabakwaren, Getränke und Süsswaren.",
        "address": {
          "street": "Ziegelgasse",
          "number": "2",
          "postalcode": "60311",
          "city": "Frankfurt am Main",
          "district": "Innenstadt"
        },
        "tags": [
          "kaffee",
          "zeitschriften"
        ],
        "sources": [
          {
            "type": "hopfenstop",
            "id": "3b2e2a3e-eb77-447e-9e85-cd5c05a410d9"
          }
        ],
        "created": "2026-05-19",
        "updated": "2026-05-19"
      }
    },
    {
      "type": "Feature",
      "geometry": {
        "type": "Point",
        "coordinates": [
          8.6763155,
          50.5807447
        ]
      },
      "properties": {
        "id": "tk_fr_0466",
        "name": "Marbobo",
        "description": "Bester Kiosk",
        "address": {
          "street": "Ludwigstraße",
          "number": "32",
          "postalcode": "35390",
          "city": "Gießen"
        },
        "tags": [
          "gemischte_tuete",
          "schnaps",
          "sekt",
          "wein"
        ],
        "sources": [
          {
            "type": "hopfenstop",
            "id": "ae414705-a610-4dbe-9e9f-06e530847c9b"
          }
        ],
        "created": "2026-05-19",
        "updated": "2026-05-19"
      }
    },
    {
      "type": "Feature",
      "geometry": {
        "type": "Point",
        "coordinates": [
          9.1422834,
          50.2070711
        ]
      },
      "properties": {
        "id": "tk_fr_0468",
        "name": "Forelle",
        "description": "Netter Kiosk für den rustikalen Trinker. Gut zu erreichen mit Bus und Bahn. ",
        "address": {
          "street": "Leipziger Straße",
          "number": "2C",
          "postalcode": "63584",
          "city": "Gründau",
          "district": "Lieblos"
        },
        "hours": {
          "raw": "Mo-Su 09:00-20:00"
        },
        "tags": [
          "wc",
          "lotto",
          "applewoi",
          "sonne",
          "flair"
        ],
        "sources": [
          {
            "type": "hopfenstop",
            "id": "9d2ed630-0289-4a85-a11a-ef953f81d321"
          }
        ],
        "created": "2026-05-19",
        "updated": "2026-05-19"
      }
    },
    {
      "type": "Feature",
      "geometry": {
        "type": "Point",
        "coordinates": [
          8.7627655,
          50.10243999999999
        ]
      },
      "properties": {
        "id": "tk_fr_0474",
        "name": "Kiosk an der Ecke",
        "description": "ein kiosk mit Bar feeling",
        "address": {
          "street": "Groß-Hasenbach-Straße",
          "number": "42",
          "postalcode": "63065",
          "city": "Offenbach am Main"
        },
        "sources": [
          {
            "type": "hopfenstop",
            "id": "d61e57a4-e05f-44e6-8ee4-ce6ec6df6ee6"
          }
        ],
        "created": "2026-05-19",
        "updated": "2026-05-19"
      }
    },
    {
      "type": "Feature",
      "geometry": {
        "type": "Point",
        "coordinates": [
          8.6481282,
          50.1186956
        ]
      },
      "properties": {
        "id": "tk_fr_0476",
        "name": "Kiosk ohne Namen",
        "description": "spezialisiert auf Spirituosen und Weine jeder art. Grosse Auswahl und gute Preise",
        "address": {
          "street": "Jordanstraße",
          "number": "10",
          "postalcode": "60486",
          "city": "Frankfurt am Main",
          "district": "Innenstadt"
        },
        "hours": {
          "raw": "Mo-We 08:00-22:00; Th-Sa 08:00-23:00; Su 08:00-22:00"
        },
        "tags": [
          "wein",
          "sekt",
          "schnaps",
          "applewoi",
          "craft_bier",
          "chillout",
          "fritz_kola",
          "longpapes",
          "mate",
          "musik",
          "snacks"
        ],
        "sources": [
          {
            "type": "hopfenstop",
            "id": "7782d555-fa36-4329-a8da-5ddd7ae1bb02"
          }
        ],
        "created": "2026-05-19",
        "updated": "2026-05-19"
      }
    },
    {
      "type": "Feature",
      "geometry": {
        "type": "Point",
        "coordinates": [
          8.671809999999999,
          50.13209
        ]
      },
      "properties": {
        "id": "tk_fr_0478",
        "name": "Kiosk Miquel Shop",
        "description": "Kiosk mit Sitzmöglichkeiten draussen. Kopierer und Drucker sowie HappyBet Tippannahme gibts auch. Bier, Schnapps und Shisha Raucherbedarf ean mass.",
        "address": {
          "street": "Eschersheimer Landstraße",
          "number": "181",
          "postalcode": "60320",
          "city": "Frankfurt am Main",
          "district": "Innenstadt"
        },
        "hours": {
          "raw": "Mo-Th 09:00-23:00; Fr 09:00-23:59; Sa 10:00-23:59; Su 10:00-23:00"
        },
        "tags": [
          "gemischte_tuete",
          "schnaps",
          "paketshop",
          "sitzgelegenheiten",
          "fritz_kola",
          "craft_bier",
          "mate",
          "wein",
          "sekt",
          "musik",
          "applewoi",
          "eis",
          "gemuetlich",
          "wc",
          "longpapes",
          "kaffee",
          "ueberdacht",
          "lotto",
          "snacks",
          "innenraum",
          "sonne"
        ],
        "sources": [
          {
            "type": "hopfenstop",
            "id": "1f7a85f2-10a5-40b1-ae21-75d898b85e3b"
          }
        ],
        "created": "2026-05-19",
        "updated": "2026-05-19"
      }
    },
    {
      "type": "Feature",
      "geometry": {
        "type": "Point",
        "coordinates": [
          8.646436,
          50.115559
        ]
      },
      "properties": {
        "id": "tk_fr_0480",
        "name": "Wurst Backwaren Milch",
        "description": "Kulinarisch ausgewogen mit einigen Alkoholspezialitäten",
        "address": {
          "street": "Hamburger Allee",
          "number": "33",
          "postalcode": "60486",
          "city": "Frankfurt am Main",
          "district": "Innenstadt"
        },
        "hours": {
          "raw": "Mo-Fr 09:00-15:30"
        },
        "tags": [
          "eis",
          "mate",
          "snacks",
          "fritz_kola",
          "innenraum",
          "schnaps",
          "milch",
          "backwaren",
          "wein",
          "flair"
        ],
        "sources": [
          {
            "type": "hopfenstop",
            "id": "08a1c17e-91d2-45e2-9735-35c702f1f2d8"
          }
        ],
        "created": "2026-05-19",
        "updated": "2026-05-19"
      }
    },
    {
      "type": "Feature",
      "geometry": {
        "type": "Point",
        "coordinates": [
          8.812138,
          50.1465294
        ]
      },
      "properties": {
        "id": "tk_fr_0484",
        "name": "Neue Quelle ",
        "description": "Gute Getränkeauswahl, Zeitschriften, Zigaretten, nette Bedienung ",
        "address": {
          "street": "Goethestraße",
          "number": "123",
          "postalcode": "63477",
          "city": "Maintal",
          "district": "Bischofsheim"
        },
        "tags": [
          "zeitschriften"
        ],
        "sources": [
          {
            "type": "hopfenstop",
            "id": "6c25ee1a-17d8-429a-8d13-e4268b307e9e"
          }
        ],
        "created": "2026-05-19",
        "updated": "2026-05-19"
      }
    },
    {
      "type": "Feature",
      "geometry": {
        "type": "Point",
        "coordinates": [
          8.8019421,
          50.1509819
        ]
      },
      "properties": {
        "id": "tk_fr_0485",
        "name": "Kiosk Plättenweide",
        "description": "Begehbarer Kiosk, gute Auswahl, Zeitschriften, Lotto und Toto, Getränke, Sitzplätze ",
        "address": {
          "street": "Schäfergasse",
          "number": "28",
          "postalcode": "63477",
          "city": "Maintal",
          "district": "Bischofsheim"
        },
        "tags": [
          "lotto",
          "zeitschriften"
        ],
        "sources": [
          {
            "type": "hopfenstop",
            "id": "b607bbe1-44f7-4267-94be-27c46426f0f7"
          }
        ],
        "created": "2026-05-19",
        "updated": "2026-05-19"
      }
    },
    {
      "type": "Feature",
      "geometry": {
        "type": "Point",
        "coordinates": [
          8.6485716,
          50.1195595
        ]
      },
      "properties": {
        "id": "tk_fr_0486",
        "name": "Fitfit",
        "description": "Trinkhalle, Minibar, Caffe und Musik! Sitzmöglichkeiten drinnen. Neueröffnet seit Dezember 2017. Kommen lohnt sich",
        "address": {
          "street": "Kiesstraße",
          "number": "43",
          "postalcode": "60486",
          "city": "Frankfurt am Main",
          "district": "Innenstadt"
        },
        "hours": {
          "raw": "Tu 14:00-22:00; We-Sa 18:00-01:00"
        },
        "tags": [
          "musik",
          "innenraum",
          "kaffee",
          "chillout",
          "wein",
          "sitzgelegenheiten",
          "gemuetlich",
          "flair",
          "mate",
          "wc",
          "gemischte_tuete",
          "applewoi",
          "fritz_kola",
          "kuchen",
          "craft_bier"
        ],
        "sources": [
          {
            "type": "hopfenstop",
            "id": "39bfaea0-24ed-436a-986c-9f0d4bdaaddd"
          }
        ],
        "created": "2026-05-19",
        "updated": "2026-05-19"
      }
    },
    {
      "type": "Feature",
      "geometry": {
        "type": "Point",
        "coordinates": [
          8.262089999999999,
          50.00738
        ]
      },
      "properties": {
        "id": "tk_fr_0496",
        "name": "Babylon Kiosk",
        "description": "Kiosk/Mini Markt",
        "address": {
          "street": "Hindenburgstraße",
          "number": "18",
          "postalcode": "55118",
          "city": "Mainz"
        },
        "tags": [
          "gemischte_tuete",
          "kuchen",
          "kaffee",
          "mate",
          "snacks",
          "wein",
          "applewoi",
          "sekt"
        ],
        "sources": [
          {
            "type": "hopfenstop",
            "id": "e08df463-a1cc-43d7-8e2b-c899f0274577"
          }
        ],
        "created": "2026-05-19",
        "updated": "2026-05-19"
      }
    },
    {
      "type": "Feature",
      "geometry": {
        "type": "Point",
        "coordinates": [
          8.6573107,
          49.9114371
        ]
      },
      "properties": {
        "id": "tk_fr_0565",
        "name": "Kiosk Arheilgen",
        "description": "kiosk",
        "address": {
          "street": "Frankfurter Landstraße",
          "number": "155",
          "postalcode": "64291",
          "city": "Darmstadt",
          "district": "Arheilgen"
        },
        "sources": [
          {
            "type": "hopfenstop",
            "id": "98a66275-6d12-4ce2-bb35-2f14957636e4"
          }
        ],
        "created": "2026-05-19",
        "updated": "2026-05-19"
      }
    },
    {
      "type": "Feature",
      "geometry": {
        "type": "Point",
        "coordinates": [
          8.64773,
          49.93106
        ]
      },
      "properties": {
        "id": "tk_fr_0566",
        "name": "Rudolf Müller Kiosk",
        "description": "kiosk",
        "address": {
          "street": "Bahnhofstraße",
          "number": "2A",
          "postalcode": "64291",
          "city": "Darmstadt",
          "district": "Wixhausen"
        },
        "sources": [
          {
            "type": "hopfenstop",
            "id": "6829a88d-b95d-4a1e-adf1-fde9c20cfb4a"
          }
        ],
        "created": "2026-05-19",
        "updated": "2026-05-19"
      }
    },
    {
      "type": "Feature",
      "geometry": {
        "type": "Point",
        "coordinates": [
          9.155486999999999,
          49.9767809
        ]
      },
      "properties": {
        "id": "tk_fr_0567",
        "name": "Kiosk Metzele",
        "description": "Kiosk in Aburg ",
        "address": {
          "street": "Lindenallee",
          "number": "3",
          "postalcode": "63739",
          "city": "Aschaffenburg",
          "district": "Innenstadt"
        },
        "hours": {
          "raw": "Mo-Fr 06:00-17:00; Sa 07:30-12:30"
        },
        "sources": [
          {
            "type": "hopfenstop",
            "id": "5f429bdd-688a-4a30-a4ec-ea1e6cfb449d"
          }
        ],
        "created": "2026-05-19",
        "updated": "2026-05-19"
      }
    },
    {
      "type": "Feature",
      "geometry": {
        "type": "Point",
        "coordinates": [
          8.655149999999999,
          50.12015
        ]
      },
      "properties": {
        "id": "tk_fr_0573",
        "name": "Westend Tip",
        "description": "Lotto Tabak und frisch belegte Brötchen. Direkt an der KFW und U-Bahn Station Bockenheim.",
        "address": {
          "street": "Bockenheimer Landstraße",
          "number": "126",
          "postalcode": "60325",
          "city": "Frankfurt am Main",
          "district": "Innenstadt"
        },
        "tags": [
          "lotto"
        ],
        "sources": [
          {
            "type": "hopfenstop",
            "id": "ecf10633-3772-4b75-9251-995d25fdebb2"
          }
        ],
        "created": "2026-05-19",
        "updated": "2026-05-19"
      }
    },
    {
      "type": "Feature",
      "geometry": {
        "type": "Point",
        "coordinates": [
          8.674366299999999,
          50.5883564
        ]
      },
      "properties": {
        "id": "tk_fr_0580",
        "name": "SpätKauf (Späti)",
        "description": "SpätKauf. Geöffnet Mo. - Do. 18 - 3 Uhr, Fr. - Sa. 18 - 5 Uhr, So. 18 - 0 Uhr",
        "address": {
          "street": "Dammstraße",
          "number": "15",
          "postalcode": "35390",
          "city": "Gießen"
        },
        "hours": {
          "raw": "Mo-Th 18:00-03:00; Fr-Sa 18:00-05:00; Su 18:00-00:00"
        },
        "tags": [
          "applewoi",
          "milch",
          "schnaps",
          "sekt",
          "snacks",
          "wein"
        ],
        "sources": [
          {
            "type": "hopfenstop",
            "id": "e5502872-e842-4ec2-ba63-846891eff520"
          }
        ],
        "created": "2026-05-19",
        "updated": "2026-05-19"
      }
    },
    {
      "type": "Feature",
      "geometry": {
        "type": "Point",
        "coordinates": [
          8.6929205,
          50.1149956
        ]
      },
      "properties": {
        "id": "tk_fr_0604",
        "name": "Zeil Kiosk",
        "description": "Mit Lotto, Getränken, Post und DHL",
        "address": {
          "street": "Zeil",
          "number": "7",
          "postalcode": "60313",
          "city": "Frankfurt am Main",
          "district": "Innenstadt"
        },
        "hours": {
          "raw": "Mo-Sa 08:00-20:00"
        },
        "tags": [
          "lotto",
          "snacks",
          "craft_bier",
          "paketshop",
          "eis",
          "gemischte_tuete",
          "wein"
        ],
        "sources": [
          {
            "type": "hopfenstop",
            "id": "4ed6a589-ce9f-4cee-b5dc-0bea0fb57932"
          }
        ],
        "created": "2026-05-19",
        "updated": "2026-05-19"
      }
    },
    {
      "type": "Feature",
      "geometry": {
        "type": "Point",
        "coordinates": [
          8.696112,
          50.121673
        ]
      },
      "properties": {
        "id": "tk_fr_0606",
        "name": "Luisen Kiosk",
        "description": "Einfacher Kiosk mit Straßenverkauf mitten in Bornheim",
        "address": {
          "street": "Luisenstraße",
          "number": "13",
          "postalcode": "60316",
          "city": "Frankfurt am Main",
          "district": "Innenstadt"
        },
        "hours": {
          "raw": "Mo-Th 14:00-00:00; Fr 14:00-02:00; Sa 14:00-01:00; Su 14:00-00:00"
        },
        "tags": [
          "gemischte_tuete",
          "wc",
          "craft_bier",
          "wein",
          "snacks",
          "eis",
          "musik",
          "flair",
          "sitzgelegenheiten",
          "mate",
          "applewoi"
        ],
        "sources": [
          {
            "type": "hopfenstop",
            "id": "c210f209-a0c9-46ae-aaa3-ddb16fe9139f"
          }
        ],
        "created": "2026-05-19",
        "updated": "2026-05-19"
      }
    },
    {
      "type": "Feature",
      "geometry": {
        "type": "Point",
        "coordinates": [
          8.6957149,
          50.116922
        ]
      },
      "properties": {
        "id": "tk_fr_0607",
        "name": "Piccadilly Trink-Keller",
        "description": "Kiosk",
        "address": {
          "street": "Sandweg",
          "number": "11",
          "postalcode": "60316",
          "city": "Frankfurt am Main",
          "district": "Innenstadt"
        },
        "hours": {
          "raw": "Mo-Su 10:00-23:30"
        },
        "tags": [
          "applewoi",
          "innenraum",
          "stehtisch",
          "gemischte_tuete",
          "kaffee",
          "mate",
          "wein",
          "ueberdacht",
          "gemuetlich",
          "schnaps",
          "flair",
          "sitzgelegenheiten",
          "wc",
          "craft_bier",
          "lotto",
          "sekt",
          "zeitschriften",
          "sonne"
        ],
        "sources": [
          {
            "type": "hopfenstop",
            "id": "c6a3b3f4-a07c-45bf-bc92-3cfbefe50afc"
          }
        ],
        "created": "2026-05-19",
        "updated": "2026-05-19"
      }
    },
    {
      "type": "Feature",
      "geometry": {
        "type": "Point",
        "coordinates": [
          8.689630000000001,
          50.1138
        ]
      },
      "properties": {
        "id": "tk_fr_0608",
        "name": "Star Kiosk",
        "description": "Mit Lotto",
        "address": {
          "street": "Allerheiligenstraße",
          "number": "42-44",
          "postalcode": "60313",
          "city": "Frankfurt am Main",
          "district": "Innenstadt"
        },
        "hours": {
          "raw": "Mo-Th 07:30-02:00; Fr-Sa 07:30-03:00; Su 07:30-02:00"
        },
        "tags": [
          "lotto",
          "applewoi"
        ],
        "sources": [
          {
            "type": "hopfenstop",
            "id": "ddb8a3dd-bf13-4139-a197-b4e9048b4937"
          }
        ],
        "created": "2026-05-19",
        "updated": "2026-05-19"
      }
    },
    {
      "type": "Feature",
      "geometry": {
        "type": "Point",
        "coordinates": [
          8.7606093,
          50.0964943
        ]
      },
      "properties": {
        "id": "tk_fr_0617",
        "name": "Kiosk Nadir",
        "description": "Lotto, Zigaretten, Zeitschriften, Bier und Eis!",
        "address": {
          "street": "Arndtstraße",
          "number": "11",
          "postalcode": "63069",
          "city": "Offenbach am Main"
        },
        "hours": {
          "raw": "Mo-Fr 07:00-22:00; Sa 08:00-22:00; Su 09:00-22:00"
        },
        "tags": [
          "eis",
          "lotto",
          "zeitschriften"
        ],
        "sources": [
          {
            "type": "hopfenstop",
            "id": "d0690c4c-1011-4022-a05d-0d485136cb4c"
          }
        ],
        "created": "2026-05-19",
        "updated": "2026-05-19"
      }
    },
    {
      "type": "Feature",
      "geometry": {
        "type": "Point",
        "coordinates": [
          8.5627439,
          50.2134437
        ]
      },
      "properties": {
        "id": "tk_fr_0645",
        "name": "Treffpunkt Oberursel ",
        "description": "Direkt an der U-Bahn Haltestelle Glöcknerwiese.",
        "address": {
          "street": "Im Heidegraben",
          "number": "2",
          "postalcode": "61440",
          "city": "Oberursel (Taunus)"
        },
        "tags": [
          "innenraum",
          "sitzgelegenheiten"
        ],
        "sources": [
          {
            "type": "hopfenstop",
            "id": "d7a7f19b-21e5-4de7-85c0-160a57ea1177"
          }
        ],
        "created": "2026-05-19",
        "updated": "2026-05-19"
      }
    },
    {
      "type": "Feature",
      "geometry": {
        "type": "Point",
        "coordinates": [
          8.752677000000002,
          50.1426013
        ]
      },
      "properties": {
        "id": "tk_fr_0649",
        "name": "All in one",
        "description": "Großer Einkaufskiosk",
        "address": {
          "street": "Volkshausstraße",
          "number": "3",
          "postalcode": "60388",
          "city": "Frankfurt am Main",
          "district": "Bergen-Enkheim"
        },
        "hours": {
          "raw": "Mo-Fr 06:00-02:00; Sa-Su 08:00-02:00"
        },
        "tags": [
          "wc",
          "snacks",
          "mate",
          "eis",
          "wein",
          "sekt",
          "applewoi",
          "schnaps"
        ],
        "sources": [
          {
            "type": "hopfenstop",
            "id": "dc7b4bf2-01a5-405b-94c2-6d1dd5522245"
          }
        ],
        "created": "2026-05-19",
        "updated": "2026-05-19"
      }
    },
    {
      "type": "Feature",
      "geometry": {
        "type": "Point",
        "coordinates": [
          8.6986698,
          50.1288163
        ]
      },
      "properties": {
        "id": "tk_fr_0673",
        "name": "Baaz Kiosk",
        "description": "Viele verschiedene Bier- und Matesorten. Mit Stehtisch",
        "address": {
          "street": "Rohrbachstraße",
          "number": "26",
          "postalcode": "60389",
          "city": "Frankfurt am Main",
          "district": "Innenstadt"
        },
        "hours": {
          "raw": "Mo 10:00-23:45; Tu-Fr 10:00-00:30; Sa-Su 11:00-00:30"
        },
        "tags": [
          "eis",
          "applewoi",
          "snacks",
          "mate",
          "zeitschriften",
          "longpapes",
          "postkarten",
          "wein",
          "schnaps",
          "sekt",
          "paketshop",
          "innenraum",
          "wc",
          "stehtisch",
          "gemischte_tuete"
        ],
        "sources": [
          {
            "type": "hopfenstop",
            "id": "dbe71781-f1bc-4b22-9d7b-38b1a9108fe7"
          }
        ],
        "created": "2026-05-19",
        "updated": "2026-05-19"
      }
    },
    {
      "type": "Feature",
      "geometry": {
        "type": "Point",
        "coordinates": [
          8.7042559,
          50.12383209999999
        ]
      },
      "properties": {
        "id": "tk_fr_0676",
        "name": "Kiosk Prottasha",
        "description": "Fotokopie, Fax, Telefonkarten, Tabak und das Übliche",
        "address": {
          "street": "Arnsburger Straße",
          "number": "31",
          "postalcode": "60385",
          "city": "Frankfurt am Main",
          "district": "Innenstadt"
        },
        "hours": {
          "raw": "Mo-Su 10:00-22:00"
        },
        "tags": [
          "snacks",
          "sekt",
          "wein",
          "schnaps",
          "longpapes",
          "milch",
          "eis",
          "applewoi",
          "gemischte_tuete",
          "innenraum",
          "kaffee",
          "lotto",
          "ueberdacht",
          "sitzgelegenheiten"
        ],
        "sources": [
          {
            "type": "hopfenstop",
            "id": "381664c5-83d7-4b0d-97d0-602152a0e007"
          }
        ],
        "created": "2026-05-19",
        "updated": "2026-05-19"
      }
    },
    {
      "type": "Feature",
      "geometry": {
        "type": "Point",
        "coordinates": [
          9.1158114,
          50.140842
        ]
      },
      "properties": {
        "id": "tk_fr_0692",
        "name": "Dischbedierstub",
        "description": "Uriger Kiosk im Herzen Somborns.  Stehmöglichkeit draussen.",
        "address": {
          "street": "Rathausstraße",
          "number": "10",
          "postalcode": "63579",
          "city": "Freigericht",
          "district": "Somborn"
        },
        "tags": [
          "wc"
        ],
        "sources": [
          {
            "type": "hopfenstop",
            "id": "b539b801-2d40-49e1-8e80-ad446f4db1f7"
          }
        ],
        "created": "2026-05-19",
        "updated": "2026-05-19"
      }
    },
    {
      "type": "Feature",
      "geometry": {
        "type": "Point",
        "coordinates": [
          9.298363,
          50.30328
        ]
      },
      "properties": {
        "id": "tk_fr_0694",
        "name": "Lotto Verkaufsstelle Petra Franz",
        "description": "Hier gibt es Lotto und Toto, Zeitungen und vieles mehr ",
        "address": {
          "street": "Wächtersbacher Straße",
          "number": "35",
          "postalcode": "63636",
          "city": "Brachttal",
          "district": "Schlierbach"
        },
        "hours": {
          "raw": "Mo-Tu 15:00-18:00; We 07:30-13:00; Th-Fr 15:00-18:00; Sa 07:30-13:00"
        },
        "tags": [
          "lotto",
          "backwaren",
          "zeitschriften",
          "snacks"
        ],
        "sources": [
          {
            "type": "hopfenstop",
            "id": "37d874e4-e2f9-4901-889a-6760884a3f1a"
          }
        ],
        "created": "2026-05-19",
        "updated": "2026-05-19"
      }
    },
    {
      "type": "Feature",
      "geometry": {
        "type": "Point",
        "coordinates": [
          8.6493468,
          50.2192889
        ]
      },
      "properties": {
        "id": "tk_fr_0696",
        "name": "Kiosk 23",
        "description": "Direkt an der Straße, hat sogar Eis.",
        "address": {
          "street": "Ober-Eschbacher Straße",
          "number": "32",
          "postalcode": "61352",
          "city": "Bad Homburg vor der Höhe",
          "district": "Ober-Eschbach"
        },
        "tags": [
          "eis",
          "innenraum",
          "gemischte_tuete",
          "snacks",
          "ueberdacht",
          "applewoi",
          "longpapes",
          "kaffee"
        ],
        "sources": [
          {
            "type": "hopfenstop",
            "id": "cf6b3543-a82e-4d31-a14e-a608db9bfee4"
          }
        ],
        "created": "2026-05-19",
        "updated": "2026-05-19"
      }
    },
    {
      "type": "Feature",
      "geometry": {
        "type": "Point",
        "coordinates": [
          8.6962754,
          50.10966209999999
        ]
      },
      "properties": {
        "id": "tk_fr_0716",
        "name": "Main Snack corner ",
        "description": "Guter Kiosk mit frischen Backwaren ",
        "address": {
          "street": "Obermainstraße",
          "number": "6",
          "postalcode": "60314",
          "city": "Frankfurt am Main",
          "district": "Innenstadt"
        },
        "tags": [
          "kaffee",
          "sitzgelegenheiten",
          "backwaren",
          "snacks",
          "fritz_kola"
        ],
        "sources": [
          {
            "type": "hopfenstop",
            "id": "11d54abd-5d1a-420d-9362-3c67951b2dbd"
          }
        ],
        "created": "2026-05-19",
        "updated": "2026-05-19"
      }
    },
    {
      "type": "Feature",
      "geometry": {
        "type": "Point",
        "coordinates": [
          8.663439900000002,
          50.1051086
        ]
      },
      "properties": {
        "id": "tk_fr_0717",
        "name": "Einkaufskiosk Mildan",
        "description": "Falls der Fernbus Mal wieder Verspätung hat, dieser Kiosk ist gleich  auf der anderen Seite der  Straße und hat was das ❤️ begehrt: Eis, Zeitschriften, Tabak, ...",
        "address": {
          "street": "Karlsruher Straße",
          "number": "18",
          "postalcode": "60329",
          "city": "Frankfurt am Main",
          "district": "Innenstadt"
        },
        "hours": {
          "raw": "Mo-Su 05:00-01:00"
        },
        "tags": [
          "eis",
          "zeitschriften",
          "kaffee",
          "sekt",
          "sitzgelegenheiten",
          "schnaps",
          "innenraum",
          "ueberdacht",
          "wc",
          "snacks"
        ],
        "sources": [
          {
            "type": "hopfenstop",
            "id": "d41bfe48-6482-4853-a97f-375e733e1b8d"
          }
        ],
        "created": "2026-05-19",
        "updated": "2026-05-19"
      }
    },
    {
      "type": "Feature",
      "geometry": {
        "type": "Point",
        "coordinates": [
          8.2603039,
          50.0012391
        ]
      },
      "properties": {
        "id": "tk_fr_0723",
        "name": "Kiosk am Bahnhof",
        "description": "Kiosk in Mainz am HBF",
        "address": {
          "street": "Bahnhofplatz",
          "number": "2",
          "postalcode": "55116",
          "city": "Mainz"
        },
        "hours": {
          "raw": "Mo-Sa 06:00-22:00; Su 06:00-20:00"
        },
        "sources": [
          {
            "type": "hopfenstop",
            "id": "b04bf23e-571e-4b8c-8e6f-2f5de0cb9cce"
          }
        ],
        "created": "2026-05-19",
        "updated": "2026-05-19"
      }
    },
    {
      "type": "Feature",
      "geometry": {
        "type": "Point",
        "coordinates": [
          8.5512189,
          50.100988
        ]
      },
      "properties": {
        "id": "tk_fr_0728",
        "name": "Safari Kiosk & Internet Café",
        "description": "Eher weniger Kiosk. Hat Eis.",
        "address": {
          "street": "Bolongarostraße",
          "number": "114",
          "postalcode": "65929",
          "city": "Frankfurt am Main",
          "district": "Frankfurt am Main West"
        },
        "tags": [
          "eis",
          "innenraum",
          "gemischte_tuete"
        ],
        "sources": [
          {
            "type": "hopfenstop",
            "id": "694cef20-a2f5-4413-a98c-8682188f5ae8"
          }
        ],
        "created": "2026-05-19",
        "updated": "2026-05-19"
      }
    },
    {
      "type": "Feature",
      "geometry": {
        "type": "Point",
        "coordinates": [
          8.632560900000001,
          50.1175755
        ]
      },
      "properties": {
        "id": "tk_fr_0736",
        "name": "All in One Getränke Kiosk",
        "description": "Mit UPS Paketshop",
        "address": {
          "street": "Voltastraße",
          "number": "78",
          "postalcode": "60486",
          "city": "Frankfurt am Main",
          "district": "Innenstadt"
        },
        "hours": {
          "raw": "Mo-Fr 07:15-18:00; Sa 08:00-13:00"
        },
        "tags": [
          "paketshop"
        ],
        "sources": [
          {
            "type": "hopfenstop",
            "id": "789bcb97-20ac-4973-8ac4-74688ba7a8f1"
          }
        ],
        "created": "2026-05-19",
        "updated": "2026-05-19"
      }
    },
    {
      "type": "Feature",
      "geometry": {
        "type": "Point",
        "coordinates": [
          8.6647555,
          50.1023197
        ]
      },
      "properties": {
        "id": "tk_fr_0745",
        "name": "Anna Ecke",
        "description": "Bier, Softdrinks, Zigaretten und Dinge des täglichen Bedarfs ",
        "address": {
          "street": "Baseler Platz",
          "number": "1",
          "postalcode": "60329",
          "city": "Frankfurt am Main",
          "district": "Innenstadt"
        },
        "hours": {
          "raw": "Mo-Th 10:00-22:00; Fr-Sa 10:00-00:00; Su 10:00-22:00"
        },
        "tags": [
          "sonne",
          "fritz_kola",
          "ueberdacht",
          "sitzgelegenheiten",
          "mate",
          "lotto"
        ],
        "sources": [
          {
            "type": "hopfenstop",
            "id": "15268a82-ed50-42fb-b5a1-a72a5f0bf00f"
          }
        ],
        "created": "2026-05-19",
        "updated": "2026-05-19"
      }
    },
    {
      "type": "Feature",
      "geometry": {
        "type": "Point",
        "coordinates": [
          8.639211600000001,
          49.8716255
        ]
      },
      "properties": {
        "id": "tk_fr_0763",
        "name": "Cocktail Bar Kiosk",
        "description": "Kiosk nähe Hauptbahnhof mit Zigarettenautomat und Dresen mit Sitzmöglichleiten draussen.",
        "address": {
          "street": "Rheinstraße",
          "number": "69",
          "postalcode": "64295",
          "city": "Darmstadt"
        },
        "hours": {
          "raw": "Mo-Th 10:00-00:00; Fr-Sa 10:00-04:00; Su 10:00-00:00"
        },
        "tags": [
          "schnaps",
          "ueberdacht",
          "sitzgelegenheiten",
          "snacks",
          "kaffee",
          "gemuetlich",
          "innenraum",
          "stehtisch",
          "wc"
        ],
        "sources": [
          {
            "type": "hopfenstop",
            "id": "0510c1fb-dd8f-4678-8979-40765346e074"
          }
        ],
        "created": "2026-05-19",
        "updated": "2026-05-19"
      }
    },
    {
      "type": "Feature",
      "geometry": {
        "type": "Point",
        "coordinates": [
          8.683536799999999,
          50.1136549
        ]
      },
      "properties": {
        "id": "tk_fr_0765",
        "name": "Khan Kiosk",
        "description": "Gut sortierter Kiosk des Khan Imperiums. Hat neben Bier auch Souveniers, Koffer und Gürtel.",
        "address": {
          "street": "Hasengasse",
          "number": "15",
          "postalcode": "60311",
          "city": "Frankfurt am Main",
          "district": "Innenstadt"
        },
        "hours": {
          "raw": "Mo-Su 09:00-00:00"
        },
        "tags": [
          "applewoi",
          "ueberdacht",
          "mate",
          "innenraum",
          "eis",
          "kaffee",
          "sitzgelegenheiten",
          "snacks",
          "wein"
        ],
        "sources": [
          {
            "type": "hopfenstop",
            "id": "1677a99f-21f5-4719-a81e-37a42e4943cd"
          }
        ],
        "created": "2026-05-19",
        "updated": "2026-05-19"
      }
    },
    {
      "type": "Feature",
      "geometry": {
        "type": "Point",
        "coordinates": [
          8.69251,
          50.1057
        ]
      },
      "properties": {
        "id": "tk_fr_0766",
        "name": "Sai Store",
        "description": "Kiosk mit Waren des täglichen Bedarfs. Es gibt also neben dem klassischen Kiosksortiment auch Gewürze, snacks, Schlösser und vieles mehr. ",
        "address": {
          "street": "Dreieichstraße",
          "number": "11",
          "postalcode": "60594",
          "city": "Frankfurt am Main",
          "district": "Frankfurt am Main Süd"
        },
        "hours": {
          "raw": "Mo-We 10:30-20:30; Fr-Sa 10:30-20:30; Su 12:30-20:30"
        },
        "tags": [
          "snacks",
          "applewoi",
          "wein"
        ],
        "sources": [
          {
            "type": "hopfenstop",
            "id": "427026f4-d612-48c0-b0b3-bf5502e3b241"
          }
        ],
        "created": "2026-05-19",
        "updated": "2026-05-19"
      }
    },
    {
      "type": "Feature",
      "geometry": {
        "type": "Point",
        "coordinates": [
          8.6953325,
          50.0564556
        ]
      },
      "properties": {
        "id": "tk_fr_0768",
        "name": "Seven Days Kiosk",
        "description": "Ein Kiosk mit bequemen Sitzmöglichkeiten draussen direkt an der Frankfurter Strasse. Drinnen mit durchdachter Holzeinrichtung und einem Nebenzimmer mit Billardtisch. ",
        "address": {
          "street": "L3317",
          "number": "26",
          "postalcode": "63263",
          "city": "Neu-Isenburg",
          "district": "Neu-Isenburg"
        },
        "hours": {
          "raw": "Mo-Su 00:00-23:59"
        },
        "tags": [
          "wc",
          "innenraum",
          "snacks"
        ],
        "sources": [
          {
            "type": "hopfenstop",
            "id": "fbebd2bb-4785-437f-9290-97a6085e72e3"
          }
        ],
        "created": "2026-05-19",
        "updated": "2026-05-19"
      }
    },
    {
      "type": "Feature",
      "geometry": {
        "type": "Point",
        "coordinates": [
          8.6949101,
          50.02939
        ]
      },
      "properties": {
        "id": "tk_fr_0769",
        "name": "Trinkhalle",
        "description": "Eine Trinkhalle am Eck mit Aussenbereich Parkplätzen und WC. Die Trinkhalle überzeugt mit einem grossen Sortiment an Süssigkeiten und ihren Stehtischen draussen.",
        "address": {
          "street": "Freiherr-vom-Stein-Straße",
          "number": "2",
          "postalcode": "63303",
          "city": "Dreieich",
          "district": "Sprendlingen"
        },
        "hours": {
          "raw": "Mo-Fr 06:00-20:00; Sa 07:00-20:00"
        },
        "tags": [
          "wc",
          "gemischte_tuete",
          "wein",
          "applewoi",
          "musik",
          "sonne"
        ],
        "sources": [
          {
            "type": "hopfenstop",
            "id": "7bd53d56-8bea-4b02-a570-5fbff32d4a80"
          }
        ],
        "created": "2026-05-19",
        "updated": "2026-05-19"
      }
    },
    {
      "type": "Feature",
      "geometry": {
        "type": "Point",
        "coordinates": [
          8.79943,
          50.08419
        ]
      },
      "properties": {
        "id": "tk_fr_0772",
        "name": "Kiosk Blank",
        "description": "Getränke, Kaffee, Zeitschriften, Lotto und Toto, DHL Paket Shop",
        "address": {
          "street": "Langener Straße",
          "number": "107",
          "postalcode": "63073",
          "city": "Offenbach am Main"
        },
        "hours": {
          "raw": "Mo-Fr 15:00-18:30; Sa 07:30-16:00"
        },
        "tags": [
          "lotto",
          "kaffee",
          "zeitschriften",
          "rubbellose"
        ],
        "sources": [
          {
            "type": "hopfenstop",
            "id": "11b9e4a3-c6c6-4214-be3c-5d8403878c78"
          }
        ],
        "created": "2026-05-19",
        "updated": "2026-05-19"
      }
    },
    {
      "type": "Feature",
      "geometry": {
        "type": "Point",
        "coordinates": [
          8.7009125,
          50.1239703
        ]
      },
      "properties": {
        "id": "tk_fr_0785",
        "name": "Trinkahalle, Getränke, Zeitschriften",
        "description": "Kleiner Kiosk durch's Fenster",
        "address": {
          "street": "Höhenstraße",
          "number": "28",
          "postalcode": "60385",
          "city": "Frankfurt am Main",
          "district": "Innenstadt"
        },
        "tags": [
          "gemischte_tuete",
          "applewoi",
          "gemuetlich",
          "ueberdacht",
          "sonne",
          "sitzgelegenheiten",
          "innenraum"
        ],
        "sources": [
          {
            "type": "hopfenstop",
            "id": "35617998-3f79-4ee0-9c16-e54c040f591e"
          }
        ],
        "created": "2026-05-19",
        "updated": "2026-05-19"
      }
    },
    {
      "type": "Feature",
      "geometry": {
        "type": "Point",
        "coordinates": [
          8.8365797,
          50.1420311
        ]
      },
      "properties": {
        "id": "tk_fr_0789",
        "name": "Bahnhofskiosk",
        "description": "Kiosk direkt am Bahnhof. ",
        "address": {
          "street": "Bahnhofstraße",
          "number": "128",
          "postalcode": "63477",
          "city": "Maintal",
          "district": "Hochstadt"
        },
        "tags": [
          "eis"
        ],
        "sources": [
          {
            "type": "hopfenstop",
            "id": "54b559d7-d1b0-4324-9ede-73afab4f6e80"
          }
        ],
        "created": "2026-05-19",
        "updated": "2026-05-19"
      }
    },
    {
      "type": "Feature",
      "geometry": {
        "type": "Point",
        "coordinates": [
          9.4610574,
          50.3124148
        ]
      },
      "properties": {
        "id": "tk_fr_0813",
        "name": "Kiosk am Schloss ",
        "description": "Eis, Kaffee, heiße Würstchen, Bier, Wein und viele Süßigkeiten ",
        "address": {
          "street": "Am Kumpen",
          "postalcode": "36396",
          "city": "Steinau an der Straße"
        },
        "tags": [
          "wein",
          "eis",
          "kaffee",
          "snacks"
        ],
        "sources": [
          {
            "type": "hopfenstop",
            "id": "4d46c8df-8694-484b-972f-dd9bf8da77aa"
          }
        ],
        "created": "2026-05-19",
        "updated": "2026-05-19"
      }
    },
    {
      "type": "Feature",
      "geometry": {
        "type": "Point",
        "coordinates": [
          9.09956,
          50.10472
        ]
      },
      "properties": {
        "id": "tk_fr_0815",
        "name": "Hubis Häckerstube",
        "description": "Leckerer Wein und handkäß",
        "address": {
          "street": "Zum Sandfeld",
          "number": "21",
          "postalcode": "63755",
          "city": "Alzenau",
          "district": "Michelbach"
        },
        "hours": {
          "raw": "Mo-Su 14:00-22:00"
        },
        "tags": [
          "wein",
          "wc"
        ],
        "sources": [
          {
            "type": "hopfenstop",
            "id": "cff7d14a-0798-4af9-8623-fa921159aa47"
          }
        ],
        "created": "2026-05-19",
        "updated": "2026-05-19"
      }
    },
    {
      "type": "Feature",
      "geometry": {
        "type": "Point",
        "coordinates": [
          8.6444258,
          50.16038
        ]
      },
      "properties": {
        "id": "tk_fr_0816",
        "name": "Heddernheimer Lädchen",
        "description": "Zeitschriften, Tabak, Schulartikel, Coffee to go, Kalte Getränke",
        "address": {
          "street": "Antoninusstraße",
          "number": "4",
          "postalcode": "60439",
          "city": "Frankfurt am Main",
          "district": "Frankfurt am Main Nord-West"
        },
        "tags": [
          "zeitschriften"
        ],
        "sources": [
          {
            "type": "hopfenstop",
            "id": "a35fe6da-d8d2-46d3-bd7c-3efb99e3c741"
          }
        ],
        "created": "2026-05-19",
        "updated": "2026-05-19"
      }
    },
    {
      "type": "Feature",
      "geometry": {
        "type": "Point",
        "coordinates": [
          8.865319999999999,
          50.00193
        ]
      },
      "properties": {
        "id": "tk_fr_0819",
        "name": "Einkaufskiosk Demir",
        "description": "Getränke, Zeitschriften, Tabak usw",
        "address": {
          "street": "Frankfurter Straße",
          "number": "95D",
          "postalcode": "63110",
          "city": "Rodgau",
          "district": "Nieder-Roden"
        },
        "hours": {
          "raw": "Mo-Sa 07:30-22:00; Su 09:00-22:00"
        },
        "tags": [
          "lotto",
          "milch",
          "rubbellose",
          "schnaps",
          "snacks",
          "wein",
          "sekt",
          "zeitschriften",
          "gemischte_tuete",
          "applewoi",
          "mate",
          "paketshop"
        ],
        "sources": [
          {
            "type": "hopfenstop",
            "id": "ac13987e-cc68-44a3-8757-9fef48a5f03d"
          }
        ],
        "created": "2026-05-19",
        "updated": "2026-05-19"
      }
    },
    {
      "type": "Feature",
      "geometry": {
        "type": "Point",
        "coordinates": [
          8.8679919,
          50.00266209999999
        ]
      },
      "properties": {
        "id": "tk_fr_0820",
        "name": "Andy's Trinkhalle ",
        "description": "Getränke, Zeitschriften, Tabak, Verschlag zum Trinken überdacht ",
        "address": {
          "street": "Heidelberger Straße",
          "number": "2A",
          "postalcode": "63110",
          "city": "Rodgau",
          "district": "Nieder-Roden"
        },
        "hours": {
          "raw": "Mo-Fr 05:30-22:00; Sa 06:30-22:00; Su 08:00-22:00"
        },
        "tags": [
          "ueberdacht",
          "zeitschriften"
        ],
        "sources": [
          {
            "type": "hopfenstop",
            "id": "6c77e2c6-4379-4d6f-9fbc-e56acef9d1f7"
          }
        ],
        "created": "2026-05-19",
        "updated": "2026-05-19"
      }
    },
    {
      "type": "Feature",
      "geometry": {
        "type": "Point",
        "coordinates": [
          8.865109,
          50.0031066
        ]
      },
      "properties": {
        "id": "tk_fr_0821",
        "name": "Kiosk ",
        "description": "Tabak, Naschtüten, Getränke ",
        "address": {
          "street": "Strandpromenade",
          "number": "2",
          "postalcode": "63110",
          "city": "Rodgau",
          "district": "Nieder-Roden"
        },
        "tags": [
          "wc"
        ],
        "sources": [
          {
            "type": "hopfenstop",
            "id": "f5dfd312-ac13-4e43-96a0-2038e01adc4d"
          }
        ],
        "created": "2026-05-19",
        "updated": "2026-05-19"
      }
    },
    {
      "type": "Feature",
      "geometry": {
        "type": "Point",
        "coordinates": [
          8.6681923,
          50.1066347
        ]
      },
      "properties": {
        "id": "tk_fr_0822",
        "name": "7 days kiosk",
        "description": "Kiosk mit kleinem Supermarkt direkt im Bahnhofsviertel. Direkt vor der Tür gibts einen Briefkasten und Bankautomat.",
        "address": {
          "street": "Moselstraße",
          "number": "9",
          "postalcode": "60329",
          "city": "Frankfurt am Main",
          "district": "Innenstadt"
        },
        "hours": {
          "raw": "Mo-Sa 09:00-21:00; Su 12:00-21:00"
        },
        "tags": [
          "applewoi",
          "sekt"
        ],
        "sources": [
          {
            "type": "hopfenstop",
            "id": "7d62d07d-831c-4041-8218-f0d810a737fb"
          }
        ],
        "created": "2026-05-19",
        "updated": "2026-05-19"
      }
    },
    {
      "type": "Feature",
      "geometry": {
        "type": "Point",
        "coordinates": [
          8.6576263,
          50.1019294
        ]
      },
      "properties": {
        "id": "tk_fr_0823",
        "name": "All in one Kiosk",
        "description": "Kiosk mit Hermes Paket shop. ",
        "address": {
          "street": "Schönstraße",
          "number": "13",
          "postalcode": "60327",
          "city": "Frankfurt am Main",
          "district": "Innenstadt"
        },
        "hours": {
          "raw": "Mo-Su 09:00-00:00"
        },
        "tags": [
          "eis",
          "kaffee",
          "paketshop"
        ],
        "sources": [
          {
            "type": "hopfenstop",
            "id": "9fa58aaf-ce88-4eeb-bd32-01f08df06746"
          }
        ],
        "created": "2026-05-19",
        "updated": "2026-05-19"
      }
    },
    {
      "type": "Feature",
      "geometry": {
        "type": "Point",
        "coordinates": [
          9.176940300000002,
          50.2023836
        ]
      },
      "properties": {
        "id": "tk_fr_0829",
        "name": "Kiosk Colemancenter",
        "description": "Getränke, Lotto und Toto, Zeitungen und Zeitschriften, Annahmestelle von DHL, Zigaretten ",
        "address": {
          "street": "Freigerichter Straße",
          "number": "2",
          "postalcode": "63571",
          "city": "Gelnhausen"
        },
        "tags": [
          "lotto",
          "kaffee",
          "paketshop",
          "zeitschriften",
          "eis",
          "ueberdacht"
        ],
        "sources": [
          {
            "type": "hopfenstop",
            "id": "c5a56f43-a20f-4d9d-869e-6f15798ab0b6"
          }
        ],
        "created": "2026-05-19",
        "updated": "2026-05-19"
      }
    },
    {
      "type": "Feature",
      "geometry": {
        "type": "Point",
        "coordinates": [
          8.265550800000002,
          50.0016712
        ]
      },
      "properties": {
        "id": "tk_fr_0957",
        "name": "Connection",
        "description": "Techno-Kiosk",
        "address": {
          "street": "Große Bleiche",
          "number": "27",
          "postalcode": "55116",
          "city": "Mainz"
        },
        "hours": {
          "raw": "Mo-Th 11:00-02:00; Fr-Su 11:00-05:00"
        },
        "tags": [
          "wc",
          "innenraum",
          "sekt",
          "musik",
          "mate",
          "wein"
        ],
        "sources": [
          {
            "type": "hopfenstop",
            "id": "ebd5b30d-569d-476c-aa95-fc50d9057031"
          }
        ],
        "created": "2026-05-19",
        "updated": "2026-05-19"
      }
    },
    {
      "type": "Feature",
      "geometry": {
        "type": "Point",
        "coordinates": [
          8.276490299999999,
          49.99961649999999
        ]
      },
      "properties": {
        "id": "tk_fr_0958",
        "name": "Kiosk am Fischtor",
        "description": "Bier, Wein, Nicht-Alkohoisches, Knabberkram",
        "address": {
          "street": "Rheinstraße",
          "number": "37",
          "postalcode": "55116",
          "city": "Mainz"
        },
        "hours": {
          "raw": "Mo-Su 08:30-22:00"
        },
        "tags": [
          "wein"
        ],
        "sources": [
          {
            "type": "hopfenstop",
            "id": "e9ee269d-1932-4c2a-8fbd-78e29e819274"
          }
        ],
        "created": "2026-05-19",
        "updated": "2026-05-19"
      }
    },
    {
      "type": "Feature",
      "geometry": {
        "type": "Point",
        "coordinates": [
          8.6367165,
          50.1025153
        ]
      },
      "properties": {
        "id": "tk_fr_0959",
        "name": "Pizzaria Prego Kiosk",
        "description": "Kiosk mit Backwaren und Eis. ",
        "address": {
          "street": "K803",
          "number": "302",
          "postalcode": "60326",
          "city": "Frankfurt am Main",
          "district": "Innenstadt"
        },
        "tags": [
          "backwaren",
          "eis",
          "wc",
          "snacks"
        ],
        "sources": [
          {
            "type": "hopfenstop",
            "id": "c7d3e09a-7c98-4752-ba08-a65a5e19b571"
          }
        ],
        "created": "2026-05-19",
        "updated": "2026-05-19"
      }
    },
    {
      "type": "Feature",
      "geometry": {
        "type": "Point",
        "coordinates": [
          9.14438,
          49.97972
        ]
      },
      "properties": {
        "id": "tk_fr_0970",
        "name": "Kiosk am Hbf",
        "description": "kiosk direkt gegenüber vom Hauptbahnhof. Leider kein Bier sondern nur Tabakwaren im Angebot. Bayern halt.",
        "address": {
          "street": "Frohsinnstraße",
          "number": "29A",
          "postalcode": "63739",
          "city": "Aschaffenburg",
          "district": "Innenstadt"
        },
        "sources": [
          {
            "type": "hopfenstop",
            "id": "ea6fec24-4d3d-4667-bafe-046d2e6eeb13"
          }
        ],
        "created": "2026-05-19",
        "updated": "2026-05-19"
      }
    },
    {
      "type": "Feature",
      "geometry": {
        "type": "Point",
        "coordinates": [
          9.141287,
          49.98032019999999
        ]
      },
      "properties": {
        "id": "tk_fr_0971",
        "name": "Kiosk am Busbahnhof",
        "description": "Kiosk am Busbahnhof",
        "address": {
          "street": "Ludwigstraße",
          "number": "8",
          "postalcode": "63739",
          "city": "Aschaffenburg",
          "district": "Innenstadt"
        },
        "sources": [
          {
            "type": "hopfenstop",
            "id": "70f3eaf6-3d1a-4683-8f6c-59b92283d432"
          }
        ],
        "created": "2026-05-19",
        "updated": "2026-05-19"
      }
    },
    {
      "type": "Feature",
      "geometry": {
        "type": "Point",
        "coordinates": [
          8.2549095,
          50.00612479999999
        ]
      },
      "properties": {
        "id": "tk_fr_0972",
        "name": "Yaman Kiosk",
        "description": "Bier, Getränke, Handyshop",
        "address": {
          "street": "Kaiser-Wilhelm-Ring",
          "number": "43",
          "postalcode": "55118",
          "city": "Mainz"
        },
        "hours": {
          "raw": "Mo-Sa 09:30-22:00; Su 10:00-20:00"
        },
        "tags": [
          "mate",
          "schnaps",
          "snacks"
        ],
        "sources": [
          {
            "type": "hopfenstop",
            "id": "6e30d10c-c38c-40a7-b473-c4f502da2a65"
          }
        ],
        "created": "2026-05-19",
        "updated": "2026-05-19"
      }
    },
    {
      "type": "Feature",
      "geometry": {
        "type": "Point",
        "coordinates": [
          8.267909999999999,
          49.9997
        ]
      },
      "properties": {
        "id": "tk_fr_0974",
        "name": "Alex Kiosk",
        "description": "Mini-Kiosk mit ein wenig Bier",
        "address": {
          "street": "Emmeransstraße",
          "number": "11",
          "postalcode": "55116",
          "city": "Mainz"
        },
        "hours": {
          "raw": "Mo-Su 09:30-22:30"
        },
        "sources": [
          {
            "type": "hopfenstop",
            "id": "540aab2a-41a7-4a04-87ee-6fef9318b00f"
          }
        ],
        "created": "2026-05-19",
        "updated": "2026-05-19"
      }
    },
    {
      "type": "Feature",
      "geometry": {
        "type": "Point",
        "coordinates": [
          8.9221316,
          50.13164159999999
        ]
      },
      "properties": {
        "id": "tk_fr_0978",
        "name": "Kiosk im City Center ",
        "description": "Zeitschriften, Lotto und Toto, Tabakwaren, Getränke ",
        "address": {
          "street": "Nürnberger Straße",
          "number": "1",
          "postalcode": "63450",
          "city": "Hanau"
        },
        "hours": {
          "raw": "Mo-Sa 08:00-20:00"
        },
        "tags": [
          "lotto",
          "zeitschriften"
        ],
        "sources": [
          {
            "type": "hopfenstop",
            "id": "a22651e7-c5d3-45d2-bb53-3e13bcec98d6"
          }
        ],
        "created": "2026-05-19",
        "updated": "2026-05-19"
      }
    },
    {
      "type": "Feature",
      "geometry": {
        "type": "Point",
        "coordinates": [
          8.6493295,
          50.1208894
        ]
      },
      "properties": {
        "id": "tk_fr_0989",
        "name": "Aris Kiosk",
        "description": "Handykarten, Tabak, Bier & Softdrinks",
        "address": {
          "street": "Leipziger Straße",
          "number": "14",
          "postalcode": "60487",
          "city": "Frankfurt am Main",
          "district": "Innenstadt"
        },
        "hours": {
          "raw": "Mo-Th 07:30-00:30; Fr-Su 07:30-02:00"
        },
        "tags": [
          "kaffee",
          "schnaps",
          "zeitschriften",
          "gemischte_tuete",
          "ueberdacht",
          "innenraum",
          "applewoi"
        ],
        "sources": [
          {
            "type": "hopfenstop",
            "id": "e178e897-4b4b-4fd4-ad0a-7fc62a681ed2"
          }
        ],
        "created": "2026-05-19",
        "updated": "2026-05-19"
      }
    },
    {
      "type": "Feature",
      "geometry": {
        "type": "Point",
        "coordinates": [
          8.6595946,
          49.9917768
        ]
      },
      "properties": {
        "id": "tk_fr_0990",
        "name": "Planet ay yildiz",
        "description": "Kiosk in Langen. Nebenan gibts direkt 2 Döner als Snackmöglichkeiten. ",
        "address": {
          "street": "Bahnstraße",
          "number": "119",
          "postalcode": "63225",
          "city": "Langen (Hessen)"
        },
        "hours": {
          "raw": "Mo-Su 10:00-21:00"
        },
        "sources": [
          {
            "type": "hopfenstop",
            "id": "a6012cae-18b6-41e8-ba26-6ca347456ced"
          }
        ],
        "created": "2026-05-19",
        "updated": "2026-05-19"
      }
    },
    {
      "type": "Feature",
      "geometry": {
        "type": "Point",
        "coordinates": [
          8.4307064,
          49.9889226
        ]
      },
      "properties": {
        "id": "tk_fr_0993",
        "name": "Trinkhalle Mozartplatz",
        "description": "Großer Kiosk mit Überdachten Sitzmöglichkeiten",
        "address": {
          "street": "Mozartplatz",
          "number": "1",
          "postalcode": "65428",
          "city": "Rüsselsheim am Main"
        },
        "tags": [
          "schnaps",
          "sitzgelegenheiten",
          "ueberdacht",
          "wc"
        ],
        "sources": [
          {
            "type": "hopfenstop",
            "id": "09214f38-4c40-41f1-935f-197424e6a1d6"
          }
        ],
        "created": "2026-05-19",
        "updated": "2026-05-19"
      }
    },
    {
      "type": "Feature",
      "geometry": {
        "type": "Point",
        "coordinates": [
          8.402099999999999,
          49.98098
        ]
      },
      "properties": {
        "id": "tk_fr_0994",
        "name": "Kiosk zum alten Uhu",
        "description": "Kleiner Kiosk mit Bier, Kippen, Bildzeitung und Schriebwaren",
        "address": {
          "street": "Oppenheimer Straße",
          "number": "10",
          "postalcode": "65428",
          "city": "Rüsselsheim am Main"
        },
        "sources": [
          {
            "type": "hopfenstop",
            "id": "b150f906-ae19-4982-aebe-1d14d252b420"
          }
        ],
        "created": "2026-05-19",
        "updated": "2026-05-19"
      }
    },
    {
      "type": "Feature",
      "geometry": {
        "type": "Point",
        "coordinates": [
          8.6645275,
          49.9881919
        ]
      },
      "properties": {
        "id": "tk_fr_0995",
        "name": "\"Zum Goetheeck\"",
        "description": "Nobis Kiosk & Schankwirtschaft ",
        "address": {
          "street": "Goethestraße",
          "number": "18",
          "postalcode": "63225",
          "city": "Langen (Hessen)"
        },
        "hours": {
          "raw": "Mo-Fr 09:00-21:00; Sa-Su 09:00-15:00"
        },
        "tags": [
          "gemuetlich",
          "wc"
        ],
        "sources": [
          {
            "type": "hopfenstop",
            "id": "8c715db8-7ad5-4987-aded-c8f25db1f26d"
          }
        ],
        "created": "2026-05-19",
        "updated": "2026-05-19"
      }
    },
    {
      "type": "Feature",
      "geometry": {
        "type": "Point",
        "coordinates": [
          8.636122499999999,
          50.1080521
        ]
      },
      "properties": {
        "id": "tk_fr_0996",
        "name": "Main Kiosk",
        "description": "Zentral im Europaviertel, eröffnet Mitte 2018, hat dieser Kiosk eine Menge zu bieten. Besonders die Betreiberin macht diesen Kiosk zu einem Ort, an welchem man sich gerne aufhält. Neben Getränken, Snacks und Tabakwaren gibt es frische Artikel sowie Zutaten für die indische Küche.",
        "address": {
          "street": "Europa-Allee",
          "number": "103",
          "postalcode": "60486",
          "city": "Frankfurt am Main",
          "district": "Innenstadt"
        },
        "hours": {
          "raw": "Mo-Su 10:00-23:00"
        },
        "tags": [
          "backwaren",
          "sekt",
          "paketshop",
          "milch",
          "snacks",
          "innenraum",
          "kaffee",
          "ueberdacht"
        ],
        "sources": [
          {
            "type": "hopfenstop",
            "id": "cf74762e-79c4-4352-b3f9-aee92026321c"
          }
        ],
        "created": "2026-05-19",
        "updated": "2026-05-19"
      }
    },
    {
      "type": "Feature",
      "geometry": {
        "type": "Point",
        "coordinates": [
          8.6679905,
          49.96968769999999
        ]
      },
      "properties": {
        "id": "tk_fr_0997",
        "name": "REDLING shopping plus",
        "description": "Alles in Einem - Einkaufskiosk mit SB",
        "address": {
          "street": "Schulstraße",
          "number": "59",
          "postalcode": "63329",
          "city": "Egelsbach"
        },
        "hours": {
          "raw": "Mo-Fr 15:00-18:00; Sa 05:30-15:30; Su 07:30-13:00"
        },
        "tags": [
          "wc"
        ],
        "sources": [
          {
            "type": "hopfenstop",
            "id": "feaa4343-7bf3-46bd-be4c-36a96b1054f3"
          }
        ],
        "created": "2026-05-19",
        "updated": "2026-05-19"
      }
    },
    {
      "type": "Feature",
      "geometry": {
        "type": "Point",
        "coordinates": [
          8.68639,
          50.12204
        ]
      },
      "properties": {
        "id": "tk_fr_0998",
        "name": "KC Mini Shop",
        "description": "Kiosk in der Eckenheimer Landstrasse mit Kaffee Süssigkeiten und Getränken.",
        "address": {
          "street": "Eckenheimer Landstraße",
          "number": "38",
          "postalcode": "60318",
          "city": "Frankfurt am Main",
          "district": "Innenstadt"
        },
        "hours": {
          "raw": "Mo-Su 10:00-22:00"
        },
        "tags": [
          "snacks",
          "kaffee",
          "gemischte_tuete",
          "applewoi",
          "mate",
          "wein",
          "fritz_kola",
          "wc",
          "sekt",
          "gemuetlich",
          "innenraum"
        ],
        "sources": [
          {
            "type": "hopfenstop",
            "id": "3c483d24-b5b5-4815-9472-2737c272ac87"
          }
        ],
        "created": "2026-05-19",
        "updated": "2026-05-19"
      }
    },
    {
      "type": "Feature",
      "geometry": {
        "type": "Point",
        "coordinates": [
          8.6747354,
          50.1261734
        ]
      },
      "properties": {
        "id": "tk_fr_1000",
        "name": "Kiosk Vogelstraße",
        "description": "Kiosk direkt an der U-Bahn Holzhausenstraße. Tabakwaren, Zeitschriften sogar Bücher befinden sich im Sortiment.",
        "address": {
          "street": "Vogtstraße",
          "number": "70",
          "postalcode": "60322",
          "city": "Frankfurt am Main",
          "district": "Innenstadt"
        },
        "tags": [
          "zeitschriften"
        ],
        "sources": [
          {
            "type": "hopfenstop",
            "id": "69d2e472-f050-4ba5-a869-1f7a52f6dbff"
          }
        ],
        "created": "2026-05-19",
        "updated": "2026-05-19"
      }
    },
    {
      "type": "Feature",
      "geometry": {
        "type": "Point",
        "coordinates": [
          9.079177699999999,
          50.4709343
        ]
      },
      "properties": {
        "id": "tk_fr_1002",
        "name": "Kiosk Stausee-Blick",
        "description": "Mit sehr gutem Imbiss",
        "address": {
          "street": "Am Campingplatz",
          "number": "1",
          "postalcode": "63679",
          "city": "Schotten",
          "district": "Rainrod"
        },
        "hours": {
          "raw": "Mo-Su 09:00-20:40"
        },
        "tags": [
          "wc"
        ],
        "sources": [
          {
            "type": "hopfenstop",
            "id": "ff24d7ba-a884-40ac-a335-c9efc7bbd28b"
          }
        ],
        "created": "2026-05-19",
        "updated": "2026-05-19"
      }
    },
    {
      "type": "Feature",
      "geometry": {
        "type": "Point",
        "coordinates": [
          8.230409,
          50.0768733
        ]
      },
      "properties": {
        "id": "tk_fr_1003",
        "name": "Der Bringer",
        "description": "Sehr gute Auswahl an Craftbieren",
        "address": {
          "street": "Rheinstraße",
          "number": "108",
          "postalcode": "65185",
          "city": "Wiesbaden",
          "district": "Rheingauviertel"
        },
        "hours": {
          "raw": "Mo-Th 10:30-00:00; Fr 10:30-03:00; Sa 12:00-03:00; Su 12:00-00:00"
        },
        "tags": [
          "craft_bier"
        ],
        "sources": [
          {
            "type": "hopfenstop",
            "id": "e3e857a0-ef66-4ea7-a994-9c562810c8b0"
          }
        ],
        "created": "2026-05-19",
        "updated": "2026-05-19"
      }
    },
    {
      "type": "Feature",
      "geometry": {
        "type": "Point",
        "coordinates": [
          8.616757,
          50.1219315
        ]
      },
      "properties": {
        "id": "tk_fr_1004",
        "name": "Reza",
        "description": "Hier finden Sie alles",
        "address": {
          "street": "Rödelheimer Landstraße",
          "number": "188",
          "postalcode": "60489",
          "city": "Frankfurt am Main",
          "district": "Frankfurt am Main Mitte-West"
        },
        "hours": {
          "raw": "Mo-Su 08:00-22:00"
        },
        "tags": [
          "backwaren",
          "applewoi",
          "eis",
          "gemischte_tuete",
          "kaffee",
          "lotto",
          "milch",
          "paketshop",
          "rubbellose",
          "schnaps",
          "sekt",
          "snacks",
          "wein",
          "zeitschriften"
        ],
        "sources": [
          {
            "type": "hopfenstop",
            "id": "817b7532-e4eb-41a2-9638-d6fdcd703916"
          }
        ],
        "created": "2026-05-19",
        "updated": "2026-05-19"
      }
    },
    {
      "type": "Feature",
      "geometry": {
        "type": "Point",
        "coordinates": [
          8.797329999999999,
          50.2820767
        ]
      },
      "properties": {
        "id": "tk_fr_1005",
        "name": "Clemi‘s Treff",
        "description": "Alteingesessenes Kiosk mit angrenzender Kneipe, nette Bedienung- im Sortiment sind Rauchwaren, Eis, Süßigkeiten aller Art und natürlich kaltes Bier.",
        "address": {
          "street": "Friedberger Straße",
          "number": "11",
          "postalcode": "61194",
          "city": "Niddatal",
          "district": "Ilbenstadt"
        },
        "hours": {
          "raw": "Mo-We 07:00-20:00; Th 15:00-20:00; Fr 07:00-20:00; Sa-Su 10:00-19:00"
        },
        "tags": [
          "gemischte_tuete",
          "eis",
          "zeitschriften",
          "innenraum",
          "snacks",
          "sitzgelegenheiten",
          "wc",
          "sonne",
          "ueberdacht",
          "applewoi",
          "sekt",
          "kaffee"
        ],
        "sources": [
          {
            "type": "hopfenstop",
            "id": "0a7587ee-387b-4031-b01a-750e630c8508"
          }
        ],
        "created": "2026-05-19",
        "updated": "2026-05-19"
      }
    },
    {
      "type": "Feature",
      "geometry": {
        "type": "Point",
        "coordinates": [
          8.40512,
          49.92408
        ]
      },
      "properties": {
        "id": "tk_fr_1006",
        "name": "Trewwerer Budsche",
        "description": "Charmante Kioskgarage mit Sitzmöglichkeit",
        "address": {
          "street": "Hauptstraße",
          "number": "32",
          "postalcode": "65468",
          "city": "Trebur"
        },
        "hours": {
          "raw": "Mo-Fr 06:30-18:00; Sa 06:30-12:00"
        },
        "tags": [
          "wc"
        ],
        "sources": [
          {
            "type": "hopfenstop",
            "id": "aada22f9-fe21-4a21-a7c4-428f8fc1ea11"
          }
        ],
        "created": "2026-05-19",
        "updated": "2026-05-19"
      }
    },
    {
      "type": "Feature",
      "geometry": {
        "type": "Point",
        "coordinates": [
          8.6557295,
          49.9666921
        ]
      },
      "properties": {
        "id": "tk_fr_1007",
        "name": "Zur Eintracht",
        "description": "Gemütliche Trinkhalle mit Innenbereichen und Fernseher (Fußball!). Viele Stammgäste.",
        "address": {
          "street": "Taunusstraße",
          "number": "32",
          "postalcode": "63329",
          "city": "Egelsbach"
        },
        "tags": [
          "wc"
        ],
        "sources": [
          {
            "type": "hopfenstop",
            "id": "e61b19cb-2097-4f0b-bced-6778cff9d317"
          }
        ],
        "created": "2026-05-19",
        "updated": "2026-05-19"
      }
    },
    {
      "type": "Feature",
      "geometry": {
        "type": "Point",
        "coordinates": [
          8.766681499999999,
          50.1027616
        ]
      },
      "properties": {
        "id": "tk_fr_1010",
        "name": "Kiosk Toni",
        "description": "... und Sonntags gibt es frische Brötchen vom Bäcker \n",
        "address": {
          "street": "Bleichstraße",
          "number": "45",
          "postalcode": "63065",
          "city": "Offenbach am Main"
        },
        "hours": {
          "raw": "Mo-Sa 06:00-22:00; Su 08:00-22:00"
        },
        "sources": [
          {
            "type": "hopfenstop",
            "id": "de55604c-649e-4df4-95eb-3a8f1390dc70"
          }
        ],
        "created": "2026-05-19",
        "updated": "2026-05-19"
      }
    },
    {
      "type": "Feature",
      "geometry": {
        "type": "Point",
        "coordinates": [
          8.661073,
          50.1532792
        ]
      },
      "properties": {
        "id": "tk_fr_1011",
        "name": "Am Lindenbaum",
        "description": "U Bahn Haltestelle",
        "address": {
          "street": "Eschersheimer Landstraße",
          "number": "482",
          "postalcode": "60433",
          "city": "Frankfurt am Main",
          "district": "Frankfurt am Main Mitte-Nord"
        },
        "hours": {
          "raw": "Mo-Su 10:00-22:00"
        },
        "tags": [
          "wc",
          "sonne",
          "applewoi",
          "sitzgelegenheiten",
          "ueberdacht",
          "gemuetlich",
          "wein",
          "sekt",
          "snacks",
          "kaffee",
          "craft_bier",
          "kuchen",
          "lotto",
          "flair"
        ],
        "sources": [
          {
            "type": "hopfenstop",
            "id": "e02b2863-f89e-4bbf-b6f1-17ff27d05190"
          }
        ],
        "created": "2026-05-19",
        "updated": "2026-05-19"
      }
    },
    {
      "type": "Feature",
      "geometry": {
        "type": "Point",
        "coordinates": [
          8.4475882,
          49.9825804
        ]
      },
      "properties": {
        "id": "tk_fr_1018",
        "name": "Kiosk Hessenring",
        "description": "Kleiner Kiosk mit diversen Warm- und Kaltgetränken. Auserdenein Hermes Paketshop",
        "address": {
          "street": "Hessenring",
          "number": "50",
          "postalcode": "65428",
          "city": "Rüsselsheim am Main"
        },
        "hours": {
          "raw": "Mo-Fr 06:00-19:00; Sa 09:00-17:00; Su 09:30-17:00"
        },
        "tags": [
          "paketshop"
        ],
        "sources": [
          {
            "type": "hopfenstop",
            "id": "4ef971fe-51d0-4ec5-83a1-e789830f53a7"
          }
        ],
        "created": "2026-05-19",
        "updated": "2026-05-19"
      }
    },
    {
      "type": "Feature",
      "geometry": {
        "type": "Point",
        "coordinates": [
          9.363921399999999,
          50.1121165
        ]
      },
      "properties": {
        "id": "tk_fr_1020",
        "name": "Dorfladen Wiesen",
        "description": "Lokale Bierspezialitäten und Wein im Angebot",
        "address": {
          "street": "Hauptstraße",
          "number": "77",
          "postalcode": "63831",
          "city": "Wiesen"
        },
        "hours": {
          "raw": "Mo 14:00-18:00; Tu 08:00-12:30; We 14:00-18:00; Th 08:00-12:30; Fr 14:00-18:00; Sa 08:00-12:30"
        },
        "tags": [
          "applewoi",
          "paketshop",
          "sitzgelegenheiten",
          "wein"
        ],
        "sources": [
          {
            "type": "hopfenstop",
            "id": "fdbab8ba-f24d-45fa-9187-68c5c6b26dd4"
          }
        ],
        "created": "2026-05-19",
        "updated": "2026-05-19"
      }
    },
    {
      "type": "Feature",
      "geometry": {
        "type": "Point",
        "coordinates": [
          8.538505599999999,
          50.1155994
        ]
      },
      "properties": {
        "id": "tk_fr_1021",
        "name": "Büdsche Engelsruh",
        "description": "Kiosk-Café",
        "address": {
          "street": "Engelsruhe",
          "number": "83a",
          "postalcode": "65929",
          "city": "Frankfurt am Main",
          "district": "Frankfurt am Main West"
        },
        "hours": {
          "raw": "Mo-Su 07:00-19:00"
        },
        "tags": [
          "wc"
        ],
        "sources": [
          {
            "type": "hopfenstop",
            "id": "4db15a8f-3783-46d0-98d3-aaf5d4fe4b09"
          }
        ],
        "created": "2026-05-19",
        "updated": "2026-05-19"
      }
    },
    {
      "type": "Feature",
      "geometry": {
        "type": "Point",
        "coordinates": [
          8.6876004,
          50.0990669
        ]
      },
      "properties": {
        "id": "tk_fr_1022",
        "name": "Kiosk am Südbahnhof",
        "description": "Kleiner begehbarer Kiosk direkt am Südbahnhof. Draussen gibt's gebrauchte Bücher zu kaufen. ",
        "address": {
          "street": "Mörfelder Landstraße",
          "number": "44",
          "postalcode": "60598",
          "city": "Frankfurt am Main",
          "district": "Frankfurt am Main Süd"
        },
        "hours": {
          "raw": "Mo-Fr 15:00-18:30; Sa 09:00-13:00"
        },
        "tags": [
          "kaffee",
          "lotto",
          "zeitschriften",
          "paketshop",
          "longpapes",
          "ueberdacht",
          "wein",
          "musik",
          "kuchen",
          "innenraum",
          "applewoi"
        ],
        "sources": [
          {
            "type": "hopfenstop",
            "id": "0a66d322-aec3-4196-9d3e-3a8498502030"
          }
        ],
        "created": "2026-05-19",
        "updated": "2026-05-19"
      }
    },
    {
      "type": "Feature",
      "geometry": {
        "type": "Point",
        "coordinates": [
          8.6673317,
          49.8616624
        ]
      },
      "properties": {
        "id": "tk_fr_1023",
        "name": "Pfungstädter",
        "description": "Backwaren, Stadionnähe ",
        "address": {
          "street": "Nieder-Ramstädter Straße",
          "number": "173",
          "postalcode": "64285",
          "city": "Darmstadt",
          "district": "Darmstadt-Bessungen"
        },
        "hours": {
          "raw": "Mo-Fr 08:00-20:00"
        },
        "tags": [
          "backwaren",
          "snacks"
        ],
        "sources": [
          {
            "type": "hopfenstop",
            "id": "bb685580-8035-4ac0-8943-856478d4d636"
          }
        ],
        "created": "2026-05-19",
        "updated": "2026-05-19"
      }
    },
    {
      "type": "Feature",
      "geometry": {
        "type": "Point",
        "coordinates": [
          8.6706734,
          50.10822779999999
        ]
      },
      "properties": {
        "id": "tk_fr_1043",
        "name": "Indian Flair",
        "description": "Kiosk in der Münchener Strasse. Hier gibt es einfach alles. ",
        "address": {
          "street": "Münchener Straße",
          "number": "12",
          "postalcode": "60329",
          "city": "Frankfurt am Main",
          "district": "Innenstadt"
        },
        "tags": [
          "schnaps",
          "sekt",
          "milch",
          "innenraum",
          "eis",
          "craft_bier",
          "applewoi",
          "wein"
        ],
        "sources": [
          {
            "type": "hopfenstop",
            "id": "a1208a3f-d267-4a5f-8ac8-729355c8ffed"
          }
        ],
        "created": "2026-05-19",
        "updated": "2026-05-19"
      }
    },
    {
      "type": "Feature",
      "geometry": {
        "type": "Point",
        "coordinates": [
          8.6700619,
          50.1383788
        ]
      },
      "properties": {
        "id": "tk_fr_1044",
        "name": "Kiosk am Dornbusch",
        "description": "Kiosk direkt am Dornbusch. Hier gibt es Zeitschriften, Snacks, Bier und Schnaps. Kurz: einfach alles. ",
        "address": {
          "street": "Am Dornbusch",
          "number": "1",
          "postalcode": "60320",
          "city": "Frankfurt am Main",
          "district": "Innenstadt"
        },
        "hours": {
          "raw": "Mo-Fr 07:00-19:00; Sa 09:00-15:00"
        },
        "tags": [
          "paketshop",
          "lotto",
          "schnaps",
          "zeitschriften",
          "snacks",
          "gemischte_tuete",
          "innenraum",
          "kaffee",
          "applewoi",
          "sekt"
        ],
        "sources": [
          {
            "type": "hopfenstop",
            "id": "aa078cad-dc49-45b6-9b1a-5f952ac3ff38"
          }
        ],
        "created": "2026-05-19",
        "updated": "2026-05-19"
      }
    },
    {
      "type": "Feature",
      "geometry": {
        "type": "Point",
        "coordinates": [
          8.699238,
          50.09754400000001
        ]
      },
      "properties": {
        "id": "tk_fr_1045",
        "name": "Das Mühlberglädchen",
        "description": "Zoltan's öffentliches Wohnzimmer \nFrankfurter Wasserhäuschen des Jahres 2017 - Frankfurter Rundschau \n\"Kein Büdchen wie jedes andere\" - FNP",
        "address": {
          "street": "Wendelsweg",
          "number": "85",
          "postalcode": "60599",
          "city": "Frankfurt am Main",
          "district": "Frankfurt am Main Süd"
        },
        "hours": {
          "raw": "Mo-Th 15:00-18:00; Fr 07:30-13:00; Sa 07:30-14:00"
        },
        "tags": [
          "applewoi",
          "kaffee",
          "wc",
          "innenraum",
          "gemuetlich",
          "fritz_kola",
          "mate",
          "sitzgelegenheiten",
          "snacks",
          "gemischte_tuete",
          "lotto",
          "postkarten",
          "wein",
          "sonne",
          "sekt",
          "schnaps",
          "rubbellose",
          "milch"
        ],
        "sources": [
          {
            "type": "hopfenstop",
            "id": "c79e49f1-ff30-4f95-9657-14d954b4629c"
          }
        ],
        "created": "2026-05-19",
        "updated": "2026-05-19"
      }
    },
    {
      "type": "Feature",
      "geometry": {
        "type": "Point",
        "coordinates": [
          8.58552,
          50.08469
        ]
      },
      "properties": {
        "id": "tk_fr_1313",
        "name": "Trinkhalle Hugo-Wolf-Straße",
        "description": "Man kann auch drin sitzen",
        "address": {
          "street": "Hugo-Wolf-Str.",
          "number": "26",
          "postalcode": "60529",
          "city": "Frankfurt am Main",
          "district": "Schwanheim"
        },
        "hours": {
          "raw": "Mo-Sa 10:00-21:00"
        },
        "tags": [
          "sitzgelegenheiten",
          "wc",
          "barrierefrei"
        ],
        "sources": [
          {
            "type": "hopfenstop",
            "id": "b7f7a2ab-c98b-481e-93b8-c14192f16d5f"
          }
        ],
        "created": "2026-05-19",
        "updated": "2026-05-19"
      }
    },
    {
      "type": "Feature",
      "geometry": {
        "type": "Point",
        "coordinates": [
          8.2347885,
          50.0811086
        ]
      },
      "properties": {
        "id": "tk_fr_1430",
        "name": "Somar",
        "description": "Kiosk in bester Lage an einem der Hauptverkehrsknotenpunkte",
        "address": {
          "street": "Helenenstraße",
          "number": "1",
          "postalcode": "65183",
          "city": "Wiesbaden",
          "district": "Westend"
        },
        "tags": [
          "craft_bier",
          "eis",
          "gemischte_tuete",
          "kaffee",
          "mate",
          "sekt",
          "snacks",
          "applewoi"
        ],
        "sources": [
          {
            "type": "hopfenstop",
            "id": "5ed33a1e-9f9c-41be-b79e-eeb141a4c6da"
          }
        ],
        "created": "2026-05-19",
        "updated": "2026-05-19"
      }
    },
    {
      "type": "Feature",
      "geometry": {
        "type": "Point",
        "coordinates": [
          8.5456881,
          49.928496
        ]
      },
      "properties": {
        "id": "tk_fr_1439",
        "name": "Gaststätte zum Treffpunkt",
        "description": "Kiosk mit kleiner Gaststätte. Es werden auch kleine Speisen angeboten.",
        "address": {
          "street": "Unterdorf",
          "number": "23",
          "postalcode": "64572",
          "city": "Büttelborn",
          "district": "Worfelden"
        },
        "tags": [
          "wc"
        ],
        "sources": [
          {
            "type": "hopfenstop",
            "id": "0bd0a876-a279-4598-9aba-56bef0bda1e7"
          }
        ],
        "created": "2026-05-19",
        "updated": "2026-05-19"
      }
    },
    {
      "type": "Feature",
      "geometry": {
        "type": "Point",
        "coordinates": [
          8.663219999999999,
          50.11596
        ]
      },
      "properties": {
        "id": "tk_fr_1450",
        "name": "News Corner",
        "description": "Kiosk mit Eis, Bier, Limo, Zeitungen",
        "address": {
          "street": "Kettenhofweg",
          "number": "66",
          "postalcode": "60325",
          "city": "Frankfurt am Main",
          "district": "Innenstadt"
        },
        "tags": [
          "eis",
          "lotto",
          "kaffee",
          "sekt",
          "snacks",
          "sitzgelegenheiten",
          "applewoi",
          "wein",
          "ueberdacht"
        ],
        "sources": [
          {
            "type": "hopfenstop",
            "id": "fdcc5f15-6b60-406b-b1b5-4c3566ccfb5c"
          }
        ],
        "created": "2026-05-19",
        "updated": "2026-05-19"
      }
    },
    {
      "type": "Feature",
      "geometry": {
        "type": "Point",
        "coordinates": [
          8.238696899999999,
          50.0727068
        ]
      },
      "properties": {
        "id": "tk_fr_1451",
        "name": "Kaan Kiosk",
        "description": "Kaffee, Getränke, Zeitungen, Snacks\n",
        "address": {
          "street": "Moritzstraße",
          "number": "39",
          "postalcode": "65185",
          "city": "Wiesbaden"
        },
        "tags": [
          "kaffee",
          "snacks"
        ],
        "sources": [
          {
            "type": "hopfenstop",
            "id": "92eb19e4-2de9-4348-8557-8897868cc737"
          }
        ],
        "created": "2026-05-19",
        "updated": "2026-05-19"
      }
    },
    {
      "type": "Feature",
      "geometry": {
        "type": "Point",
        "coordinates": [
          8.2388655,
          50.0746748
        ]
      },
      "properties": {
        "id": "tk_fr_1452",
        "name": "Moritz Kiosk 34",
        "description": "Getränke und Tabak",
        "address": {
          "street": "Moritzstraße",
          "number": "34",
          "postalcode": "65185",
          "city": "Wiesbaden"
        },
        "hours": {
          "raw": "Mo-Su 08:00-22:00"
        },
        "sources": [
          {
            "type": "hopfenstop",
            "id": "6290ba4a-16c0-41ee-ac71-01028092ce26"
          }
        ],
        "created": "2026-05-19",
        "updated": "2026-05-19"
      }
    },
    {
      "type": "Feature",
      "geometry": {
        "type": "Point",
        "coordinates": [
          8.238360499999999,
          50.0756604
        ]
      },
      "properties": {
        "id": "tk_fr_1453",
        "name": "Tabak Storch",
        "description": "Zeitschriften Getränke DHL",
        "address": {
          "street": "Moritzstraße",
          "number": "15",
          "postalcode": "65185",
          "city": "Wiesbaden"
        },
        "hours": {
          "raw": "Mo-Sa 07:30-18:30"
        },
        "tags": [
          "zeitschriften"
        ],
        "sources": [
          {
            "type": "hopfenstop",
            "id": "425e7cb6-3729-4af3-97db-f6389f82409e"
          }
        ],
        "created": "2026-05-19",
        "updated": "2026-05-19"
      }
    },
    {
      "type": "Feature",
      "geometry": {
        "type": "Point",
        "coordinates": [
          8.4124123,
          49.9909739
        ]
      },
      "properties": {
        "id": "tk_fr_1454",
        "name": "Michael Gutzeit Kiosk",
        "description": "Kleiner Kiosk mit Tresen draußen ",
        "address": {
          "street": "Sophienpassage",
          "number": "1",
          "postalcode": "65428",
          "city": "Rüsselsheim am Main"
        },
        "hours": {
          "raw": "Mo-Fr 08:00-19:00"
        },
        "sources": [
          {
            "type": "hopfenstop",
            "id": "06d6112b-6e73-42e2-8393-e91213cbdfdf"
          }
        ],
        "created": "2026-05-19",
        "updated": "2026-05-19"
      }
    },
    {
      "type": "Feature",
      "geometry": {
        "type": "Point",
        "coordinates": [
          8.68487,
          50.03221000000001
        ]
      },
      "properties": {
        "id": "tk_fr_1456",
        "name": "Trinkhalle Parmar",
        "description": "Zeitschriften, Alkohol, Zigaretten usw.",
        "address": {
          "street": "Berliner Ring",
          "number": "3",
          "postalcode": "63303",
          "city": "Dreieich",
          "district": "Sprendlingen"
        },
        "hours": {
          "raw": "Mo-Fr 15:00-22:00; Sa-Su 08:00-22:00"
        },
        "tags": [
          "zeitschriften",
          "wc"
        ],
        "sources": [
          {
            "type": "hopfenstop",
            "id": "d83bd08d-e9a2-48a3-99bd-17c19a7729ad"
          }
        ],
        "created": "2026-05-19",
        "updated": "2026-05-19"
      }
    },
    {
      "type": "Feature",
      "geometry": {
        "type": "Point",
        "coordinates": [
          8.668239999999999,
          50.58082
        ]
      },
      "properties": {
        "id": "tk_fr_1458",
        "name": "Marbobo Kiosk",
        "description": "Kiosk neben Kultkneipe Bier-Express",
        "address": {
          "street": "Frankfurter Straße",
          "number": "12A",
          "postalcode": "35390",
          "city": "Gießen"
        },
        "hours": {
          "raw": "Mo-Th 09:00-00:00; Fr-Sa 09:00-02:00; Su 11:00-00:00"
        },
        "tags": [
          "wein",
          "applewoi",
          "sonne",
          "mate"
        ],
        "sources": [
          {
            "type": "hopfenstop",
            "id": "3ad1a6da-d8a5-422f-8a72-5085982e1eb7"
          }
        ],
        "created": "2026-05-19",
        "updated": "2026-05-19"
      }
    },
    {
      "type": "Feature",
      "geometry": {
        "type": "Point",
        "coordinates": [
          8.25848,
          50.00302
        ]
      },
      "properties": {
        "id": "tk_fr_1459",
        "name": "City Kiosk",
        "description": "Ist halt auch ein kiosk, nä!!!!",
        "address": {
          "street": "Frauenlobstraße",
          "number": "2",
          "postalcode": "55118",
          "city": "Mainz"
        },
        "hours": {
          "raw": "Mo-Su 10:00-01:00"
        },
        "sources": [
          {
            "type": "hopfenstop",
            "id": "1b7e501a-21ce-4f72-925e-4f584ec432c6"
          }
        ],
        "created": "2026-05-19",
        "updated": "2026-05-19"
      }
    },
    {
      "type": "Feature",
      "geometry": {
        "type": "Point",
        "coordinates": [
          8.260387699999999,
          50.0016147
        ]
      },
      "properties": {
        "id": "tk_fr_1460",
        "name": "Central cafe",
        "description": "Tarnt sich als Cafe, ist ein kiosk. Direkt neben dem puff.",
        "address": {
          "street": "Bahnhofplatz",
          "number": "4",
          "postalcode": "55116",
          "city": "Mainz"
        },
        "hours": {
          "raw": "Mo-Su 08:00-04:00"
        },
        "tags": [
          "wc",
          "craft_bier"
        ],
        "sources": [
          {
            "type": "hopfenstop",
            "id": "45ced3cb-cfbd-480b-b55d-4116e3de80a2"
          }
        ],
        "created": "2026-05-19",
        "updated": "2026-05-19"
      }
    },
    {
      "type": "Feature",
      "geometry": {
        "type": "Point",
        "coordinates": [
          8.2641793,
          50.00057839999999
        ]
      },
      "properties": {
        "id": "tk_fr_1461",
        "name": "Meenzer kiosk",
        "description": "Babl wabl blab",
        "address": {
          "street": "Große Bleiche",
          "number": "5",
          "postalcode": "55116",
          "city": "Mainz"
        },
        "hours": {
          "raw": "Mo-Su 10:00-22:00"
        },
        "tags": [
          "innenraum",
          "kaffee",
          "musik",
          "mate",
          "snacks",
          "wein",
          "fritz_kola",
          "eis"
        ],
        "sources": [
          {
            "type": "hopfenstop",
            "id": "0afecec4-2596-4373-9f41-99c2114a63a1"
          }
        ],
        "created": "2026-05-19",
        "updated": "2026-05-19"
      }
    },
    {
      "type": "Feature",
      "geometry": {
        "type": "Point",
        "coordinates": [
          8.257071,
          50.0045981
        ]
      },
      "properties": {
        "id": "tk_fr_1462",
        "name": "Dajla kiosk",
        "description": "Ich glaube...hier geht richtig was...",
        "address": {
          "street": "Kaiser-Wilhelm-Ring",
          "number": "34",
          "postalcode": "55118",
          "city": "Mainz"
        },
        "hours": {
          "raw": "Mo-Su 10:00-10:00"
        },
        "sources": [
          {
            "type": "hopfenstop",
            "id": "1ddee3d1-805d-4e58-9905-96b96e7c689e"
          }
        ],
        "created": "2026-05-19",
        "updated": "2026-05-19"
      }
    },
    {
      "type": "Feature",
      "geometry": {
        "type": "Point",
        "coordinates": [
          8.690717,
          50.1136405
        ]
      },
      "properties": {
        "id": "tk_fr_1463",
        "name": "Konsti Kiosk ",
        "description": "Hallo und herzlich willkommen bei meinem Kiosk :) \nIch biete euch eine Uhr Zeit von mo-so von 7-3 Uhr an und neben dran habe ich noch eine Trinkhalle die von 9-5 offen hat auch mo-so :) \nBei mir gibt es alles was das Herz begehrt an Süßigkeiten und auch an alkoholischen Getränken kommt einfach mal vorbei :) ",
        "address": {
          "street": "Allerheiligenstraße",
          "number": "32",
          "postalcode": "60313",
          "city": "Frankfurt am Main",
          "district": "Innenstadt"
        },
        "hours": {
          "raw": "Mo-Su 07:00-03:00"
        },
        "tags": [
          "musik",
          "sitzgelegenheiten",
          "wc"
        ],
        "sources": [
          {
            "type": "hopfenstop",
            "id": "fd632adf-e9e0-44d4-b582-e23902917ce6"
          }
        ],
        "created": "2026-05-19",
        "updated": "2026-05-19"
      }
    },
    {
      "type": "Feature",
      "geometry": {
        "type": "Point",
        "coordinates": [
          8.6894168,
          50.1057959
        ]
      },
      "properties": {
        "id": "tk_fr_1464",
        "name": "Sahan Kiosk",
        "description": "Dies ist mein zweiter schöner Kiosk und er ist mitten in alt Sachsenhausen in der Party Scene die jeder von uns kennt . Wir bieten hier auch alles an Süßigkeiten an und auch alle Sorten an Bier und anderen alkoholischen Getränken :) an diesem Kiosk ist aber nicht nur das was besonderes sondern auch das wir Berlin in den Kiosk rein geholt haben unser Kiosk hat an den Wänden alles mögliche an Graffiti Kunst zu bieten also einfach mal vorbei kommen wir freuen uns :) ",
        "address": {
          "street": "Paradiesgasse",
          "number": "12",
          "postalcode": "60594",
          "city": "Frankfurt am Main",
          "district": "Frankfurt am Main Süd"
        },
        "hours": {
          "raw": "Mo-Th 12:00-00:00; Fr-Sa 12:00-05:00; Su 12:00-00:00"
        },
        "tags": [
          "innenraum",
          "eis",
          "kaffee",
          "mate",
          "musik",
          "sekt",
          "sitzgelegenheiten",
          "snacks",
          "wein",
          "longpapes",
          "applewoi",
          "chillout",
          "gemischte_tuete",
          "paketshop",
          "schnaps",
          "craft_bier",
          "flair"
        ],
        "sources": [
          {
            "type": "hopfenstop",
            "id": "4d7e2712-b795-45b1-b925-595c1143828b"
          }
        ],
        "created": "2026-05-19",
        "updated": "2026-05-19"
      }
    },
    {
      "type": "Feature",
      "geometry": {
        "type": "Point",
        "coordinates": [
          9.1385887,
          50.12826039999999
        ]
      },
      "properties": {
        "id": "tk_fr_1465",
        "name": "Neuseser Stubb",
        "description": "Mittelpunkt in Neuses",
        "address": {
          "street": "Kapellenstraße",
          "number": "1A",
          "postalcode": "63579",
          "city": "Freigericht",
          "district": "Neuses"
        },
        "hours": {
          "raw": "Mo-Sa 08:00-19:30; Su 10:00-19:00"
        },
        "sources": [
          {
            "type": "hopfenstop",
            "id": "b945c5fa-767b-4f86-b3c0-aade63fe3cf8"
          }
        ],
        "created": "2026-05-19",
        "updated": "2026-05-19"
      }
    },
    {
      "type": "Feature",
      "geometry": {
        "type": "Point",
        "coordinates": [
          9.138422799999999,
          50.1283598
        ]
      },
      "properties": {
        "id": "tk_fr_1466",
        "name": "Lydia Lui",
        "description": "Tpo",
        "address": {
          "street": "Hanauer Landstraße",
          "number": "2",
          "postalcode": "63579",
          "city": "Freigericht",
          "district": "Neuses"
        },
        "hours": {
          "raw": "Mo-Sa 08:00-19:00; Su 10:00-19:30"
        },
        "sources": [
          {
            "type": "hopfenstop",
            "id": "2a9cd323-cef1-4534-a603-e8089db52ec1"
          }
        ],
        "created": "2026-05-19",
        "updated": "2026-05-19"
      }
    },
    {
      "type": "Feature",
      "geometry": {
        "type": "Point",
        "coordinates": [
          8.9794976,
          50.5440425
        ]
      },
      "properties": {
        "id": "tk_fr_1470",
        "name": "Vesperhäuschen",
        "description": "Gourmet Tempel für Bierliebhaber\n\n",
        "address": {
          "street": "Dexionstraße",
          "number": "11",
          "postalcode": "35321",
          "city": "Laubach"
        },
        "hours": {
          "raw": "Mo-Su 09:00-05:00"
        },
        "tags": [
          "wc",
          "kaffee"
        ],
        "sources": [
          {
            "type": "hopfenstop",
            "id": "3ab4fccb-6b61-4865-9b42-66a3dbed61b6"
          }
        ],
        "created": "2026-05-19",
        "updated": "2026-05-19"
      }
    },
    {
      "type": "Feature",
      "geometry": {
        "type": "Point",
        "coordinates": [
          8.853080499999999,
          50.0723037
        ]
      },
      "properties": {
        "id": "tk_fr_1473",
        "name": "Bahnhofskiosk",
        "description": "Nette Lokalität direkt neben der S-Bahn Station ",
        "address": {
          "street": "Brühlstraße",
          "number": "6",
          "postalcode": "63179",
          "city": "Obertshausen"
        },
        "hours": {
          "raw": "Mo-Su 09:00-18:00"
        },
        "sources": [
          {
            "type": "hopfenstop",
            "id": "011e2921-c84c-4812-960a-2af1f62071ad"
          }
        ],
        "created": "2026-05-19",
        "updated": "2026-05-19"
      }
    },
    {
      "type": "Feature",
      "geometry": {
        "type": "Point",
        "coordinates": [
          8.8645648,
          50.0762162
        ]
      },
      "properties": {
        "id": "tk_fr_1478",
        "name": "Kreuzungskiosk",
        "description": "Gemütliches Kiosk mit schönem Ausblick ",
        "address": {
          "street": "Seligenstädter Straße",
          "number": "72",
          "postalcode": "63179",
          "city": "Obertshausen",
          "district": "Hausen"
        },
        "hours": {
          "raw": "Mo-Sa 07:00-18:00"
        },
        "tags": [
          "flair",
          "snacks"
        ],
        "sources": [
          {
            "type": "hopfenstop",
            "id": "c2b26042-3cca-4c4c-96e5-3c379cd1bd02"
          }
        ],
        "created": "2026-05-19",
        "updated": "2026-05-19"
      }
    },
    {
      "type": "Feature",
      "geometry": {
        "type": "Point",
        "coordinates": [
          8.2825983,
          50.08205359999999
        ]
      },
      "properties": {
        "id": "tk_fr_1518",
        "name": "Charly‘s Eat & Shop",
        "description": "Kiosk - Essen ",
        "address": {
          "street": "Schultheißstraße",
          "number": "23",
          "postalcode": "65191",
          "city": "Wiesbaden",
          "district": "Bierstadt"
        },
        "hours": {
          "raw": "Mo-Su 06:00-23:00"
        },
        "sources": [
          {
            "type": "hopfenstop",
            "id": "2d515ee6-1c97-470a-a893-4195bf151ab5"
          }
        ],
        "created": "2026-05-19",
        "updated": "2026-05-19"
      }
    },
    {
      "type": "Feature",
      "geometry": {
        "type": "Point",
        "coordinates": [
          8.7200858,
          50.1000435
        ]
      },
      "properties": {
        "id": "tk_fr_1522",
        "name": "Kiosk Internet Cafe",
        "description": "Kiosk mit shop",
        "address": {
          "street": "K816",
          "number": "298",
          "postalcode": "60599",
          "city": "Frankfurt am Main",
          "district": "Frankfurt am Main Süd"
        },
        "hours": {
          "raw": "Mo-Fr 15:30-20:00; Sa-Su 14:00-20:00"
        },
        "tags": [
          "applewoi",
          "innenraum",
          "wc",
          "kaffee",
          "wein",
          "ueberdacht",
          "snacks"
        ],
        "sources": [
          {
            "type": "hopfenstop",
            "id": "fe6db7a5-5936-4ed5-bdd1-55ca8c87a782"
          }
        ],
        "created": "2026-05-19",
        "updated": "2026-05-19"
      }
    },
    {
      "type": "Feature",
      "geometry": {
        "type": "Point",
        "coordinates": [
          8.688960699999999,
          50.1058105
        ]
      },
      "properties": {
        "id": "tk_fr_1523",
        "name": "Mainhattan Cafe Kiosk Sports",
        "description": "Kiosk mit integriertem Sport Kaffee. Drinnen gibt's Fernseher und Stehtische zum Fussball schauen.",
        "address": {
          "street": "Elisabethenstraße",
          "number": "10",
          "postalcode": "60594",
          "city": "Frankfurt am Main",
          "district": "Frankfurt am Main Süd"
        },
        "hours": {
          "raw": "Mo-Th 12:00-01:00; Fr-Sa 12:00-04:00; Su 12:00-01:00"
        },
        "tags": [
          "snacks",
          "kaffee",
          "innenraum",
          "ueberdacht",
          "applewoi",
          "mate"
        ],
        "sources": [
          {
            "type": "hopfenstop",
            "id": "e48d4b37-8916-4003-b335-a79ef5041f91"
          }
        ],
        "created": "2026-05-19",
        "updated": "2026-05-19"
      }
    },
    {
      "type": "Feature",
      "geometry": {
        "type": "Point",
        "coordinates": [
          8.688820399999999,
          50.1055833
        ]
      },
      "properties": {
        "id": "tk_fr_1524",
        "name": "Einkauf Kiosk Telekafe",
        "description": "Kiosk mit Shop. Neben Internet gibt's aus allerlei Klamotten.",
        "address": {
          "street": "Elisabethenstraße",
          "number": "19",
          "postalcode": "60594",
          "city": "Frankfurt am Main",
          "district": "Frankfurt am Main Süd"
        },
        "hours": {
          "raw": "Mo-Su 09:00-23:00"
        },
        "tags": [
          "innenraum",
          "kaffee",
          "sitzgelegenheiten",
          "gemischte_tuete",
          "longpapes",
          "snacks"
        ],
        "sources": [
          {
            "type": "hopfenstop",
            "id": "46ab0701-7237-4576-bcb6-29af081a043d"
          }
        ],
        "created": "2026-05-19",
        "updated": "2026-05-19"
      }
    },
    {
      "type": "Feature",
      "geometry": {
        "type": "Point",
        "coordinates": [
          8.6696174,
          50.1089949
        ]
      },
      "properties": {
        "id": "tk_fr_1535",
        "name": "Jaffna",
        "description": "Kleiner Shop mit allerlei Auswahl",
        "address": {
          "street": "Jürgen-Ponto-Platz",
          "number": "2",
          "postalcode": "60329",
          "city": "Frankfurt am Main",
          "district": "Innenstadt I"
        },
        "hours": {
          "raw": "Mo-Su 08:30-00:00"
        },
        "tags": [
          "kaffee",
          "snacks",
          "sekt",
          "schnaps",
          "wein",
          "innenraum",
          "mate",
          "applewoi"
        ],
        "sources": [
          {
            "type": "hopfenstop",
            "id": "fce2c94d-c426-468a-9bc7-edb216132b32"
          }
        ],
        "created": "2026-05-19",
        "updated": "2026-05-19"
      }
    },
    {
      "type": "Feature",
      "geometry": {
        "type": "Point",
        "coordinates": [
          8.919459999999999,
          50.1309794
        ]
      },
      "properties": {
        "id": "tk_fr_1540",
        "name": "Hanauer Kiosk ",
        "description": "Kiosk an der Ecke mit allerlei Sachen",
        "address": {
          "street": "Schützenstraße",
          "number": "16",
          "postalcode": "63450",
          "city": "Hanau"
        },
        "sources": [
          {
            "type": "hopfenstop",
            "id": "5338b6fa-75e0-4114-9713-d1e35af268e7"
          }
        ],
        "created": "2026-05-19",
        "updated": "2026-05-19"
      }
    },
    {
      "type": "Feature",
      "geometry": {
        "type": "Point",
        "coordinates": [
          8.918,
          50.13379
        ]
      },
      "properties": {
        "id": "tk_fr_1541",
        "name": "Kiosk 2 go",
        "description": "Kiosk in der Innenstadt mit Stehtischen draussen",
        "address": {
          "street": "Langstraße",
          "number": "37",
          "postalcode": "63450",
          "city": "Hanau"
        },
        "hours": {
          "raw": "Mo-Su 11:00-00:00"
        },
        "tags": [
          "stehtisch",
          "snacks",
          "longpapes",
          "kaffee",
          "sekt",
          "wein",
          "applewoi",
          "gemischte_tuete",
          "eis",
          "lotto"
        ],
        "sources": [
          {
            "type": "hopfenstop",
            "id": "741b2c0b-93ac-4bb9-8a11-b3088313b5b5"
          }
        ],
        "created": "2026-05-19",
        "updated": "2026-05-19"
      }
    },
    {
      "type": "Feature",
      "geometry": {
        "type": "Point",
        "coordinates": [
          8.9193414,
          50.1311264
        ]
      },
      "properties": {
        "id": "tk_fr_1542",
        "name": "Zum Yahya Kiosk-Trinkhalle",
        "description": "Trinkhalle mit Snacks und Bier. Gibt auch Desperados",
        "address": {
          "street": "Schnurstraße",
          "number": "10",
          "postalcode": "63450",
          "city": "Hanau"
        },
        "hours": {
          "raw": "Mo-Su 09:00-22:30"
        },
        "tags": [
          "snacks"
        ],
        "sources": [
          {
            "type": "hopfenstop",
            "id": "e1a5d081-6e9e-41f6-8f5e-a195ee0a1170"
          }
        ],
        "created": "2026-05-19",
        "updated": "2026-05-19"
      }
    },
    {
      "type": "Feature",
      "geometry": {
        "type": "Point",
        "coordinates": [
          8.279047499999999,
          49.9964871
        ]
      },
      "properties": {
        "id": "tk_fr_1543",
        "name": "Bringer mainz kiosk",
        "description": "Kiosk mit grosser Bierauswahl ",
        "address": {
          "street": "Rheinstraße",
          "number": "8",
          "postalcode": "55116",
          "city": "Mainz"
        },
        "hours": {
          "raw": "Mo-Th 10:00-22:00; Fr-Sa 10:00-23:00; Su 10:00-18:00"
        },
        "tags": [
          "mate",
          "gemischte_tuete",
          "schnaps"
        ],
        "sources": [
          {
            "type": "hopfenstop",
            "id": "94c4b255-3c5b-4ba1-8be5-15bb93376f76"
          }
        ],
        "created": "2026-05-19",
        "updated": "2026-05-19"
      }
    },
    {
      "type": "Feature",
      "geometry": {
        "type": "Point",
        "coordinates": [
          8.2735301,
          49.9975684
        ]
      },
      "properties": {
        "id": "tk_fr_1544",
        "name": "Adams Kiosk",
        "description": "Kiosk mit Wein Chips und Mehr",
        "address": {
          "street": "Augustinerstraße",
          "number": "73",
          "postalcode": "55116",
          "city": "Mainz"
        },
        "hours": {
          "raw": "Mo-Su 09:00-22:00"
        },
        "tags": [
          "wein",
          "barrierefrei",
          "craft_bier",
          "fritz_kola",
          "kaffee",
          "schnaps"
        ],
        "sources": [
          {
            "type": "hopfenstop",
            "id": "8fee23b8-3397-475d-9123-3fc1d4aec889"
          }
        ],
        "created": "2026-05-19",
        "updated": "2026-05-19"
      }
    },
    {
      "type": "Feature",
      "geometry": {
        "type": "Point",
        "coordinates": [
          8.2786379,
          49.9947179
        ]
      },
      "properties": {
        "id": "tk_fr_1545",
        "name": "Kiosk",
        "description": "Kiosk mit Stehtisch und Kaffee",
        "address": {
          "street": "Neutorstraße",
          "number": "6",
          "postalcode": "55116",
          "city": "Mainz"
        },
        "tags": [
          "stehtisch",
          "gemischte_tuete"
        ],
        "sources": [
          {
            "type": "hopfenstop",
            "id": "b46a39b9-34f7-4643-b908-aa52f491362e"
          }
        ],
        "created": "2026-05-19",
        "updated": "2026-05-19"
      }
    },
    {
      "type": "Feature",
      "geometry": {
        "type": "Point",
        "coordinates": [
          8.945580699999999,
          50.10365609999999
        ]
      },
      "properties": {
        "id": "tk_fr_1546",
        "name": "Trinkhalle",
        "description": "Schöne Trinkhalle mit Stehtisch draussen.",
        "address": {
          "street": "Rochusplatz",
          "number": "11",
          "postalcode": "63457",
          "city": "Hanau",
          "district": "Großauheim"
        },
        "hours": {
          "raw": "Mo-Fr 16:00-23:00; Sa-Su 09:00-23:00"
        },
        "tags": [
          "sitzgelegenheiten",
          "innenraum",
          "sonne",
          "stehtisch"
        ],
        "sources": [
          {
            "type": "hopfenstop",
            "id": "99178a2d-4cf4-447e-8b94-f062ab8be772"
          }
        ],
        "created": "2026-05-19",
        "updated": "2026-05-19"
      }
    },
    {
      "type": "Feature",
      "geometry": {
        "type": "Point",
        "coordinates": [
          8.942177599999999,
          50.1061864
        ]
      },
      "properties": {
        "id": "tk_fr_1547",
        "name": "Bei Lissy",
        "description": "Kiosk so ziemlich allem",
        "address": {
          "street": "Hauptstraße",
          "number": "31",
          "postalcode": "63457",
          "city": "Hanau",
          "district": "Großauheim"
        },
        "tags": [
          "eis",
          "kaffee",
          "wein",
          "snacks",
          "sekt"
        ],
        "sources": [
          {
            "type": "hopfenstop",
            "id": "bb01bf39-ca3d-4440-aba0-b0bba594824b"
          }
        ],
        "created": "2026-05-19",
        "updated": "2026-05-19"
      }
    },
    {
      "type": "Feature",
      "geometry": {
        "type": "Point",
        "coordinates": [
          8.6247884,
          50.1073141
        ]
      },
      "properties": {
        "id": "tk_fr_1548",
        "name": "Multi Shop",
        "description": "Kiosk",
        "address": {
          "street": "Europa-Allee",
          "number": "163",
          "postalcode": "60486",
          "city": "Frankfurt am Main",
          "district": "Innenstadt I"
        },
        "tags": [
          "wein",
          "applewoi",
          "innenraum",
          "snacks",
          "barrierefrei"
        ],
        "sources": [
          {
            "type": "hopfenstop",
            "id": "8b26476b-e28f-448e-b828-bc010e528388"
          }
        ],
        "created": "2026-05-19",
        "updated": "2026-05-19"
      }
    },
    {
      "type": "Feature",
      "geometry": {
        "type": "Point",
        "coordinates": [
          8.70439,
          50.11771
        ]
      },
      "properties": {
        "id": "tk_fr_1558",
        "name": "Kiosk Imbiss am Zoo",
        "description": "Getränke, Eis, Tabakwaren und natürlich Sprit am Frankfurter Zoo",
        "address": {
          "street": "Waldschmidtstraße",
          "number": "67",
          "postalcode": "60316",
          "city": "Frankfurt am Main",
          "district": "Bornheim/Ostend"
        },
        "hours": {
          "raw": "Mo-Fr 07:00-22:00"
        },
        "tags": [
          "eis",
          "wc",
          "gemischte_tuete",
          "innenraum",
          "sekt",
          "snacks",
          "wein",
          "applewoi",
          "musik",
          "kuchen",
          "sonne",
          "mate",
          "sitzgelegenheiten",
          "kaffee",
          "lotto"
        ],
        "sources": [
          {
            "type": "hopfenstop",
            "id": "f02f0b22-38e1-4540-b781-c43702550eb5"
          }
        ],
        "created": "2026-05-19",
        "updated": "2026-05-19"
      }
    },
    {
      "type": "Feature",
      "geometry": {
        "type": "Point",
        "coordinates": [
          8.6602403,
          49.8828971
        ]
      },
      "properties": {
        "id": "tk_fr_1559",
        "name": "Trinkhalle",
        "description": "Trinkhallen Kiosk am Rhönring",
        "address": {
          "street": "Rhönring",
          "number": "1",
          "postalcode": "64289",
          "city": "Darmstadt",
          "district": "Darmstadt-Nord"
        },
        "tags": [
          "wc"
        ],
        "sources": [
          {
            "type": "hopfenstop",
            "id": "effd1dbd-3586-4c3d-927b-e38865ba03a0"
          }
        ],
        "created": "2026-05-19",
        "updated": "2026-05-19"
      }
    },
    {
      "type": "Feature",
      "geometry": {
        "type": "Point",
        "coordinates": [
          8.6617027,
          49.8775076
        ]
      },
      "properties": {
        "id": "tk_fr_1560",
        "name": "Alaras I",
        "description": "Super Kiosk am Kopernikus-Platz",
        "address": {
          "street": "Heinheimer Straße",
          "number": "13",
          "postalcode": "64289",
          "city": "Darmstadt",
          "district": "Darmstadt-Nord"
        },
        "tags": [
          "gemischte_tuete",
          "schnaps",
          "gemuetlich",
          "sitzgelegenheiten"
        ],
        "sources": [
          {
            "type": "hopfenstop",
            "id": "98872c1d-fa80-47e1-b4dc-8618c5f5b87d"
          }
        ],
        "created": "2026-05-19",
        "updated": "2026-05-19"
      }
    },
    {
      "type": "Feature",
      "geometry": {
        "type": "Point",
        "coordinates": [
          8.6702389,
          50.1215217
        ]
      },
      "properties": {
        "id": "tk_fr_1561",
        "name": "Arens Shop",
        "description": "Kiosk mit Zeitschriften direkt an der Ecke ",
        "address": {
          "street": "Reuterweg",
          "number": "69",
          "postalcode": "60323",
          "city": "Frankfurt am Main",
          "district": "Innenstadt"
        },
        "hours": {
          "raw": "Mo-Sa 10:00-20:00"
        },
        "tags": [
          "postkarten",
          "rubbellose",
          "zeitschriften",
          "eis",
          "lotto",
          "paketshop",
          "wein",
          "sekt",
          "schnaps",
          "kaffee",
          "fritz_kola",
          "mate",
          "gemischte_tuete",
          "innenraum",
          "musik",
          "applewoi"
        ],
        "sources": [
          {
            "type": "hopfenstop",
            "id": "c1394310-2a08-463e-9c12-f6e120b75dc3"
          }
        ],
        "created": "2026-05-19",
        "updated": "2026-05-19"
      }
    },
    {
      "type": "Feature",
      "geometry": {
        "type": "Point",
        "coordinates": [
          8.6026925,
          50.10386219999999
        ]
      },
      "properties": {
        "id": "tk_fr_1562",
        "name": "Kiosk Emmerich ",
        "description": "Kleiner aber feiner Kiosk an der Ecke Waldschul Straße - Cuxhavenerstraße hat neben den üblichen Bier und Schnapssorten auch diverse polnische Bier und Schnapssorten im Sortiment ",
        "address": {
          "street": "Waldschulstraße",
          "number": "118",
          "postalcode": "65933",
          "city": "Frankfurt am Main",
          "district": "Frankfurt am Main West"
        },
        "hours": {
          "raw": "Mo-Sa 05:45-22:00; Su 10:00-20:00"
        },
        "tags": [
          "paketshop",
          "innenraum",
          "rubbellose",
          "stehtisch",
          "zeitschriften",
          "applewoi",
          "eis",
          "postkarten",
          "lotto",
          "kaffee",
          "gemischte_tuete",
          "snacks",
          "schnaps",
          "backwaren",
          "gemuetlich",
          "flair",
          "sitzgelegenheiten",
          "longpapes",
          "ueberdacht",
          "wc",
          "mate",
          "fritz_kola"
        ],
        "sources": [
          {
            "type": "hopfenstop",
            "id": "6a400b25-dc59-457a-91a5-d8ccf7b162b5"
          }
        ],
        "created": "2026-05-19",
        "updated": "2026-05-19"
      }
    },
    {
      "type": "Feature",
      "geometry": {
        "type": "Point",
        "coordinates": [
          7.9214051,
          49.9792542
        ]
      },
      "properties": {
        "id": "tk_fr_1563",
        "name": "Snacks to Go",
        "description": "Kiosk mit Bratwurst, Frikadellenbrötchen, Schnitzel und anderen Snacks",
        "address": {
          "street": "Oberstraße",
          "number": "32",
          "postalcode": "65385",
          "city": "Rüdesheim am Rhein"
        },
        "tags": [
          "snacks",
          "gemischte_tuete",
          "applewoi",
          "wc",
          "eis"
        ],
        "sources": [
          {
            "type": "hopfenstop",
            "id": "ce01a58a-a42d-4ca0-914e-9ffc578c8300"
          }
        ],
        "created": "2026-05-19",
        "updated": "2026-05-19"
      }
    },
    {
      "type": "Feature",
      "geometry": {
        "type": "Point",
        "coordinates": [
          8.706508099999999,
          50.12530049999999
        ]
      },
      "properties": {
        "id": "tk_fr_1564",
        "name": "Kiosk Zadran",
        "description": "Mischung aus Call shop und Kiosk mitten in Bornheim. ",
        "address": {
          "street": "Berger Straße",
          "number": "188-190",
          "postalcode": "60385",
          "city": "Frankfurt am Main",
          "district": "Innenstadt"
        },
        "hours": {
          "raw": "Mo-Sa 09:00-22:00"
        },
        "tags": [
          "eis",
          "longpapes",
          "gemischte_tuete"
        ],
        "sources": [
          {
            "type": "hopfenstop",
            "id": "5221f777-25b0-47f1-baac-fc686834a088"
          }
        ],
        "created": "2026-05-19",
        "updated": "2026-05-19"
      }
    },
    {
      "type": "Feature",
      "geometry": {
        "type": "Point",
        "coordinates": [
          8.6721189,
          50.08954970000001
        ]
      },
      "properties": {
        "id": "tk_fr_1565",
        "name": "Winter's Laden",
        "description": "Kiosk mit Tischen im Schatten draussen direkt an der Stresemannalle gelegen. Umgeben von Döner ist immer ein Snack in Reichweite ",
        "address": {
          "street": "Mörfelder Landstraße",
          "number": "225",
          "postalcode": "60598",
          "city": "Frankfurt am Main",
          "district": "Frankfurt am Main Süd"
        },
        "hours": {
          "raw": "Mo-Fr 07:30-18:30; Sa 08:00-14:00"
        },
        "tags": [
          "sitzgelegenheiten",
          "lotto",
          "zeitschriften",
          "ueberdacht",
          "stehtisch",
          "paketshop",
          "postkarten",
          "gemuetlich",
          "kaffee"
        ],
        "sources": [
          {
            "type": "hopfenstop",
            "id": "450960ce-4837-4c4d-a6c9-32f0a5a7b438"
          }
        ],
        "created": "2026-05-19",
        "updated": "2026-05-19"
      }
    },
    {
      "type": "Feature",
      "geometry": {
        "type": "Point",
        "coordinates": [
          8.696716499999999,
          50.1206216
        ]
      },
      "properties": {
        "id": "tk_fr_1566",
        "name": "Tabakshop Merianplatz",
        "description": "Kiosk",
        "address": {
          "street": "Berger Straße",
          "number": "54",
          "postalcode": "60316",
          "city": "Frankfurt am Main",
          "district": "Innenstadt I"
        },
        "hours": {
          "raw": "Mo-Su 08:00-22:00"
        },
        "tags": [
          "eis",
          "mate",
          "fritz_kola",
          "applewoi",
          "postkarten",
          "lotto",
          "zeitschriften",
          "kaffee",
          "craft_bier",
          "innenraum",
          "wein"
        ],
        "sources": [
          {
            "type": "hopfenstop",
            "id": "b7ac4143-57ca-42cd-97ee-ed89dd8bb5a8"
          }
        ],
        "created": "2026-05-19",
        "updated": "2026-05-19"
      }
    },
    {
      "type": "Feature",
      "geometry": {
        "type": "Point",
        "coordinates": [
          8.63654,
          50.12366
        ]
      },
      "properties": {
        "id": "tk_fr_1567",
        "name": "A.R.S Kiosk",
        "description": "Neueröffnung mit Zeitschriften und Tabakwaren",
        "address": {
          "street": "Schloßstraße",
          "number": "7",
          "postalcode": "60486",
          "city": "Frankfurt am Main",
          "district": "Bockenheim"
        },
        "hours": {
          "raw": "Mo-Fr 07:00-22:00; Sa 08:00-22:00; Su 09:00-22:00"
        },
        "tags": [
          "lotto",
          "zeitschriften",
          "gemischte_tuete",
          "klassiker",
          "paketshop"
        ],
        "sources": [
          {
            "type": "hopfenstop",
            "id": "01853d3d-b00c-4052-ba26-e930d6f5d94d"
          }
        ],
        "created": "2026-05-19",
        "updated": "2026-05-19"
      }
    },
    {
      "type": "Feature",
      "geometry": {
        "type": "Point",
        "coordinates": [
          8.664117,
          50.1044275
        ]
      },
      "properties": {
        "id": "tk_fr_1568",
        "name": "Metro Kiosk",
        "description": "Neueröffnung mit Kaffee to go",
        "address": {
          "street": "Karlsruher Straße",
          "number": "6",
          "postalcode": "60329",
          "city": "Frankfurt am Main",
          "district": "Innenstadt I"
        },
        "tags": [
          "kaffee"
        ],
        "sources": [
          {
            "type": "hopfenstop",
            "id": "b8a1c5d5-ba03-467b-99d7-f5cb1b5dd767"
          }
        ],
        "created": "2026-05-19",
        "updated": "2026-05-19"
      }
    },
    {
      "type": "Feature",
      "geometry": {
        "type": "Point",
        "coordinates": [
          8.9502866,
          50.1040605
        ]
      },
      "properties": {
        "id": "tk_fr_1571",
        "name": "Kiosk/Trinkhalle Gör ",
        "description": "Zigaretten, Zeitschriften, Spirituosen, Kaffee, Brötchen, Süßwaren, kalte Getränke. ",
        "address": {
          "street": "Rochusstraße",
          "number": "36",
          "postalcode": "63457",
          "city": "Hanau",
          "district": "Großauheim"
        },
        "hours": {
          "raw": "Mo-Su 06:00-21:00"
        },
        "tags": [
          "paketshop",
          "kaffee",
          "zeitschriften"
        ],
        "sources": [
          {
            "type": "hopfenstop",
            "id": "8cf2fdbf-5c40-4eb7-b96a-ac8828fb6cec"
          }
        ],
        "created": "2026-05-19",
        "updated": "2026-05-19"
      }
    },
    {
      "type": "Feature",
      "geometry": {
        "type": "Point",
        "coordinates": [
          8.6674513,
          50.1318979
        ]
      },
      "properties": {
        "id": "tk_fr_1577",
        "name": "Kallekiosk ",
        "description": "Gemütlicher, Inhaber geführter Kiosk, aber strange Öffnungszeiten ",
        "address": {
          "street": "Kallestraße",
          "number": "2",
          "postalcode": "60320",
          "city": "Frankfurt am Main",
          "district": "Innenstadt II"
        },
        "hours": {
          "raw": "Sa 15:30-18:30"
        },
        "tags": [
          "wc"
        ],
        "sources": [
          {
            "type": "hopfenstop",
            "id": "d622fa18-df57-4d13-95ba-ed3a1b10c999"
          }
        ],
        "created": "2026-05-19",
        "updated": "2026-05-19"
      }
    },
    {
      "type": "Feature",
      "geometry": {
        "type": "Point",
        "coordinates": [
          8.6779551,
          50.113184
        ]
      },
      "properties": {
        "id": "tk_fr_1578",
        "name": "Meistersfood",
        "description": "Spätverkauf,  größte Biersortiment, Softgetranke, Snacks",
        "address": {
          "street": "An der Hauptwache",
          "number": "3",
          "postalcode": "60313",
          "city": "Frankfurt am Main",
          "district": "Innenstadt I"
        },
        "hours": {
          "raw": "Mo-Th 08:00-00:00; Fr-Sa 08:00-01:00; Su 09:00-00:00"
        },
        "tags": [
          "craft_bier",
          "sekt",
          "schnaps",
          "ueberdacht",
          "applewoi",
          "snacks",
          "kaffee"
        ],
        "sources": [
          {
            "type": "hopfenstop",
            "id": "1095c7b4-c63f-470a-80ed-37929c44e497"
          }
        ],
        "created": "2026-05-19",
        "updated": "2026-05-19"
      }
    },
    {
      "type": "Feature",
      "geometry": {
        "type": "Point",
        "coordinates": [
          8.689644999999999,
          50.1246738
        ]
      },
      "properties": {
        "id": "tk_fr_1579",
        "name": "Kiosk Lenaustraße",
        "description": "Kiosk mit Paketshop ",
        "address": {
          "street": "Lenaustraße",
          "number": "38",
          "postalcode": "60318",
          "city": "Frankfurt am Main",
          "district": "Innenstadt III"
        },
        "tags": [
          "eis",
          "paketshop",
          "lotto",
          "rubbellose",
          "wc",
          "snacks",
          "applewoi"
        ],
        "sources": [
          {
            "type": "hopfenstop",
            "id": "d32b388d-c6fe-4857-be16-0a5937cacea4"
          }
        ],
        "created": "2026-05-19",
        "updated": "2026-05-19"
      }
    },
    {
      "type": "Feature",
      "geometry": {
        "type": "Point",
        "coordinates": [
          8.6385613,
          50.08466319999999
        ]
      },
      "properties": {
        "id": "tk_fr_1584",
        "name": "Melibocus 33",
        "description": "Bierdurst",
        "address": {
          "street": "Melibocusstraße",
          "number": "33",
          "postalcode": "60528",
          "city": "Frankfurt am Main",
          "district": "Frankfurt am Main Süd"
        },
        "sources": [
          {
            "type": "hopfenstop",
            "id": "6edb900d-3fc5-4e9e-905f-99d00c04eee2"
          }
        ],
        "created": "2026-05-19",
        "updated": "2026-05-19"
      }
    },
    {
      "type": "Feature",
      "geometry": {
        "type": "Point",
        "coordinates": [
          8.056763499999999,
          50.3899067
        ]
      },
      "properties": {
        "id": "tk_fr_1585",
        "name": "City Kiosk",
        "description": "Hier gibt’s alles, vor allem lecker Bierchen!",
        "address": {
          "street": "Ste.-Foy-Straße",
          "number": "20",
          "postalcode": "65549",
          "city": "Limburg an der Lahn"
        },
        "tags": [
          "barrierefrei",
          "craft_bier",
          "eis",
          "innenraum",
          "kuchen",
          "paketshop",
          "schnaps",
          "sekt",
          "snacks",
          "ueberdacht"
        ],
        "sources": [
          {
            "type": "hopfenstop",
            "id": "0ff6be77-3c55-4f0b-9ed3-7748e972ffc9"
          }
        ],
        "created": "2026-05-19",
        "updated": "2026-05-19"
      }
    },
    {
      "type": "Feature",
      "geometry": {
        "type": "Point",
        "coordinates": [
          8.0633314,
          50.3876721
        ]
      },
      "properties": {
        "id": "tk_fr_1590",
        "name": "TipWin Kiosk",
        "description": "Vieles bis alles hier!",
        "address": {
          "street": "Grabenstraße",
          "number": "43A",
          "postalcode": "65549",
          "city": "Limburg an der Lahn"
        },
        "hours": {
          "raw": "Mo-Su 10:00-22:00"
        },
        "sources": [
          {
            "type": "hopfenstop",
            "id": "6a4a2f36-b1dc-4362-98e6-b705c162908d"
          }
        ],
        "created": "2026-05-19",
        "updated": "2026-05-19"
      }
    },
    {
      "type": "Feature",
      "geometry": {
        "type": "Point",
        "coordinates": [
          8.064427,
          50.3879321
        ]
      },
      "properties": {
        "id": "tk_fr_1591",
        "name": "Altstadt Kiosk",
        "description": "Alles da!",
        "address": {
          "street": "Kornmarkt",
          "number": "2",
          "postalcode": "65549",
          "city": "Limburg an der Lahn"
        },
        "hours": {
          "raw": "Mo-Sa 07:15-16:00"
        },
        "sources": [
          {
            "type": "hopfenstop",
            "id": "746ca6ea-f979-4d02-98ce-b3bf85730648"
          }
        ],
        "created": "2026-05-19",
        "updated": "2026-05-19"
      }
    },
    {
      "type": "Feature",
      "geometry": {
        "type": "Point",
        "coordinates": [
          8.0638316,
          50.3857678
        ]
      },
      "properties": {
        "id": "tk_fr_1592",
        "name": "Kiosk am Neumarkt",
        "description": "Lotto, Bier und mehr",
        "address": {
          "street": "Neumarkt",
          "number": "2",
          "postalcode": "65549",
          "city": "Limburg an der Lahn"
        },
        "tags": [
          "lotto",
          "wc",
          "innenraum",
          "zeitschriften"
        ],
        "sources": [
          {
            "type": "hopfenstop",
            "id": "e261babe-5676-4f00-ac62-b81636982bd1"
          }
        ],
        "created": "2026-05-19",
        "updated": "2026-05-19"
      }
    },
    {
      "type": "Feature",
      "geometry": {
        "type": "Point",
        "coordinates": [
          8.6923114,
          50.1204008
        ]
      },
      "properties": {
        "id": "tk_fr_1597",
        "name": "Einkaufskiosk",
        "description": "Sitzgelegenheiten, Suff, kippenautomat, knusperspaß, angeblich sky",
        "address": {
          "street": "Baumweg",
          "number": "57",
          "postalcode": "60316",
          "city": "Frankfurt am Main",
          "district": "Innenstadt III"
        },
        "hours": {
          "raw": "Mo-Su 10:00-20:00"
        },
        "tags": [
          "sitzgelegenheiten",
          "snacks"
        ],
        "sources": [
          {
            "type": "hopfenstop",
            "id": "ed6aba32-849d-465f-83e4-cb20b8f2d800"
          }
        ],
        "created": "2026-05-19",
        "updated": "2026-05-19"
      }
    },
    {
      "type": "Feature",
      "geometry": {
        "type": "Point",
        "coordinates": [
          8.6835182,
          50.11976689999999
        ]
      },
      "properties": {
        "id": "tk_fr_1600",
        "name": "Einkaufskiosk Schleidenstraße 12",
        "description": "Etwas versteckt, aber wer suchet der findet: schönes Einkaufskiosk mit Bier Schnaps und einer famosen Auswahl für die gemischte Tüte",
        "address": {
          "street": "Schleidenstraße",
          "number": "12",
          "postalcode": "60318",
          "city": "Frankfurt am Main",
          "district": "Innenstadt III"
        },
        "hours": {
          "raw": "Mo-Fr 08:00-23:00; Sa-Su 09:00-23:00"
        },
        "tags": [
          "innenraum",
          "lotto",
          "kaffee",
          "sitzgelegenheiten",
          "snacks",
          "flair",
          "ueberdacht",
          "gemischte_tuete",
          "applewoi",
          "sekt",
          "eis",
          "schnaps",
          "stehtisch"
        ],
        "sources": [
          {
            "type": "hopfenstop",
            "id": "933e36b6-84f4-4ae9-b97a-fd6aa0fac07d"
          }
        ],
        "created": "2026-05-19",
        "updated": "2026-05-19"
      }
    },
    {
      "type": "Feature",
      "geometry": {
        "type": "Point",
        "coordinates": [
          8.7001553,
          50.12130790000001
        ]
      },
      "properties": {
        "id": "tk_fr_1602",
        "name": "Kiosk 121",
        "description": "Kiosk im Sandweg gut Sortiert.",
        "address": {
          "street": "Sandweg",
          "number": "121",
          "postalcode": "60316",
          "city": "Frankfurt am Main",
          "district": "Innenstadt I"
        },
        "tags": [
          "eis",
          "gemischte_tuete",
          "sekt",
          "applewoi",
          "wein",
          "craft_bier",
          "ueberdacht",
          "wc",
          "kaffee",
          "kuchen",
          "mate",
          "musik",
          "sitzgelegenheiten",
          "snacks",
          "sonne",
          "paketshop",
          "gemuetlich",
          "flair",
          "schnaps",
          "stehtisch",
          "zeitschriften"
        ],
        "sources": [
          {
            "type": "hopfenstop",
            "id": "4e310fbe-8715-4733-a7c3-5c01063e956c"
          }
        ],
        "created": "2026-05-19",
        "updated": "2026-05-19"
      }
    },
    {
      "type": "Feature",
      "geometry": {
        "type": "Point",
        "coordinates": [
          8.6986166,
          50.1129456
        ]
      },
      "properties": {
        "id": "tk_fr_1603",
        "name": "Kiosk Ostend",
        "description": "Kleiner Kiosk, nur für eingefleischte Fans ... Oder Familie",
        "address": {
          "street": "Hanauer Landstraße",
          "number": "30",
          "postalcode": "60314",
          "city": "Frankfurt am Main",
          "district": "Bornheim/Ostend"
        },
        "hours": {
          "raw": "Mo-Fr 10:00-18:00"
        },
        "tags": [
          "innenraum",
          "kaffee",
          "wein",
          "applewoi",
          "ueberdacht",
          "gemischte_tuete"
        ],
        "sources": [
          {
            "type": "hopfenstop",
            "id": "f311359c-0459-4d26-b142-7ed30d3710da"
          }
        ],
        "created": "2026-05-19",
        "updated": "2026-05-19"
      }
    },
    {
      "type": "Feature",
      "geometry": {
        "type": "Point",
        "coordinates": [
          8.765185599999999,
          50.1055001
        ]
      },
      "properties": {
        "id": "tk_fr_1612",
        "name": "Steh-Café",
        "description": "24-Stunden Kiosk an der S-Bahnhaltestelle Offenbach Marktplatz.",
        "address": {
          "street": "Berliner Straße",
          "number": "45",
          "postalcode": "63065",
          "city": "Offenbach am Main",
          "district": "Frankfurt am Main Ost"
        },
        "hours": {
          "raw": "Mo-Su 00:00-23:59"
        },
        "tags": [
          "innenraum",
          "kaffee",
          "mate",
          "snacks",
          "applewoi",
          "sekt",
          "backwaren",
          "stehtisch",
          "ueberdacht",
          "zeitschriften",
          "rubbellose",
          "eis",
          "longpapes"
        ],
        "sources": [
          {
            "type": "hopfenstop",
            "id": "14e00082-6fd2-4378-b12d-103deca077ca"
          }
        ],
        "created": "2026-05-19",
        "updated": "2026-05-19"
      }
    },
    {
      "type": "Feature",
      "geometry": {
        "type": "Point",
        "coordinates": [
          8.6498613,
          50.1058067
        ]
      },
      "properties": {
        "id": "tk_fr_1618",
        "name": "Kabil Kiosk",
        "description": "Kiosk zwischen Messe und Gallus mit allerlei Auswahl.",
        "address": {
          "street": "Speyerer Straße",
          "number": "5-7",
          "postalcode": "60327",
          "city": "Frankfurt am Main",
          "district": "Innenstadt I"
        },
        "tags": [
          "applewoi",
          "kaffee",
          "longpapes",
          "schnaps",
          "sekt",
          "wein",
          "mate",
          "milch",
          "innenraum",
          "klassiker",
          "ueberdacht",
          "snacks",
          "sonne",
          "gemischte_tuete"
        ],
        "sources": [
          {
            "type": "hopfenstop",
            "id": "5ec6a73a-3833-4cab-a6a5-4685274e3442"
          }
        ],
        "created": "2026-05-19",
        "updated": "2026-05-19"
      }
    },
    {
      "type": "Feature",
      "geometry": {
        "type": "Point",
        "coordinates": [
          8.238122299999999,
          50.0879736
        ]
      },
      "properties": {
        "id": "tk_fr_1619",
        "name": "Kiosk am Äquator",
        "description": "Allerlei Köstlichkeiten",
        "address": {
          "street": "Röderstraße",
          "number": "31",
          "postalcode": "65183",
          "city": "Wiesbaden"
        },
        "sources": [
          {
            "type": "hopfenstop",
            "id": "1d2d8627-a385-4741-a57d-46d347351772"
          }
        ],
        "created": "2026-05-19",
        "updated": "2026-05-19"
      }
    },
    {
      "type": "Feature",
      "geometry": {
        "type": "Point",
        "coordinates": [
          8.8671121,
          50.0020891
        ]
      },
      "properties": {
        "id": "tk_fr_1620",
        "name": "Rodgau Kiosk",
        "description": "Einkaufskiosk",
        "address": {
          "street": "Heidelberger Straße",
          "number": "5",
          "postalcode": "63110",
          "city": "Rodgau",
          "district": "Nieder-Roden"
        },
        "hours": {
          "raw": "Mo-Su 07:00-00:00"
        },
        "tags": [
          "wc"
        ],
        "sources": [
          {
            "type": "hopfenstop",
            "id": "29d3987b-c363-43a4-81a9-54fa42435116"
          }
        ],
        "created": "2026-05-19",
        "updated": "2026-05-19"
      }
    },
    {
      "type": "Feature",
      "geometry": {
        "type": "Point",
        "coordinates": [
          8.0741891,
          50.1435129
        ]
      },
      "properties": {
        "id": "tk_fr_1623",
        "name": "Kiosk Namaste",
        "description": "Yes",
        "address": {
          "street": "Adolfstraße",
          "number": "88",
          "postalcode": "65307",
          "city": "Bad Schwalbach"
        },
        "sources": [
          {
            "type": "hopfenstop",
            "id": "bf6c02b6-3313-48a2-bfda-9f24dd5de2f5"
          }
        ],
        "created": "2026-05-19",
        "updated": "2026-05-19"
      }
    },
    {
      "type": "Feature",
      "geometry": {
        "type": "Point",
        "coordinates": [
          8.6918294,
          50.1114331
        ]
      },
      "properties": {
        "id": "tk_fr_1624",
        "name": "Kiosk Skyline",
        "description": "Kiosk in der Nähe vom Hospital Heiligengeist",
        "address": {
          "street": "Rechneigrabenstraße",
          "number": "10",
          "postalcode": "60311",
          "city": "Frankfurt am Main",
          "district": "Innenstadt I"
        },
        "tags": [
          "mate",
          "gemischte_tuete",
          "snacks",
          "sonne",
          "zeitschriften",
          "longpapes",
          "sitzgelegenheiten",
          "applewoi",
          "craft_bier",
          "wc",
          "eis",
          "innenraum",
          "kaffee",
          "ueberdacht",
          "wein",
          "sekt",
          "fritz_kola",
          "stehtisch"
        ],
        "sources": [
          {
            "type": "hopfenstop",
            "id": "92ffaf37-f12a-43e6-b518-3062c188fbc0"
          }
        ],
        "created": "2026-05-19",
        "updated": "2026-05-19"
      }
    },
    {
      "type": "Feature",
      "geometry": {
        "type": "Point",
        "coordinates": [
          8.5709659,
          50.0987234
        ]
      },
      "properties": {
        "id": "tk_fr_1629",
        "name": "Am Treppchen ",
        "description": "Kleiner Kiosk direkt an der Mainzer Landstraße es gibt die üblichen Biersorten und drinnen gibt es eine kleine Sitzecke. Man kann allerdings bei gutem Wetter leider nicht draußen sitzen bzw stehen, da der Kiosk direkt an der Mainzer liegt. ",
        "address": {
          "street": "Am Mainplacken",
          "number": "1",
          "postalcode": "65934",
          "city": "Frankfurt am Main",
          "district": "Frankfurt am Main West"
        },
        "hours": {
          "raw": "Mo 07:00-13:00; Tu-Sa 15:00-23:00; Su 08:00-23:00"
        },
        "tags": [
          "applewoi",
          "zeitschriften",
          "schnaps",
          "innenraum",
          "wc"
        ],
        "sources": [
          {
            "type": "hopfenstop",
            "id": "096a0af4-0083-4613-92c5-1d6af14b6fe7"
          }
        ],
        "created": "2026-05-19",
        "updated": "2026-05-19"
      }
    },
    {
      "type": "Feature",
      "geometry": {
        "type": "Point",
        "coordinates": [
          8.5637195,
          50.1398356
        ]
      },
      "properties": {
        "id": "tk_fr_1630",
        "name": "Der Zeitungsladen ",
        "description": "Kleiner Kiosk in Eschborn in der Berlinerstraße ",
        "address": {
          "street": "Berliner Straße",
          "number": "19",
          "postalcode": "65760",
          "city": "Eschborn"
        },
        "hours": {
          "raw": "Mo-Fr 06:30-18:30; Sa 06:30-15:30"
        },
        "sources": [
          {
            "type": "hopfenstop",
            "id": "7515d5cd-c268-48e5-82f7-c2fdfb91b512"
          }
        ],
        "created": "2026-05-19",
        "updated": "2026-05-19"
      }
    },
    {
      "type": "Feature",
      "geometry": {
        "type": "Point",
        "coordinates": [
          8.536166,
          50.1145427
        ]
      },
      "properties": {
        "id": "tk_fr_1631",
        "name": "Kiosk Engelsruhe ",
        "description": "Kleiner Kiosk in der Straße Engelsruhe in Frankfurt Höchst. Liegt direkt zwischen zwei Garagen. ",
        "address": {
          "street": "Engelsruhe",
          "number": "12",
          "postalcode": "65929",
          "city": "Frankfurt am Main",
          "district": "Frankfurt am Main West"
        },
        "sources": [
          {
            "type": "hopfenstop",
            "id": "73229552-8071-4810-b5f8-0fa3b6cc3ba9"
          }
        ],
        "created": "2026-05-19",
        "updated": "2026-05-19"
      }
    },
    {
      "type": "Feature",
      "geometry": {
        "type": "Point",
        "coordinates": [
          8.6068987,
          50.0936792
        ]
      },
      "properties": {
        "id": "tk_fr_1632",
        "name": "DHL Shop Griesheim ",
        "description": "Eigentlich ein DHL Shop hat aber auch ein gutes Biersortiment im Angebot sehr ausgefallene Sorten.",
        "address": {
          "street": "Alte Falterstraße",
          "number": "24",
          "postalcode": "65933",
          "city": "Frankfurt am Main",
          "district": "Frankfurt am Main West"
        },
        "tags": [
          "craft_bier",
          "applewoi",
          "paketshop"
        ],
        "sources": [
          {
            "type": "hopfenstop",
            "id": "5d572621-420b-4e96-8e75-40ae285126f0"
          }
        ],
        "created": "2026-05-19",
        "updated": "2026-05-19"
      }
    },
    {
      "type": "Feature",
      "geometry": {
        "type": "Point",
        "coordinates": [
          8.607811900000002,
          50.0939574
        ]
      },
      "properties": {
        "id": "tk_fr_1633",
        "name": "Grillpoint Griesheim ",
        "description": "Grillimbiss mit Biersortiment ",
        "address": {
          "street": "Am Gemeindegarten",
          "number": "1",
          "postalcode": "65933",
          "city": "Frankfurt am Main",
          "district": "Frankfurt am Main West"
        },
        "tags": [
          "kaffee",
          "applewoi",
          "gemischte_tuete",
          "eis"
        ],
        "sources": [
          {
            "type": "hopfenstop",
            "id": "bd3afb0e-b0f9-494c-952d-d4e486126f1a"
          }
        ],
        "created": "2026-05-19",
        "updated": "2026-05-19"
      }
    },
    {
      "type": "Feature",
      "geometry": {
        "type": "Point",
        "coordinates": [
          8.2421733,
          50.0871106
        ]
      },
      "properties": {
        "id": "tk_fr_1637",
        "name": "Kiosk am kochbrunnen",
        "description": "Bier & kaffe",
        "address": {
          "street": "Kochbrunnenplatz",
          "number": "3",
          "postalcode": "65183",
          "city": "Wiesbaden"
        },
        "sources": [
          {
            "type": "hopfenstop",
            "id": "3b55b3f6-126f-4a4c-b20a-9fa162c52091"
          }
        ],
        "created": "2026-05-19",
        "updated": "2026-05-19"
      }
    },
    {
      "type": "Feature",
      "geometry": {
        "type": "Point",
        "coordinates": [
          8.267034400000002,
          50.0001117
        ]
      },
      "properties": {
        "id": "tk_fr_1638",
        "name": "City Kiosk",
        "description": "Bier, Snacks, Kaffee, Zigaretten",
        "address": {
          "street": "Welschnonnengasse",
          "number": "1",
          "postalcode": "55116",
          "city": "Mainz",
          "district": "Altstadt"
        },
        "hours": {
          "raw": "Mo-Th 11:00-23:00; Fr-Sa 11:00-00:00; Su 14:00-23:00"
        },
        "tags": [
          "kaffee",
          "snacks",
          "eis",
          "stehtisch"
        ],
        "sources": [
          {
            "type": "hopfenstop",
            "id": "d68ba278-1af2-4cb6-8070-01f30abf33dc"
          }
        ],
        "created": "2026-05-19",
        "updated": "2026-05-19"
      }
    },
    {
      "type": "Feature",
      "geometry": {
        "type": "Point",
        "coordinates": [
          8.35619,
          49.86649
        ]
      },
      "properties": {
        "id": "tk_fr_1641",
        "name": "Zum Fährstübchen",
        "description": "Kiosk direkt an der Rheinfähre. ",
        "address": {
          "street": "Kornsand",
          "number": "8",
          "postalcode": "65468",
          "city": "Trebur",
          "district": "Geinsheim"
        },
        "tags": [
          "wc"
        ],
        "sources": [
          {
            "type": "hopfenstop",
            "id": "a7ade0e8-b182-4a57-911b-086a0dd96047"
          }
        ],
        "created": "2026-05-19",
        "updated": "2026-05-19"
      }
    },
    {
      "type": "Feature",
      "geometry": {
        "type": "Point",
        "coordinates": [
          8.6076904,
          50.0923057
        ]
      },
      "properties": {
        "id": "tk_fr_1642",
        "name": "Presse Aslan ",
        "description": "Kleiner Kiosk mit Schreibwaren Getranken und Lotto ",
        "address": {
          "street": "Linkstraße",
          "number": "27",
          "postalcode": "65933",
          "city": "Frankfurt am Main",
          "district": "Frankfurt am Main West"
        },
        "tags": [
          "eis",
          "lotto",
          "snacks",
          "applewoi"
        ],
        "sources": [
          {
            "type": "hopfenstop",
            "id": "03b0310c-3a2b-4978-8529-7fb45f5cc605"
          }
        ],
        "created": "2026-05-19",
        "updated": "2026-05-19"
      }
    },
    {
      "type": "Feature",
      "geometry": {
        "type": "Point",
        "coordinates": [
          8.6642859,
          50.1055259
        ]
      },
      "properties": {
        "id": "tk_fr_1643",
        "name": "Shakhty Shop",
        "description": "Klassischer 24 Stunden Kiosk mit allem, was das Herz begehrt. Bierauswahl auch ganz ordentlich.",
        "address": {
          "street": "Mannheimer Straße",
          "number": "9",
          "postalcode": "60329",
          "city": "Frankfurt am Main",
          "district": "Innenstadt I"
        },
        "hours": {
          "raw": "Mo-Su 00:00-23:59"
        },
        "tags": [
          "schnaps",
          "wein",
          "sekt",
          "applewoi"
        ],
        "sources": [
          {
            "type": "hopfenstop",
            "id": "c0de587e-0472-4f46-860d-a34fc467fe95"
          }
        ],
        "created": "2026-05-19",
        "updated": "2026-05-19"
      }
    },
    {
      "type": "Feature",
      "geometry": {
        "type": "Point",
        "coordinates": [
          8.834906799999999,
          50.1232949
        ]
      },
      "properties": {
        "id": "tk_fr_1644",
        "name": "Kiosk am Mühlheimer Eck",
        "description": "Kiosk in der Mühlheimer Innenstadt mit großem Tipico Bereich und Live Fußball",
        "address": {
          "street": "Jahnstraße",
          "number": "1",
          "postalcode": "63165",
          "city": "Mühlheim am Main"
        },
        "tags": [
          "applewoi"
        ],
        "sources": [
          {
            "type": "hopfenstop",
            "id": "0b3a2d36-e043-4871-b1e2-a8c3d2c4f7d1"
          }
        ],
        "created": "2026-05-19",
        "updated": "2026-05-19"
      }
    },
    {
      "type": "Feature",
      "geometry": {
        "type": "Point",
        "coordinates": [
          8.6301595,
          50.1037559
        ]
      },
      "properties": {
        "id": "tk_fr_1645",
        "name": "Alexander Maryna",
        "description": "Kleines nettes Kiosk Frankenallee Ecke Kelkheimerstraße ",
        "address": {
          "street": "Frankenallee",
          "number": "168A",
          "postalcode": "60326",
          "city": "Frankfurt am Main",
          "district": "Innenstadt I"
        },
        "tags": [
          "innenraum",
          "kaffee",
          "eis",
          "gemischte_tuete",
          "lotto",
          "applewoi",
          "postkarten"
        ],
        "sources": [
          {
            "type": "hopfenstop",
            "id": "4cbcc3ee-365c-4149-a0c2-a0ac1e185f2e"
          }
        ],
        "created": "2026-05-19",
        "updated": "2026-05-19"
      }
    },
    {
      "type": "Feature",
      "geometry": {
        "type": "Point",
        "coordinates": [
          8.5691682,
          50.1015999
        ]
      },
      "properties": {
        "id": "tk_fr_1647",
        "name": "LOTZER Einkaufskiosk ",
        "description": "Schwer.... Ist kein Klassiker, wie auf dem Foto unschwer zu erkennen. Der Kiosk hat keinen direkten Strassenverkauf und auch nicht wirklich verweil Möglichkeit draußen. Im Innenraum gibt es eine kleine Sitzgelegenheit, jedoch für größere Gruppen /Party nicht geeignet, da auch kein Gäste WC❗Das Sortiment ist so reichhaltig, daß man das Teil schon fast als \"Micro-Supermarkt\" bezeichnen könnte..... Ob ihr den aufnehmt, eure Entscheidung. ",
        "address": {
          "street": "Lotzstraße",
          "number": "21",
          "postalcode": "65934",
          "city": "Frankfurt am Main",
          "district": "Frankfurt am Main West"
        },
        "hours": {
          "raw": "Mo-Sa 08:00-22:00; Su 10:00-20:00"
        },
        "tags": [
          "backwaren",
          "eis",
          "innenraum",
          "kaffee",
          "lotto",
          "paketshop",
          "postkarten",
          "rubbellose",
          "schnaps",
          "sekt",
          "snacks",
          "zeitschriften",
          "wein"
        ],
        "sources": [
          {
            "type": "hopfenstop",
            "id": "62decfd3-332d-4b38-ab2a-34358e6320e9"
          }
        ],
        "created": "2026-05-19",
        "updated": "2026-05-19"
      }
    },
    {
      "type": "Feature",
      "geometry": {
        "type": "Point",
        "coordinates": [
          8.7604013,
          50.0997799
        ]
      },
      "properties": {
        "id": "tk_fr_1648",
        "name": "Telekafee Kiosk",
        "description": "Kiosk mit großer Getränkeauswahl Bier/Schnaps/Wein/Soft am Hbf Offenbach",
        "address": {
          "street": "Bismarckstraße",
          "number": "147",
          "postalcode": "63067",
          "city": "Offenbach am Main"
        },
        "tags": [
          "applewoi",
          "backwaren",
          "gemischte_tuete",
          "kaffee",
          "mate",
          "schnaps",
          "snacks",
          "wein"
        ],
        "sources": [
          {
            "type": "hopfenstop",
            "id": "4952cc99-d6c1-4fea-b2dd-1e25945e75c3"
          }
        ],
        "created": "2026-05-19",
        "updated": "2026-05-19"
      }
    },
    {
      "type": "Feature",
      "geometry": {
        "type": "Point",
        "coordinates": [
          8.759442,
          50.104081
        ]
      },
      "properties": {
        "id": "tk_fr_1649",
        "name": "Read eat and more",
        "description": "Standardkiosk mit normalem Sortiment. Mit etwas Glück bekommt man im Sommer draußen einen Platz am Stehtisch",
        "address": {
          "street": "Kaiserstraße",
          "number": "55",
          "postalcode": "63065",
          "city": "Offenbach am Main",
          "district": "Nordend"
        },
        "tags": [
          "schnaps",
          "stehtisch"
        ],
        "sources": [
          {
            "type": "hopfenstop",
            "id": "93dead5e-1aa1-4e88-bfda-6985e94caa05"
          }
        ],
        "created": "2026-05-19",
        "updated": "2026-05-19"
      }
    },
    {
      "type": "Feature",
      "geometry": {
        "type": "Point",
        "coordinates": [
          8.2313434,
          50.0856968
        ]
      },
      "properties": {
        "id": "tk_fr_1651",
        "name": "Kiosk Gustav adolf Straße ",
        "description": "Kleiner Kiosk, wenig Bierauswahl mit Hermes Shop ",
        "address": {
          "street": "Gustav-Adolf-Straße",
          "number": "15",
          "postalcode": "65195",
          "city": "Wiesbaden",
          "district": "Nordost"
        },
        "sources": [
          {
            "type": "hopfenstop",
            "id": "0d8c2f12-d750-45ee-85d0-e8a8d2579493"
          }
        ],
        "created": "2026-05-19",
        "updated": "2026-05-19"
      }
    },
    {
      "type": "Feature",
      "geometry": {
        "type": "Point",
        "coordinates": [
          8.64344,
          50.0835
        ]
      },
      "properties": {
        "id": "tk_fr_1656",
        "name": "Khan Kiosk 1A",
        "description": "Gute Getränkeauswahl, lange Öffnungszeiten",
        "address": {
          "street": "Adolf-Miersch-Straße",
          "number": "8",
          "postalcode": "60528",
          "city": "Frankfurt am Main",
          "district": "Frankfurt am Main Süd"
        },
        "hours": {
          "raw": "Mo-We 10:00-00:30; Th-Su 10:00-01:00"
        },
        "sources": [
          {
            "type": "hopfenstop",
            "id": "9d424939-6c9a-4f20-bcd6-6d657f27413e"
          }
        ],
        "created": "2026-05-19",
        "updated": "2026-05-19"
      }
    },
    {
      "type": "Feature",
      "geometry": {
        "type": "Point",
        "coordinates": [
          8.5375459,
          50.1494217
        ]
      },
      "properties": {
        "id": "tk_fr_1657",
        "name": "Trinkhalle Hauptstraße",
        "description": "Trinkhalle",
        "address": {
          "street": "Hauptstraße",
          "number": "2A",
          "postalcode": "65824",
          "city": "Schwalbach am Taunus",
          "district": "Schwalbach (am Taunus)"
        },
        "hours": {
          "raw": "Mo-Su 08:00-22:00"
        },
        "tags": [
          "stehtisch",
          "gemischte_tuete",
          "zeitschriften",
          "eis",
          "applewoi",
          "kaffee",
          "schnaps",
          "sekt",
          "ueberdacht",
          "wc",
          "sitzgelegenheiten",
          "snacks",
          "sonne",
          "wein",
          "longpapes"
        ],
        "sources": [
          {
            "type": "hopfenstop",
            "id": "954ebece-29f9-450d-9826-f36420d08dfa"
          }
        ],
        "created": "2026-05-19",
        "updated": "2026-05-19"
      }
    },
    {
      "type": "Feature",
      "geometry": {
        "type": "Point",
        "coordinates": [
          9.040770499999999,
          50.17628209999999
        ]
      },
      "properties": {
        "id": "tk_fr_1663",
        "name": "K-1A",
        "description": "Lotto und Toto, Zeitschriften, Coffee to Go, Zigaretten ",
        "address": {
          "street": "Steinweg",
          "number": "1A",
          "postalcode": "63505",
          "city": "Langenselbold"
        },
        "tags": [
          "lotto",
          "zeitschriften"
        ],
        "sources": [
          {
            "type": "hopfenstop",
            "id": "52c8bdef-5b63-4e99-9836-9cb8280c628c"
          }
        ],
        "created": "2026-05-19",
        "updated": "2026-05-19"
      }
    },
    {
      "type": "Feature",
      "geometry": {
        "type": "Point",
        "coordinates": [
          8.64721,
          50.1398733
        ]
      },
      "properties": {
        "id": "tk_fr_1674",
        "name": "Kiosk Endstation ",
        "description": "Ein Kiosk für alles",
        "address": {
          "street": "Ginnheimer Landstraße",
          "number": "148",
          "postalcode": "60431",
          "city": "Frankfurt am Main",
          "district": "Frankfurt am Main Mitte-Nord"
        },
        "tags": [
          "innenraum",
          "kaffee",
          "lotto",
          "sekt",
          "mate",
          "snacks",
          "applewoi",
          "wein",
          "ueberdacht"
        ],
        "sources": [
          {
            "type": "hopfenstop",
            "id": "c150d53b-5bc5-410d-81d9-ef274ddffa74"
          }
        ],
        "created": "2026-05-19",
        "updated": "2026-05-19"
      }
    },
    {
      "type": "Feature",
      "geometry": {
        "type": "Point",
        "coordinates": [
          8.641464299999999,
          50.11893329999999
        ]
      },
      "properties": {
        "id": "tk_fr_1675",
        "name": "DB Service Store",
        "description": "Kiosk am Bahnhof mit stabiler Auswahl an gekühlten Getränken und warmen und kalten Snacks",
        "address": {
          "street": "Kurfürstenstraße",
          "number": "57",
          "postalcode": "60486",
          "city": "Frankfurt am Main",
          "district": "Innenstadt II"
        },
        "hours": {
          "raw": "Mo-Su 06:00-23:00"
        },
        "tags": [
          "snacks"
        ],
        "sources": [
          {
            "type": "hopfenstop",
            "id": "7411c97a-4857-4008-b795-d64946aa8400"
          }
        ],
        "created": "2026-05-19",
        "updated": "2026-05-19"
      }
    },
    {
      "type": "Feature",
      "geometry": {
        "type": "Point",
        "coordinates": [
          8.715131099999999,
          50.0993593
        ]
      },
      "properties": {
        "id": "tk_fr_1676",
        "name": "Balduinkiosk",
        "description": "Kiosk",
        "address": {
          "street": "Offenbacher Landstraße",
          "number": "238",
          "postalcode": "60599",
          "city": "Frankfurt am Main",
          "district": "Frankfurt am Main Süd"
        },
        "hours": {
          "raw": "Mo-Su 07:30-21:55"
        },
        "tags": [
          "wc",
          "zeitschriften",
          "sekt",
          "schnaps",
          "milch",
          "kuchen",
          "kaffee",
          "eis",
          "applewoi",
          "mate",
          "snacks",
          "wein",
          "gemischte_tuete"
        ],
        "sources": [
          {
            "type": "hopfenstop",
            "id": "6f12c3b6-0a7f-43e8-b1c5-51c148e72790"
          }
        ],
        "created": "2026-05-19",
        "updated": "2026-05-19"
      }
    },
    {
      "type": "Feature",
      "geometry": {
        "type": "Point",
        "coordinates": [
          8.687078399999999,
          50.1505877
        ]
      },
      "properties": {
        "id": "tk_fr_1678",
        "name": "Kiosk Ariana",
        "description": "Lebensmittel und Handyzubehör ",
        "address": {
          "street": "Ronneburgstraße",
          "number": "26",
          "postalcode": "60435",
          "city": "Frankfurt am Main",
          "district": "Frankfurt am Main Nord-Ost"
        },
        "hours": {
          "raw": "Mo-Fr 15:00-20:00"
        },
        "tags": [
          "paketshop",
          "lotto",
          "innenraum",
          "kaffee",
          "snacks"
        ],
        "sources": [
          {
            "type": "hopfenstop",
            "id": "fed40cc3-b6d5-49df-ac60-fc4e6485dbd2"
          }
        ],
        "created": "2026-05-19",
        "updated": "2026-05-19"
      }
    },
    {
      "type": "Feature",
      "geometry": {
        "type": "Point",
        "coordinates": [
          8.6341109,
          49.8750138
        ]
      },
      "properties": {
        "id": "tk_fr_1679",
        "name": "Ömers Kiosk",
        "description": "Netter Laden mit Sitzplätzen und Raucher Bereich ",
        "address": {
          "street": "Bismarckstraße",
          "number": "131",
          "postalcode": "64293",
          "city": "Darmstadt",
          "district": "Darmstadt-Nord"
        },
        "hours": {
          "raw": "Mo-Su 09:00-22:00"
        },
        "tags": [
          "wc"
        ],
        "sources": [
          {
            "type": "hopfenstop",
            "id": "44dbb878-2d56-4eb8-b8dc-68f198190bd9"
          }
        ],
        "created": "2026-05-19",
        "updated": "2026-05-19"
      }
    },
    {
      "type": "Feature",
      "geometry": {
        "type": "Point",
        "coordinates": [
          8.6346024,
          49.879448
        ]
      },
      "properties": {
        "id": "tk_fr_1680",
        "name": "Mainzer Kiosk",
        "description": "2€ das 0,33 Bier aber mit sitzplatzen ausen und innen",
        "address": {
          "street": "Mainzer Strasse",
          "number": "68",
          "postalcode": "64293",
          "city": "Darmstadt",
          "district": "Darmstadt-Nord"
        },
        "hours": {
          "raw": "Mo-Su 09:00-22:00"
        },
        "tags": [
          "wc"
        ],
        "sources": [
          {
            "type": "hopfenstop",
            "id": "15f14b32-6ba2-4456-adfa-e3b60cf32504"
          }
        ],
        "created": "2026-05-19",
        "updated": "2026-05-19"
      }
    },
    {
      "type": "Feature",
      "geometry": {
        "type": "Point",
        "coordinates": [
          8.6431901,
          49.87487729999999
        ]
      },
      "properties": {
        "id": "tk_fr_1681",
        "name": "Zum Eckchen",
        "description": "2,5€ für den halben Liter ",
        "address": {
          "street": "Bismarckstraße",
          "number": "68",
          "postalcode": "64293",
          "city": "Darmstadt"
        },
        "hours": {
          "raw": "Mo-Su 09:00-21:00"
        },
        "tags": [
          "sitzgelegenheiten",
          "ueberdacht"
        ],
        "sources": [
          {
            "type": "hopfenstop",
            "id": "5865ba8c-90c7-4dda-96ae-0cd66697974e"
          }
        ],
        "created": "2026-05-19",
        "updated": "2026-05-19"
      }
    },
    {
      "type": "Feature",
      "geometry": {
        "type": "Point",
        "coordinates": [
          8.6587487,
          49.8729591
        ]
      },
      "properties": {
        "id": "tk_fr_1682",
        "name": "Tag und Nacht ",
        "description": "Der beste Wirt in Süd Hessen ",
        "address": {
          "street": "Kaplaneigasse",
          "number": "10",
          "postalcode": "64283",
          "city": "Darmstadt"
        },
        "hours": {
          "raw": "Mo-Su 21:00-21:00"
        },
        "tags": [
          "eis",
          "gemischte_tuete",
          "kaffee",
          "kuchen",
          "mate",
          "sekt",
          "snacks",
          "ueberdacht",
          "wein",
          "applewoi",
          "fritz_kola",
          "milch"
        ],
        "sources": [
          {
            "type": "hopfenstop",
            "id": "cf3ac73a-f10d-4f2e-b79d-a0847b752f5b"
          }
        ],
        "created": "2026-05-19",
        "updated": "2026-05-19"
      }
    },
    {
      "type": "Feature",
      "geometry": {
        "type": "Point",
        "coordinates": [
          8.762264799999999,
          50.1047369
        ]
      },
      "properties": {
        "id": "tk_fr_1683",
        "name": "7 Day Shop 2 Go",
        "description": "Von billig Schnaps, zu Oliven bis hin zu einer Eistheke gibt's wirklich absolut alles!",
        "address": {
          "street": "Frankfurter Straße",
          "number": "22",
          "postalcode": "63065",
          "city": "Offenbach am Main",
          "district": "Nordend"
        },
        "hours": {
          "raw": "Mo-Su 00:00-23:59"
        },
        "tags": [
          "eis",
          "sekt",
          "wein",
          "applewoi",
          "sonne",
          "sitzgelegenheiten",
          "kaffee",
          "stehtisch",
          "schnaps",
          "snacks"
        ],
        "sources": [
          {
            "type": "hopfenstop",
            "id": "048d9eb7-9877-4374-a0fa-1157e381c321"
          }
        ],
        "created": "2026-05-19",
        "updated": "2026-05-19"
      }
    },
    {
      "type": "Feature",
      "geometry": {
        "type": "Point",
        "coordinates": [
          8.228468,
          50.0826605
        ]
      },
      "properties": {
        "id": "tk_fr_1685",
        "name": "Kiosk Kockal",
        "description": "Netter Corner Kiosk ",
        "address": {
          "street": "Westendstraße",
          "number": "1",
          "postalcode": "65195",
          "city": "Wiesbaden",
          "district": "Westend"
        },
        "hours": {
          "raw": "Mo-Su 10:00-01:00"
        },
        "sources": [
          {
            "type": "hopfenstop",
            "id": "5d8c77f0-a1d3-4d8d-a7e4-30ccc3dc5dcc"
          }
        ],
        "created": "2026-05-19",
        "updated": "2026-05-19"
      }
    },
    {
      "type": "Feature",
      "geometry": {
        "type": "Point",
        "coordinates": [
          8.2362288,
          50.0834098
        ]
      },
      "properties": {
        "id": "tk_fr_1687",
        "name": "Down Town Kiosk",
        "description": "Kiosk mit guter Auswahl an alkoholischen Getränken. ",
        "address": {
          "street": "Schwalbacher Straße",
          "number": "67",
          "postalcode": "65183",
          "city": "Wiesbaden"
        },
        "hours": {
          "raw": "Mo-Su 06:00-23:00"
        },
        "sources": [
          {
            "type": "hopfenstop",
            "id": "a6dd7ae4-d6d0-4f1a-8afb-c5c89e85bba7"
          }
        ],
        "created": "2026-05-19",
        "updated": "2026-05-19"
      }
    },
    {
      "type": "Feature",
      "geometry": {
        "type": "Point",
        "coordinates": [
          8.651457299999999,
          49.8720806
        ]
      },
      "properties": {
        "id": "tk_fr_1698",
        "name": "Späti LuiLui",
        "description": "\"Späti\" in Darmstadt",
        "address": {
          "street": "Luisenplatz",
          "number": "5",
          "postalcode": "64283",
          "city": "Darmstadt"
        },
        "hours": {
          "raw": "Mo-Th 06:30-00:00; Fr 06:30-02:00; Sa 07:30-02:00; Su 08:30-23:00"
        },
        "tags": [
          "kaffee"
        ],
        "sources": [
          {
            "type": "hopfenstop",
            "id": "6bb03895-f56f-4140-8806-7ad51ec63279"
          }
        ],
        "created": "2026-05-19",
        "updated": "2026-05-19"
      }
    },
    {
      "type": "Feature",
      "geometry": {
        "type": "Point",
        "coordinates": [
          8.688989399999999,
          50.0155137
        ]
      },
      "properties": {
        "id": "tk_fr_1699",
        "name": "Bahnhof Kiosk",
        "description": "Klassische Trinkhalle mit Außenbereich, lecker Bier, kleine Speisen und Sky!",
        "address": {
          "street": "L3262",
          "number": "19",
          "postalcode": "63303",
          "city": "Dreieich",
          "district": "Sprendlingen"
        },
        "hours": {
          "raw": "Mo-Su 11:00-00:00"
        },
        "tags": [
          "wc",
          "ueberdacht",
          "sitzgelegenheiten",
          "applewoi"
        ],
        "sources": [
          {
            "type": "hopfenstop",
            "id": "aa22ee04-1a2e-462c-b771-ec3c32d5afb6"
          }
        ],
        "created": "2026-05-19",
        "updated": "2026-05-19"
      }
    },
    {
      "type": "Feature",
      "geometry": {
        "type": "Point",
        "coordinates": [
          8.649547,
          50.1207775
        ]
      },
      "properties": {
        "id": "tk_fr_1700",
        "name": "Kedek Kiosk",
        "description": "Aktion (Stand 20.09.2019): Ab 17 Uhr Bier für 1€",
        "address": {
          "street": "Leipziger Straße",
          "number": "8",
          "postalcode": "60487",
          "city": "Frankfurt am Main",
          "district": "Innenstadt II"
        },
        "hours": {
          "raw": "Mo-Fr 08:00-19:00; Sa 08:00-18:00"
        },
        "sources": [
          {
            "type": "hopfenstop",
            "id": "b488178d-df1c-4858-bab6-3b42b0ea2b2a"
          }
        ],
        "created": "2026-05-19",
        "updated": "2026-05-19"
      }
    },
    {
      "type": "Feature",
      "geometry": {
        "type": "Point",
        "coordinates": [
          8.16703,
          50.02954
        ]
      },
      "properties": {
        "id": "tk_fr_1704",
        "name": "Kiosk am Rhein Imbiss",
        "description": "Kiosk direkt am Rhein Radweg. Hier gibt es alles. Von gemütlichen Sitzmöglichkeiten drinnen und draussen bis zur grossen Auswahl an verschiedensten Weinen. Snacks gibt es auch zu genüge. Vom Schnitzel zum Fisch ist alles hier.",
        "address": {
          "street": "Isola-della-Scala-Platz",
          "number": "1",
          "postalcode": "55257",
          "city": "Budenheim"
        },
        "hours": {
          "raw": "Mo-Su 10:00-22:00"
        },
        "tags": [
          "chillout",
          "eis",
          "gemischte_tuete",
          "kaffee",
          "kuchen",
          "innenraum",
          "sitzgelegenheiten",
          "snacks",
          "sonne",
          "stehtisch",
          "wc",
          "ueberdacht",
          "wein",
          "flair"
        ],
        "sources": [
          {
            "type": "hopfenstop",
            "id": "2269e025-a8d4-44f8-aa7a-46fc3e54452a"
          }
        ],
        "created": "2026-05-19",
        "updated": "2026-05-19"
      }
    },
    {
      "type": "Feature",
      "geometry": {
        "type": "Point",
        "coordinates": [
          8.637499600000002,
          50.1236582
        ]
      },
      "properties": {
        "id": "tk_fr_1724",
        "name": "Uno's Kiosk",
        "description": "Kiosk mit gemütlichem Stehtisch von der Tür.",
        "address": {
          "street": "Friesengasse",
          "number": "22",
          "postalcode": "60487",
          "city": "Frankfurt am Main",
          "district": "Innenstadt II"
        },
        "hours": {
          "raw": "Mo-Fr 10:00-00:00; Sa-Su 11:00-00:00"
        },
        "tags": [
          "schnaps",
          "milch",
          "wein",
          "longpapes",
          "stehtisch",
          "snacks",
          "ueberdacht",
          "sekt",
          "kaffee",
          "gemischte_tuete",
          "eis",
          "zeitschriften",
          "paketshop"
        ],
        "sources": [
          {
            "type": "hopfenstop",
            "id": "0f42687a-96ad-4320-a9cd-d3827e3ecf8d"
          }
        ],
        "created": "2026-05-19",
        "updated": "2026-05-19"
      }
    },
    {
      "type": "Feature",
      "geometry": {
        "type": "Point",
        "coordinates": [
          8.6860739,
          50.0997802
        ]
      },
      "properties": {
        "id": "tk_fr_1725",
        "name": "hub CONVENIENCE",
        "description": "Kiosk im Südbahnhof. ",
        "address": {
          "street": "Hedderichstraße",
          "number": "53",
          "postalcode": "60594",
          "city": "Frankfurt am Main",
          "district": "Frankfurt am Main Süd"
        },
        "hours": {
          "raw": "Mo-Su 06:30-20:00"
        },
        "tags": [
          "snacks",
          "ueberdacht",
          "wc",
          "eis",
          "innenraum",
          "sekt",
          "wein"
        ],
        "sources": [
          {
            "type": "hopfenstop",
            "id": "cd9c4142-dbf6-4340-b9a2-4ad5ae25d034"
          }
        ],
        "created": "2026-05-19",
        "updated": "2026-05-19"
      }
    },
    {
      "type": "Feature",
      "geometry": {
        "type": "Point",
        "coordinates": [
          8.7127377,
          50.1319358
        ]
      },
      "properties": {
        "id": "tk_fr_1726",
        "name": "Gülcin Gültekin",
        "description": "Kiosk und Bierhalle",
        "address": {
          "street": "Eulengasse",
          "number": "58",
          "postalcode": "60385",
          "city": "Frankfurt am Main",
          "district": "Bornheim/Ostend"
        },
        "hours": {
          "raw": "Mo-Sa 08:00-20:30"
        },
        "tags": [
          "sonne",
          "mate",
          "kaffee",
          "snacks",
          "applewoi"
        ],
        "sources": [
          {
            "type": "hopfenstop",
            "id": "2f5f7874-e8fe-4c8e-9cfa-2daa5f7101b4"
          }
        ],
        "created": "2026-05-19",
        "updated": "2026-05-19"
      }
    },
    {
      "type": "Feature",
      "geometry": {
        "type": "Point",
        "coordinates": [
          8.77233,
          50.10523999999999
        ]
      },
      "properties": {
        "id": "tk_fr_1727",
        "name": "Kiosk an der Mathildenstraße",
        "description": "Suff!",
        "address": {
          "street": "Austraße",
          "number": "15",
          "postalcode": "63065",
          "city": "Offenbach am Main",
          "district": "Frankfurt am Main Ost"
        },
        "sources": [
          {
            "type": "hopfenstop",
            "id": "cef4878f-c4a5-4462-96e5-36b146859ea7"
          }
        ],
        "created": "2026-05-19",
        "updated": "2026-05-19"
      }
    },
    {
      "type": "Feature",
      "geometry": {
        "type": "Point",
        "coordinates": [
          8.8351243,
          50.1218728
        ]
      },
      "properties": {
        "id": "tk_fr_1729",
        "name": "Kiosk zum Frischetrunk ",
        "description": "Kleines Kiosk mit Grundsortiment an Alkohol und Süßigkeiten",
        "address": {
          "street": "Bahnhofstraße",
          "number": "47",
          "postalcode": "63165",
          "city": "Mühlheim am Main"
        },
        "sources": [
          {
            "type": "hopfenstop",
            "id": "31787844-0af7-40b9-b2db-847ac92c6bd1"
          }
        ],
        "created": "2026-05-19",
        "updated": "2026-05-19"
      }
    },
    {
      "type": "Feature",
      "geometry": {
        "type": "Point",
        "coordinates": [
          8.6652746,
          50.1840043
        ]
      },
      "properties": {
        "id": "tk_fr_1730",
        "name": "Lotto Shop Bonames",
        "description": "Laden für Alles",
        "address": {
          "street": "L3003",
          "number": "668",
          "postalcode": "60437",
          "city": "Frankfurt am Main",
          "district": "Frankfurt am Main Nord-Ost"
        },
        "hours": {
          "raw": "Mo-Sa 08:00-20:00"
        },
        "sources": [
          {
            "type": "hopfenstop",
            "id": "0df92365-3af2-41ea-9743-527c8fc648d7"
          }
        ],
        "created": "2026-05-19",
        "updated": "2026-05-19"
      }
    },
    {
      "type": "Feature",
      "geometry": {
        "type": "Point",
        "coordinates": [
          8.6853833,
          50.1270914
        ]
      },
      "properties": {
        "id": "tk_fr_1731",
        "name": "Khan kiosk",
        "description": "Neues Khan kiosk",
        "address": {
          "street": "Eckenheimer Landstraße",
          "number": "115",
          "postalcode": "60318",
          "city": "Frankfurt am Main",
          "district": "Innenstadt I"
        },
        "hours": {
          "raw": "Mo-Su 10:00-01:00"
        },
        "tags": [
          "innenraum",
          "sitzgelegenheiten",
          "ueberdacht",
          "applewoi",
          "stehtisch",
          "eis",
          "lotto",
          "kaffee",
          "mate",
          "sekt",
          "snacks",
          "sonne"
        ],
        "sources": [
          {
            "type": "hopfenstop",
            "id": "0b625d8e-bc4b-41dc-84c3-15f6ea5937a2"
          }
        ],
        "created": "2026-05-19",
        "updated": "2026-05-19"
      }
    },
    {
      "type": "Feature",
      "geometry": {
        "type": "Point",
        "coordinates": [
          8.680732599999999,
          49.9942727
        ]
      },
      "properties": {
        "id": "tk_fr_1734",
        "name": "Trinkhalle ",
        "description": "Klassische Trinkhalle.",
        "address": {
          "street": "Frankfurter Straße",
          "number": "47",
          "postalcode": "63225",
          "city": "Langen (Hessen)"
        },
        "hours": {
          "raw": "Mo-Su 10:00-22:00"
        },
        "tags": [
          "innenraum",
          "kaffee",
          "sitzgelegenheiten",
          "snacks",
          "sonne",
          "ueberdacht",
          "applewoi",
          "longpapes",
          "wc",
          "flair"
        ],
        "sources": [
          {
            "type": "hopfenstop",
            "id": "d451e679-82ad-4ecf-ae70-0ed9e370caf1"
          }
        ],
        "created": "2026-05-19",
        "updated": "2026-05-19"
      }
    },
    {
      "type": "Feature",
      "geometry": {
        "type": "Point",
        "coordinates": [
          8.7025121,
          50.1236886
        ]
      },
      "properties": {
        "id": "tk_fr_1735",
        "name": "El quiosco",
        "description": "Grosser Innenraum mit vielen Süßigkeiten. ",
        "address": {
          "street": "Berger Straße",
          "number": "121",
          "postalcode": "60385",
          "city": "Frankfurt am Main",
          "district": "Innenstadt I"
        },
        "hours": {
          "raw": "Mo-Th 06:00-23:59; Fr-Sa 06:00-02:00; Su 09:00-23:00"
        },
        "tags": [
          "sekt",
          "snacks",
          "schnaps",
          "stehtisch",
          "fritz_kola",
          "applewoi",
          "gemischte_tuete",
          "longpapes",
          "mate",
          "innenraum",
          "craft_bier",
          "kaffee",
          "sitzgelegenheiten",
          "sonne",
          "ueberdacht",
          "wein",
          "paketshop"
        ],
        "sources": [
          {
            "type": "hopfenstop",
            "id": "88c11f56-d3cd-428d-bc20-c9e2f4fbf90f"
          }
        ],
        "created": "2026-05-19",
        "updated": "2026-05-19"
      }
    },
    {
      "type": "Feature",
      "geometry": {
        "type": "Point",
        "coordinates": [
          8.6959991,
          50.1166025
        ]
      },
      "properties": {
        "id": "tk_fr_1736",
        "name": "Arora's Kiosk",
        "description": "Kiosk auf dem Sandweg mit indischen Snacks",
        "address": {
          "street": "Sandweg",
          "number": "8",
          "postalcode": "60316",
          "city": "Frankfurt am Main",
          "district": "Innenstadt I"
        },
        "tags": [
          "milch",
          "wc",
          "snacks",
          "gemischte_tuete",
          "eis",
          "sekt",
          "schnaps",
          "applewoi",
          "sonne",
          "sitzgelegenheiten",
          "stehtisch"
        ],
        "sources": [
          {
            "type": "hopfenstop",
            "id": "2713c181-1606-4fd0-9b10-936da491a8cf"
          }
        ],
        "created": "2026-05-19",
        "updated": "2026-05-19"
      }
    },
    {
      "type": "Feature",
      "geometry": {
        "type": "Point",
        "coordinates": [
          8.6675817,
          50.1074694
        ]
      },
      "properties": {
        "id": "tk_fr_1738",
        "name": "Can Kiosk",
        "description": "Kiosk mit Getränke und ATM",
        "address": {
          "street": "Münchener Straße",
          "number": "38",
          "postalcode": "60329",
          "city": "Frankfurt am Main",
          "district": "Innenstadt I"
        },
        "hours": {
          "raw": "Mo-Su 10:00-00:00"
        },
        "tags": [
          "craft_bier",
          "innenraum",
          "kaffee",
          "applewoi"
        ],
        "sources": [
          {
            "type": "hopfenstop",
            "id": "1944d5e8-ab7c-4759-8709-ff650480f2ee"
          }
        ],
        "created": "2026-05-19",
        "updated": "2026-05-19"
      }
    },
    {
      "type": "Feature",
      "geometry": {
        "type": "Point",
        "coordinates": [
          8.342939,
          49.8721608
        ]
      },
      "properties": {
        "id": "tk_fr_1742",
        "name": "Eckert",
        "description": "Bahnhofskiosk",
        "address": {
          "street": "Rheinallee",
          "number": "3",
          "postalcode": "55283",
          "city": "Nierstein"
        },
        "hours": {
          "raw": "Su 08:00-17:00"
        },
        "sources": [
          {
            "type": "hopfenstop",
            "id": "c024647a-0102-4a7e-bc4e-a6d820eb6314"
          }
        ],
        "created": "2026-05-19",
        "updated": "2026-05-19"
      }
    },
    {
      "type": "Feature",
      "geometry": {
        "type": "Point",
        "coordinates": [
          8.6836942,
          50.1425245
        ]
      },
      "properties": {
        "id": "tk_fr_1749",
        "name": "Einkaufskiosk ",
        "description": "Das Übliche und PC-Reparatur ",
        "address": {
          "street": "Eckenheimer Landstraße",
          "number": "254",
          "postalcode": "60435",
          "city": "Frankfurt am Main",
          "district": "Frankfurt am Main Nord-Ost"
        },
        "hours": {
          "raw": "Mo-Su 00:00-00:00"
        },
        "sources": [
          {
            "type": "hopfenstop",
            "id": "7f0bb834-7faa-4a8d-bf1d-7286605634da"
          }
        ],
        "created": "2026-05-19",
        "updated": "2026-05-19"
      }
    },
    {
      "type": "Feature",
      "geometry": {
        "type": "Point",
        "coordinates": [
          8.768674899999999,
          50.0948432
        ]
      },
      "properties": {
        "id": "tk_fr_1750",
        "name": "An der AOK",
        "description": "Schöne Sicht auf die AOK",
        "address": {
          "street": "Waldstraße",
          "number": "130",
          "postalcode": "63071",
          "city": "Offenbach am Main"
        },
        "hours": {
          "raw": "Mo-Su 05:30-20:00"
        },
        "sources": [
          {
            "type": "hopfenstop",
            "id": "bf807985-bfb8-4ec1-b9e8-1e64686e834e"
          }
        ],
        "created": "2026-05-19",
        "updated": "2026-05-19"
      }
    },
    {
      "type": "Feature",
      "geometry": {
        "type": "Point",
        "coordinates": [
          8.7522935,
          50.11010640000001
        ]
      },
      "properties": {
        "id": "tk_fr_1752",
        "name": "Trinkhalle Kiosk tipwin",
        "description": "Kiosk",
        "address": {
          "street": "Bettinastraße",
          "number": "35A",
          "postalcode": "63067",
          "city": "Offenbach am Main",
          "district": "Nordend"
        },
        "hours": {
          "raw": "Mo-Su 08:00-00:00"
        },
        "sources": [
          {
            "type": "hopfenstop",
            "id": "6f8fcca1-3bfc-4704-b25b-cb6bea66b8d9"
          }
        ],
        "created": "2026-05-19",
        "updated": "2026-05-19"
      }
    },
    {
      "type": "Feature",
      "geometry": {
        "type": "Point",
        "coordinates": [
          8.647444499999999,
          50.07862
        ]
      },
      "properties": {
        "id": "tk_fr_1753",
        "name": "Morgenstern Shop",
        "description": "Cornership",
        "address": {
          "street": "Gerauer Straße",
          "number": "102",
          "postalcode": "60528",
          "city": "Frankfurt am Main",
          "district": "Frankfurt am Main Süd"
        },
        "sources": [
          {
            "type": "hopfenstop",
            "id": "81848cbc-4798-4ecc-9e57-14e11ae2a4f9"
          }
        ],
        "created": "2026-05-19",
        "updated": "2026-05-19"
      }
    },
    {
      "type": "Feature",
      "geometry": {
        "type": "Point",
        "coordinates": [
          8.51624,
          50.17941
        ]
      },
      "properties": {
        "id": "tk_fr_1755",
        "name": "Bahnhofskiosk",
        "description": "Ein süffisantes Sammelsurium an Suff",
        "address": {
          "street": "Bahnhofstraße",
          "number": "20",
          "postalcode": "61476",
          "city": "Kronberg im Taunus"
        },
        "hours": {
          "raw": "Mo-Su 08:00-22:00"
        },
        "tags": [
          "wein",
          "applewoi",
          "wc",
          "innenraum",
          "snacks",
          "ueberdacht",
          "milch",
          "kaffee"
        ],
        "sources": [
          {
            "type": "hopfenstop",
            "id": "204ccbd3-30ad-4a34-92bb-568d53b0aa1a"
          }
        ],
        "created": "2026-05-19",
        "updated": "2026-05-19"
      }
    },
    {
      "type": "Feature",
      "geometry": {
        "type": "Point",
        "coordinates": [
          8.88954,
          50.12976
        ]
      },
      "properties": {
        "id": "tk_fr_1757",
        "name": "Trinkhalle Schöbel",
        "description": "Trinkhalle",
        "address": {
          "street": "Röntgenstraße",
          "number": "50",
          "postalcode": "63454",
          "city": "Hanau"
        },
        "tags": [
          "applewoi",
          "klassiker",
          "wein",
          "zeitschriften"
        ],
        "sources": [
          {
            "type": "hopfenstop",
            "id": "c464aca0-4d82-4ebf-aaf7-c00c69fd22b8"
          }
        ],
        "created": "2026-05-19",
        "updated": "2026-05-19"
      }
    },
    {
      "type": "Feature",
      "geometry": {
        "type": "Point",
        "coordinates": [
          8.6050719,
          50.0991203
        ]
      },
      "properties": {
        "id": "tk_fr_1758",
        "name": "Candy box Lutz & Söhne ",
        "description": "Trinkhalle ",
        "address": {
          "street": "Waldschulstraße",
          "number": "60",
          "postalcode": "65933",
          "city": "Frankfurt am Main",
          "district": "Frankfurt am Main West"
        },
        "hours": {
          "raw": "Mo-Su 14:00-23:00"
        },
        "sources": [
          {
            "type": "hopfenstop",
            "id": "b16c8a40-4639-4477-b9c4-e1550a6b174e"
          }
        ],
        "created": "2026-05-19",
        "updated": "2026-05-19"
      }
    },
    {
      "type": "Feature",
      "geometry": {
        "type": "Point",
        "coordinates": [
          8.641862099999999,
          50.0865492
        ]
      },
      "properties": {
        "id": "tk_fr_1759",
        "name": "Elida Kiosk",
        "description": "Gute Getränkeauswahl",
        "address": {
          "street": "Bruchfeldstraße",
          "number": "88",
          "postalcode": "60528",
          "city": "Frankfurt am Main",
          "district": "Frankfurt am Main Süd"
        },
        "sources": [
          {
            "type": "hopfenstop",
            "id": "b199eb2b-dcdd-40ba-9d1c-4e57a6ee3ac0"
          }
        ],
        "created": "2026-05-19",
        "updated": "2026-05-19"
      }
    },
    {
      "type": "Feature",
      "geometry": {
        "type": "Point",
        "coordinates": [
          8.642482600000001,
          50.1239374
        ]
      },
      "properties": {
        "id": "tk_fr_1764",
        "name": "Kiosk am Platz",
        "description": "Café-Bistro-Var",
        "address": {
          "street": "Hessenplatz",
          "number": "1",
          "postalcode": "60487",
          "city": "Frankfurt am Main",
          "district": "Innenstadt II"
        },
        "sources": [
          {
            "type": "hopfenstop",
            "id": "fda16ce9-6886-4692-83d6-7980639b2f80"
          }
        ],
        "created": "2026-05-19",
        "updated": "2026-05-19"
      }
    },
    {
      "type": "Feature",
      "geometry": {
        "type": "Point",
        "coordinates": [
          8.6961669,
          50.1206977
        ]
      },
      "properties": {
        "id": "tk_fr_1765",
        "name": "Späti 385",
        "description": "Kiosk am Merianplatz",
        "address": {
          "street": "Berger Straße",
          "number": "49",
          "postalcode": "60316",
          "city": "Frankfurt am Main",
          "district": "Innenstadt I"
        },
        "hours": {
          "raw": "Mo-Th 10:00-01:00; Fr-Sa 10:00-03:00; Su 12:00-00:00"
        },
        "tags": [
          "klassiker",
          "stehtisch",
          "innenraum",
          "kaffee",
          "mate",
          "musik",
          "sitzgelegenheiten",
          "longpapes",
          "eis",
          "flair",
          "wc",
          "craft_bier",
          "snacks",
          "sonne",
          "ueberdacht",
          "chillout",
          "wein",
          "sekt",
          "paketshop",
          "schnaps",
          "milch",
          "barrierefrei",
          "applewoi",
          "gemischte_tuete",
          "fritz_kola"
        ],
        "sources": [
          {
            "type": "hopfenstop",
            "id": "94c8e852-c2c4-4f6a-bdc9-4b80490d24a2"
          }
        ],
        "created": "2026-05-19",
        "updated": "2026-05-19"
      }
    },
    {
      "type": "Feature",
      "geometry": {
        "type": "Point",
        "coordinates": [
          8.70723,
          50.12113
        ]
      },
      "properties": {
        "id": "tk_fr_1767",
        "name": "Khan Kiosk",
        "description": "Trinkhalle",
        "address": {
          "street": "Wittelsbacherallee",
          "number": "81",
          "postalcode": "60385",
          "city": "Frankfurt am Main",
          "district": "Innenstadt I"
        },
        "hours": {
          "raw": "Mo-Su 10:00-22:00"
        },
        "tags": [
          "eis",
          "sekt",
          "wein",
          "snacks",
          "wc",
          "gemuetlich",
          "stehtisch",
          "sitzgelegenheiten",
          "ueberdacht",
          "longpapes",
          "applewoi",
          "craft_bier",
          "innenraum",
          "chillout",
          "mate"
        ],
        "sources": [
          {
            "type": "hopfenstop",
            "id": "f8ae718b-b5e1-4f0b-b510-9b3b5c847b3b"
          }
        ],
        "created": "2026-05-19",
        "updated": "2026-05-19"
      }
    },
    {
      "type": "Feature",
      "geometry": {
        "type": "Point",
        "coordinates": [
          8.6534163,
          49.8819436
        ]
      },
      "properties": {
        "id": "tk_fr_1768",
        "name": "Tag&Nacht",
        "description": "Kleiner Kiosk mit Hermes Paketdienst",
        "address": {
          "street": "Mollerstraße",
          "number": "15",
          "postalcode": "64289",
          "city": "Darmstadt",
          "district": "Darmstadt-Nord"
        },
        "hours": {
          "raw": "Mo-Su 09:00-23:59"
        },
        "tags": [
          "snacks",
          "paketshop"
        ],
        "sources": [
          {
            "type": "hopfenstop",
            "id": "e0175939-8d09-4801-a83a-a8aefcbd7c3f"
          }
        ],
        "created": "2026-05-19",
        "updated": "2026-05-19"
      }
    },
    {
      "type": "Feature",
      "geometry": {
        "type": "Point",
        "coordinates": [
          8.7116894,
          50.1347271
        ]
      },
      "properties": {
        "id": "tk_fr_1769",
        "name": "Claudis Lädchen",
        "description": "Tabak Zeitschriften Getränke",
        "address": {
          "street": "Seckbacher Landstraße",
          "number": "61",
          "postalcode": "60389",
          "city": "Frankfurt am Main",
          "district": "Bornheim/Ostend"
        },
        "sources": [
          {
            "type": "hopfenstop",
            "id": "639b3c33-1829-4547-ab34-390bc6766668"
          }
        ],
        "created": "2026-05-19",
        "updated": "2026-05-19"
      }
    },
    {
      "type": "Feature",
      "geometry": {
        "type": "Point",
        "coordinates": [
          8.5986887,
          50.2346095
        ]
      },
      "properties": {
        "id": "tk_fr_1770",
        "name": "Hermes Paketshop Ballerbude",
        "description": "Viel Bierauswahl",
        "address": {
          "street": "Brüningstraße",
          "number": "1",
          "postalcode": "61350",
          "city": "Bad Homburg vor der Höhe",
          "district": "Bad Homburg vor der Höhe"
        },
        "hours": {
          "raw": "Mo-Fr 09:00-20:00; Sa-Su 10:00-20:00"
        },
        "tags": [
          "wc",
          "gemischte_tuete",
          "innenraum",
          "sitzgelegenheiten",
          "sekt",
          "sonne",
          "ueberdacht",
          "musik",
          "applewoi"
        ],
        "sources": [
          {
            "type": "hopfenstop",
            "id": "5ef65476-df19-41c6-9c4e-315e74b14cf1"
          }
        ],
        "created": "2026-05-19",
        "updated": "2026-05-19"
      }
    },
    {
      "type": "Feature",
      "geometry": {
        "type": "Point",
        "coordinates": [
          8.6633803,
          50.5891051
        ]
      },
      "properties": {
        "id": "tk_fr_1771",
        "name": "Spätkauf",
        "description": "Späti ",
        "address": {
          "street": "Krofdorfer Straße",
          "number": "1",
          "postalcode": "35398",
          "city": "Gießen"
        },
        "hours": {
          "raw": "Tu-Sa 14:00-04:00; Su 15:00-23:00"
        },
        "sources": [
          {
            "type": "hopfenstop",
            "id": "79e0f11c-e28f-4dee-a37f-1a263f980f3f"
          }
        ],
        "created": "2026-05-19",
        "updated": "2026-05-19"
      }
    },
    {
      "type": "Feature",
      "geometry": {
        "type": "Point",
        "coordinates": [
          8.6443056,
          50.1051796
        ]
      },
      "properties": {
        "id": "tk_fr_1772",
        "name": "Lotto-Café Kiosk",
        "description": "Backwaren Getränke",
        "address": {
          "street": "Frankenallee",
          "number": "78",
          "postalcode": "60327",
          "city": "Frankfurt am Main",
          "district": "Innenstadt I"
        },
        "hours": {
          "raw": "Mo-Fr 05:30-22:00; Sa 07:00-22:00; Su 09:00-22:00"
        },
        "tags": [
          "innenraum",
          "lotto",
          "kaffee",
          "sekt",
          "ueberdacht",
          "applewoi",
          "wein",
          "gemischte_tuete",
          "mate",
          "snacks",
          "kuchen",
          "sitzgelegenheiten",
          "backwaren",
          "eis",
          "fritz_kola",
          "milch",
          "paketshop",
          "rubbellose",
          "schnaps",
          "zeitschriften"
        ],
        "sources": [
          {
            "type": "hopfenstop",
            "id": "1bdca1f3-beb0-4cac-be11-10dc89585918"
          }
        ],
        "created": "2026-05-19",
        "updated": "2026-05-19"
      }
    },
    {
      "type": "Feature",
      "geometry": {
        "type": "Point",
        "coordinates": [
          8.8552979,
          50.0971771
        ]
      },
      "properties": {
        "id": "tk_fr_1777",
        "name": "Yilmaz-Shopping Point",
        "description": "5 Sterne Kiosk ",
        "address": {
          "street": "Bischof-Ketteler-Straße",
          "number": "15",
          "postalcode": "63165",
          "city": "Mühlheim am Main",
          "district": "Lämmerspiel"
        },
        "hours": {
          "raw": "Mo-Fr 06:00-20:00; Sa-Su 08:00-20:00"
        },
        "tags": [
          "applewoi",
          "eis",
          "gemischte_tuete",
          "gemuetlich",
          "innenraum",
          "longpapes",
          "lotto",
          "mate",
          "milch",
          "paketshop",
          "rubbellose",
          "postkarten",
          "schnaps",
          "sekt",
          "snacks",
          "ueberdacht",
          "zeitschriften",
          "wein"
        ],
        "sources": [
          {
            "type": "hopfenstop",
            "id": "e3b575a8-64da-4d7b-8066-60822f0c2c64"
          }
        ],
        "created": "2026-05-19",
        "updated": "2026-05-19"
      }
    },
    {
      "type": "Feature",
      "geometry": {
        "type": "Point",
        "coordinates": [
          8.6921868,
          50.1131664
        ]
      },
      "properties": {
        "id": "tk_fr_1778",
        "name": "City Eck Kiosk",
        "description": "Gemütlicher Kiosk mit reichlicher Auswahl an kühlen Getränken und Zigaretten.",
        "address": {
          "street": "Allerheiligenstraße",
          "number": "3",
          "postalcode": "60313",
          "city": "Frankfurt am Main",
          "district": "Innenstadt I"
        },
        "hours": {
          "raw": "Mo-Su 08:00-23:00"
        },
        "tags": [
          "craft_bier",
          "gemischte_tuete",
          "wc",
          "applewoi",
          "wein",
          "sitzgelegenheiten",
          "kaffee",
          "innenraum",
          "ueberdacht",
          "longpapes"
        ],
        "sources": [
          {
            "type": "hopfenstop",
            "id": "203266b4-f74b-4e87-bc26-579aae2de1c2"
          }
        ],
        "created": "2026-05-19",
        "updated": "2026-05-19"
      }
    },
    {
      "type": "Feature",
      "geometry": {
        "type": "Point",
        "coordinates": [
          8.478421899999999,
          50.1894037
        ]
      },
      "properties": {
        "id": "tk_fr_1780",
        "name": "Trinkhalle Falkenstein",
        "description": "Trinkhalle ",
        "address": {
          "street": "Alt-Falkenstein",
          "number": "5",
          "postalcode": "61462",
          "city": "Königstein im Taunus",
          "district": "Falkenstein"
        },
        "sources": [
          {
            "type": "hopfenstop",
            "id": "8cc08d9c-9907-4355-b7e1-79dc522deb26"
          }
        ],
        "created": "2026-05-19",
        "updated": "2026-05-19"
      }
    },
    {
      "type": "Feature",
      "geometry": {
        "type": "Point",
        "coordinates": [
          8.643010799999999,
          50.1178262
        ]
      },
      "properties": {
        "id": "tk_fr_1784",
        "name": "Trinkhalle",
        "description": "Achtung, sehr unregelmäßige Öffnungszeiten!",
        "address": {
          "street": "Nauheimer Straße",
          "number": "16",
          "postalcode": "60486",
          "city": "Frankfurt am Main",
          "district": "Innenstadt II"
        },
        "sources": [
          {
            "type": "hopfenstop",
            "id": "0ec3eee5-ff33-4ddc-be17-365dcb1245fb"
          }
        ],
        "created": "2026-05-19",
        "updated": "2026-05-19"
      }
    },
    {
      "type": "Feature",
      "geometry": {
        "type": "Point",
        "coordinates": [
          8.6864183,
          50.1133053
        ]
      },
      "properties": {
        "id": "tk_fr_1785",
        "name": "Kiosk the corner",
        "description": "Kiosk in der Fahrgasse direkt in der Nähe von der Konstablerwache ",
        "address": {
          "street": "Fahrgasse",
          "number": "90",
          "postalcode": "60311",
          "city": "Frankfurt am Main",
          "district": "Innenstadt I"
        },
        "hours": {
          "raw": "Mo-Th 09:00-22:00; Fr 09:00-00:00; Sa 11:00-00:00; Su 13:00-22:00"
        },
        "tags": [
          "eis",
          "snacks",
          "sekt",
          "schnaps",
          "postkarten",
          "gemischte_tuete",
          "flair",
          "innenraum",
          "lotto",
          "sitzgelegenheiten",
          "fritz_kola",
          "wein",
          "applewoi",
          "wc",
          "kaffee"
        ],
        "sources": [
          {
            "type": "hopfenstop",
            "id": "03c6bcf8-c6ba-4b39-b899-01d63cfd58b4"
          }
        ],
        "created": "2026-05-19",
        "updated": "2026-05-19"
      }
    },
    {
      "type": "Feature",
      "geometry": {
        "type": "Point",
        "coordinates": [
          7.923396399999999,
          49.9788601
        ]
      },
      "properties": {
        "id": "tk_fr_1795",
        "name": "Genuss Oase",
        "description": "Kaffe-Tee-Süßwaren",
        "address": {
          "street": "Marktstraße",
          "number": "14",
          "postalcode": "65385",
          "city": "Rüdesheim am Rhein"
        },
        "sources": [
          {
            "type": "hopfenstop",
            "id": "898a71f3-1bc2-44ae-a43e-38938b17c504"
          }
        ],
        "created": "2026-05-19",
        "updated": "2026-05-19"
      }
    },
    {
      "type": "Feature",
      "geometry": {
        "type": "Point",
        "coordinates": [
          8.2661403,
          50.0104402
        ]
      },
      "properties": {
        "id": "tk_fr_1803",
        "name": "Kiosk 2000",
        "description": "Bier",
        "address": {
          "street": "Frauenlobstraße",
          "number": "91",
          "postalcode": "55118",
          "city": "Mainz"
        },
        "hours": {
          "raw": "Mo-Su 08:00-00:00"
        },
        "tags": [
          "craft_bier",
          "snacks",
          "kuchen",
          "gemischte_tuete"
        ],
        "sources": [
          {
            "type": "hopfenstop",
            "id": "55133bb5-6da0-41e3-a018-c7dec3de04c1"
          }
        ],
        "created": "2026-05-19",
        "updated": "2026-05-19"
      }
    },
    {
      "type": "Feature",
      "geometry": {
        "type": "Point",
        "coordinates": [
          8.6610243,
          49.8761596
        ]
      },
      "properties": {
        "id": "tk_fr_1809",
        "name": "Tag und Nacht ",
        "description": "Kiosk ",
        "address": {
          "street": "Dieburger Straße",
          "number": "2",
          "postalcode": "64283",
          "city": "Darmstadt",
          "district": "Darmstadt-Nord"
        },
        "hours": {
          "raw": "Mo-Fr 10:00-01:00; Su 10:00-01:00"
        },
        "sources": [
          {
            "type": "hopfenstop",
            "id": "a8774d9a-c0f9-41c1-9f50-3f28e4156889"
          }
        ],
        "created": "2026-05-19",
        "updated": "2026-05-19"
      }
    },
    {
      "type": "Feature",
      "geometry": {
        "type": "Point",
        "coordinates": [
          8.6440533,
          50.08320089999999
        ]
      },
      "properties": {
        "id": "tk_fr_1815",
        "name": "Brudi Kiosk",
        "description": "Kiosk",
        "address": {
          "street": "Adolf-Miersch-Straße",
          "number": "1A",
          "postalcode": "60528",
          "city": "Frankfurt am Main",
          "district": "Frankfurt am Main Süd"
        },
        "hours": {
          "raw": "Mo-Su 10:00-22:00"
        },
        "tags": [
          "eis",
          "innenraum",
          "kaffee",
          "musik",
          "snacks",
          "applewoi",
          "fritz_kola",
          "sekt",
          "wein",
          "sonne"
        ],
        "sources": [
          {
            "type": "hopfenstop",
            "id": "d5a97c00-e377-4858-be69-74bdeb6b6742"
          }
        ],
        "created": "2026-05-19",
        "updated": "2026-05-19"
      }
    },
    {
      "type": "Feature",
      "geometry": {
        "type": "Point",
        "coordinates": [
          8.7080296,
          50.1265939
        ]
      },
      "properties": {
        "id": "tk_fr_1816",
        "name": "Kiosk Mitte",
        "description": "Kiosk an der Bushaltestelle Bornheim Mitte",
        "address": {
          "street": "Saalburgstraße",
          "number": "22",
          "postalcode": "60385",
          "city": "Frankfurt am Main",
          "district": "Bornheim/Ostend"
        },
        "tags": [
          "wein",
          "applewoi",
          "ueberdacht",
          "eis",
          "kuchen",
          "mate",
          "snacks",
          "kaffee"
        ],
        "sources": [
          {
            "type": "hopfenstop",
            "id": "28c7d8e2-e648-43ec-b67a-3c01fd0033ad"
          }
        ],
        "created": "2026-05-19",
        "updated": "2026-05-19"
      }
    },
    {
      "type": "Feature",
      "geometry": {
        "type": "Point",
        "coordinates": [
          8.643139999999999,
          50.25783
        ]
      },
      "properties": {
        "id": "tk_fr_1817",
        "name": "Kiosk Vis-à-Vis",
        "description": "Mit Charme in der Nähe der English School ",
        "address": {
          "street": "Hugenottenstraße",
          "number": "109B",
          "postalcode": "61381",
          "city": "Friedrichsdorf"
        },
        "tags": [
          "gemischte_tuete",
          "innenraum",
          "kaffee",
          "snacks",
          "applewoi",
          "wein"
        ],
        "sources": [
          {
            "type": "hopfenstop",
            "id": "a5d0c157-c357-4ab7-9031-67ea64b56caa"
          }
        ],
        "created": "2026-05-19",
        "updated": "2026-05-19"
      }
    },
    {
      "type": "Feature",
      "geometry": {
        "type": "Point",
        "coordinates": [
          8.643139999999999,
          50.25783
        ]
      },
      "properties": {
        "id": "tk_fr_1818",
        "name": "Kiosk Am Wachthaus",
        "description": "Etwas rustikal, gegenüber ist netter ",
        "address": {
          "street": "Hugenottenstraße",
          "number": "109B",
          "postalcode": "61381",
          "city": "Friedrichsdorf"
        },
        "sources": [
          {
            "type": "hopfenstop",
            "id": "4872586f-ad7f-41ad-8083-a920332a8f76"
          }
        ],
        "created": "2026-05-19",
        "updated": "2026-05-19"
      }
    },
    {
      "type": "Feature",
      "geometry": {
        "type": "Point",
        "coordinates": [
          8.264200899999999,
          50.4875341
        ]
      },
      "properties": {
        "id": "tk_fr_1819",
        "name": "Tabak-Lotto Schneider",
        "description": "Echtes Kioskfeeling in Lahnnähe ",
        "address": {
          "street": "Limburger Straße",
          "number": "15b",
          "postalcode": "35781",
          "city": "Weilburg",
          "district": "Ahausen"
        },
        "sources": [
          {
            "type": "hopfenstop",
            "id": "7331ac34-e5bc-4d28-8036-e41e525c4a70"
          }
        ],
        "created": "2026-05-19",
        "updated": "2026-05-19"
      }
    },
    {
      "type": "Feature",
      "geometry": {
        "type": "Point",
        "coordinates": [
          8.2642961,
          50.4876389
        ]
      },
      "properties": {
        "id": "tk_fr_1820",
        "name": "Tabak-Lotto Schneider",
        "description": "Echtes Kioskfeeling in der Barockstadt",
        "address": {
          "street": "Limburger Straße",
          "number": "15",
          "postalcode": "35781",
          "city": "Weilburg"
        },
        "sources": [
          {
            "type": "hopfenstop",
            "id": "e1e8ef38-9d5e-4cd8-a1ba-a05800309c2d"
          }
        ],
        "created": "2026-05-19",
        "updated": "2026-05-19"
      }
    },
    {
      "type": "Feature",
      "geometry": {
        "type": "Point",
        "coordinates": [
          8.2642961,
          50.4876389
        ]
      },
      "properties": {
        "id": "tk_fr_1821",
        "name": "Tabak-Lotto Schneider",
        "description": "Echtes Kioskfeeling in der Barockstadt",
        "address": {
          "street": "Limburger Straße",
          "number": "15",
          "postalcode": "35781",
          "city": "Weilburg"
        },
        "hours": {
          "raw": "Mo-Fr 08:00-18:00; Sa 08:00-13:00"
        },
        "sources": [
          {
            "type": "hopfenstop",
            "id": "2be440e2-4451-48c8-9a02-fffc512aa2d4"
          }
        ],
        "created": "2026-05-19",
        "updated": "2026-05-19"
      }
    },
    {
      "type": "Feature",
      "geometry": {
        "type": "Point",
        "coordinates": [
          8.652149999999999,
          50.14445
        ]
      },
      "properties": {
        "id": "tk_fr_1831",
        "name": "Samba Kiosk",
        "description": "Kleines Lädchen mit allem",
        "address": {
          "street": "Ginnheimer Hohl",
          "number": "32",
          "postalcode": "60431",
          "city": "Frankfurt am Main",
          "district": "Frankfurt am Main Mitte-Nord"
        },
        "hours": {
          "raw": "Mo-Su 09:00-22:00"
        },
        "sources": [
          {
            "type": "hopfenstop",
            "id": "699e751c-fea3-45f2-8b62-6187085f6c2d"
          }
        ],
        "created": "2026-05-19",
        "updated": "2026-05-19"
      }
    },
    {
      "type": "Feature",
      "geometry": {
        "type": "Point",
        "coordinates": [
          8.6556182,
          50.1565922
        ]
      },
      "properties": {
        "id": "tk_fr_1832",
        "name": "Presse Shop Schaad",
        "description": "Bier und Geschenke ",
        "address": {
          "street": "Am Weißen Stein",
          "number": "17",
          "postalcode": "60431",
          "city": "Frankfurt am Main",
          "district": "Frankfurt am Main Mitte-Nord"
        },
        "hours": {
          "raw": "Mo-Fr 09:00-16:00; Su 09:00-16:00"
        },
        "tags": [
          "innenraum",
          "kaffee",
          "lotto",
          "musik",
          "sekt",
          "sitzgelegenheiten",
          "snacks",
          "ueberdacht",
          "applewoi"
        ],
        "sources": [
          {
            "type": "hopfenstop",
            "id": "32f68c1d-5f26-4eab-9af9-24c3b5a8fefb"
          }
        ],
        "created": "2026-05-19",
        "updated": "2026-05-19"
      }
    },
    {
      "type": "Feature",
      "geometry": {
        "type": "Point",
        "coordinates": [
          8.6797939,
          50.1206133
        ]
      },
      "properties": {
        "id": "tk_fr_1837",
        "name": "Neue Oeder Weg Trinkhalle aka. GS Kiosk",
        "description": "Nachdem in dieser eigentlich schönen Gegend indem letzten Jahren mehrere Trinkhallen nutzlosen Hipster-Läden weichen mussten, kam endlich die Trendumkehr. Willkommen in der Nachbarschaft 🥰",
        "address": {
          "street": "Oeder Weg",
          "number": "33",
          "postalcode": "60318",
          "city": "Frankfurt am Main",
          "district": "Innenstadt III"
        },
        "hours": {
          "raw": "Mo-Su 07:00-23:00"
        },
        "tags": [
          "craft_bier",
          "kaffee",
          "sekt",
          "sitzgelegenheiten",
          "applewoi",
          "ueberdacht",
          "innenraum",
          "mate",
          "stehtisch"
        ],
        "sources": [
          {
            "type": "hopfenstop",
            "id": "f94004f0-4c36-4182-ad5a-52448b3067a2"
          }
        ],
        "created": "2026-05-19",
        "updated": "2026-05-19"
      }
    },
    {
      "type": "Feature",
      "geometry": {
        "type": "Point",
        "coordinates": [
          8.5052925,
          50.5542868
        ]
      },
      "properties": {
        "id": "tk_fr_1839",
        "name": "Kiosk Obertor",
        "description": "Beschauliches Kioskexemplar in der Lahn- und Goethestadt, in unmittelbarer Nähe zur 1250 errichteten Stadtmauer. Der nahe Kornmarkt lädt zum Verweilen ein.",
        "address": {
          "street": "Obertorstraße",
          "number": "11",
          "postalcode": "35578",
          "city": "Wetzlar"
        },
        "hours": {
          "raw": "Mo-Fr 08:30-13:30"
        },
        "tags": [
          "wc",
          "eis",
          "kaffee",
          "innenraum",
          "lotto",
          "sitzgelegenheiten",
          "snacks",
          "ueberdacht"
        ],
        "sources": [
          {
            "type": "hopfenstop",
            "id": "d256b991-02af-4e38-876d-103728842530"
          }
        ],
        "created": "2026-05-19",
        "updated": "2026-05-19"
      }
    },
    {
      "type": "Feature",
      "geometry": {
        "type": "Point",
        "coordinates": [
          8.6977915,
          50.1211464
        ]
      },
      "properties": {
        "id": "tk_fr_1840",
        "name": "Multi Kiosk",
        "description": "Helles, stylisches Kiosk mit großem Schaufenster. Verkauf von Tabakwaren, Kraftbier, Getränken, Süßigkeiten, Snacks sowie eine Auswahl an Drogeriewaren, Lebensmitteln und Schreibwaren. Die zwei Besitzer sind jung, motiviert und kommunikativ.",
        "address": {
          "street": "Berger Straße",
          "number": "76-78",
          "postalcode": "60316",
          "city": "Frankfurt am Main",
          "district": "Innenstadt"
        },
        "hours": {
          "raw": "Mo-We 08:00-00:00; Th-Sa 09:00-02:00; Su 08:00-23:30"
        },
        "tags": [
          "applewoi",
          "kaffee",
          "schnaps",
          "snacks"
        ],
        "sources": [
          {
            "type": "hopfenstop",
            "id": "3499204e-cc7b-4d21-a428-61b9747691a4"
          }
        ],
        "created": "2026-05-19",
        "updated": "2026-05-19"
      }
    },
    {
      "type": "Feature",
      "geometry": {
        "type": "Point",
        "coordinates": [
          8.66676,
          50.10551
        ]
      },
      "properties": {
        "id": "tk_fr_1841",
        "name": "Yok Yok Eden",
        "description": "Pop Up Kiosk am Wiesenhüttenplatz",
        "address": {
          "street": "Wiesenhüttenstraße",
          "number": "30",
          "postalcode": "60329",
          "city": "Frankfurt am Main",
          "district": "Innenstadt I"
        },
        "hours": {
          "raw": "Mo-Th 14:00-22:00; Fr-Sa 14:00-00:00; Su 14:00-22:00"
        },
        "tags": [
          "wc",
          "gemischte_tuete",
          "sitzgelegenheiten",
          "snacks",
          "sonne",
          "musik",
          "wein",
          "applewoi",
          "mate",
          "chillout",
          "flair",
          "kaffee",
          "sekt",
          "schnaps",
          "gemuetlich",
          "stehtisch"
        ],
        "sources": [
          {
            "type": "hopfenstop",
            "id": "94027494-d99e-4c0c-a4c3-e5c89e06235e"
          }
        ],
        "created": "2026-05-19",
        "updated": "2026-05-19"
      }
    },
    {
      "type": "Feature",
      "geometry": {
        "type": "Point",
        "coordinates": [
          8.65251,
          50.07398
        ]
      },
      "properties": {
        "id": "tk_fr_1850",
        "name": "Fan Treff Waldstadion",
        "description": "Hier trifft man sich vor der Eintracht ",
        "address": {
          "street": "Mörfelder Landstraße",
          "number": "356",
          "postalcode": "60528",
          "city": "Frankfurt am Main",
          "district": "Frankfurt am Main Süd"
        },
        "tags": [
          "wc"
        ],
        "sources": [
          {
            "type": "hopfenstop",
            "id": "a08f351f-a45e-45d0-bea4-3285e4c17d37"
          }
        ],
        "created": "2026-05-19",
        "updated": "2026-05-19"
      }
    },
    {
      "type": "Feature",
      "geometry": {
        "type": "Point",
        "coordinates": [
          8.5112236,
          50.088102
        ]
      },
      "properties": {
        "id": "tk_fr_1854",
        "name": "Kiosk Rado",
        "description": "Kiosk mit Sitzgelegenheiten",
        "address": {
          "street": "Richard-Weidlich-Platz",
          "number": "7",
          "postalcode": "65931",
          "city": "Frankfurt am Main",
          "district": "Frankfurt am Main West"
        },
        "hours": {
          "raw": "Mo-Su 07:00-21:00"
        },
        "tags": [
          "sitzgelegenheiten",
          "kaffee",
          "kuchen",
          "lotto",
          "paketshop",
          "rubbellose",
          "schnaps",
          "snacks",
          "applewoi"
        ],
        "sources": [
          {
            "type": "hopfenstop",
            "id": "2442f0ff-7fee-4652-99a6-fbf714679039"
          }
        ],
        "created": "2026-05-19",
        "updated": "2026-05-19"
      }
    },
    {
      "type": "Feature",
      "geometry": {
        "type": "Point",
        "coordinates": [
          8.287943799999999,
          50.0088648
        ]
      },
      "properties": {
        "id": "tk_fr_1856",
        "name": "Trinkhalle Kastel",
        "description": "freistehendes Profi-Häuschen auf Parkplatz",
        "address": {
          "street": "In der Witz",
          "number": "12A",
          "postalcode": "55252",
          "city": "Wiesbaden",
          "district": "Mainz-Kastel"
        },
        "hours": {
          "raw": "Mo-Su 07:00-22:00"
        },
        "sources": [
          {
            "type": "hopfenstop",
            "id": "beb472bf-9b7d-4c44-acbd-90a6f073081c"
          }
        ],
        "created": "2026-05-19",
        "updated": "2026-05-19"
      }
    },
    {
      "type": "Feature",
      "geometry": {
        "type": "Point",
        "coordinates": [
          8.675655899999999,
          50.1120506
        ]
      },
      "properties": {
        "id": "tk_fr_1861",
        "name": "Zeitungsbörse",
        "description": "Allgemeiner Kiosk",
        "address": {
          "street": "Große Gallusstraße",
          "number": "13",
          "postalcode": "60311",
          "city": "Frankfurt am Main",
          "district": "Innenstadt I"
        },
        "hours": {
          "raw": "Mo-Fr 08:00-20:00"
        },
        "sources": [
          {
            "type": "hopfenstop",
            "id": "123d22a1-7c5e-4758-89e4-805d74393c8f"
          }
        ],
        "created": "2026-05-19",
        "updated": "2026-05-19"
      }
    },
    {
      "type": "Feature",
      "geometry": {
        "type": "Point",
        "coordinates": [
          8.5598744,
          50.1020258
        ]
      },
      "properties": {
        "id": "tk_fr_1862",
        "name": "Özcans Kiosk",
        "description": "Kiosk mit Innenraum",
        "address": {
          "street": "Bolongarostraße",
          "number": "40",
          "postalcode": "65934",
          "city": "Frankfurt am Main",
          "district": "Frankfurt am Main West"
        },
        "hours": {
          "raw": "Mo-Sa 06:00-01:00; Su 09:00-23:00"
        },
        "sources": [
          {
            "type": "hopfenstop",
            "id": "c71a45e5-af8b-4c1f-a1b5-5779c433a783"
          }
        ],
        "created": "2026-05-19",
        "updated": "2026-05-19"
      }
    },
    {
      "type": "Feature",
      "geometry": {
        "type": "Point",
        "coordinates": [
          8.547278799999999,
          50.0992382
        ]
      },
      "properties": {
        "id": "tk_fr_1863",
        "name": "Schlappenflicker Kiosk",
        "description": "Schuh- Schlüsseldienst und Kiosk in einem!",
        "address": {
          "street": "Bolongarostraße",
          "number": "170",
          "postalcode": "65929",
          "city": "Frankfurt am Main",
          "district": "Frankfurt am Main West"
        },
        "hours": {
          "raw": "Mo-Fr 09:00-19:00; Sa 09:00-12:00; Su 12:00-22:00"
        },
        "tags": [
          "eis",
          "innenraum",
          "kaffee",
          "ueberdacht",
          "gemischte_tuete",
          "mate",
          "snacks",
          "applewoi",
          "wein"
        ],
        "sources": [
          {
            "type": "hopfenstop",
            "id": "12f922c9-09a3-4634-8fb5-1adee681bd1f"
          }
        ],
        "created": "2026-05-19",
        "updated": "2026-05-19"
      }
    },
    {
      "type": "Feature",
      "geometry": {
        "type": "Point",
        "coordinates": [
          8.236544900000002,
          50.0730622
        ]
      },
      "properties": {
        "id": "tk_fr_1864",
        "name": "Herder Kiosk",
        "description": "Netter kleiner Kiosk.\nBier ist schön kalt",
        "address": {
          "street": "Herderstraße",
          "number": "6",
          "postalcode": "65185",
          "city": "Wiesbaden"
        },
        "hours": {
          "raw": "Mo-Su 10:00-23:00"
        },
        "sources": [
          {
            "type": "hopfenstop",
            "id": "c9d145de-6743-44dd-abef-47a3f70eb88f"
          }
        ],
        "created": "2026-05-19",
        "updated": "2026-05-19"
      }
    },
    {
      "type": "Feature",
      "geometry": {
        "type": "Point",
        "coordinates": [
          8.235665,
          50.0742932
        ]
      },
      "properties": {
        "id": "tk_fr_1865",
        "name": "Palmen Kiosk ",
        "description": "Bier und Snacks",
        "address": {
          "street": "Karlstraße",
          "number": "44",
          "postalcode": "65185",
          "city": "Wiesbaden"
        },
        "hours": {
          "raw": "Mo-Th 10:00-01:00; Fr 10:00-02:00; Sa 12:00-02:00; Su 12:00-01:00"
        },
        "sources": [
          {
            "type": "hopfenstop",
            "id": "95a7e364-a78a-40b3-bcf0-6fba76e1a0a5"
          }
        ],
        "created": "2026-05-19",
        "updated": "2026-05-19"
      }
    },
    {
      "type": "Feature",
      "geometry": {
        "type": "Point",
        "coordinates": [
          8.6433781,
          50.0850309
        ]
      },
      "properties": {
        "id": "tk_fr_1872",
        "name": "Kiosk Gerau",
        "description": "Polnischer Kiosk",
        "address": {
          "street": "Goldsteinstraße",
          "number": "43",
          "postalcode": "60528",
          "city": "Frankfurt am Main",
          "district": "Frankfurt am Main Süd"
        },
        "hours": {
          "raw": "Mo-Sa 06:30-21:00; Su 08:00-20:00"
        },
        "sources": [
          {
            "type": "hopfenstop",
            "id": "b7cdc0c0-c971-4afa-93af-9ed3171f5027"
          }
        ],
        "created": "2026-05-19",
        "updated": "2026-05-19"
      }
    },
    {
      "type": "Feature",
      "geometry": {
        "type": "Point",
        "coordinates": [
          8.649071,
          50.107136
        ]
      },
      "properties": {
        "id": "tk_fr_1876",
        "name": "Massimo",
        "description": "Bester Kiosk Frankfurts - mit top Wein",
        "address": {
          "street": "Speyerer Straße",
          "number": "28",
          "postalcode": "60327",
          "city": "Frankfurt am Main",
          "district": "Innenstadt I"
        },
        "hours": {
          "raw": "Mo-Su 10:00-23:00"
        },
        "tags": [
          "craft_bier",
          "wc",
          "innenraum",
          "sekt",
          "applewoi",
          "ueberdacht",
          "wein",
          "mate",
          "eis",
          "gemischte_tuete",
          "kaffee",
          "kuchen",
          "sitzgelegenheiten",
          "snacks",
          "sonne",
          "klassiker",
          "gemuetlich",
          "flair",
          "backwaren",
          "musik",
          "schnaps"
        ],
        "sources": [
          {
            "type": "hopfenstop",
            "id": "49310b1d-7a60-43ba-b009-d452009fa66a"
          }
        ],
        "created": "2026-05-19",
        "updated": "2026-05-19"
      }
    },
    {
      "type": "Feature",
      "geometry": {
        "type": "Point",
        "coordinates": [
          8.6713075,
          50.121129
        ]
      },
      "properties": {
        "id": "tk_fr_1889",
        "name": "G37",
        "description": "Direkt neben dem original Best Woscht-Stand.\nSieht vielleicht eher nach Internetcafé als nach Trinkhalle aus, aber wo Kiosk drauf steht, ist auch Kiosk drin.",
        "address": {
          "street": "Grüneburgweg",
          "number": "37",
          "postalcode": "60322",
          "city": "Frankfurt am Main",
          "district": "Innenstadt I"
        },
        "tags": [
          "innenraum",
          "musik",
          "snacks"
        ],
        "sources": [
          {
            "type": "hopfenstop",
            "id": "07f04bce-a85f-4fc7-ae57-d4295fd954fd"
          }
        ],
        "created": "2026-05-19",
        "updated": "2026-05-19"
      }
    },
    {
      "type": "Feature",
      "geometry": {
        "type": "Point",
        "coordinates": [
          8.6050778,
          50.1442301
        ]
      },
      "properties": {
        "id": "tk_fr_1896",
        "name": "Asia Kiosk",
        "description": "Einkaufskiosk",
        "address": {
          "street": "L3440",
          "number": "204a",
          "postalcode": "60488",
          "city": "Frankfurt am Main",
          "district": "Frankfurt am Main Mitte-West"
        },
        "sources": [
          {
            "type": "hopfenstop",
            "id": "352360f0-f3ed-4f00-8a66-0ece8bcf2fe9"
          }
        ],
        "created": "2026-05-19",
        "updated": "2026-05-19"
      }
    },
    {
      "type": "Feature",
      "geometry": {
        "type": "Point",
        "coordinates": [
          8.6272275,
          50.1033818
        ]
      },
      "properties": {
        "id": "tk_fr_1897",
        "name": "Cafe Kiosk",
        "description": "Schöner Kiosk mit frischen Backwaren",
        "address": {
          "street": "Lorsbacher Straße",
          "number": "1",
          "postalcode": "60326",
          "city": "Frankfurt am Main",
          "district": "Innenstadt I"
        },
        "sources": [
          {
            "type": "hopfenstop",
            "id": "a61cfe43-a396-43a8-b1fd-388a1329a9f0"
          }
        ],
        "created": "2026-05-19",
        "updated": "2026-05-19"
      }
    },
    {
      "type": "Feature",
      "geometry": {
        "type": "Point",
        "coordinates": [
          8.6782007,
          50.1135557
        ]
      },
      "properties": {
        "id": "tk_fr_1899",
        "name": "U-Bahn Kiosk",
        "description": "Kiosk für Getränke, Zeitungen und Lotto",
        "address": {
          "street": "An der Hauptwache",
          "number": "35",
          "postalcode": "60313",
          "city": "Frankfurt am Main",
          "district": "Innenstadt I"
        },
        "hours": {
          "raw": "Mo-Fr 07:00-20:00"
        },
        "sources": [
          {
            "type": "hopfenstop",
            "id": "2b9f8c5f-2023-4de4-84a0-84b8ba68bd04"
          }
        ],
        "created": "2026-05-19",
        "updated": "2026-05-19"
      }
    },
    {
      "type": "Feature",
      "geometry": {
        "type": "Point",
        "coordinates": [
          8.665324199999999,
          49.9948805
        ]
      },
      "properties": {
        "id": "tk_fr_1900",
        "name": "Getränke Abhollager",
        "description": "Urtümlich, rustikal. Von Backsteinmauer eingefasst. Verstecktes Idyll...",
        "address": {
          "street": "Sofienstraße",
          "number": "36",
          "postalcode": "63225",
          "city": "Langen (Hessen)"
        },
        "hours": {
          "raw": "Mo-Sa 09:00-21:30; Su 09:00-16:00"
        },
        "sources": [
          {
            "type": "hopfenstop",
            "id": "84a85af7-04fd-485d-87ca-0fea300f7c6b"
          }
        ],
        "created": "2026-05-19",
        "updated": "2026-05-19"
      }
    },
    {
      "type": "Feature",
      "geometry": {
        "type": "Point",
        "coordinates": [
          8.7096008,
          50.0895525
        ]
      },
      "properties": {
        "id": "tk_fr_1903",
        "name": "Am Goetheturm ",
        "description": "Restaurant mit Kiosk ",
        "address": {
          "street": "Sachsenhäuser Landwehrweg",
          "number": "1",
          "postalcode": "60599",
          "city": "Frankfurt am Main",
          "district": "Frankfurt am Main Süd"
        },
        "tags": [
          "wc",
          "kaffee",
          "applewoi",
          "wein",
          "sitzgelegenheiten",
          "kuchen"
        ],
        "sources": [
          {
            "type": "hopfenstop",
            "id": "13649c18-5787-4b51-b73d-b9c5ff177fce"
          }
        ],
        "created": "2026-05-19",
        "updated": "2026-05-19"
      }
    },
    {
      "type": "Feature",
      "geometry": {
        "type": "Point",
        "coordinates": [
          8.7686645,
          50.1154814
        ]
      },
      "properties": {
        "id": "tk_fr_1904",
        "name": "Fechenheimer Bierstube",
        "description": "Kiosk und Bierstube",
        "address": {
          "street": "Dieburger Straße",
          "number": "10",
          "postalcode": "60386",
          "city": "Frankfurt am Main",
          "district": "Frankfurt am Main Ost"
        },
        "sources": [
          {
            "type": "hopfenstop",
            "id": "f709f338-65c7-4344-89fe-b252b319e45e"
          }
        ],
        "created": "2026-05-19",
        "updated": "2026-05-19"
      }
    },
    {
      "type": "Feature",
      "geometry": {
        "type": "Point",
        "coordinates": [
          8.6357083,
          50.1007927
        ]
      },
      "properties": {
        "id": "tk_fr_1905",
        "name": "Kiosk & Kaffee Gallusbringer",
        "description": "Neuer Kiosk in der Lahnstraße mit Gemischter Tüte, einer mittelgroßen Auswahl an Alkohol und Alltagsartikeln. Großer Vorteil: der extrem leckere Sushi-Laden daneben.",
        "address": {
          "street": "Lahnstraße",
          "number": "37",
          "postalcode": "60326",
          "city": "Frankfurt am Main",
          "district": "Innenstadt I"
        },
        "hours": {
          "raw": "Mo-Fr 07:00-22:00; Sa-Su 08:00-23:55"
        },
        "tags": [
          "kaffee",
          "mate",
          "milch",
          "snacks"
        ],
        "sources": [
          {
            "type": "hopfenstop",
            "id": "85347487-e5ff-4e2c-8989-362609ee2342"
          }
        ],
        "created": "2026-05-19",
        "updated": "2026-05-19"
      }
    },
    {
      "type": "Feature",
      "geometry": {
        "type": "Point",
        "coordinates": [
          8.697331499999999,
          50.1714018
        ]
      },
      "properties": {
        "id": "tk_fr_1906",
        "name": "Berkersheimer Lädchen",
        "description": "Kiosk mit Coffee To-go",
        "address": {
          "street": "Am Dachsberg",
          "number": "1",
          "postalcode": "60435",
          "city": "Frankfurt am Main",
          "district": "Frankfurt am Main Nord-Ost"
        },
        "sources": [
          {
            "type": "hopfenstop",
            "id": "5c229e38-d67b-464a-ad66-0588c3b7effc"
          }
        ],
        "created": "2026-05-19",
        "updated": "2026-05-19"
      }
    },
    {
      "type": "Feature",
      "geometry": {
        "type": "Point",
        "coordinates": [
          8.675479,
          50.5886217
        ]
      },
      "properties": {
        "id": "tk_fr_1908",
        "name": "Tabak Moerser Presse",
        "description": "Bier",
        "address": {
          "street": "Asterweg",
          "number": "11",
          "postalcode": "35390",
          "city": "Gießen"
        },
        "hours": {
          "raw": "Mo-Su 13:00-20:00"
        },
        "sources": [
          {
            "type": "hopfenstop",
            "id": "62ad5d66-1b1b-40a7-996b-f99428352c2c"
          }
        ],
        "created": "2026-05-19",
        "updated": "2026-05-19"
      }
    },
    {
      "type": "Feature",
      "geometry": {
        "type": "Point",
        "coordinates": [
          8.703726,
          50.1119741
        ]
      },
      "properties": {
        "id": "tk_fr_1910",
        "name": "RimeD - mehr als ein Kiosk",
        "description": "Neueröffnung am 4.4.2021",
        "address": {
          "street": "Schichaustraße",
          "number": "13",
          "postalcode": "60314",
          "city": "Frankfurt am Main",
          "district": "Bornheim/Ostend"
        },
        "tags": [
          "eis",
          "innenraum",
          "sitzgelegenheiten",
          "kuchen",
          "snacks",
          "fritz_kola",
          "wein",
          "applewoi",
          "musik",
          "sekt",
          "ueberdacht"
        ],
        "sources": [
          {
            "type": "hopfenstop",
            "id": "30dce8bd-b979-4a71-a602-092665aae31d"
          }
        ],
        "created": "2026-05-19",
        "updated": "2026-05-19"
      }
    },
    {
      "type": "Feature",
      "geometry": {
        "type": "Point",
        "coordinates": [
          8.6878824,
          50.1021927
        ]
      },
      "properties": {
        "id": "tk_fr_1912",
        "name": "Khan Kiosk ",
        "description": "Kiosk",
        "address": {
          "street": "Textorstraße",
          "number": "28",
          "postalcode": "60594",
          "city": "Frankfurt am Main",
          "district": "Frankfurt am Main Süd"
        },
        "hours": {
          "raw": "Mo-Su 10:00-01:00"
        },
        "tags": [
          "snacks",
          "craft_bier",
          "sekt",
          "applewoi",
          "wein",
          "mate",
          "sonne",
          "innenraum",
          "gemischte_tuete",
          "wc",
          "eis",
          "kaffee",
          "kuchen"
        ],
        "sources": [
          {
            "type": "hopfenstop",
            "id": "68f00092-83d0-47db-8d79-6e198f2f879b"
          }
        ],
        "created": "2026-05-19",
        "updated": "2026-05-19"
      }
    },
    {
      "type": "Feature",
      "geometry": {
        "type": "Point",
        "coordinates": [
          8.6786701,
          50.113505
        ]
      },
      "properties": {
        "id": "tk_fr_1913",
        "name": "Kiosk Hauptwache B-Ebene ",
        "description": "Ausgang Katherinenkirche ",
        "address": {
          "street": "An der Hauptwache",
          "number": "15",
          "postalcode": "60313",
          "city": "Frankfurt am Main",
          "district": "Innenstadt I"
        },
        "hours": {
          "raw": "Mo-Th 09:00-00:00; Fr-Sa 09:00-01:30; Su 09:00-00:00"
        },
        "tags": [
          "wc",
          "kaffee"
        ],
        "sources": [
          {
            "type": "hopfenstop",
            "id": "790e75aa-aa0b-4245-92e7-b4a5c61408c0"
          }
        ],
        "created": "2026-05-19",
        "updated": "2026-05-19"
      }
    },
    {
      "type": "Feature",
      "geometry": {
        "type": "Point",
        "coordinates": [
          8.6610303,
          50.1022519
        ]
      },
      "properties": {
        "id": "tk_fr_1914",
        "name": "Super Shiraz Kiosk",
        "description": "Kiosk mit persischen Lebensmitteln und allem was man braucht.",
        "address": {
          "street": "Gutleutstraße",
          "number": "145",
          "postalcode": "60327",
          "city": "Frankfurt am Main",
          "district": "Innenstadt I"
        },
        "hours": {
          "raw": "Mo-Su 09:00-23:30"
        },
        "sources": [
          {
            "type": "hopfenstop",
            "id": "3db52964-cd20-4552-8587-92cde49e27d3"
          }
        ],
        "created": "2026-05-19",
        "updated": "2026-05-19"
      }
    },
    {
      "type": "Feature",
      "geometry": {
        "type": "Point",
        "coordinates": [
          8.885869699999999,
          50.130916
        ]
      },
      "properties": {
        "id": "tk_fr_1916",
        "name": "Kiosk am Lidl",
        "description": "Kleiner Kiosk neben Lidl bzw. Direkt am Dönerladen.",
        "address": {
          "street": "Kurt-Schumacher-Platz",
          "number": "10",
          "postalcode": "63454",
          "city": "Hanau"
        },
        "hours": {
          "raw": "Mo-Su 09:00-20:00"
        },
        "sources": [
          {
            "type": "hopfenstop",
            "id": "799129e3-b8a8-4b9b-9e53-9d58070f89b2"
          }
        ],
        "created": "2026-05-19",
        "updated": "2026-05-19"
      }
    },
    {
      "type": "Feature",
      "geometry": {
        "type": "Point",
        "coordinates": [
          8.283242699999999,
          50.0067816
        ]
      },
      "properties": {
        "id": "tk_fr_1917",
        "name": "Arkadad",
        "description": "Kiosk mit Döner",
        "address": {
          "street": "Eisenbahnstraße",
          "number": "7",
          "postalcode": "55252",
          "city": "Wiesbaden",
          "district": "Mainz-Kastel"
        },
        "hours": {
          "raw": "Mo-Su 11:00-23:00"
        },
        "tags": [
          "wc"
        ],
        "sources": [
          {
            "type": "hopfenstop",
            "id": "a85843db-51c6-4da7-a4c4-40497a396c06"
          }
        ],
        "created": "2026-05-19",
        "updated": "2026-05-19"
      }
    },
    {
      "type": "Feature",
      "geometry": {
        "type": "Point",
        "coordinates": [
          8.678788200000001,
          50.1038558
        ]
      },
      "properties": {
        "id": "tk_fr_1919",
        "name": "Presseshop Sachsenhausen",
        "description": "Kartenzahlung ab 10 Euro",
        "address": {
          "street": "Schweizer Straße",
          "number": "22",
          "postalcode": "60594",
          "city": "Frankfurt am Main",
          "district": "Frankfurt am Main Süd"
        },
        "hours": {
          "raw": "Mo-Fr 08:00-18:00; Sa 10:00-00:00"
        },
        "tags": [
          "wein",
          "applewoi",
          "gemischte_tuete",
          "innenraum",
          "kaffee",
          "lotto",
          "mate",
          "longpapes",
          "paketshop",
          "postkarten",
          "rubbellose",
          "sekt",
          "snacks",
          "zeitschriften"
        ],
        "sources": [
          {
            "type": "hopfenstop",
            "id": "056abd2c-1bdc-4e57-8dcd-fb371153ee0b"
          }
        ],
        "created": "2026-05-19",
        "updated": "2026-05-19"
      }
    },
    {
      "type": "Feature",
      "geometry": {
        "type": "Point",
        "coordinates": [
          8.6639391,
          50.1260314
        ]
      },
      "properties": {
        "id": "tk_fr_1921",
        "name": "Park-Cafe ",
        "description": "Mischung aus Kiosk und Café im Grüneburgpark",
        "address": {
          "street": "August-Siebert-Straße",
          "number": "22",
          "postalcode": "60323",
          "city": "Frankfurt am Main",
          "district": "Innenstadt II"
        },
        "hours": {
          "raw": "Mo-Su 14:00-18:00"
        },
        "tags": [
          "wc",
          "kaffee",
          "kuchen",
          "snacks"
        ],
        "sources": [
          {
            "type": "hopfenstop",
            "id": "6275bc6b-23b1-4d95-a44d-524f39b61a21"
          }
        ],
        "created": "2026-05-19",
        "updated": "2026-05-19"
      }
    },
    {
      "type": "Feature",
      "geometry": {
        "type": "Point",
        "coordinates": [
          8.7050001,
          50.12063
        ]
      },
      "properties": {
        "id": "tk_fr_1923",
        "name": "Ehan Kiosk",
        "description": "Lebensmittel, Getränke, Tabakwaren",
        "address": {
          "street": "Habsburgerallee",
          "number": "39",
          "postalcode": "60385",
          "city": "Frankfurt am Main",
          "district": "Innenstadt"
        },
        "hours": {
          "raw": "Mo-Sa 09:00-22:00; Su 10:00-21:00"
        },
        "sources": [
          {
            "type": "hopfenstop",
            "id": "8640bcd7-9322-48f9-89ab-23a6b9a9a363"
          }
        ],
        "created": "2026-05-19",
        "updated": "2026-05-19"
      }
    },
    {
      "type": "Feature",
      "geometry": {
        "type": "Point",
        "coordinates": [
          9.1404312,
          49.9764281
        ]
      },
      "properties": {
        "id": "tk_fr_1930",
        "name": "Gude Bude",
        "description": "Kiosk am Main-Biergarten",
        "address": {
          "street": "Suicardusstraße",
          "number": "1",
          "postalcode": "63739",
          "city": "Aschaffenburg",
          "district": "Innenstadt"
        },
        "hours": {
          "raw": "Mo-Su 18:00-23:00"
        },
        "sources": [
          {
            "type": "hopfenstop",
            "id": "83ce0e17-e7b5-48e8-ae16-5b99f003182a"
          }
        ],
        "created": "2026-05-19",
        "updated": "2026-05-19"
      }
    },
    {
      "type": "Feature",
      "geometry": {
        "type": "Point",
        "coordinates": [
          8.9370582,
          50.07947840000001
        ]
      },
      "properties": {
        "id": "tk_fr_1931",
        "name": "Pub'lo",
        "description": "Burger 🍔 und mehr ",
        "address": {
          "street": "Eisenbahnstraße",
          "number": "1",
          "postalcode": "63512",
          "city": "Hainburg",
          "district": "Hainstadt"
        },
        "hours": {
          "raw": "Mo-Su 10:00-22:00"
        },
        "tags": [
          "wc"
        ],
        "sources": [
          {
            "type": "hopfenstop",
            "id": "5eee7066-70f6-45da-8f32-7754eb2ed3df"
          }
        ],
        "created": "2026-05-19",
        "updated": "2026-05-19"
      }
    },
    {
      "type": "Feature",
      "geometry": {
        "type": "Point",
        "coordinates": [
          8.6297757,
          50.1646255
        ]
      },
      "properties": {
        "id": "tk_fr_1933",
        "name": "Kiosk 89",
        "description": "Alkohol frei",
        "address": {
          "street": "Niederurseler Landstraße",
          "number": "89",
          "postalcode": "60439",
          "city": "Frankfurt am Main",
          "district": "Frankfurt am Main Nord-West"
        },
        "sources": [
          {
            "type": "hopfenstop",
            "id": "83818caa-1fd8-4f72-bd05-c046a0aea33a"
          }
        ],
        "created": "2026-05-19",
        "updated": "2026-05-19"
      }
    },
    {
      "type": "Feature",
      "geometry": {
        "type": "Point",
        "coordinates": [
          8.61936,
          50.16067
        ]
      },
      "properties": {
        "id": "tk_fr_1934",
        "name": "Palaver",
        "description": "Getränke und Snacks",
        "address": {
          "street": "Gerhart-Hauptmann-Ring",
          "number": "139",
          "postalcode": "60439",
          "city": "Frankfurt am Main",
          "district": "Frankfurt am Main Nord-West"
        },
        "hours": {
          "raw": "Mo-Su 09:00-22:00"
        },
        "tags": [
          "eis",
          "innenraum",
          "kaffee",
          "kuchen",
          "snacks",
          "applewoi",
          "wein",
          "ueberdacht",
          "wc",
          "longpapes",
          "lotto",
          "fritz_kola",
          "schnaps",
          "sonne"
        ],
        "sources": [
          {
            "type": "hopfenstop",
            "id": "40fbbf1a-bda1-4e6c-9f98-5b6dfee8e109"
          }
        ],
        "created": "2026-05-19",
        "updated": "2026-05-19"
      }
    },
    {
      "type": "Feature",
      "geometry": {
        "type": "Point",
        "coordinates": [
          8.697702999999999,
          50.1110796
        ]
      },
      "properties": {
        "id": "tk_fr_1935",
        "name": "Ozlem Saridas Kiosk",
        "description": "Kleiner Kiosk an der Sbahn Station Ostendstraße",
        "address": {
          "street": "Ostendstraße",
          "number": "36",
          "postalcode": "60314",
          "city": "Frankfurt am Main",
          "district": "Bornheim/Ostend"
        },
        "hours": {
          "raw": "Mo-Su 09:59-23:00"
        },
        "sources": [
          {
            "type": "hopfenstop",
            "id": "de2a26b1-7ada-4454-8489-68914c2db86b"
          }
        ],
        "created": "2026-05-19",
        "updated": "2026-05-19"
      }
    },
    {
      "type": "Feature",
      "geometry": {
        "type": "Point",
        "coordinates": [
          8.268552999999999,
          50.0094044
        ]
      },
      "properties": {
        "id": "tk_fr_1936",
        "name": "Kiosk am Kaisertor ",
        "description": "Weinschorle Bier Kaffee Snacks ",
        "address": {
          "street": "Rheinallee",
          "number": "2",
          "postalcode": "55118",
          "city": "Mainz"
        },
        "sources": [
          {
            "type": "hopfenstop",
            "id": "25766772-7e56-455b-9bdf-9d0d03289a65"
          }
        ],
        "created": "2026-05-19",
        "updated": "2026-05-19"
      }
    },
    {
      "type": "Feature",
      "geometry": {
        "type": "Point",
        "coordinates": [
          8.704214799999999,
          50.1241995
        ]
      },
      "properties": {
        "id": "tk_fr_1939",
        "name": "Berger Kiosk Open",
        "description": "Nieschenladen",
        "address": {
          "street": "Berger Straße",
          "number": "152",
          "postalcode": "60385",
          "city": "Frankfurt am Main",
          "district": "Innenstadt I"
        },
        "sources": [
          {
            "type": "hopfenstop",
            "id": "1b46ff7f-54e0-47df-8267-9ae834aeecf5"
          }
        ],
        "created": "2026-05-19",
        "updated": "2026-05-19"
      }
    },
    {
      "type": "Feature",
      "geometry": {
        "type": "Point",
        "coordinates": [
          8.704214799999999,
          50.1241995
        ]
      },
      "properties": {
        "id": "tk_fr_1940",
        "name": "Berger Kiosk Open",
        "description": "Nieschenladen",
        "address": {
          "street": "Berger Straße",
          "number": "152",
          "postalcode": "60385",
          "city": "Frankfurt am Main",
          "district": "Innenstadt I"
        },
        "hours": {
          "raw": "Mo-Fr 00:00-00:00; Su 00:00-00:00"
        },
        "sources": [
          {
            "type": "hopfenstop",
            "id": "2180058c-f708-49a2-a5ea-43d8eae09593"
          }
        ],
        "created": "2026-05-19",
        "updated": "2026-05-19"
      }
    },
    {
      "type": "Feature",
      "geometry": {
        "type": "Point",
        "coordinates": [
          8.669328,
          49.8694387
        ]
      },
      "properties": {
        "id": "tk_fr_1941",
        "name": "Woogshop",
        "description": "Kleiner aber feiner Kiosk im Woogsviertel. Geheimtipp ",
        "address": {
          "street": "Roßdörfer Straße",
          "number": "68",
          "postalcode": "64287",
          "city": "Darmstadt",
          "district": "Darmstadt-Ost"
        },
        "hours": {
          "raw": "Mo-Fr 07:00-18:00; Sa 08:00-15:00; Su 11:00-15:00"
        },
        "tags": [
          "wc",
          "applewoi",
          "eis",
          "kaffee",
          "longpapes",
          "lotto",
          "mate",
          "paketshop",
          "postkarten",
          "rubbellose",
          "schnaps",
          "sitzgelegenheiten",
          "snacks",
          "sonne",
          "stehtisch",
          "zeitschriften"
        ],
        "sources": [
          {
            "type": "hopfenstop",
            "id": "d1fc27b5-10f8-43e3-82cd-3696295e3d9b"
          }
        ],
        "created": "2026-05-19",
        "updated": "2026-05-19"
      }
    },
    {
      "type": "Feature",
      "geometry": {
        "type": "Point",
        "coordinates": [
          8.6767304,
          50.12642839999999
        ]
      },
      "properties": {
        "id": "tk_fr_1942",
        "name": "Café im Holzhausenpark",
        "description": "Kleines gemütliches Café mit Außenbereich",
        "address": {
          "street": "Vogtstraße",
          "number": "44",
          "postalcode": "60322",
          "city": "Frankfurt am Main",
          "district": "Innenstadt I"
        },
        "hours": {
          "raw": "Mo-Su 09:00-18:00"
        },
        "tags": [
          "wc",
          "innenraum",
          "kaffee",
          "kuchen",
          "sitzgelegenheiten",
          "snacks",
          "sonne",
          "ueberdacht",
          "wein",
          "applewoi",
          "fritz_kola"
        ],
        "sources": [
          {
            "type": "hopfenstop",
            "id": "2e0f1bc1-4f72-4ac8-9257-429d38641dd2"
          }
        ],
        "created": "2026-05-19",
        "updated": "2026-05-19"
      }
    },
    {
      "type": "Feature",
      "geometry": {
        "type": "Point",
        "coordinates": [
          8.2752009,
          50.5083975
        ]
      },
      "properties": {
        "id": "tk_fr_1945",
        "name": "Kiosk an der Schleuse",
        "description": "Direkt an der Schleuse an der Lahn in Löhnberg, gelegen an frühindustrieller Fabrikanlage, Füße im Wasser baumeln lassen und entspannen",
        "address": {
          "street": "Schleuse",
          "number": "1",
          "postalcode": "35792",
          "city": "Löhnberg"
        },
        "hours": {
          "raw": "Tu-Su 11:00-20:00"
        },
        "tags": [
          "wc"
        ],
        "sources": [
          {
            "type": "hopfenstop",
            "id": "64d84627-ba6d-4936-abb6-461bfeb78df8"
          }
        ],
        "created": "2026-05-19",
        "updated": "2026-05-19"
      }
    },
    {
      "type": "Feature",
      "geometry": {
        "type": "Point",
        "coordinates": [
          8.6685651,
          50.0989189
        ]
      },
      "properties": {
        "id": "tk_fr_1949",
        "name": "Riverside Kiosk",
        "description": "Kiosk",
        "address": {
          "street": "Stresemannallee",
          "number": "8",
          "postalcode": "60596",
          "city": "Frankfurt am Main",
          "district": "Frankfurt am Main Süd"
        },
        "tags": [
          "applewoi",
          "sitzgelegenheiten",
          "gemischte_tuete"
        ],
        "sources": [
          {
            "type": "hopfenstop",
            "id": "7262352a-4699-4081-b566-202e75c21c89"
          }
        ],
        "created": "2026-05-19",
        "updated": "2026-05-19"
      }
    },
    {
      "type": "Feature",
      "geometry": {
        "type": "Point",
        "coordinates": [
          8.7032328,
          50.1128236
        ]
      },
      "properties": {
        "id": "tk_fr_1951",
        "name": "Skyline Kiosk",
        "description": "Neuer Ostend Style",
        "address": {
          "street": "Hanauer Landstraße",
          "number": "68",
          "postalcode": "60314",
          "city": "Frankfurt am Main",
          "district": "Bornheim/Ostend"
        },
        "hours": {
          "raw": "Mo-Su 07:00-00:00"
        },
        "tags": [
          "craft_bier",
          "wc",
          "ueberdacht",
          "applewoi",
          "wein"
        ],
        "sources": [
          {
            "type": "hopfenstop",
            "id": "3f6eb295-cb7b-4209-ab59-b80c6e7dd190"
          }
        ],
        "created": "2026-05-19",
        "updated": "2026-05-19"
      }
    },
    {
      "type": "Feature",
      "geometry": {
        "type": "Point",
        "coordinates": [
          8.645103800000001,
          50.10697769999999
        ]
      },
      "properties": {
        "id": "tk_fr_1954",
        "name": "Kölner Eck",
        "description": "Traditionsreicher Kiosik mit Sitzgelegenheiten und WC.",
        "address": {
          "street": "Kölner Straße",
          "number": "67",
          "postalcode": "60327",
          "city": "Frankfurt am Main",
          "district": "Innenstadt I"
        },
        "hours": {
          "raw": "Mo-Su 07:00-23:00"
        },
        "tags": [
          "wc",
          "ueberdacht",
          "gemischte_tuete",
          "sitzgelegenheiten",
          "klassiker"
        ],
        "sources": [
          {
            "type": "hopfenstop",
            "id": "c374c6df-0155-4110-9885-7b2eed1b398f"
          }
        ],
        "created": "2026-05-19",
        "updated": "2026-05-19"
      }
    },
    {
      "type": "Feature",
      "geometry": {
        "type": "Point",
        "coordinates": [
          8.688753799999999,
          50.1188675
        ]
      },
      "properties": {
        "id": "tk_fr_1959",
        "name": "Hamburger am Turm",
        "description": "direkt an Kreuzung",
        "address": {
          "street": "Eschenheimer Anlage",
          "number": "1",
          "postalcode": "60316",
          "city": "Frankfurt am Main",
          "district": "Innenstadt III"
        },
        "hours": {
          "raw": "We-Sa 02:00-02:00"
        },
        "sources": [
          {
            "type": "hopfenstop",
            "id": "dc3656cf-b084-44d7-8033-fbbf56b07bfb"
          }
        ],
        "created": "2026-05-19",
        "updated": "2026-05-19"
      }
    },
    {
      "type": "Feature",
      "geometry": {
        "type": "Point",
        "coordinates": [
          8.647623,
          50.087059
        ]
      },
      "properties": {
        "id": "tk_fr_1963",
        "name": "Neighborhood Kiosk",
        "description": "Kiosk",
        "address": {
          "street": "Bruchfeldstraße",
          "number": "40",
          "postalcode": "60528",
          "city": "Frankfurt am Main",
          "district": "Frankfurt am Main Süd"
        },
        "sources": [
          {
            "type": "hopfenstop",
            "id": "a879258c-4757-4469-b109-deb6f8f3e9e7"
          }
        ],
        "created": "2026-05-19",
        "updated": "2026-05-19"
      }
    },
    {
      "type": "Feature",
      "geometry": {
        "type": "Point",
        "coordinates": [
          8.692105,
          50.1250706
        ]
      },
      "properties": {
        "id": "tk_fr_1964",
        "name": "Boyati Kiosk",
        "description": "der günstigste Kiosk im Nordend",
        "address": {
          "street": "Friedberger Landstraße",
          "number": "90",
          "postalcode": "60316",
          "city": "Frankfurt am Main",
          "district": "Innenstadt III"
        },
        "hours": {
          "raw": "Mo-Th 12:00-00:00; Fr-Sa 12:00-01:30; Su 12:00-00:00"
        },
        "tags": [
          "wc",
          "applewoi",
          "snacks",
          "sitzgelegenheiten"
        ],
        "sources": [
          {
            "type": "hopfenstop",
            "id": "7da2bb3f-3a04-493f-92ab-262030b6762c"
          }
        ],
        "created": "2026-05-19",
        "updated": "2026-05-19"
      }
    },
    {
      "type": "Feature",
      "geometry": {
        "type": "Point",
        "coordinates": [
          8.6771555,
          50.1168704
        ]
      },
      "properties": {
        "id": "tk_fr_1965",
        "name": "Wegbierkiosk",
        "description": "Netter Pop Up Kiosk in der Eschenheimer Anlage hinter dem Hilton. Gezapftes Bier.\n\nToilette kann im Hotel genutzt werden.\n\nÖffnungszeiten:\nDonnerstag/ Freitag ab 16:00 Uhr\nSamstag/ Sonntag ab 14:00 Uhr \n",
        "address": {
          "street": "Hochstraße",
          "number": "2-6",
          "postalcode": "60313",
          "city": "Frankfurt am Main",
          "district": "Innenstadt I"
        },
        "hours": {
          "raw": "Sa-Su 16:00-22:00"
        },
        "sources": [
          {
            "type": "hopfenstop",
            "id": "c12f2041-981d-4715-a4d2-a516333e55fa"
          }
        ],
        "created": "2026-05-19",
        "updated": "2026-05-19"
      }
    },
    {
      "type": "Feature",
      "geometry": {
        "type": "Point",
        "coordinates": [
          8.617747999999999,
          50.1627826
        ]
      },
      "properties": {
        "id": "tk_fr_1966",
        "name": "Trinkhalle - Inder ",
        "description": "Die Stammkundschaft nennt ihn einfach Inder. Schön gelegen im Park. Schattig. ",
        "address": {
          "street": "Thomas-Mann-Straße",
          "number": "55",
          "postalcode": "60439",
          "city": "Frankfurt am Main",
          "district": "Frankfurt am Main Nord-West"
        },
        "hours": {
          "raw": "Mo-Su 10:00-20:00"
        },
        "sources": [
          {
            "type": "hopfenstop",
            "id": "1a7d10c6-db8d-49b3-96d0-9149d172808b"
          }
        ],
        "created": "2026-05-19",
        "updated": "2026-05-19"
      }
    },
    {
      "type": "Feature",
      "geometry": {
        "type": "Point",
        "coordinates": [
          8.5483279,
          50.1017479
        ]
      },
      "properties": {
        "id": "tk_fr_1972",
        "name": "Sahan Kiosk Höchst",
        "description": "Gut sortierter Kiosk in der Höchster Fußgängerzone (Königsteiner Straße).",
        "address": {
          "street": "Königsteiner Straße",
          "number": "15",
          "postalcode": "65929",
          "city": "Frankfurt am Main",
          "district": "Frankfurt am Main West"
        },
        "hours": {
          "raw": "Mo-Th 07:00-01:00; Fr-Sa 07:00-02:00; Su 08:00-00:00"
        },
        "sources": [
          {
            "type": "hopfenstop",
            "id": "f462a69e-2bb0-4bb1-8ab6-60dbcdbf9104"
          }
        ],
        "created": "2026-05-19",
        "updated": "2026-05-19"
      }
    },
    {
      "type": "Feature",
      "geometry": {
        "type": "Point",
        "coordinates": [
          8.5358773,
          50.0912226
        ]
      },
      "properties": {
        "id": "tk_fr_1973",
        "name": "Snacks und Drinks am Schloss",
        "description": "Neuer (2021) Kiosk in direkter Nähe zur Höchster Altstadt. ",
        "address": {
          "postalcode": "65929",
          "city": "Frankfurt am Main",
          "district": "Frankfurt am Main West"
        },
        "hours": {
          "raw": "Mo-Sa 07:00-23:00; Su 08:00-23:00"
        },
        "sources": [
          {
            "type": "hopfenstop",
            "id": "2c2e866d-966e-4444-9470-25b2c1b72789"
          }
        ],
        "created": "2026-05-19",
        "updated": "2026-05-19"
      }
    },
    {
      "type": "Feature",
      "geometry": {
        "type": "Point",
        "coordinates": [
          8.5358773,
          50.0912226
        ]
      },
      "properties": {
        "id": "tk_fr_1974",
        "name": "Anadolu Kiosk",
        "description": "Neuer (2021) Kiosk auf der Nordseite des Höchster Bahnhofs.",
        "address": {
          "postalcode": "65929",
          "city": "Frankfurt am Main",
          "district": "Frankfurt am Main West"
        },
        "hours": {
          "raw": "Mo-Th 07:00-23:00; Fr-Sa 07:00-01:00; Su 09:00-23:00"
        },
        "sources": [
          {
            "type": "hopfenstop",
            "id": "626371f6-0559-4bc9-b487-bd67d2b84dc0"
          }
        ],
        "created": "2026-05-19",
        "updated": "2026-05-19"
      }
    },
    {
      "type": "Feature",
      "geometry": {
        "type": "Point",
        "coordinates": [
          8.768284099999999,
          50.1041791
        ]
      },
      "properties": {
        "id": "tk_fr_1975",
        "name": "trinkfest Kiosk",
        "description": "Eine Schatzkiste für Bierliebhaber.\nEs gibt eine große Auswahl an nationale und international Biersorten.",
        "address": {
          "street": "Bieberer Straße",
          "number": "29",
          "postalcode": "63065",
          "city": "Offenbach am Main"
        },
        "hours": {
          "raw": "Mo-Su 09:00-23:00"
        },
        "tags": [
          "wc",
          "applewoi",
          "sitzgelegenheiten"
        ],
        "sources": [
          {
            "type": "hopfenstop",
            "id": "ef01f1e5-c0d3-46c2-aaef-a9fa6350b9cc"
          }
        ],
        "created": "2026-05-19",
        "updated": "2026-05-19"
      }
    },
    {
      "type": "Feature",
      "geometry": {
        "type": "Point",
        "coordinates": [
          8.6895097,
          50.1049269
        ]
      },
      "properties": {
        "id": "tk_fr_1976",
        "name": "Gude Späti",
        "description": "Getränke - Tabakwaren - Süßigkeiten - Eis - Kaffee - Snacks",
        "address": {
          "street": "Paradiesgasse",
          "number": "48",
          "postalcode": "60594",
          "city": "Frankfurt am Main",
          "district": "Frankfurt am Main Süd"
        },
        "hours": {
          "raw": "Mo-Su 00:00-00:00"
        },
        "tags": [
          "gemischte_tuete",
          "innenraum",
          "kaffee",
          "musik",
          "sekt",
          "applewoi"
        ],
        "sources": [
          {
            "type": "hopfenstop",
            "id": "2c85094a-f343-48be-9b57-5ca0161b7535"
          }
        ],
        "created": "2026-05-19",
        "updated": "2026-05-19"
      }
    },
    {
      "type": "Feature",
      "geometry": {
        "type": "Point",
        "coordinates": [
          8.6941475,
          50.1101961
        ]
      },
      "properties": {
        "id": "tk_fr_1980",
        "name": "Trinkhalle",
        "description": "Kiosk und Bar",
        "address": {
          "street": "Obermainanlage",
          "number": "14",
          "postalcode": "60314",
          "city": "Frankfurt am Main",
          "district": "Innenstadt I"
        },
        "hours": {
          "raw": "Mo-Sa 10:00-22:00"
        },
        "tags": [
          "wc"
        ],
        "sources": [
          {
            "type": "hopfenstop",
            "id": "201f2b76-b2fa-4c77-aac9-f408aebb7527"
          }
        ],
        "created": "2026-05-19",
        "updated": "2026-05-19"
      }
    },
    {
      "type": "Feature",
      "geometry": {
        "type": "Point",
        "coordinates": [
          8.66456,
          50.13818999999999
        ]
      },
      "properties": {
        "id": "tk_fr_1981",
        "name": "Mein Kiosk",
        "description": "Neu eröffnete Trinkhalle Ecke Immermann-/Fallerslebenstrasse",
        "address": {
          "street": "Fallerslebenstraße",
          "number": "4",
          "postalcode": "60320",
          "city": "Frankfurt am Main",
          "district": "Frankfurt am Main Mitte-Nord"
        },
        "sources": [
          {
            "type": "hopfenstop",
            "id": "1cde6200-89c5-4527-ae3c-98aaf248fe84"
          }
        ],
        "created": "2026-05-19",
        "updated": "2026-05-19"
      }
    },
    {
      "type": "Feature",
      "geometry": {
        "type": "Point",
        "coordinates": [
          8.6478331,
          50.1071477
        ]
      },
      "properties": {
        "id": "tk_fr_2012",
        "name": "19 Café-Kiosk-Trinkhalle",
        "description": "Cooles Kiosk mitten im Gallus.",
        "address": {
          "street": "Koblenzer Straße",
          "number": "6",
          "postalcode": "60327",
          "city": "Frankfurt am Main",
          "district": "Innenstadt I"
        },
        "hours": {
          "raw": "Mo-Tu 09:00-23:00; We 09:30-23:00; Th-Su 09:00-23:00"
        },
        "sources": [
          {
            "type": "hopfenstop",
            "id": "277dc7f1-8be5-4001-8170-3ea8bdec358f"
          }
        ],
        "created": "2026-05-19",
        "updated": "2026-05-19"
      }
    },
    {
      "type": "Feature",
      "geometry": {
        "type": "Point",
        "coordinates": [
          8.503968,
          50.0991761
        ]
      },
      "properties": {
        "id": "tk_fr_2019",
        "name": "Kiosk Boom",
        "description": "Zeilsheimer Kiosk",
        "address": {
          "street": "Bechtenwaldstraße",
          "number": "64",
          "postalcode": "65931",
          "city": "Frankfurt am Main",
          "district": "Frankfurt am Main West"
        },
        "hours": {
          "raw": "Mo-Su 08:00-00:00"
        },
        "sources": [
          {
            "type": "hopfenstop",
            "id": "f7aea11c-dd86-4382-b617-4133ef237b3b"
          }
        ],
        "created": "2026-05-19",
        "updated": "2026-05-19"
      }
    },
    {
      "type": "Feature",
      "geometry": {
        "type": "Point",
        "coordinates": [
          8.7539283,
          50.2333921
        ]
      },
      "properties": {
        "id": "tk_fr_2020",
        "name": "Kiosk & Bistro am Bahnhof",
        "description": "Kiosk am Karbener Bahnhof",
        "address": {
          "street": "Bahnhofstraße",
          "number": "198B",
          "postalcode": "61184",
          "city": "Karben",
          "district": "Kloppenheim"
        },
        "hours": {
          "raw": "Mo-Fr 06:00-18:30; Sa 09:00-17:30"
        },
        "tags": [
          "barrierefrei",
          "applewoi",
          "lotto",
          "longpapes",
          "mate",
          "schnaps",
          "rubbellose",
          "snacks",
          "zeitschriften",
          "ueberdacht",
          "chillout",
          "eis",
          "kaffee",
          "innenraum",
          "milch"
        ],
        "sources": [
          {
            "type": "hopfenstop",
            "id": "bf313baf-02ae-4d0b-8dd5-57ed5810a918"
          }
        ],
        "created": "2026-05-19",
        "updated": "2026-05-19"
      }
    },
    {
      "type": "Feature",
      "geometry": {
        "type": "Point",
        "coordinates": [
          8.6577331,
          50.1073774
        ]
      },
      "properties": {
        "id": "tk_fr_2021",
        "name": "Kiosk Dardania",
        "description": "Nettes Kiosk mit Lebensmitteln im Bahnhofsviertel.",
        "address": {
          "street": "Niddastraße",
          "number": "104",
          "postalcode": "60329",
          "city": "Frankfurt am Main",
          "district": "Innenstadt I"
        },
        "hours": {
          "raw": "Mo-Sa 08:00-21:00; Su 10:00-21:00"
        },
        "tags": [
          "wc",
          "innenraum"
        ],
        "sources": [
          {
            "type": "hopfenstop",
            "id": "b432b298-da97-4501-b4c3-e0b8a43913d2"
          }
        ],
        "created": "2026-05-19",
        "updated": "2026-05-19"
      }
    },
    {
      "type": "Feature",
      "geometry": {
        "type": "Point",
        "coordinates": [
          8.7730345,
          50.1168495
        ]
      },
      "properties": {
        "id": "tk_fr_2023",
        "name": "Trinkhalle Kiosk",
        "description": "Uriges Büdchen im Wohngebiet",
        "address": {
          "street": "Dietesheimer Straße",
          "number": "6",
          "postalcode": "60386",
          "city": "Frankfurt am Main",
          "district": "Frankfurt am Main Ost"
        },
        "hours": {
          "raw": "Mo-Sa 12:00-21:30"
        },
        "tags": [
          "wc",
          "ueberdacht",
          "kaffee"
        ],
        "sources": [
          {
            "type": "hopfenstop",
            "id": "6d856231-43b4-4a55-908a-f15372329d98"
          }
        ],
        "created": "2026-05-19",
        "updated": "2026-05-19"
      }
    },
    {
      "type": "Feature",
      "geometry": {
        "type": "Point",
        "coordinates": [
          8.702260899999999,
          50.1127519
        ]
      },
      "properties": {
        "id": "tk_fr_2024",
        "name": "Ortel  Mobile",
        "description": "Kiosk ",
        "address": {
          "street": "K818",
          "number": "56",
          "postalcode": "60314",
          "city": "Frankfurt am Main",
          "district": "Innenstadt I"
        },
        "hours": {
          "raw": "Mo-Sa 10:30-22:00"
        },
        "tags": [
          "kaffee",
          "applewoi"
        ],
        "sources": [
          {
            "type": "hopfenstop",
            "id": "5d3b0542-d975-4b8b-9af1-8b596e09b98d"
          }
        ],
        "created": "2026-05-19",
        "updated": "2026-05-19"
      }
    },
    {
      "type": "Feature",
      "geometry": {
        "type": "Point",
        "coordinates": [
          8.738057399999999,
          50.1842812
        ]
      },
      "properties": {
        "id": "tk_fr_2026",
        "name": "Kiosk am Viadukt",
        "description": "Kleiner Kiosk am Rande der Innenstadt",
        "address": {
          "street": "Niddastraße",
          "number": "24",
          "postalcode": "61118",
          "city": "Bad Vilbel"
        },
        "hours": {
          "raw": "Mo-Su 09:00-18:00"
        },
        "sources": [
          {
            "type": "hopfenstop",
            "id": "e8c6b6bf-2821-41a9-858b-e050feb3a215"
          }
        ],
        "created": "2026-05-19",
        "updated": "2026-05-19"
      }
    },
    {
      "type": "Feature",
      "geometry": {
        "type": "Point",
        "coordinates": [
          8.6366724,
          50.100213
        ]
      },
      "properties": {
        "id": "tk_fr_2034",
        "name": "Kabil Kiosk",
        "description": "Einfacher Kiosk im Gallus.",
        "address": {
          "street": "Schwalbacher Straße",
          "number": "11",
          "postalcode": "60326",
          "city": "Frankfurt am Main",
          "district": "Innenstadt I"
        },
        "hours": {
          "raw": "Mo-Sa 08:00-21:00; Su 12:00-20:00"
        },
        "sources": [
          {
            "type": "hopfenstop",
            "id": "844db2b6-9f8b-4e60-a5a8-d0c040b48076"
          }
        ],
        "created": "2026-05-19",
        "updated": "2026-05-19"
      }
    },
    {
      "type": "Feature",
      "geometry": {
        "type": "Point",
        "coordinates": [
          8.6406776,
          50.1017492
        ]
      },
      "properties": {
        "id": "tk_fr_2035",
        "name": "Gallus Bistro Kiosk",
        "description": "Gemütliches Kiosk im\nGallus.",
        "address": {
          "street": "Lahnstraße",
          "number": "4",
          "postalcode": "60326",
          "city": "Frankfurt am Main",
          "district": "Innenstadt I"
        },
        "hours": {
          "raw": "Mo-Fr 08:00-22:00; Sa-Su 09:00-22:00"
        },
        "sources": [
          {
            "type": "hopfenstop",
            "id": "1f726099-030c-4dcf-988b-0cfd71aa0306"
          }
        ],
        "created": "2026-05-19",
        "updated": "2026-05-19"
      }
    },
    {
      "type": "Feature",
      "geometry": {
        "type": "Point",
        "coordinates": [
          8.6833204,
          50.1134678
        ]
      },
      "properties": {
        "id": "tk_fr_2043",
        "name": "Easy to go",
        "description": "Mega Typ hinterm Tresen ",
        "address": {
          "street": "Töngesgasse",
          "number": "34-36",
          "postalcode": "60311",
          "city": "Frankfurt am Main",
          "district": "Innenstadt I"
        },
        "hours": {
          "raw": "Mo-Su 08:00-23:00"
        },
        "tags": [
          "innenraum",
          "eis",
          "kaffee",
          "lotto",
          "mate",
          "sekt",
          "snacks",
          "ueberdacht",
          "wein",
          "applewoi"
        ],
        "sources": [
          {
            "type": "hopfenstop",
            "id": "44a9d1bb-f702-419a-b1a2-31d99ea4badd"
          }
        ],
        "created": "2026-05-19",
        "updated": "2026-05-19"
      }
    },
    {
      "type": "Feature",
      "geometry": {
        "type": "Point",
        "coordinates": [
          8.5221459,
          50.0977158
        ]
      },
      "properties": {
        "id": "tk_fr_2045",
        "name": "Bigfood, Burger, Snacks & mehr",
        "description": "Imbiss & Kiosk direkt bei der Jahrhunderthalle.",
        "address": {
          "street": "Silostraße",
          "number": "81",
          "postalcode": "65929",
          "city": "Frankfurt am Main",
          "district": "Frankfurt am Main West"
        },
        "hours": {
          "raw": "Mo-Sa 08:00-20:00"
        },
        "sources": [
          {
            "type": "hopfenstop",
            "id": "fe21d528-9fbb-4d09-b71c-91d378db3a7e"
          }
        ],
        "created": "2026-05-19",
        "updated": "2026-05-19"
      }
    },
    {
      "type": "Feature",
      "geometry": {
        "type": "Point",
        "coordinates": [
          8.664528299999999,
          50.10714110000001
        ]
      },
      "properties": {
        "id": "tk_fr_2048",
        "name": "Travelshop",
        "description": "Kiosk mitten im Hauptbahnhof.",
        "address": {
          "street": "Am Hauptbahnhof",
          "number": "1",
          "postalcode": "60329",
          "city": "Frankfurt am Main",
          "district": "Innenstadt I"
        },
        "hours": {
          "raw": "Mo-Th 05:00-01:00; Fr 06:00-00:00; Sa-Su 05:00-01:00"
        },
        "sources": [
          {
            "type": "hopfenstop",
            "id": "0b661b75-37ea-4e75-88f5-62ca1433f5d0"
          }
        ],
        "created": "2026-05-19",
        "updated": "2026-05-19"
      }
    },
    {
      "type": "Feature",
      "geometry": {
        "type": "Point",
        "coordinates": [
          8.6703401,
          50.1080741
        ]
      },
      "properties": {
        "id": "tk_fr_2049",
        "name": "Mo’s Späti",
        "description": "Neues hippes Kiosk in der Münchener Str.",
        "address": {
          "street": "Münchener Straße",
          "number": "16",
          "postalcode": "60329",
          "city": "Frankfurt am Main",
          "district": "Innenstadt I"
        },
        "hours": {
          "raw": "Mo-Su 12:00-00:00"
        },
        "sources": [
          {
            "type": "hopfenstop",
            "id": "37dc5116-41a4-4a07-9d5c-b2a7b7ecc8fa"
          }
        ],
        "created": "2026-05-19",
        "updated": "2026-05-19"
      }
    },
    {
      "type": "Feature",
      "geometry": {
        "type": "Point",
        "coordinates": [
          8.7112108,
          50.1289363
        ]
      },
      "properties": {
        "id": "tk_fr_2052",
        "name": "Alt Bornheim Bude",
        "description": "Cooles Kiosk in Alt-Bornheim.",
        "address": {
          "street": "Alt-Bornheim",
          "number": "1",
          "postalcode": "60385",
          "city": "Frankfurt am Main",
          "district": "Bornheim/Ostend"
        },
        "hours": {
          "raw": "Mo-Fr 07:30-22:00; Sa-Su 10:00-22:00"
        },
        "tags": [
          "gemischte_tuete",
          "sitzgelegenheiten",
          "snacks",
          "sonne",
          "applewoi",
          "fritz_kola",
          "kaffee",
          "innenraum",
          "chillout",
          "wein",
          "longpapes",
          "ueberdacht",
          "eis"
        ],
        "sources": [
          {
            "type": "hopfenstop",
            "id": "e4eeb78a-f0c3-4dfe-a4ab-6bbe329cddd4"
          }
        ],
        "created": "2026-05-19",
        "updated": "2026-05-19"
      }
    },
    {
      "type": "Feature",
      "geometry": {
        "type": "Point",
        "coordinates": [
          8.57134,
          50.13272
        ]
      },
      "properties": {
        "id": "tk_fr_2053",
        "name": "Kiosk an der Börse ",
        "description": "Getränke und snacks",
        "address": {
          "street": "Kölner Straße",
          "number": "1-3",
          "postalcode": "65760",
          "city": "Eschborn",
          "district": "Frankfurt am Main West"
        },
        "sources": [
          {
            "type": "hopfenstop",
            "id": "7972bf68-653f-4cc0-9703-8cfe3306587e"
          }
        ],
        "created": "2026-05-19",
        "updated": "2026-05-19"
      }
    },
    {
      "type": "Feature",
      "geometry": {
        "type": "Point",
        "coordinates": [
          8.238624,
          50.0731565
        ]
      },
      "properties": {
        "id": "tk_fr_2055",
        "name": "Kioskisler",
        "description": "Getränke Post Packetshop Lotto",
        "address": {
          "street": "Moritzstraße",
          "number": "35",
          "postalcode": "65185",
          "city": "Wiesbaden"
        },
        "sources": [
          {
            "type": "hopfenstop",
            "id": "fd47b55e-c227-4cd2-8706-bf3292cb49fc"
          }
        ],
        "created": "2026-05-19",
        "updated": "2026-05-19"
      }
    },
    {
      "type": "Feature",
      "geometry": {
        "type": "Point",
        "coordinates": [
          8.6874,
          50.11479
        ]
      },
      "properties": {
        "id": "tk_fr_2058",
        "name": "Meister's Food Affairs ",
        "description": "Getränkekiosk ",
        "address": {
          "street": "Zeil",
          "number": "62",
          "postalcode": "60313",
          "city": "Frankfurt am Main",
          "district": "Innenstadt I"
        },
        "tags": [
          "wc"
        ],
        "sources": [
          {
            "type": "hopfenstop",
            "id": "61f26ac6-771e-4c89-8493-f7f62edb1aad"
          }
        ],
        "created": "2026-05-19",
        "updated": "2026-05-19"
      }
    },
    {
      "type": "Feature",
      "geometry": {
        "type": "Point",
        "coordinates": [
          8.542525699999999,
          50.1021741
        ]
      },
      "properties": {
        "id": "tk_fr_2059",
        "name": "Kiosk Bahnhof Höchst ",
        "description": "Kleiner Bahnhofskiosk",
        "address": {
          "postalcode": "65929",
          "city": "Frankfurt am Main",
          "district": "Frankfurt am Main West"
        },
        "hours": {
          "raw": "Mo-Su 09:00-22:00"
        },
        "sources": [
          {
            "type": "hopfenstop",
            "id": "6987f19f-3857-458f-8094-1ac6f711567e"
          }
        ],
        "created": "2026-05-19",
        "updated": "2026-05-19"
      }
    },
    {
      "type": "Feature",
      "geometry": {
        "type": "Point",
        "coordinates": [
          8.5474367,
          50.0990836
        ]
      },
      "properties": {
        "id": "tk_fr_2060",
        "name": "Snacks & Drinks am Schloss",
        "description": "Cooles Kiosk mitten in Höchst.",
        "address": {
          "street": "Bolongarostraße",
          "number": "163",
          "postalcode": "65929",
          "city": "Frankfurt am Main",
          "district": "Frankfurt am Main West"
        },
        "hours": {
          "raw": "Mo-Sa 07:00-23:00; Su 08:00-23:00"
        },
        "sources": [
          {
            "type": "hopfenstop",
            "id": "4ccd6a7d-11e3-4d37-aae9-ae8a7421a709"
          }
        ],
        "created": "2026-05-19",
        "updated": "2026-05-19"
      }
    },
    {
      "type": "Feature",
      "geometry": {
        "type": "Point",
        "coordinates": [
          8.516736,
          50.0802817
        ]
      },
      "properties": {
        "id": "tk_fr_2063",
        "name": "Neno Kiosk Sindlingen ",
        "description": "Getrränke- und Lottokiosk",
        "address": {
          "street": "Westenbergerstraße",
          "number": "4",
          "postalcode": "65931",
          "city": "Frankfurt am Main",
          "district": "Frankfurt am Main West"
        },
        "hours": {
          "raw": "Mo-Fr 08:00-20:00; Sa 08:00-18:00"
        },
        "sources": [
          {
            "type": "hopfenstop",
            "id": "f4e1e37e-6130-4104-b4da-1b30885545a1"
          }
        ],
        "created": "2026-05-19",
        "updated": "2026-05-19"
      }
    },
    {
      "type": "Feature",
      "geometry": {
        "type": "Point",
        "coordinates": [
          8.6584933,
          50.1083138
        ]
      },
      "properties": {
        "id": "tk_fr_2064",
        "name": "East Africa Travel & More",
        "description": "Kiosk und Reisebüro in der Ludwigstraße.",
        "address": {
          "street": "Ludwigstraße",
          "number": "16",
          "postalcode": "60327",
          "city": "Frankfurt am Main",
          "district": "Innenstadt I"
        },
        "hours": {
          "raw": "Mo 10:00-19:00; Tu 10:00-18:30; We-Fr 10:00-20:00; Sa 11:00-16:30"
        },
        "sources": [
          {
            "type": "hopfenstop",
            "id": "2e66390d-0dfb-4859-bba5-ed86ff4d6720"
          }
        ],
        "created": "2026-05-19",
        "updated": "2026-05-19"
      }
    },
    {
      "type": "Feature",
      "geometry": {
        "type": "Point",
        "coordinates": [
          8.6878969,
          50.1058339
        ]
      },
      "properties": {
        "id": "tk_fr_2065",
        "name": "Sehzat‘s Lottoladen",
        "description": "Alle Getränke",
        "address": {
          "street": "Elisabethenstraße",
          "number": "41",
          "postalcode": "60594",
          "city": "Frankfurt am Main",
          "district": "Frankfurt am Main Süd"
        },
        "hours": {
          "raw": "Mo-Su 00:00-00:00"
        },
        "sources": [
          {
            "type": "hopfenstop",
            "id": "ebc108dc-8cb8-4e6d-a4e9-452c0e38ad36"
          }
        ],
        "created": "2026-05-19",
        "updated": "2026-05-19"
      }
    },
    {
      "type": "Feature",
      "geometry": {
        "type": "Point",
        "coordinates": [
          8.6576255,
          50.1080328
        ]
      },
      "properties": {
        "id": "tk_fr_2066",
        "name": "Kiosk & Getränkemarkt",
        "description": "Kiosk direkt auf der Mainzer Landstraße.",
        "address": {
          "street": "Mainzer Landstraße",
          "number": "123",
          "postalcode": "60327",
          "city": "Frankfurt am Main",
          "district": "Innenstadt I"
        },
        "sources": [
          {
            "type": "hopfenstop",
            "id": "47994c09-11c5-48b3-b309-33e3bc4c8971"
          }
        ],
        "created": "2026-05-19",
        "updated": "2026-05-19"
      }
    },
    {
      "type": "Feature",
      "geometry": {
        "type": "Point",
        "coordinates": [
          8.412146,
          49.9932901
        ]
      },
      "properties": {
        "id": "tk_fr_2067",
        "name": "An der Marktstrass3",
        "description": "Getränke und mehr",
        "address": {
          "street": "Marktstraße",
          "number": "27",
          "postalcode": "65428",
          "city": "Rüsselsheim am Main"
        },
        "hours": {
          "raw": "Su 12:00-23:00"
        },
        "sources": [
          {
            "type": "hopfenstop",
            "id": "be590c51-251e-4289-a2fb-57e99d6c4d9f"
          }
        ],
        "created": "2026-05-19",
        "updated": "2026-05-19"
      }
    },
    {
      "type": "Feature",
      "geometry": {
        "type": "Point",
        "coordinates": [
          8.69202,
          50.05332
        ]
      },
      "properties": {
        "id": "tk_fr_2068",
        "name": "Neu Isenburg Kiosk ",
        "description": "Große Auswahl an alkoholfreien Getränken,\nalkoholischen Getränken, Zigaretten, Tabak . Süßwaren",
        "address": {
          "street": "Waldstraße",
          "number": "96",
          "postalcode": "63263",
          "city": "Neu-Isenburg",
          "district": "Neu-Isenburg"
        },
        "hours": {
          "raw": "Mo-Su 08:00-23:00"
        },
        "tags": [
          "wc"
        ],
        "sources": [
          {
            "type": "hopfenstop",
            "id": "1324b3d0-fd3e-450e-9731-464276bc0905"
          }
        ],
        "created": "2026-05-19",
        "updated": "2026-05-19"
      }
    },
    {
      "type": "Feature",
      "geometry": {
        "type": "Point",
        "coordinates": [
          8.662454,
          49.8687718
        ]
      },
      "properties": {
        "id": "tk_fr_2069",
        "name": "Limo Lounge",
        "description": "Limo Kiosk welches aus Bier und andere Getränke hat. Ebenfalls gibt es diverse antiquierte Konsolen auf welchen man spielen kann.",
        "address": {
          "street": "Nieder-Ramstädter Straße",
          "number": "57B",
          "postalcode": "64287",
          "city": "Darmstadt"
        },
        "hours": {
          "raw": "Tu-Th 17:00-22:00; Fr-Sa 17:00-23:00; Su 15:00-21:00"
        },
        "sources": [
          {
            "type": "hopfenstop",
            "id": "c0b1846d-cdc4-4985-a8bc-8546a8d95ab8"
          }
        ],
        "created": "2026-05-19",
        "updated": "2026-05-19"
      }
    },
    {
      "type": "Feature",
      "geometry": {
        "type": "Point",
        "coordinates": [
          8.685015200000002,
          50.1101862
        ]
      },
      "properties": {
        "id": "tk_fr_2073",
        "name": "Kiosk am Dom",
        "description": "Kiosk direkt am Dom mit großer Auswahl.",
        "address": {
          "street": "Saalgasse",
          "number": "2-4",
          "postalcode": "60311",
          "city": "Frankfurt am Main",
          "district": "Innenstadt I"
        },
        "tags": [
          "snacks",
          "mate",
          "innenraum",
          "applewoi",
          "wein",
          "gemischte_tuete",
          "craft_bier",
          "eis",
          "kaffee",
          "kuchen",
          "lotto",
          "sekt",
          "sitzgelegenheiten",
          "musik",
          "ueberdacht",
          "fritz_kola",
          "paketshop"
        ],
        "sources": [
          {
            "type": "hopfenstop",
            "id": "96da7920-c34f-4f1d-b20a-e25f2c71d45d"
          }
        ],
        "created": "2026-05-19",
        "updated": "2026-05-19"
      }
    },
    {
      "type": "Feature",
      "geometry": {
        "type": "Point",
        "coordinates": [
          8.4277142,
          50.0024698
        ]
      },
      "properties": {
        "id": "tk_fr_2074",
        "name": "Bei Eddy",
        "description": "Kaffee Darts Drinks",
        "address": {
          "street": "Georg-Treber-Straße",
          "number": "80",
          "postalcode": "65428",
          "city": "Rüsselsheim am Main"
        },
        "hours": {
          "raw": "Mo-Sa 09:00-20:00"
        },
        "sources": [
          {
            "type": "hopfenstop",
            "id": "16102eb2-a42b-4b1d-9c13-0bc1e9b21b6e"
          }
        ],
        "created": "2026-05-19",
        "updated": "2026-05-19"
      }
    },
    {
      "type": "Feature",
      "geometry": {
        "type": "Point",
        "coordinates": [
          8.42992,
          49.99862
        ]
      },
      "properties": {
        "id": "tk_fr_2075",
        "name": "Lotto Kiosk",
        "description": "Hermes Paketshop",
        "address": {
          "street": "Berliner Platz",
          "number": "17",
          "postalcode": "65428",
          "city": "Rüsselsheim am Main"
        },
        "hours": {
          "raw": "Mo-Sa 09:00-21:00"
        },
        "sources": [
          {
            "type": "hopfenstop",
            "id": "2eca3bc5-d9c8-4a20-afd8-358a41d4b365"
          }
        ],
        "created": "2026-05-19",
        "updated": "2026-05-19"
      }
    },
    {
      "type": "Feature",
      "geometry": {
        "type": "Point",
        "coordinates": [
          8.4313568,
          50.0018608
        ]
      },
      "properties": {
        "id": "tk_fr_2076",
        "name": "Berliner Kiosk",
        "description": "Trinkbude",
        "address": {
          "street": "Bonner Straße",
          "number": "40",
          "postalcode": "65428",
          "city": "Rüsselsheim am Main"
        },
        "hours": {
          "raw": "Mo-Su 10:00-21:00"
        },
        "sources": [
          {
            "type": "hopfenstop",
            "id": "c4a164f7-88ad-414e-864d-0d762e69c463"
          }
        ],
        "created": "2026-05-19",
        "updated": "2026-05-19"
      }
    },
    {
      "type": "Feature",
      "geometry": {
        "type": "Point",
        "coordinates": [
          8.444709999999999,
          49.98965
        ]
      },
      "properties": {
        "id": "tk_fr_2077",
        "name": "S'Babbelbudsche",
        "description": "Kiosk + Tabakwaren",
        "address": {
          "street": "Feuerbachstraße",
          "number": "21",
          "postalcode": "65428",
          "city": "Rüsselsheim am Main"
        },
        "hours": {
          "raw": "Mo-Sa 09:00-18:00"
        },
        "tags": [
          "eis",
          "zeitschriften",
          "wein"
        ],
        "sources": [
          {
            "type": "hopfenstop",
            "id": "cc7332d4-c8aa-4884-9ff2-f146c0529f7b"
          }
        ],
        "created": "2026-05-19",
        "updated": "2026-05-19"
      }
    },
    {
      "type": "Feature",
      "geometry": {
        "type": "Point",
        "coordinates": [
          8.4583181,
          49.9856801
        ]
      },
      "properties": {
        "id": "tk_fr_2078",
        "name": "Am Dalles",
        "description": "Kiosk und Bierbude",
        "address": {
          "street": "Mönchbruchstraße",
          "number": "2",
          "postalcode": "65428",
          "city": "Rüsselsheim am Main"
        },
        "hours": {
          "raw": "Mo-Sa 10:00-20:00"
        },
        "tags": [
          "wc",
          "innenraum",
          "kaffee",
          "applewoi",
          "sitzgelegenheiten"
        ],
        "sources": [
          {
            "type": "hopfenstop",
            "id": "764450c5-dc8c-493f-8596-5962b7efbab8"
          }
        ],
        "created": "2026-05-19",
        "updated": "2026-05-19"
      }
    },
    {
      "type": "Feature",
      "geometry": {
        "type": "Point",
        "coordinates": [
          8.455359399999999,
          49.9619691
        ]
      },
      "properties": {
        "id": "tk_fr_2079",
        "name": "Kiosk 26",
        "description": "Lotto + Paketshop",
        "address": {
          "street": "Kohlseestraße",
          "number": "42",
          "postalcode": "65428",
          "city": "Rüsselsheim am Main",
          "district": "Königstädten"
        },
        "hours": {
          "raw": "Mo-Fr 10:00-18:00; Sa 10:00-15:00"
        },
        "tags": [
          "innenraum",
          "eis",
          "lotto",
          "ueberdacht"
        ],
        "sources": [
          {
            "type": "hopfenstop",
            "id": "496b56a2-b09c-495d-a0f1-d6f0d53bf03b"
          }
        ],
        "created": "2026-05-19",
        "updated": "2026-05-19"
      }
    },
    {
      "type": "Feature",
      "geometry": {
        "type": "Point",
        "coordinates": [
          8.4150549,
          49.9896473
        ]
      },
      "properties": {
        "id": "tk_fr_2080",
        "name": "Can's Kiosk",
        "description": "DHL und Lotto",
        "address": {
          "street": "Haßlocher Straße",
          "number": "28",
          "postalcode": "65428",
          "city": "Rüsselsheim am Main"
        },
        "hours": {
          "raw": "Mo-Fr 08:00-20:00; Sa-Su 10:00-18:00"
        },
        "tags": [
          "eis",
          "lotto",
          "ueberdacht",
          "applewoi"
        ],
        "sources": [
          {
            "type": "hopfenstop",
            "id": "f33fc193-dd41-4216-a774-7bfab7fd5d32"
          }
        ],
        "created": "2026-05-19",
        "updated": "2026-05-19"
      }
    },
    {
      "type": "Feature",
      "geometry": {
        "type": "Point",
        "coordinates": [
          8.5076486,
          49.97699129999999
        ]
      },
      "properties": {
        "id": "tk_fr_2081",
        "name": "Kiosk Mönchbruchmühle",
        "description": "Ausflugskiosk",
        "address": {
          "street": "Mönchbruch",
          "number": "1",
          "postalcode": "64546",
          "city": "Mörfelden-Walldorf"
        },
        "hours": {
          "raw": "Mo-Su 10:00-20:00"
        },
        "sources": [
          {
            "type": "hopfenstop",
            "id": "53b57f40-250d-4f97-b4b1-9b8abc292cae"
          }
        ],
        "created": "2026-05-19",
        "updated": "2026-05-19"
      }
    },
    {
      "type": "Feature",
      "geometry": {
        "type": "Point",
        "coordinates": [
          8.5575484,
          49.98071119999999
        ]
      },
      "properties": {
        "id": "tk_fr_2082",
        "name": "City Shop",
        "description": "Kiosk",
        "address": {
          "street": "Zillering",
          "number": "17",
          "postalcode": "64546",
          "city": "Mörfelden-Walldorf",
          "district": "Mörfelden"
        },
        "hours": {
          "raw": "Mo-Su 09:00-20:00"
        },
        "sources": [
          {
            "type": "hopfenstop",
            "id": "986d0833-4706-47a2-b219-1c97fa8b8e81"
          }
        ],
        "created": "2026-05-19",
        "updated": "2026-05-19"
      }
    },
    {
      "type": "Feature",
      "geometry": {
        "type": "Point",
        "coordinates": [
          8.4550698,
          50.0101411
        ]
      },
      "properties": {
        "id": "tk_fr_2083",
        "name": "Station Premiumcorner",
        "description": "Bahnhof",
        "address": {
          "street": "Bahnhofstraße",
          "number": "88",
          "postalcode": "65479",
          "city": "Raunheim"
        },
        "sources": [
          {
            "type": "hopfenstop",
            "id": "89f7e332-3b91-4b3c-9fdc-0300845e0005"
          }
        ],
        "created": "2026-05-19",
        "updated": "2026-05-19"
      }
    },
    {
      "type": "Feature",
      "geometry": {
        "type": "Point",
        "coordinates": [
          8.4493866,
          49.9426771
        ]
      },
      "properties": {
        "id": "tk_fr_2084",
        "name": "Bahnhofs Kiosk",
        "description": "Getränke Zeitschriften Fahrkarten",
        "address": {
          "street": "Am Bahnhof",
          "postalcode": "64569",
          "city": "Nauheim"
        },
        "tags": [
          "wc"
        ],
        "sources": [
          {
            "type": "hopfenstop",
            "id": "14810a86-b069-4ad4-a072-bc47ffde1944"
          }
        ],
        "created": "2026-05-19",
        "updated": "2026-05-19"
      }
    },
    {
      "type": "Feature",
      "geometry": {
        "type": "Point",
        "coordinates": [
          8.6710397,
          50.08912609999999
        ]
      },
      "properties": {
        "id": "tk_fr_2085",
        "name": "Karola‘s Pilsstübchen",
        "description": "Kiosk und Pilsstube direkt an der Tramstation mit Sitzgelegenheit.",
        "address": {
          "street": "Mörfelder Landstraße",
          "number": "235",
          "postalcode": "60598",
          "city": "Frankfurt am Main",
          "district": "Frankfurt am Main Süd"
        },
        "sources": [
          {
            "type": "hopfenstop",
            "id": "ac1c5a33-f399-4929-80c4-5c03e951b662"
          }
        ],
        "created": "2026-05-19",
        "updated": "2026-05-19"
      }
    },
    {
      "type": "Feature",
      "geometry": {
        "type": "Point",
        "coordinates": [
          8.5076486,
          49.97699129999999
        ]
      },
      "properties": {
        "id": "tk_fr_2086",
        "name": "Kiosk Mönchbruchmühle",
        "description": "mit Biergarten",
        "address": {
          "street": "Mönchbruch",
          "number": "1",
          "postalcode": "64546",
          "city": "Mörfelden-Walldorf"
        },
        "tags": [
          "wc"
        ],
        "sources": [
          {
            "type": "hopfenstop",
            "id": "f3c5aa86-66fe-4ddf-b149-a0dde018c8a4"
          }
        ],
        "created": "2026-05-19",
        "updated": "2026-05-19"
      }
    },
    {
      "type": "Feature",
      "geometry": {
        "type": "Point",
        "coordinates": [
          8.5576528,
          49.9806633
        ]
      },
      "properties": {
        "id": "tk_fr_2087",
        "name": "Kiosk City-Shop",
        "description": "mit Sitzgelegenheit draußen",
        "address": {
          "street": "Zillering",
          "number": "23",
          "postalcode": "64546",
          "city": "Mörfelden-Walldorf",
          "district": "Mörfelden"
        },
        "sources": [
          {
            "type": "hopfenstop",
            "id": "b49df9f7-0521-40a2-844d-670544eec578"
          }
        ],
        "created": "2026-05-19",
        "updated": "2026-05-19"
      }
    },
    {
      "type": "Feature",
      "geometry": {
        "type": "Point",
        "coordinates": [
          8.4576566,
          49.98565790000001
        ]
      },
      "properties": {
        "id": "tk_fr_2088",
        "name": "Kiosk Am Dalles",
        "description": "mit Sitzplätzen",
        "address": {
          "street": "Rüsselsheimer Straße",
          "number": "2",
          "postalcode": "65428",
          "city": "Rüsselsheim am Main"
        },
        "tags": [
          "wc"
        ],
        "sources": [
          {
            "type": "hopfenstop",
            "id": "335a8128-033d-4e28-bc13-b86c1aed9b6f"
          }
        ],
        "created": "2026-05-19",
        "updated": "2026-05-19"
      }
    },
    {
      "type": "Feature",
      "geometry": {
        "type": "Point",
        "coordinates": [
          8.4280233,
          49.9933438
        ]
      },
      "properties": {
        "id": "tk_fr_2089",
        "name": "360 Grad",
        "description": "Kiosk und Cafe",
        "address": {
          "street": "Walter-Flex-Straße",
          "number": "62",
          "postalcode": "65428",
          "city": "Rüsselsheim am Main"
        },
        "hours": {
          "raw": "Tu-Su 10:00-20:00"
        },
        "tags": [
          "wc"
        ],
        "sources": [
          {
            "type": "hopfenstop",
            "id": "d134a16b-d748-4cdf-ba47-30e06f35df3d"
          }
        ],
        "created": "2026-05-19",
        "updated": "2026-05-19"
      }
    },
    {
      "type": "Feature",
      "geometry": {
        "type": "Point",
        "coordinates": [
          8.389524399999999,
          49.967029
        ]
      },
      "properties": {
        "id": "tk_fr_2090",
        "name": "K Kiosk",
        "description": "mit Postfiliale",
        "address": {
          "street": "Am Steinmarkt",
          "number": "1",
          "postalcode": "65428",
          "city": "Rüsselsheim am Main",
          "district": "Bauschheim"
        },
        "hours": {
          "raw": "Mo-Sa 08:00-21:00"
        },
        "sources": [
          {
            "type": "hopfenstop",
            "id": "58f57943-345d-4dd1-8760-239cd01dfbf6"
          }
        ],
        "created": "2026-05-19",
        "updated": "2026-05-19"
      }
    },
    {
      "type": "Feature",
      "geometry": {
        "type": "Point",
        "coordinates": [
          8.3478657,
          49.9721856
        ]
      },
      "properties": {
        "id": "tk_fr_2091",
        "name": "Kiosk Vogt",
        "description": "Mit DHL Station",
        "address": {
          "street": "Taunusstraße",
          "number": "2",
          "postalcode": "65462",
          "city": "Ginsheim-Gustavsburg",
          "district": "Ginsheim"
        },
        "hours": {
          "raw": "Mo-Fr 14:30-20:00; Sa 08:00-12:30"
        },
        "sources": [
          {
            "type": "hopfenstop",
            "id": "93d6e78e-c28d-4927-8cb3-386477304d61"
          }
        ],
        "created": "2026-05-19",
        "updated": "2026-05-19"
      }
    },
    {
      "type": "Feature",
      "geometry": {
        "type": "Point",
        "coordinates": [
          8.4187657,
          49.9830401
        ]
      },
      "properties": {
        "id": "tk_fr_2092",
        "name": "Kiosk Kirmizielma",
        "description": "Paketannahme DHL",
        "address": {
          "street": "August-Bebel-Straße",
          "number": "32",
          "postalcode": "65428",
          "city": "Rüsselsheim am Main"
        },
        "sources": [
          {
            "type": "hopfenstop",
            "id": "56bb9572-c474-426f-a898-a8293e856714"
          }
        ],
        "created": "2026-05-19",
        "updated": "2026-05-19"
      }
    },
    {
      "type": "Feature",
      "geometry": {
        "type": "Point",
        "coordinates": [
          8.4145386,
          49.9927122
        ]
      },
      "properties": {
        "id": "tk_fr_2093",
        "name": "DB Kiosk",
        "description": "Postannahme",
        "address": {
          "street": "Alte Poststraße",
          "number": "6",
          "postalcode": "65428",
          "city": "Rüsselsheim am Main"
        },
        "hours": {
          "raw": "Mo-Sa 06:00-22:00"
        },
        "sources": [
          {
            "type": "hopfenstop",
            "id": "3156f8bd-607b-468a-8714-d82e785ced68"
          }
        ],
        "created": "2026-05-19",
        "updated": "2026-05-19"
      }
    },
    {
      "type": "Feature",
      "geometry": {
        "type": "Point",
        "coordinates": [
          8.4145028,
          49.9948139
        ]
      },
      "properties": {
        "id": "tk_fr_2094",
        "name": "Western Union Kiosk",
        "description": "DHL und Western Union",
        "address": {
          "street": "Friedensplatz",
          "number": "5A",
          "postalcode": "65428",
          "city": "Rüsselsheim am Main"
        },
        "hours": {
          "raw": "Mo-Fr 09:00-19:00; Sa 10:00-18:00"
        },
        "sources": [
          {
            "type": "hopfenstop",
            "id": "0c7e6503-edb4-4d77-800f-3f14a607026a"
          }
        ],
        "created": "2026-05-19",
        "updated": "2026-05-19"
      }
    },
    {
      "type": "Feature",
      "geometry": {
        "type": "Point",
        "coordinates": [
          8.444193499999999,
          49.9902656
        ]
      },
      "properties": {
        "id": "tk_fr_2095",
        "name": "Easy Kiosk",
        "description": "Paketshop",
        "address": {
          "street": "Feuerbachstraße",
          "number": "12",
          "postalcode": "65428",
          "city": "Rüsselsheim am Main"
        },
        "hours": {
          "raw": "Mo-Sa 10:00-18:30"
        },
        "sources": [
          {
            "type": "hopfenstop",
            "id": "b5565acb-2d13-4c4a-8966-a36dd2994c60"
          }
        ],
        "created": "2026-05-19",
        "updated": "2026-05-19"
      }
    },
    {
      "type": "Feature",
      "geometry": {
        "type": "Point",
        "coordinates": [
          8.450028,
          49.9422258
        ]
      },
      "properties": {
        "id": "tk_fr_2096",
        "name": "Kiosk an Bahnhof",
        "description": "DHL und kalte Getränke",
        "address": {
          "street": "Am Bahnhof",
          "number": "2",
          "postalcode": "64569",
          "city": "Nauheim"
        },
        "hours": {
          "raw": "Mo-Fr 06:00-22:00; Sa 07:00-22:00; Su 08:00-22:00"
        },
        "sources": [
          {
            "type": "hopfenstop",
            "id": "0dfd22f7-b388-4f31-84ee-d0260b238aba"
          }
        ],
        "created": "2026-05-19",
        "updated": "2026-05-19"
      }
    },
    {
      "type": "Feature",
      "geometry": {
        "type": "Point",
        "coordinates": [
          8.4398731,
          50.0061344
        ]
      },
      "properties": {
        "id": "tk_fr_2097",
        "name": "Trinkhalle Kiosk Garteneck",
        "description": "mit Paketstation",
        "address": {
          "street": "Schnelser Weg",
          "number": "1",
          "postalcode": "65479",
          "city": "Raunheim"
        },
        "hours": {
          "raw": "Mo-Su 06:00-20:00"
        },
        "sources": [
          {
            "type": "hopfenstop",
            "id": "ce63ecb9-e58a-4995-b9e4-f72264f4c89b"
          }
        ],
        "created": "2026-05-19",
        "updated": "2026-05-19"
      }
    },
    {
      "type": "Feature",
      "geometry": {
        "type": "Point",
        "coordinates": [
          8.4534608,
          50.0157643
        ]
      },
      "properties": {
        "id": "tk_fr_2098",
        "name": "Kiosk Yilderim",
        "description": "DHL",
        "address": {
          "street": "Mainstraße",
          "number": "1-5",
          "postalcode": "65479",
          "city": "Raunheim"
        },
        "hours": {
          "raw": "Mo-Su 00:00-23:59"
        },
        "sources": [
          {
            "type": "hopfenstop",
            "id": "46d07f40-3e07-4a3a-87b3-a5aa66c8a408"
          }
        ],
        "created": "2026-05-19",
        "updated": "2026-05-19"
      }
    },
    {
      "type": "Feature",
      "geometry": {
        "type": "Point",
        "coordinates": [
          8.3986632,
          49.9239147
        ]
      },
      "properties": {
        "id": "tk_fr_2099",
        "name": "Kiosk am Hegbachsee",
        "description": "mit Biergarten",
        "address": {
          "street": "Außerhalb",
          "number": "45",
          "postalcode": "65468",
          "city": "Trebur"
        },
        "hours": {
          "raw": "Mo-Su 10:00-20:00"
        },
        "tags": [
          "wc"
        ],
        "sources": [
          {
            "type": "hopfenstop",
            "id": "48c2f2b2-d073-49d4-93aa-9dd3433667f5"
          }
        ],
        "created": "2026-05-19",
        "updated": "2026-05-19"
      }
    },
    {
      "type": "Feature",
      "geometry": {
        "type": "Point",
        "coordinates": [
          8.4128227,
          49.9881953
        ]
      },
      "properties": {
        "id": "tk_fr_2100",
        "name": "Silvias's Imbiss Oase",
        "description": "Getränke und Snacks",
        "address": {
          "street": "Darmstädter Straße",
          "number": "62",
          "postalcode": "65428",
          "city": "Rüsselsheim am Main"
        },
        "sources": [
          {
            "type": "hopfenstop",
            "id": "6bbe1da0-b7ec-4ead-bc17-dccebc0f47b5"
          }
        ],
        "created": "2026-05-19",
        "updated": "2026-05-19"
      }
    },
    {
      "type": "Feature",
      "geometry": {
        "type": "Point",
        "coordinates": [
          8.4123561,
          49.98835039999999
        ]
      },
      "properties": {
        "id": "tk_fr_2101",
        "name": "Kiosk Späti",
        "description": "Getränke und Tabak",
        "address": {
          "street": "Darmstädter Straße",
          "number": "691/10",
          "postalcode": "65428",
          "city": "Rüsselsheim am Main"
        },
        "sources": [
          {
            "type": "hopfenstop",
            "id": "6fb413dc-8dee-4310-a408-dfce60385101"
          }
        ],
        "created": "2026-05-19",
        "updated": "2026-05-19"
      }
    },
    {
      "type": "Feature",
      "geometry": {
        "type": "Point",
        "coordinates": [
          8.5294669,
          50.0627006
        ]
      },
      "properties": {
        "id": "tk_fr_2102",
        "name": "Bahnhofskiosk",
        "description": "Zeitungen, Tabak, Getränke, Fahrkarten",
        "address": {
          "street": "Rüsselsheimer Straße",
          "number": "2",
          "postalcode": "65451",
          "city": "Kelsterbach",
          "district": "Frankfurt am Main West"
        },
        "sources": [
          {
            "type": "hopfenstop",
            "id": "8e0cc3c3-c779-4991-afda-08b7ae18ed82"
          }
        ],
        "created": "2026-05-19",
        "updated": "2026-05-19"
      }
    },
    {
      "type": "Feature",
      "geometry": {
        "type": "Point",
        "coordinates": [
          8.448421699999999,
          49.9855567
        ]
      },
      "properties": {
        "id": "tk_fr_2103",
        "name": "DHL",
        "description": "Pakete und Kiosk",
        "address": {
          "street": "Brandenburger Straße",
          "number": "14",
          "postalcode": "65428",
          "city": "Rüsselsheim am Main"
        },
        "hours": {
          "raw": "Mo-Fr 09:00-18:00; Sa 09:00-15:00"
        },
        "sources": [
          {
            "type": "hopfenstop",
            "id": "0c246395-56a0-4335-9981-0e9d9211b515"
          }
        ],
        "created": "2026-05-19",
        "updated": "2026-05-19"
      }
    },
    {
      "type": "Feature",
      "geometry": {
        "type": "Point",
        "coordinates": [
          8.4856278,
          49.9245612
        ]
      },
      "properties": {
        "id": "tk_fr_2104",
        "name": "Kiosk am Bahnhof",
        "description": "Café - Bistro ",
        "address": {
          "street": "Sudetenstraße",
          "number": "51",
          "postalcode": "64521",
          "city": "Groß-Gerau"
        },
        "hours": {
          "raw": "Mo-Sa 08:00-20:00"
        },
        "sources": [
          {
            "type": "hopfenstop",
            "id": "9d569a3a-1e92-4cfa-906b-91c96ad27af6"
          }
        ],
        "created": "2026-05-19",
        "updated": "2026-05-19"
      }
    },
    {
      "type": "Feature",
      "geometry": {
        "type": "Point",
        "coordinates": [
          8.484647899999999,
          49.9222248
        ]
      },
      "properties": {
        "id": "tk_fr_2105",
        "name": "Kiosk",
        "description": "Callshop",
        "address": {
          "street": "August-Bebel-Straße",
          "number": "1",
          "postalcode": "64521",
          "city": "Groß-Gerau"
        },
        "hours": {
          "raw": "Mo-Fr 10:00-19:00"
        },
        "sources": [
          {
            "type": "hopfenstop",
            "id": "f0ce5c1c-bf86-4bec-aae9-d3b508f3dd97"
          }
        ],
        "created": "2026-05-19",
        "updated": "2026-05-19"
      }
    },
    {
      "type": "Feature",
      "geometry": {
        "type": "Point",
        "coordinates": [
          8.454739199999999,
          50.0165461
        ]
      },
      "properties": {
        "id": "tk_fr_2106",
        "name": "Shop-in-shop",
        "description": "Kiosk",
        "address": {
          "street": "Frankfurter Straße",
          "number": "29",
          "postalcode": "65479",
          "city": "Raunheim"
        },
        "hours": {
          "raw": "Mo-Fr 09:00-20:00"
        },
        "sources": [
          {
            "type": "hopfenstop",
            "id": "3bbf48bb-3d1f-4dbd-84b6-9c4e69af52d6"
          }
        ],
        "created": "2026-05-19",
        "updated": "2026-05-19"
      }
    },
    {
      "type": "Feature",
      "geometry": {
        "type": "Point",
        "coordinates": [
          8.6950649,
          50.0512513
        ]
      },
      "properties": {
        "id": "tk_fr_2109",
        "name": "G.Gerlach",
        "description": "Kiosk Hermes Lotto Getränke",
        "address": {
          "street": "Frankfurter Straße",
          "number": "119",
          "postalcode": "63263",
          "city": "Neu-Isenburg",
          "district": "Neu-Isenburg"
        },
        "hours": {
          "raw": "Mo-Su 07:00-00:00"
        },
        "sources": [
          {
            "type": "hopfenstop",
            "id": "49a02937-092a-42d8-8de1-78c230833a5e"
          }
        ],
        "created": "2026-05-19",
        "updated": "2026-05-19"
      }
    },
    {
      "type": "Feature",
      "geometry": {
        "type": "Point",
        "coordinates": [
          8.6967984,
          50.1184241
        ]
      },
      "properties": {
        "id": "tk_fr_2111",
        "name": "Kiosk Sandweg",
        "description": "Lotto-Kiosk auf dem Sandweg.",
        "address": {
          "street": "Sandweg",
          "number": "37",
          "postalcode": "60316",
          "city": "Frankfurt am Main",
          "district": "Innenstadt I"
        },
        "sources": [
          {
            "type": "hopfenstop",
            "id": "5550fb61-b93a-4aad-95f4-2f705f6b5739"
          }
        ],
        "created": "2026-05-19",
        "updated": "2026-05-19"
      }
    },
    {
      "type": "Feature",
      "geometry": {
        "type": "Point",
        "coordinates": [
          8.4321892,
          50.0019818
        ]
      },
      "properties": {
        "id": "tk_fr_2113",
        "name": "Berliner Kiosk",
        "description": "Trinkbude ",
        "address": {
          "street": "Bonner Straße",
          "number": "35",
          "postalcode": "65428",
          "city": "Rüsselsheim am Main"
        },
        "sources": [
          {
            "type": "hopfenstop",
            "id": "5a3d0ddc-2eef-4771-8977-7cdfc8fdc4a2"
          }
        ],
        "created": "2026-05-19",
        "updated": "2026-05-19"
      }
    },
    {
      "type": "Feature",
      "geometry": {
        "type": "Point",
        "coordinates": [
          8.6634506,
          50.1051133
        ]
      },
      "properties": {
        "id": "tk_fr_2117",
        "name": "Abraham Kiosk",
        "description": "Kleines Kiosk direkt in der Nähe des Hauptbahnhofes.",
        "address": {
          "street": "Karlsruher Straße",
          "number": "18",
          "postalcode": "60329",
          "city": "Frankfurt am Main",
          "district": "Innenstadt I"
        },
        "hours": {
          "raw": "Mo 06:00-00:00; Tu-Su 00:00-00:00"
        },
        "sources": [
          {
            "type": "hopfenstop",
            "id": "4bd24d65-33e9-47a9-a0c9-65dffe5e47bf"
          }
        ],
        "created": "2026-05-19",
        "updated": "2026-05-19"
      }
    },
    {
      "type": "Feature",
      "geometry": {
        "type": "Point",
        "coordinates": [
          8.658506299999999,
          50.1083714
        ]
      },
      "properties": {
        "id": "tk_fr_2118",
        "name": "Skyline Smoke Kiosk",
        "description": "Neues Kiosk auf der Mainzer Landstraße im Bahnhofsviertel.",
        "address": {
          "street": "Mainzer Landstraße",
          "number": "111",
          "postalcode": "60329",
          "city": "Frankfurt am Main",
          "district": "Innenstadt I"
        },
        "sources": [
          {
            "type": "hopfenstop",
            "id": "a21cc886-db83-4822-8d17-0f788f085c09"
          }
        ],
        "created": "2026-05-19",
        "updated": "2026-05-19"
      }
    },
    {
      "type": "Feature",
      "geometry": {
        "type": "Point",
        "coordinates": [
          8.6553982,
          50.1071616
        ]
      },
      "properties": {
        "id": "tk_fr_2119",
        "name": "Kiosk Güterplatz",
        "description": "Schönes Kiosk am Güterplatz, direkt an der Mainzer Landstraße.",
        "address": {
          "street": "Mainzer Landstraße",
          "number": "143",
          "postalcode": "60327",
          "city": "Frankfurt am Main",
          "district": "Innenstadt I"
        },
        "hours": {
          "raw": "Mo-Fr 07:00-18:30"
        },
        "sources": [
          {
            "type": "hopfenstop",
            "id": "367932b9-828b-4fe0-a053-a6b7ff1bcccc"
          }
        ],
        "created": "2026-05-19",
        "updated": "2026-05-19"
      }
    },
    {
      "type": "Feature",
      "geometry": {
        "type": "Point",
        "coordinates": [
          8.4316113,
          49.99596830000001
        ]
      },
      "properties": {
        "id": "tk_fr_2120",
        "name": "Griechischer Kiosk",
        "description": "Cafe",
        "address": {
          "street": "Walter-Flex-Straße",
          "number": "88",
          "postalcode": "65428",
          "city": "Rüsselsheim am Main"
        },
        "sources": [
          {
            "type": "hopfenstop",
            "id": "209e5085-989f-45c5-b386-6593e447f847"
          }
        ],
        "created": "2026-05-19",
        "updated": "2026-05-19"
      }
    },
    {
      "type": "Feature",
      "geometry": {
        "type": "Point",
        "coordinates": [
          9.2246578,
          50.5102498
        ]
      },
      "properties": {
        "id": "tk_fr_2122",
        "name": "Kiosk Zur schönen Aussicht",
        "description": "Schönes Kiosk mit Blick auf Frankfurt auf dem Hoherodskopf.",
        "address": {
          "street": "Am Hoherodskopf",
          "number": "12",
          "postalcode": "63679",
          "city": "Schotten"
        },
        "hours": {
          "raw": "Tu-Su 12:00-19:00"
        },
        "sources": [
          {
            "type": "hopfenstop",
            "id": "23239410-be78-4920-9220-f9b73792da6e"
          }
        ],
        "created": "2026-05-19",
        "updated": "2026-05-19"
      }
    },
    {
      "type": "Feature",
      "geometry": {
        "type": "Point",
        "coordinates": [
          8.5495396,
          50.1002224
        ]
      },
      "properties": {
        "id": "tk_fr_2129",
        "name": "Onkels Lottostübchen",
        "description": "Kiosk direkt an der Bolongarostraße.",
        "address": {
          "street": "Bolongarostraße",
          "number": "134",
          "postalcode": "65929",
          "city": "Frankfurt am Main",
          "district": "Frankfurt am Main West"
        },
        "hours": {
          "raw": "Mo-Fr 08:00-20:00; Sa-Su 09:00-22:00"
        },
        "sources": [
          {
            "type": "hopfenstop",
            "id": "90d764a6-7136-442a-9c26-85110c91e938"
          }
        ],
        "created": "2026-05-19",
        "updated": "2026-05-19"
      }
    },
    {
      "type": "Feature",
      "geometry": {
        "type": "Point",
        "coordinates": [
          8.548181399999999,
          50.1018599
        ]
      },
      "properties": {
        "id": "tk_fr_2130",
        "name": "Höchster Tabakladen",
        "description": "Kiosk auf der Königsteiner Straße.",
        "address": {
          "street": "Königsteiner Straße",
          "number": "17",
          "postalcode": "65929",
          "city": "Frankfurt am Main",
          "district": "Frankfurt am Main West"
        },
        "hours": {
          "raw": "Mo-Fr 08:00-18:00; Sa 08:00-14:00"
        },
        "sources": [
          {
            "type": "hopfenstop",
            "id": "ed9a0fe2-7131-471e-a119-2bda77627ba6"
          }
        ],
        "created": "2026-05-19",
        "updated": "2026-05-19"
      }
    },
    {
      "type": "Feature",
      "geometry": {
        "type": "Point",
        "coordinates": [
          8.548328000000001,
          50.101748
        ]
      },
      "properties": {
        "id": "tk_fr_2131",
        "name": "Sahan Kiosk",
        "description": "Großes Kiosk auf der Königsteiner Straße.",
        "address": {
          "street": "Königsteiner Straße",
          "number": "15a",
          "postalcode": "65929",
          "city": "Frankfurt am Main",
          "district": "Frankfurt am Main West"
        },
        "hours": {
          "raw": "Mo-Sa 07:00-02:00; Su 07:00-01:00"
        },
        "sources": [
          {
            "type": "hopfenstop",
            "id": "bf425d6e-1657-48d4-a461-eb4d5b5c6158"
          }
        ],
        "created": "2026-05-19",
        "updated": "2026-05-19"
      }
    },
    {
      "type": "Feature",
      "geometry": {
        "type": "Point",
        "coordinates": [
          8.664693,
          50.1052311
        ]
      },
      "properties": {
        "id": "tk_fr_2132",
        "name": "Frankfurter Mini Shop",
        "description": "Kiosk an der Baseler Straße.",
        "address": {
          "street": "Baseler Straße",
          "number": "37",
          "postalcode": "60329",
          "city": "Frankfurt am Main",
          "district": "Innenstadt I"
        },
        "hours": {
          "raw": "Mo-Su 10:00-19:00"
        },
        "sources": [
          {
            "type": "hopfenstop",
            "id": "492ab445-e80f-42dd-aed1-94f12a16c38c"
          }
        ],
        "created": "2026-05-19",
        "updated": "2026-05-19"
      }
    },
    {
      "type": "Feature",
      "geometry": {
        "type": "Point",
        "coordinates": [
          8.6652671,
          50.1078123
        ]
      },
      "properties": {
        "id": "tk_fr_2133",
        "name": "Tabak Shop Kiosk",
        "description": "Kleines Lotto-Kiosk auf der Kaiserstraße direkt in der Nähe vom Hauptbahnhof.",
        "address": {
          "street": "Kaiserstraße",
          "number": "86",
          "postalcode": "60329",
          "city": "Frankfurt am Main",
          "district": "Innenstadt I"
        },
        "sources": [
          {
            "type": "hopfenstop",
            "id": "eccf0c00-8d7e-4fa1-af0c-40b027a698b4"
          }
        ],
        "created": "2026-05-19",
        "updated": "2026-05-19"
      }
    },
    {
      "type": "Feature",
      "geometry": {
        "type": "Point",
        "coordinates": [
          8.6811221,
          50.1123797
        ]
      },
      "properties": {
        "id": "tk_fr_2137",
        "name": "Easy To Go - Kiosk",
        "description": "Weiteres Easy To Go Kiosk am Liebfrauenberg.",
        "address": {
          "street": "Neue Kräme",
          "number": "29",
          "postalcode": "60311",
          "city": "Frankfurt am Main",
          "district": "Innenstadt I"
        },
        "sources": [
          {
            "type": "hopfenstop",
            "id": "f57bf157-6b1c-4e3c-9f96-c7f23dc25237"
          }
        ],
        "created": "2026-05-19",
        "updated": "2026-05-19"
      }
    },
    {
      "type": "Feature",
      "geometry": {
        "type": "Point",
        "coordinates": [
          8.6856916,
          50.11367509999999
        ]
      },
      "properties": {
        "id": "tk_fr_2138",
        "name": "Einkaufs-Kiosk",
        "description": "Neues Kiosk in der Töngesgasse.",
        "address": {
          "street": "Töngesgasse",
          "number": "4",
          "postalcode": "60311",
          "city": "Frankfurt am Main",
          "district": "Innenstadt I"
        },
        "sources": [
          {
            "type": "hopfenstop",
            "id": "d132c11b-6816-471e-8f30-e0e82e7697be"
          }
        ],
        "created": "2026-05-19",
        "updated": "2026-05-19"
      }
    },
    {
      "type": "Feature",
      "geometry": {
        "type": "Point",
        "coordinates": [
          8.659223299999999,
          50.1086818
        ]
      },
      "properties": {
        "id": "tk_fr_2139",
        "name": "Oromia Shop & Travel",
        "description": "Kleiner Laden direkt an der Mainzer Landstraße.",
        "address": {
          "street": "Mainzer Landstraße",
          "number": "101",
          "postalcode": "60329",
          "city": "Frankfurt am Main",
          "district": "Innenstadt I"
        },
        "hours": {
          "raw": "Mo-Sa 09:00-00:00; Su 15:00-00:00"
        },
        "sources": [
          {
            "type": "hopfenstop",
            "id": "2614aa14-2d15-409f-b6a2-fa9eaffc678b"
          }
        ],
        "created": "2026-05-19",
        "updated": "2026-05-19"
      }
    },
    {
      "type": "Feature",
      "geometry": {
        "type": "Point",
        "coordinates": [
          8.7552168,
          50.1121911
        ]
      },
      "properties": {
        "id": "tk_fr_2142",
        "name": "Kiosk am Hafen",
        "description": "Schönes Kiosk am Hafenplatz in Offenbach am Main.",
        "address": {
          "street": "Hafenplatz",
          "number": "1-3",
          "postalcode": "63067",
          "city": "Offenbach am Main",
          "district": "Nordend"
        },
        "hours": {
          "raw": "Mo-Su 10:00-00:00"
        },
        "sources": [
          {
            "type": "hopfenstop",
            "id": "29aa8ccd-6439-448d-af68-69e3b440d189"
          }
        ],
        "created": "2026-05-19",
        "updated": "2026-05-19"
      }
    },
    {
      "type": "Feature",
      "geometry": {
        "type": "Point",
        "coordinates": [
          8.6596921,
          50.1081408
        ]
      },
      "properties": {
        "id": "tk_fr_2143",
        "name": "Kiosk Niddastraße",
        "description": "Kleines Fenster-Kiosk in der Niddastraße.",
        "address": {
          "street": "Niddastraße",
          "number": "84",
          "postalcode": "60329",
          "city": "Frankfurt am Main",
          "district": "Innenstadt I"
        },
        "sources": [
          {
            "type": "hopfenstop",
            "id": "9a7961ac-3dbd-461d-b045-837bc3af2998"
          }
        ],
        "created": "2026-05-19",
        "updated": "2026-05-19"
      }
    },
    {
      "type": "Feature",
      "geometry": {
        "type": "Point",
        "coordinates": [
          8.656547699999999,
          50.1018711
        ]
      },
      "properties": {
        "id": "tk_fr_2144",
        "name": "Schön Café",
        "description": "Kleines Café in der Schönstraße im Gutleutviertel.",
        "address": {
          "street": "Schönstraße",
          "number": "24",
          "postalcode": "60327",
          "city": "Frankfurt am Main",
          "district": "Innenstadt I"
        },
        "hours": {
          "raw": "Mo-Fr 08:00-15:00"
        },
        "sources": [
          {
            "type": "hopfenstop",
            "id": "41dc6d5d-934c-4be4-abaa-a060dbecd9f9"
          }
        ],
        "created": "2026-05-19",
        "updated": "2026-05-19"
      }
    },
    {
      "type": "Feature",
      "geometry": {
        "type": "Point",
        "coordinates": [
          8.6869098,
          50.1146036
        ]
      },
      "properties": {
        "id": "tk_fr_2146",
        "name": "Meister‘s Food Affairs",
        "description": "Kiosk auf der B-Ebene der Konstablerwache.",
        "address": {
          "postalcode": "60313",
          "city": "Frankfurt am Main",
          "district": "Innenstadt I"
        },
        "hours": {
          "raw": "Mo-Fr 07:00-20:00; Sa 10:00-20:00; Su 09:00-16:00"
        },
        "sources": [
          {
            "type": "hopfenstop",
            "id": "4df33cf0-16a0-4d59-ad61-0352840ec6e0"
          }
        ],
        "created": "2026-05-19",
        "updated": "2026-05-19"
      }
    },
    {
      "type": "Feature",
      "geometry": {
        "type": "Point",
        "coordinates": [
          8.7539275,
          50.232642
        ]
      },
      "properties": {
        "id": "tk_fr_2155",
        "name": "Kiosk am Bahnhof ",
        "description": "Kiosk ist direkt am Groß Karbener Bhf",
        "address": {
          "street": "Bahnhofstraße",
          "number": "198",
          "postalcode": "61184",
          "city": "Karben",
          "district": "Kloppenheim"
        },
        "hours": {
          "raw": "Mo-Fr 06:00-18:30; Sa 09:00-17:30"
        },
        "sources": [
          {
            "type": "hopfenstop",
            "id": "3ba3e4d3-ff5d-4758-9f94-90cb3a19e6f9"
          }
        ],
        "created": "2026-05-19",
        "updated": "2026-05-19"
      }
    },
    {
      "type": "Feature",
      "geometry": {
        "type": "Point",
        "coordinates": [
          8.6274354,
          50.2214147
        ]
      },
      "properties": {
        "id": "tk_fr_2163",
        "name": "Späti Kiosk am Kreisel ",
        "description": "Wahnsinn ",
        "address": {
          "street": "Am Hohlebrunnen",
          "number": "3",
          "postalcode": "61352",
          "city": "Bad Homburg vor der Höhe",
          "district": "Bad Homburg vor der Höhe"
        },
        "hours": {
          "raw": "Mo-Fr 07:00-00:00; Sa 07:00-02:00; Su 07:00-20:00"
        },
        "sources": [
          {
            "type": "hopfenstop",
            "id": "79838090-8682-473e-a7be-65c4f2c9dc96"
          }
        ],
        "created": "2026-05-19",
        "updated": "2026-05-19"
      }
    },
    {
      "type": "Feature",
      "geometry": {
        "type": "Point",
        "coordinates": [
          8.761573199999999,
          50.0976478
        ]
      },
      "properties": {
        "id": "tk_fr_2164",
        "name": "Raya Kiosk",
        "description": "Mit Paketshop",
        "address": {
          "street": "Schäferstraße",
          "number": "20",
          "postalcode": "63069",
          "city": "Offenbach am Main"
        },
        "sources": [
          {
            "type": "hopfenstop",
            "id": "3a7ec18f-8eeb-44d7-8c1d-e3a0df488ee9"
          }
        ],
        "created": "2026-05-19",
        "updated": "2026-05-19"
      }
    },
    {
      "type": "Feature",
      "geometry": {
        "type": "Point",
        "coordinates": [
          8.761878,
          50.0974628
        ]
      },
      "properties": {
        "id": "tk_fr_2165",
        "name": "Trinkhalle Hermannstraße",
        "description": "Classic!",
        "address": {
          "street": "Hermannstraße",
          "number": "15",
          "postalcode": "63069",
          "city": "Offenbach am Main"
        },
        "sources": [
          {
            "type": "hopfenstop",
            "id": "b7a7ad7d-2ebe-444c-96a2-54f1298dd39d"
          }
        ],
        "created": "2026-05-19",
        "updated": "2026-05-19"
      }
    }
  ]
}
