{
  "type": "FeatureCollection",
  "features": [
    {
      "type": "Feature",
      "geometry": {
        "type": "Point",
        "coordinates": [
          10.268919,
          53.7286042
        ]
      },
      "properties": {
        "id": "tk_shr_osm_n10032039118",
        "name": "Arkadenkiosk N&K",
        "address": {},
        "sources": [
          {
            "type": "osm",
            "id": "node/10032039118",
            "version": 0
          },
          {
            "type": "gmaps",
            "id": "ChIJ3Wt7XkwfskcRlIAf5NigMn8"
          }
        ],
        "created": "2026-05-29",
        "updated": "2026-06-22",
        "hours": {
          "raw": "Tu 06:30-22:00; Th 06:30-22:00; Fr 06:30-22:00; We 06:30-22:00; Mo 06:30-22:00; Sa 06:30-22:00; Su 06:30-22:00"
        },
        "sources_by_field": {
          "name": "osm",
          "hours": "google",
          "payment.cards": "google",
          "payment.contactless": "google",
          "payment.girocard": "google"
        },
        "apple_id_attempted": "2026-05-29",
        "google_attempted": "2026-05-29",
        "payment": {
          "cards": "no",
          "contactless": "yes",
          "girocard": "yes"
        }
      }
    },
    {
      "type": "Feature",
      "geometry": {
        "type": "Point",
        "coordinates": [
          10.2520021,
          53.5105098
        ]
      },
      "properties": {
        "id": "tk_shr_osm_n10061969206",
        "name": "Kiosk 23",
        "address": {},
        "sources": [
          {
            "type": "osm",
            "id": "node/10061969206",
            "version": 0
          },
          {
            "type": "gmaps",
            "id": "ChIJwWXouUvysUcRHbaNGfwwleI"
          }
        ],
        "created": "2026-05-29",
        "updated": "2026-06-22",
        "hours": {
          "raw": "Tu 06:00-00:00; Th 06:00-00:00; We 06:00-00:00; Mo 06:00-00:00; Sa 07:00-02:00; Su 08:00-00:00"
        },
        "sources_by_field": {
          "name": "osm",
          "hours": "google",
          "payment.cards": "google",
          "payment.contactless": "google",
          "payment.girocard": "google"
        },
        "apple_id_attempted": "2026-05-29",
        "google_attempted": "2026-05-29",
        "payment": {
          "cards": "no",
          "contactless": "yes",
          "girocard": "yes"
        }
      }
    },
    {
      "type": "Feature",
      "geometry": {
        "type": "Point",
        "coordinates": [
          9.5273013,
          54.5288705
        ]
      },
      "properties": {
        "id": "tk_shr_osm_n10084688187",
        "name": "Tobacco & More",
        "address": {},
        "sources": [
          {
            "type": "osm",
            "id": "node/10084688187",
            "version": 0
          },
          {
            "type": "apple",
            "id": "13467180791261294982"
          }
        ],
        "created": "2026-05-29",
        "updated": "2026-06-22",
        "hours": {
          "raw": "Mo-Sa 08:00-19:00"
        },
        "sources_by_field": {
          "name": "osm",
          "hours": "apple",
          "payment.cards": "apple",
          "payment.contactless": "apple"
        },
        "apple_attempted": "2026-05-29",
        "payment": {
          "cards": "yes",
          "contactless": "yes"
        }
      }
    },
    {
      "type": "Feature",
      "geometry": {
        "type": "Point",
        "coordinates": [
          10.5469505,
          54.1640743
        ]
      },
      "properties": {
        "id": "tk_shr_osm_n10089924677",
        "name": "Das Fischbüdchen am Dieksee",
        "address": {},
        "sources": [
          {
            "type": "osm",
            "id": "node/10089924677",
            "version": 0
          },
          {
            "type": "apple",
            "id": "4443083966379024299"
          },
          {
            "type": "gmaps",
            "id": "ChIJJSGqAORlskcRz3-EDiD4XC4"
          }
        ],
        "created": "2026-05-29",
        "updated": "2026-06-22",
        "hours": {
          "raw": "Fr-Tu 12:00-20:00,13:00-18:00+; Tu,We off"
        },
        "sources_by_field": {
          "name": "osm",
          "hours": "osm"
        },
        "apple_attempted": "2026-05-29",
        "google_attempted": "2026-05-29",
        "payment": {}
      }
    },
    {
      "type": "Feature",
      "geometry": {
        "type": "Point",
        "coordinates": [
          9.4367446,
          54.7828577
        ]
      },
      "properties": {
        "id": "tk_shr_osm_n10208218830",
        "name": "Bazarche",
        "address": {
          "street": "Südermarkt",
          "number": "2",
          "postalcode": "24937",
          "city": "Flensburg"
        },
        "sources": [
          {
            "type": "osm",
            "id": "node/10208218830",
            "version": 0
          },
          {
            "type": "gmaps",
            "id": "ChIJKQjsHv1Ds0cRLoM7oZ_gm3U"
          }
        ],
        "created": "2026-05-29",
        "updated": "2026-06-22",
        "sources_by_field": {
          "name": "osm",
          "address.street": "osm",
          "address.number": "osm",
          "address.postalcode": "osm",
          "address.city": "osm",
          "hours": "google",
          "payment.cards": "google",
          "payment.contactless": "google",
          "payment.girocard": "google"
        },
        "apple_id_attempted": "2026-05-29",
        "google_attempted": "2026-05-29",
        "hours": {
          "raw": "Tu 05:30-00:00; Th 05:30-00:00; Fr 05:30-00:00; We 05:30-00:00; Mo 05:30-00:00; Sa 05:30-00:00; Su 05:30-00:00"
        },
        "payment": {
          "cards": "no",
          "contactless": "yes",
          "girocard": "yes"
        }
      }
    },
    {
      "type": "Feature",
      "geometry": {
        "type": "Point",
        "coordinates": [
          9.4410623,
          54.7830258
        ]
      },
      "properties": {
        "id": "tk_shr_osm_n10221967173",
        "name": "Späti Flensburg",
        "address": {
          "street": "Angelburger Straße",
          "number": "59",
          "postalcode": "24937",
          "city": "Flensburg"
        },
        "sources": [
          {
            "type": "osm",
            "id": "node/10221967173",
            "version": 0
          },
          {
            "type": "apple",
            "id": "1668312529696587839"
          }
        ],
        "created": "2026-05-29",
        "updated": "2026-06-22",
        "hours": {
          "raw": "Sa-Su 00:00-04:00,10:00-24:00; Mo-Fr 00:00-01:00,10:00-24:00"
        },
        "sources_by_field": {
          "name": "osm",
          "address.street": "osm",
          "address.number": "osm",
          "address.postalcode": "osm",
          "address.city": "osm",
          "hours": "apple",
          "payment.cards": "apple",
          "payment.contactless": "apple"
        },
        "apple_attempted": "2026-05-29",
        "payment": {
          "cards": "yes",
          "contactless": "yes"
        }
      }
    },
    {
      "type": "Feature",
      "geometry": {
        "type": "Point",
        "coordinates": [
          10.9791197,
          54.3794904
        ]
      },
      "properties": {
        "id": "tk_shr_osm_n10307766471",
        "name": "Emma am Meer",
        "address": {
          "street": "Seebrückenpromenade",
          "number": "1",
          "postalcode": "23774",
          "city": "Heiligenhafen"
        },
        "sources": [
          {
            "type": "osm",
            "id": "node/10307766471",
            "version": 0
          },
          {
            "type": "apple",
            "id": "10526080174779450909"
          }
        ],
        "created": "2026-05-29",
        "updated": "2026-06-22",
        "hours": {
          "raw": "Mo-Sa 10:00-17:00; Su 11:00-17:00"
        },
        "payment": {
          "cash": "unknown",
          "cards": "yes",
          "contactless": "unknown",
          "girocard": "unknown"
        },
        "sources_by_field": {
          "name": "osm",
          "address.street": "osm",
          "address.number": "osm",
          "address.postalcode": "osm",
          "address.city": "osm",
          "hours": "osm",
          "payment.cash": "osm",
          "payment.cards": "osm",
          "payment.contactless": "osm",
          "payment.girocard": "osm"
        }
      }
    },
    {
      "type": "Feature",
      "geometry": {
        "type": "Point",
        "coordinates": [
          9.4720803,
          54.7939534
        ]
      },
      "properties": {
        "id": "tk_shr_osm_n10574188661",
        "name": "Erika's Kiosk",
        "address": {
          "street": "Engelsbyer Straße",
          "number": "44",
          "postalcode": "24943",
          "city": "Flensburg"
        },
        "sources": [
          {
            "type": "osm",
            "id": "node/10574188661",
            "version": 0
          },
          {
            "type": "gmaps",
            "id": "ChIJiRfmWXRDs0cRkwl-OyvR65o"
          }
        ],
        "created": "2026-05-29",
        "updated": "2026-06-22",
        "hours": {
          "raw": "Mo-Th 08:00-21:00; Fr 08:00-22:00; Sa 12:00-22:00; Su 13:00-18:00"
        },
        "sources_by_field": {
          "name": "osm",
          "address.street": "osm",
          "address.number": "osm",
          "address.postalcode": "osm",
          "address.city": "osm",
          "hours": "osm",
          "payment.cards": "google"
        },
        "apple_id_attempted": "2026-05-29",
        "google_attempted": "2026-05-29",
        "payment": {
          "cards": "no"
        }
      }
    },
    {
      "type": "Feature",
      "geometry": {
        "type": "Point",
        "coordinates": [
          10.3749172,
          53.8098535
        ]
      },
      "properties": {
        "id": "tk_shr_osm_n10905767384",
        "name": "Trave Shop",
        "address": {},
        "sources": [
          {
            "type": "osm",
            "id": "node/10905767384",
            "version": 0
          },
          {
            "type": "gmaps",
            "id": "ChIJXYA4KasZskcRlBF5MYUrlUQ"
          }
        ],
        "created": "2026-05-29",
        "updated": "2026-06-22",
        "hours": {
          "raw": "Tu 08:00-18:00; Th 08:00-18:00; Fr 08:00-18:00; We 08:00-18:00; Mo 08:00-18:00; Sa 08:00-14:30"
        },
        "tags": [
          "barrierefrei"
        ],
        "sources_by_field": {
          "name": "osm",
          "hours": "google",
          "payment.cards": "google",
          "payment.contactless": "google",
          "payment.girocard": "google"
        },
        "apple_id_attempted": "2026-05-29",
        "google_attempted": "2026-05-29",
        "payment": {
          "cards": "yes",
          "contactless": "yes",
          "girocard": "yes"
        }
      }
    },
    {
      "type": "Feature",
      "geometry": {
        "type": "Point",
        "coordinates": [
          10.367868,
          53.4385818
        ]
      },
      "properties": {
        "id": "tk_shr_osm_n11348809492",
        "name": "Postshop Geesthacht",
        "address": {
          "street": "Geesthachter Straße",
          "number": "9",
          "postalcode": "21502",
          "city": "Geesthacht"
        },
        "sources": [
          {
            "type": "osm",
            "id": "node/11348809492",
            "version": 0
          },
          {
            "type": "apple",
            "id": "18084080501835429689"
          },
          {
            "type": "gmaps",
            "id": "ChIJFRNGxRXvsUcR6gcci4-j-NM"
          }
        ],
        "created": "2026-05-29",
        "updated": "2026-06-22",
        "sources_by_field": {
          "name": "osm",
          "address.street": "osm",
          "address.number": "osm",
          "address.postalcode": "osm",
          "address.city": "osm",
          "hours": "google",
          "payment.cards": "google",
          "payment.contactless": "google",
          "payment.girocard": "google"
        },
        "apple_attempted": "2026-05-29",
        "google_attempted": "2026-05-29",
        "hours": {
          "raw": "Tu 08:00-20:00; Th 08:00-20:00; Fr 08:00-20:00; We 08:00-20:00; Mo 08:00-20:00; Sa 08:00-20:00"
        },
        "payment": {
          "cards": "no",
          "contactless": "yes",
          "girocard": "yes"
        }
      }
    },
    {
      "type": "Feature",
      "geometry": {
        "type": "Point",
        "coordinates": [
          10.3402,
          53.7969194
        ]
      },
      "properties": {
        "id": "tk_shr_osm_n11422895973",
        "name": "Chrischi´s Späti",
        "address": {
          "street": "Sandkamp",
          "number": "7",
          "postalcode": "23843",
          "city": "Bad Oldesloe"
        },
        "sources": [
          {
            "type": "osm",
            "id": "node/11422895973",
            "version": 0
          },
          {
            "type": "apple",
            "id": "167926091089321692"
          },
          {
            "type": "gmaps",
            "id": "ChIJMzvChwsZskcR4GtmcPUvgp4"
          }
        ],
        "created": "2026-05-29",
        "updated": "2026-06-22",
        "hours": {
          "raw": "Fr 18:00-04:00; Sa 18:00-04:00; Su 16:00-00:00"
        },
        "sources_by_field": {
          "name": "osm",
          "address.street": "osm",
          "address.number": "osm",
          "address.postalcode": "osm",
          "address.city": "osm",
          "hours": "google"
        },
        "apple_attempted": "2026-05-29",
        "google_attempted": "2026-05-29",
        "payment": {}
      }
    },
    {
      "type": "Feature",
      "geometry": {
        "type": "Point",
        "coordinates": [
          9.9637467,
          53.8377856
        ]
      },
      "properties": {
        "id": "tk_shr_osm_n11445029552",
        "name": "Shisha & Kiosk Kaltenkirchen",
        "address": {
          "street": "Schützenstraße",
          "number": "2"
        },
        "sources": [
          {
            "type": "osm",
            "id": "node/11445029552",
            "version": 0
          },
          {
            "type": "apple",
            "id": "5646635067360612045"
          }
        ],
        "created": "2026-05-29",
        "updated": "2026-06-22",
        "sources_by_field": {
          "name": "osm",
          "address.street": "osm",
          "address.number": "osm",
          "hours": "apple",
          "payment.cards": "apple",
          "payment.contactless": "apple"
        },
        "apple_attempted": "2026-05-29",
        "hours": {
          "raw": "Mo-Su 11:00-19:00"
        },
        "payment": {
          "cards": "yes",
          "contactless": "yes"
        }
      }
    },
    {
      "type": "Feature",
      "geometry": {
        "type": "Point",
        "coordinates": [
          8.2959089,
          54.8936856
        ]
      },
      "properties": {
        "id": "tk_shr_osm_n11876661722",
        "name": "Tante Emma Minimarkt",
        "address": {},
        "sources": [
          {
            "type": "osm",
            "id": "node/11876661722",
            "version": 0
          },
          {
            "type": "apple",
            "id": "434743008352523491"
          }
        ],
        "created": "2026-05-29",
        "updated": "2026-06-22",
        "sources_by_field": {
          "name": "osm",
          "hours": "apple",
          "payment.cards": "apple",
          "payment.contactless": "apple"
        },
        "apple_attempted": "2026-05-29",
        "hours": {
          "raw": "Mo,We-Su 07:30-12:00,14:00-18:00; Tu 00:00-24:00"
        },
        "payment": {
          "cards": "yes",
          "contactless": "yes"
        }
      }
    },
    {
      "type": "Feature",
      "geometry": {
        "type": "Point",
        "coordinates": [
          9.985494,
          53.8762844
        ]
      },
      "properties": {
        "id": "tk_shr_osm_n11878770523",
        "name": "Silvijn san",
        "address": {},
        "sources": [
          {
            "type": "osm",
            "id": "node/11878770523",
            "version": 0
          },
          {
            "type": "gmaps",
            "id": "ChIJRw8Hk74xskcRvKIlFLNOWJc"
          }
        ],
        "created": "2026-05-29",
        "updated": "2026-06-22",
        "hours": {
          "raw": "Sa 07:00-12:00; Su 07:00-12:00"
        },
        "sources_by_field": {
          "name": "osm",
          "hours": "google",
          "payment.cards": "google"
        },
        "apple_id_attempted": "2026-05-29",
        "google_attempted": "2026-05-29",
        "payment": {
          "cards": "no"
        }
      }
    },
    {
      "type": "Feature",
      "geometry": {
        "type": "Point",
        "coordinates": [
          10.3027749,
          53.9324914
        ]
      },
      "properties": {
        "id": "tk_shr_osm_n1194101887",
        "name": "Der kleine Laden",
        "address": {},
        "sources": [
          {
            "type": "osm",
            "id": "node/1194101887",
            "version": 0
          },
          {
            "type": "gmaps",
            "id": "ChIJ4UA7Vzk-skcRDy5h_sDXQic"
          }
        ],
        "created": "2026-05-29",
        "updated": "2026-06-22",
        "tags": [
          "barrierefrei"
        ],
        "sources_by_field": {
          "name": "osm",
          "hours": "google"
        },
        "apple_id_attempted": "2026-05-29",
        "google_attempted": "2026-05-29",
        "hours": {
          "raw": "Tu 06:30-18:00; Th 06:30-18:00; Fr 06:30-18:00; We 06:30-18:00; Mo 06:30-18:00; Sa 06:30-13:00"
        },
        "payment": {}
      }
    },
    {
      "type": "Feature",
      "geometry": {
        "type": "Point",
        "coordinates": [
          9.4198202,
          54.7989501
        ]
      },
      "properties": {
        "id": "tk_shr_osm_n11954596247",
        "name": "Paschi's Kiosk",
        "address": {},
        "sources": [
          {
            "type": "osm",
            "id": "node/11954596247",
            "version": 0
          },
          {
            "type": "gmaps",
            "id": "ChIJSzyTKMlCs0cRcuaTyJRZfN0"
          }
        ],
        "created": "2026-05-29",
        "updated": "2026-06-22",
        "sources_by_field": {
          "name": "osm",
          "hours": "google"
        },
        "apple_id_attempted": "2026-05-29",
        "google_attempted": "2026-05-29",
        "hours": {
          "raw": "Tu 09:00-00:00; Th 09:00-00:00; Fr 09:00-00:00; We 09:00-00:00; Mo 09:00-00:00; Sa 09:00-00:00; Su 15:00-22:00"
        },
        "payment": {}
      }
    },
    {
      "type": "Feature",
      "geometry": {
        "type": "Point",
        "coordinates": [
          8.3803235,
          54.6391809
        ]
      },
      "properties": {
        "id": "tk_shr_osm_n12106374123",
        "name": "Bi strun",
        "address": {},
        "sources": [
          {
            "type": "osm",
            "id": "node/12106374123",
            "version": 0
          },
          {
            "type": "gmaps",
            "id": "ChIJFQwPKgDxtEcRSJRHjgzJCrw"
          }
        ],
        "created": "2026-05-29",
        "updated": "2026-06-22",
        "hours": {
          "raw": "Tu 14:30-17:30; Th 14:00-17:30; Fr 14:00-17:30; We 14:30-17:30; Sa 14:00-17:30; Su 14:30-17:30"
        },
        "sources_by_field": {
          "name": "osm",
          "hours": "google"
        },
        "apple_id_attempted": "2026-05-29",
        "google_attempted": "2026-05-29",
        "payment": {}
      }
    },
    {
      "type": "Feature",
      "geometry": {
        "type": "Point",
        "coordinates": [
          10.0662285,
          54.0353585
        ]
      },
      "properties": {
        "id": "tk_shr_osm_n12386067869",
        "name": "Dorfkiosk Klein Kummerfel",
        "address": {
          "street": "Segeberger Chaussee",
          "number": "5a"
        },
        "sources": [
          {
            "type": "osm",
            "id": "node/12386067869",
            "version": 0
          },
          {
            "type": "apple",
            "id": "13329728661355403458"
          },
          {
            "type": "gmaps",
            "id": "ChIJtRPDYd1JskcRbvV7Lm9OdMc"
          }
        ],
        "created": "2026-05-29",
        "updated": "2026-06-22",
        "sources_by_field": {
          "name": "osm",
          "address.street": "osm",
          "address.number": "osm",
          "hours": "apple"
        },
        "apple_attempted": "2026-05-29",
        "google_attempted": "2026-05-29",
        "hours": {
          "raw": "Sa-Su 12:00-17:00; Mo-Fr 06:30-09:00,12:00-19:00"
        },
        "payment": {}
      }
    },
    {
      "type": "Feature",
      "geometry": {
        "type": "Point",
        "coordinates": [
          9.5558847,
          54.5255833
        ]
      },
      "properties": {
        "id": "tk_shr_osm_n1257930156",
        "name": "Anekdötchen",
        "address": {
          "street": "Breslauer Straße",
          "number": "13",
          "postalcode": "24837",
          "city": "Schleswig"
        },
        "sources": [
          {
            "type": "osm",
            "id": "node/1257930156",
            "version": 0
          },
          {
            "type": "gmaps",
            "id": "ChIJcwPoJuRzs0cRIVQaiuF1DVk"
          }
        ],
        "created": "2026-05-29",
        "updated": "2026-06-22",
        "hours": {
          "raw": "Tu 06:00-18:00; Th 06:00-18:00; Fr 06:00-18:00; We 06:00-18:00; Mo 06:00-18:00; Sa 06:00-13:00"
        },
        "sources_by_field": {
          "name": "osm",
          "address.street": "osm",
          "address.number": "osm",
          "address.postalcode": "osm",
          "address.city": "osm",
          "hours": "google",
          "payment.cards": "google"
        },
        "apple_id_attempted": "2026-05-29",
        "google_attempted": "2026-05-29",
        "payment": {
          "cards": "yes"
        }
      }
    },
    {
      "type": "Feature",
      "geometry": {
        "type": "Point",
        "coordinates": [
          8.432635,
          54.87199
        ]
      },
      "properties": {
        "id": "tk_shr_osm_n12612644339",
        "name": "Brød & Smør",
        "address": {
          "street": "Bi Miiren",
          "number": "11"
        },
        "sources": [
          {
            "type": "osm",
            "id": "node/12612644339",
            "version": 0
          },
          {
            "type": "gmaps",
            "id": "ChIJx2YO-JzdtEcRVznH7A6F9as"
          }
        ],
        "created": "2026-05-29",
        "updated": "2026-06-22",
        "hours": {
          "raw": "Tu 10:00-17:00; Th 10:00-17:00; Fr 10:00-17:00; We 10:00-17:00; Sa 10:00-17:00; Su 10:00-17:00"
        },
        "sources_by_field": {
          "name": "osm",
          "address.street": "osm",
          "address.number": "osm",
          "hours": "google",
          "payment.cards": "google",
          "payment.contactless": "google",
          "payment.girocard": "google"
        },
        "apple_id_attempted": "2026-05-29",
        "google_attempted": "2026-05-29",
        "payment": {
          "cards": "no",
          "contactless": "yes",
          "girocard": "yes"
        }
      }
    },
    {
      "type": "Feature",
      "geometry": {
        "type": "Point",
        "coordinates": [
          8.322936,
          54.6868987
        ]
      },
      "properties": {
        "id": "tk_shr_osm_n12846707049",
        "name": "Kiosk Am Kniepsand",
        "address": {
          "street": "Strunwai",
          "number": "33"
        },
        "sources": [
          {
            "type": "osm",
            "id": "node/12846707049",
            "version": 0
          },
          {
            "type": "gmaps",
            "id": "ChIJByA_BRnltEcR4_2psC_TATE"
          }
        ],
        "created": "2026-05-29",
        "updated": "2026-06-22",
        "hours": {
          "raw": "Tu 12:00-20:00; Fr 12:00-20:00; We 12:00-20:00; Mo 12:00-20:00; Sa 12:00-20:00; Su 12:00-20:00"
        },
        "sources_by_field": {
          "name": "osm",
          "address.street": "osm",
          "address.number": "osm",
          "hours": "google",
          "payment.cards": "google",
          "payment.contactless": "google",
          "payment.girocard": "google"
        },
        "apple_id_attempted": "2026-05-29",
        "google_attempted": "2026-05-29",
        "payment": {
          "cards": "no",
          "contactless": "yes",
          "girocard": "yes"
        }
      }
    },
    {
      "type": "Feature",
      "geometry": {
        "type": "Point",
        "coordinates": [
          9.4948914,
          53.9519876
        ]
      },
      "properties": {
        "id": "tk_shr_osm_n1295202770",
        "name": "Hoffmann Getränkehandel",
        "address": {
          "street": "Schenefelder Chaussee",
          "number": "80",
          "postalcode": "25524",
          "city": "Itzehoe"
        },
        "sources": [
          {
            "type": "osm",
            "id": "node/1295202770",
            "version": 0
          },
          {
            "type": "gmaps",
            "id": "ChIJq_qghhLEs0cRecb6N6GIWtQ"
          }
        ],
        "created": "2026-05-29",
        "updated": "2026-06-15",
        "tags": [
          "barrierefrei"
        ],
        "sources_by_field": {
          "name": "osm",
          "address.street": "osm",
          "address.number": "osm",
          "address.postalcode": "osm",
          "address.city": "osm",
          "hours": "google",
          "payment.cards": "google",
          "payment.contactless": "google",
          "payment.girocard": "google"
        },
        "apple_id_attempted": "2026-05-29",
        "google_attempted": "2026-05-29",
        "hours": {
          "raw": "Tu 08:00-20:00; Th 08:00-20:00; Fr 08:00-20:00; We 08:00-20:00; Mo 08:00-20:00; Sa 08:00-20:00"
        },
        "payment": {
          "cards": "no",
          "contactless": "yes",
          "girocard": "yes"
        }
      }
    },
    {
      "type": "Feature",
      "geometry": {
        "type": "Point",
        "coordinates": [
          10.4188927,
          54.1614855
        ]
      },
      "properties": {
        "id": "tk_shr_osm_n1298328748",
        "name": "GetränkePartner",
        "address": {
          "street": "Rodomstorstraße",
          "number": "14",
          "postalcode": "24306",
          "city": "Plön"
        },
        "sources": [
          {
            "type": "osm",
            "id": "node/1298328748",
            "version": 0
          },
          {
            "type": "gmaps",
            "id": "ChIJ7csZVv5nskcRj3V2_F5zHCE"
          }
        ],
        "created": "2026-05-29",
        "updated": "2026-06-22",
        "tags": [
          "barrierefrei"
        ],
        "sources_by_field": {
          "name": "osm",
          "address.street": "osm",
          "address.number": "osm",
          "address.postalcode": "osm",
          "address.city": "osm",
          "hours": "google",
          "payment.cards": "google",
          "payment.contactless": "google",
          "payment.girocard": "google"
        },
        "apple_id_attempted": "2026-05-29",
        "google_attempted": "2026-05-29",
        "hours": {
          "raw": "Tu 09:00-18:00; Th 09:00-18:00; Fr 09:00-18:00; We 09:00-13:00; Mo 09:00-18:00; Sa 09:00-13:00"
        },
        "payment": {
          "cards": "no",
          "contactless": "yes",
          "girocard": "yes"
        }
      }
    },
    {
      "type": "Feature",
      "geometry": {
        "type": "Point",
        "coordinates": [
          9.4201135,
          54.8021548
        ]
      },
      "properties": {
        "id": "tk_shr_osm_n13038607774",
        "name": "Bauerland Kiosk",
        "address": {},
        "sources": [
          {
            "type": "osm",
            "id": "node/13038607774",
            "version": 0
          },
          {
            "type": "apple",
            "id": "4987507190303360467"
          }
        ],
        "created": "2026-05-29",
        "updated": "2026-06-22",
        "hours": {
          "raw": "Mo-Su 11:00-23:00"
        },
        "sources_by_field": {
          "name": "osm",
          "hours": "apple",
          "payment.cards": "apple",
          "payment.contactless": "apple"
        },
        "apple_attempted": "2026-05-29",
        "payment": {
          "cards": "yes",
          "contactless": "yes"
        }
      }
    },
    {
      "type": "Feature",
      "geometry": {
        "type": "Point",
        "coordinates": [
          10.6896523,
          53.62899
        ]
      },
      "properties": {
        "id": "tk_shr_osm_n13251228912",
        "name": "Möllner Kaufhaus",
        "address": {
          "street": "Hauptstraße",
          "number": "75",
          "postalcode": "23879",
          "city": "Mölln"
        },
        "sources": [
          {
            "type": "osm",
            "id": "node/13251228912",
            "version": 0
          },
          {
            "type": "apple",
            "id": "5067992622063501377"
          },
          {
            "type": "gmaps",
            "id": "ChIJv8k7gCkBskcRVvARbASMH6A"
          }
        ],
        "created": "2026-05-29",
        "updated": "2026-06-22",
        "hours": {
          "raw": "Tu 09:15-18:00; Th 09:15-18:00; Fr 09:15-18:00; We 09:15-18:00; Mo 09:15-18:00; Sa 09:15-18:00"
        },
        "sources_by_field": {
          "name": "osm",
          "address.street": "osm",
          "address.number": "osm",
          "address.postalcode": "osm",
          "address.city": "osm",
          "hours": "google",
          "payment.cards": "google",
          "payment.contactless": "google",
          "payment.girocard": "google"
        },
        "apple_attempted": "2026-05-29",
        "google_attempted": "2026-05-29",
        "payment": {
          "cards": "no",
          "contactless": "yes",
          "girocard": "yes"
        }
      }
    },
    {
      "type": "Feature",
      "geometry": {
        "type": "Point",
        "coordinates": [
          10.6903746,
          54.3067914
        ]
      },
      "properties": {
        "id": "tk_shr_osm_n1330420861",
        "name": "Strandbasar",
        "address": {},
        "sources": [
          {
            "type": "osm",
            "id": "node/1330420861",
            "version": 0
          },
          {
            "type": "gmaps",
            "id": "ChIJxXeFYK1jskcRfCGAuepqUPA"
          }
        ],
        "created": "2026-05-29",
        "updated": "2026-06-22",
        "sources_by_field": {
          "name": "osm",
          "hours": "google"
        },
        "apple_id_attempted": "2026-05-29",
        "google_attempted": "2026-05-29",
        "hours": {
          "raw": "Tu 09:00-18:00; Th 09:00-18:00; Fr 09:00-18:00; We 09:00-18:00; Mo 09:00-18:00; Sa 09:00-18:00; Su 09:00-15:00"
        },
        "payment": {}
      }
    },
    {
      "type": "Feature",
      "geometry": {
        "type": "Point",
        "coordinates": [
          9.7247014,
          53.5844501
        ]
      },
      "properties": {
        "id": "tk_shr_osm_n13336198778",
        "name": "M. Niemeyer Cigarren",
        "address": {},
        "sources": [
          {
            "type": "osm",
            "id": "node/13336198778",
            "version": 0
          },
          {
            "type": "gmaps",
            "id": "ChIJ96URs0a7Y0ERwtGqEGugrHo"
          }
        ],
        "created": "2026-05-29",
        "updated": "2026-06-22",
        "sources_by_field": {
          "name": "osm",
          "hours": "google",
          "payment.cards": "google",
          "payment.contactless": "google",
          "payment.girocard": "google"
        },
        "apple_id_attempted": "2026-05-29",
        "google_attempted": "2026-05-29",
        "hours": {
          "raw": "Tu 08:00-20:00; Th 08:00-20:00; Fr 08:00-20:00; We 08:00-20:00; Mo 08:00-20:00; Sa 08:00-20:00"
        },
        "payment": {
          "cards": "no",
          "contactless": "yes",
          "girocard": "yes"
        }
      }
    },
    {
      "type": "Feature",
      "geometry": {
        "type": "Point",
        "coordinates": [
          9.6579497,
          53.7543481
        ]
      },
      "properties": {
        "id": "tk_shr_osm_n13429109740",
        "name": "König Kiosk",
        "address": {},
        "sources": [
          {
            "type": "osm",
            "id": "node/13429109740",
            "version": 0
          },
          {
            "type": "gmaps",
            "id": "ChIJhcxr39bVs0cRsznU1TjJ8MM"
          }
        ],
        "created": "2026-05-29",
        "updated": "2026-06-22",
        "hours": {
          "raw": "Tu 04:30-00:00; Th 04:30-00:00; We 04:30-00:00; Mo 04:30-00:00"
        },
        "sources_by_field": {
          "name": "osm",
          "hours": "google",
          "payment.cards": "google",
          "payment.contactless": "google",
          "payment.girocard": "google"
        },
        "apple_id_attempted": "2026-05-29",
        "google_attempted": "2026-05-29",
        "payment": {
          "cards": "no",
          "contactless": "yes",
          "girocard": "yes"
        }
      }
    },
    {
      "type": "Feature",
      "geometry": {
        "type": "Point",
        "coordinates": [
          9.9884374,
          54.0682698
        ]
      },
      "properties": {
        "id": "tk_shr_osm_n13647416849",
        "name": "Shisha & Kiosk",
        "address": {},
        "sources": [
          {
            "type": "osm",
            "id": "node/13647416849",
            "version": 0
          },
          {
            "type": "apple",
            "id": "10258183746798839791"
          },
          {
            "type": "gmaps",
            "id": "ChIJJcySH-xLskcR8WscZi2dfNE"
          }
        ],
        "created": "2026-05-29",
        "updated": "2026-06-22",
        "sources_by_field": {
          "name": "osm",
          "hours": "google",
          "payment.cards": "google",
          "payment.contactless": "google",
          "payment.girocard": "google"
        },
        "apple_attempted": "2026-05-29",
        "google_attempted": "2026-05-29",
        "hours": {
          "raw": "Tu 10:00-23:00; Th 10:00-23:00; Fr 10:00-23:00; We 10:00-23:00; Mo 10:00-23:00; Sa 12:00-01:00"
        },
        "payment": {
          "cards": "no",
          "contactless": "yes",
          "girocard": "yes"
        }
      }
    },
    {
      "type": "Feature",
      "geometry": {
        "type": "Point",
        "coordinates": [
          9.7707865,
          53.7887217
        ]
      },
      "properties": {
        "id": "tk_shr_osm_n13904016451",
        "name": "Tabakshop Nord",
        "address": {
          "street": "Küsterkamp",
          "number": "1",
          "postalcode": "25355",
          "city": "Barmstedt"
        },
        "sources": [
          {
            "type": "osm",
            "id": "node/13904016451",
            "version": 0
          },
          {
            "type": "gmaps",
            "id": "ChIJd-cXak_Ts0cRwqo-mLlCRlY"
          }
        ],
        "created": "2026-06-15",
        "updated": "2026-06-22",
        "hours": {
          "raw": "Tu 07:00-18:30; Th 07:00-18:30; Fr 07:00-18:30; We 07:00-18:30; Mo 07:00-18:30; Sa 07:00-13:00"
        },
        "sources_by_field": {
          "name": "osm",
          "address.street": "osm",
          "address.number": "osm",
          "address.postalcode": "osm",
          "address.city": "osm",
          "hours": "google",
          "payment.cards": "google",
          "payment.contactless": "google",
          "payment.girocard": "google"
        },
        "apple_id_attempted": "2026-06-21",
        "google_attempted": "2026-06-21",
        "payment": {
          "cards": "yes",
          "contactless": "yes",
          "girocard": "yes"
        }
      }
    },
    {
      "type": "Feature",
      "geometry": {
        "type": "Point",
        "coordinates": [
          9.7755491,
          53.789808
        ]
      },
      "properties": {
        "id": "tk_shr_osm_n13904019556",
        "name": "Kiosk 28",
        "address": {
          "street": "Reichenstraße",
          "number": "28",
          "postalcode": "25355",
          "city": "Barmstedt"
        },
        "sources": [
          {
            "type": "osm",
            "id": "node/13904019556",
            "version": 0
          },
          {
            "type": "gmaps",
            "id": "ChIJ02xuPwDTs0cRnEFU9F6JbTs"
          }
        ],
        "created": "2026-06-15",
        "updated": "2026-06-22",
        "hours": {
          "raw": "Tu 08:00-00:00; Th 08:00-00:00; Fr 08:00-00:00; We 08:00-00:00; Mo 08:00-00:00; Sa 08:00-00:00; Su 15:30-20:30"
        },
        "sources_by_field": {
          "name": "osm",
          "address.street": "osm",
          "address.number": "osm",
          "address.postalcode": "osm",
          "address.city": "osm",
          "hours": "google",
          "payment.cards": "google",
          "payment.girocard": "google"
        },
        "apple_id_attempted": "2026-06-21",
        "google_attempted": "2026-06-21",
        "payment": {
          "cards": "yes",
          "girocard": "yes"
        }
      }
    },
    {
      "type": "Feature",
      "geometry": {
        "type": "Point",
        "coordinates": [
          9.849951,
          53.5982552
        ]
      },
      "properties": {
        "id": "tk_shr_osm_n1404346776",
        "name": "Kiosk Schenefeld",
        "address": {},
        "sources": [
          {
            "type": "osm",
            "id": "node/1404346776",
            "version": 0
          },
          {
            "type": "apple",
            "id": "10720601237721526466"
          }
        ],
        "created": "2026-05-29",
        "updated": "2026-06-22",
        "hours": {
          "raw": "Mo-Fr 05:00-19:00; Sa 06:00-18:00"
        },
        "tags": [
          "barrierefrei"
        ],
        "sources_by_field": {
          "name": "osm",
          "hours": "apple",
          "payment.cards": "apple",
          "payment.contactless": "apple"
        },
        "apple_attempted": "2026-05-29",
        "payment": {
          "cards": "yes",
          "contactless": "yes"
        }
      }
    },
    {
      "type": "Feature",
      "geometry": {
        "type": "Point",
        "coordinates": [
          9.9223567,
          54.6682043
        ]
      },
      "properties": {
        "id": "tk_shr_osm_n1555954062",
        "name": "Behn",
        "address": {},
        "sources": [
          {
            "type": "osm",
            "id": "node/1555954062",
            "version": 0
          },
          {
            "type": "gmaps",
            "id": "ChIJAyuCeQoZs0cRw2qd_ZATZPo"
          }
        ],
        "created": "2026-05-29",
        "updated": "2026-06-22",
        "hours": {
          "raw": "Tu 08:00-18:00; Th 08:00-18:00; Fr 08:00-18:00; We 08:00-18:00; Mo 08:00-18:00; Sa 08:00-13:00"
        },
        "tags": [
          "barrierefrei"
        ],
        "sources_by_field": {
          "name": "osm",
          "hours": "google",
          "payment.cards": "google",
          "payment.contactless": "google",
          "payment.girocard": "google"
        },
        "apple_id_attempted": "2026-05-29",
        "google_attempted": "2026-05-29",
        "payment": {
          "cards": "no",
          "contactless": "yes",
          "girocard": "yes"
        }
      }
    },
    {
      "type": "Feature",
      "geometry": {
        "type": "Point",
        "coordinates": [
          9.7039018,
          53.5799392
        ]
      },
      "properties": {
        "id": "tk_shr_osm_n1574211431",
        "name": "Elbe-Tabak",
        "address": {
          "street": "Bahnhofstraße",
          "number": "11",
          "postalcode": "22880",
          "city": "Wedel"
        },
        "sources": [
          {
            "type": "osm",
            "id": "node/1574211431",
            "version": 0
          },
          {
            "type": "apple",
            "id": "6044775865473743396"
          }
        ],
        "created": "2026-05-29",
        "updated": "2026-06-22",
        "hours": {
          "raw": "Mo-Fr 08:00-20:00; Sa 08:00-18:00"
        },
        "tags": [
          "barrierefrei"
        ],
        "sources_by_field": {
          "name": "osm",
          "address.street": "osm",
          "address.number": "osm",
          "address.postalcode": "osm",
          "address.city": "osm",
          "hours": "apple",
          "payment.cards": "apple",
          "payment.contactless": "apple"
        },
        "apple_attempted": "2026-05-29",
        "payment": {
          "cards": "yes",
          "contactless": "yes"
        }
      }
    },
    {
      "type": "Feature",
      "geometry": {
        "type": "Point",
        "coordinates": [
          9.8357147,
          54.4530854
        ]
      },
      "properties": {
        "id": "tk_shr_osm_n1607474189",
        "name": "Famila - Getränke",
        "address": {},
        "sources": [
          {
            "type": "osm",
            "id": "node/1607474189",
            "version": 0
          },
          {
            "type": "gmaps",
            "id": "ChIJ4xZu2mAGs0cRs39zMNz2GzQ"
          }
        ],
        "created": "2026-05-29",
        "updated": "2026-06-22",
        "tags": [
          "barrierefrei"
        ],
        "sources_by_field": {
          "name": "osm",
          "hours": "google",
          "payment.cards": "google",
          "payment.contactless": "google",
          "payment.girocard": "google"
        },
        "apple_id_attempted": "2026-05-29",
        "google_attempted": "2026-05-29",
        "hours": {
          "raw": "Tu 07:00-21:00; Th 07:00-21:00; Fr 07:00-21:00; We 07:00-21:00; Mo 07:00-21:00; Sa 07:00-21:00; Su 11:00-17:00"
        },
        "payment": {
          "cards": "no",
          "contactless": "yes",
          "girocard": "yes"
        }
      }
    },
    {
      "type": "Feature",
      "geometry": {
        "type": "Point",
        "coordinates": [
          10.7903347,
          53.9944277
        ]
      },
      "properties": {
        "id": "tk_shr_osm_n1740628254",
        "name": "Gülis Perle",
        "address": {},
        "sources": [
          {
            "type": "osm",
            "id": "node/1740628254",
            "version": 0
          },
          {
            "type": "apple",
            "id": "11835799196319528034"
          },
          {
            "type": "gmaps",
            "id": "ChIJIz8oewh1skcRVyvpZbVuZKs"
          }
        ],
        "created": "2026-05-29",
        "updated": "2026-06-22",
        "tags": [
          "barrierefrei"
        ],
        "sources_by_field": {
          "name": "osm",
          "hours": "google",
          "payment.cards": "google",
          "payment.contactless": "google",
          "payment.girocard": "google"
        },
        "apple_attempted": "2026-05-29",
        "google_attempted": "2026-05-29",
        "hours": {
          "raw": "Tu 09:00-19:00; Th 08:00-19:00; Fr 08:00-19:00; We 08:00-19:00; Mo 08:00-19:00; Sa 08:00-19:00; Su 08:00-19:00"
        },
        "payment": {
          "cards": "yes",
          "contactless": "yes",
          "girocard": "yes"
        }
      }
    },
    {
      "type": "Feature",
      "geometry": {
        "type": "Point",
        "coordinates": [
          9.8295361,
          54.4507843
        ]
      },
      "properties": {
        "id": "tk_shr_osm_n1810161353",
        "name": "Behn Getränkewelt",
        "address": {},
        "sources": [
          {
            "type": "osm",
            "id": "node/1810161353",
            "version": 0
          },
          {
            "type": "apple",
            "id": "8868413736915856262"
          }
        ],
        "created": "2026-05-29",
        "updated": "2026-06-22",
        "sources_by_field": {
          "name": "osm",
          "hours": "apple",
          "payment.cards": "apple",
          "payment.contactless": "apple"
        },
        "apple_attempted": "2026-05-29",
        "hours": {
          "raw": "Mo-Fr 09:00-18:00; Sa 08:00-13:00"
        },
        "payment": {
          "cards": "yes",
          "contactless": "yes"
        }
      }
    },
    {
      "type": "Feature",
      "geometry": {
        "type": "Point",
        "coordinates": [
          9.4352026,
          54.7824876
        ]
      },
      "properties": {
        "id": "tk_shr_osm_n1858789315",
        "name": "Bodderkrog",
        "address": {
          "street": "Friesische Straße",
          "number": "6",
          "postalcode": "24937",
          "city": "Flensburg"
        },
        "sources": [
          {
            "type": "osm",
            "id": "node/1858789315",
            "version": 0
          },
          {
            "type": "gmaps",
            "id": "ChIJz1oQztpDs0cR3nYJ68uh2xw"
          }
        ],
        "created": "2026-05-29",
        "updated": "2026-06-22",
        "sources_by_field": {
          "name": "osm",
          "address.street": "osm",
          "address.number": "osm",
          "address.postalcode": "osm",
          "address.city": "osm",
          "hours": "google"
        },
        "apple_id_attempted": "2026-05-29",
        "google_attempted": "2026-05-29",
        "hours": {
          "raw": "Tu 11:00-23:00; Th 11:00-23:00; Fr 11:00-23:00; We 11:00-23:00; Mo 11:00-23:00; Sa 11:00-23:00; Su 11:00-23:00"
        },
        "payment": {}
      }
    },
    {
      "type": "Feature",
      "geometry": {
        "type": "Point",
        "coordinates": [
          10.3146851,
          53.5298608
        ]
      },
      "properties": {
        "id": "tk_shr_osm_n1863515998",
        "name": "Kiosk Aumühle",
        "address": {},
        "sources": [
          {
            "type": "osm",
            "id": "node/1863515998",
            "version": 0
          },
          {
            "type": "apple",
            "id": "2816937440678415441"
          }
        ],
        "created": "2026-05-29",
        "updated": "2026-06-22",
        "hours": {
          "raw": "Mo-Fr 06:30-18:00; Sa 08:00-16:00"
        },
        "sources_by_field": {
          "name": "osm",
          "hours": "apple",
          "payment.cards": "apple",
          "payment.contactless": "apple"
        },
        "apple_attempted": "2026-05-29",
        "payment": {
          "cards": "yes",
          "contactless": "yes"
        }
      }
    },
    {
      "type": "Feature",
      "geometry": {
        "type": "Point",
        "coordinates": [
          10.7236747,
          53.7031331
        ]
      },
      "properties": {
        "id": "tk_shr_osm_n1868780878",
        "name": "Stooß",
        "address": {
          "street": "Dorfstraße",
          "number": "9",
          "postalcode": "23911",
          "city": "Harmsdorf"
        },
        "sources": [
          {
            "type": "osm",
            "id": "node/1868780878",
            "version": 0
          },
          {
            "type": "gmaps",
            "id": "ChIJO6qtLFgHskcRCDYj0hXaS7c"
          }
        ],
        "created": "2026-05-29",
        "updated": "2026-06-22",
        "sources_by_field": {
          "name": "osm",
          "address.street": "osm",
          "address.number": "osm",
          "address.postalcode": "osm",
          "address.city": "osm",
          "hours": "google"
        },
        "apple_id_attempted": "2026-05-29",
        "google_attempted": "2026-05-29",
        "hours": {
          "raw": "Tu 14:00-15:00; Th 14:00-15:00; Fr 14:00-15:00; We 14:00-15:00; Mo 14:00-15:00"
        },
        "payment": {}
      }
    },
    {
      "type": "Feature",
      "geometry": {
        "type": "Point",
        "coordinates": [
          10.3754641,
          53.4353826
        ]
      },
      "properties": {
        "id": "tk_shr_osm_n1884449567",
        "name": "Kiosk Rathausstraße",
        "address": {},
        "sources": [
          {
            "type": "osm",
            "id": "node/1884449567",
            "version": 0
          },
          {
            "type": "apple",
            "id": "11296434636300075313"
          }
        ],
        "created": "2026-05-29",
        "updated": "2026-06-22",
        "sources_by_field": {
          "name": "osm",
          "hours": "apple",
          "payment.cards": "apple",
          "payment.contactless": "apple"
        },
        "apple_attempted": "2026-05-29",
        "hours": {
          "raw": "Fr,Su 07:00-20:00; Mo-Th 05:00-20:00; Sa 06:00-20:00"
        },
        "payment": {
          "cards": "yes",
          "contactless": "yes"
        }
      }
    },
    {
      "type": "Feature",
      "geometry": {
        "type": "Point",
        "coordinates": [
          8.7816421,
          54.3260151
        ]
      },
      "properties": {
        "id": "tk_shr_osm_n2068579454",
        "name": "Getränke Loof",
        "address": {},
        "sources": [
          {
            "type": "osm",
            "id": "node/2068579454",
            "version": 0
          },
          {
            "type": "gmaps",
            "id": "ChIJ3QaxB9x6tEcRrCg_QpZz3Fk"
          }
        ],
        "created": "2026-05-29",
        "updated": "2026-06-22",
        "sources_by_field": {
          "name": "osm"
        },
        "apple_id_attempted": "2026-05-29",
        "google_attempted": "2026-05-29",
        "payment": {}
      }
    },
    {
      "type": "Feature",
      "geometry": {
        "type": "Point",
        "coordinates": [
          9.5647993,
          54.5166113
        ]
      },
      "properties": {
        "id": "tk_shr_osm_n2072909578",
        "name": "Tabakwaren Thomsen",
        "address": {
          "street": "Stadtweg",
          "number": "21",
          "postalcode": "24837",
          "city": "Schleswig"
        },
        "sources": [
          {
            "type": "osm",
            "id": "node/2072909578",
            "version": 0
          },
          {
            "type": "apple",
            "id": "4670821280725122643"
          }
        ],
        "created": "2026-05-29",
        "updated": "2026-06-22",
        "hours": {
          "raw": "Mo-Fr 08:00-18:00; Sa 08:00-14:00"
        },
        "sources_by_field": {
          "name": "osm",
          "address.street": "osm",
          "address.number": "osm",
          "address.postalcode": "osm",
          "address.city": "osm",
          "hours": "apple",
          "payment.cards": "apple",
          "payment.contactless": "apple"
        },
        "apple_attempted": "2026-05-29",
        "payment": {
          "cards": "yes",
          "contactless": "yes"
        }
      }
    },
    {
      "type": "Feature",
      "geometry": {
        "type": "Point",
        "coordinates": [
          9.436581,
          54.774727
        ]
      },
      "properties": {
        "id": "tk_shr_osm_n2087896465",
        "name": "Voss im Bahnhof",
        "address": {
          "street": "Am Bundesbahnhof",
          "number": "2",
          "postalcode": "24937",
          "city": "Flensburg"
        },
        "sources": [
          {
            "type": "osm",
            "id": "node/2087896465",
            "version": 0
          },
          {
            "type": "apple",
            "id": "3373606914601742420"
          },
          {
            "type": "gmaps",
            "id": "ChIJjw2M6p5Cs0cRpRxo483odHo"
          }
        ],
        "created": "2026-05-29",
        "updated": "2026-06-22",
        "hours": {
          "raw": "Tu 06:00-20:00; Th 07:00-18:00; Fr 06:00-20:00; We 06:00-14:00; Mo 06:00-20:00; Sa 07:00-20:00; Su 07:00-18:00"
        },
        "tags": [
          "barrierefrei"
        ],
        "sources_by_field": {
          "name": "osm",
          "address.street": "osm",
          "address.number": "osm",
          "address.postalcode": "osm",
          "address.city": "osm",
          "hours": "google",
          "payment.cards": "google",
          "payment.contactless": "google",
          "payment.girocard": "google"
        },
        "apple_attempted": "2026-05-29",
        "google_attempted": "2026-05-29",
        "payment": {
          "cards": "no",
          "contactless": "yes",
          "girocard": "yes"
        }
      }
    },
    {
      "type": "Feature",
      "geometry": {
        "type": "Point",
        "coordinates": [
          9.4312855,
          54.7939081
        ]
      },
      "properties": {
        "id": "tk_shr_osm_n2266149713",
        "name": "Kinosessel",
        "address": {},
        "sources": [
          {
            "type": "osm",
            "id": "node/2266149713",
            "version": 0
          },
          {
            "type": "apple",
            "id": "5970796813998379362"
          }
        ],
        "created": "2026-05-29",
        "updated": "2026-06-22",
        "sources_by_field": {
          "name": "osm",
          "hours": "apple",
          "payment.cards": "apple",
          "payment.contactless": "apple"
        },
        "apple_attempted": "2026-05-29",
        "hours": {
          "raw": "Mo 00:00-01:00; We 15:00-24:00; Th-Fr 00:00-01:00,15:00-24:00; Sa-Su 00:00-05:00,15:00-24:00"
        },
        "payment": {
          "cards": "yes",
          "contactless": "yes"
        }
      }
    },
    {
      "type": "Feature",
      "geometry": {
        "type": "Point",
        "coordinates": [
          10.2687817,
          53.7282492
        ]
      },
      "properties": {
        "id": "tk_shr_osm_n2270040088",
        "name": "Train Stop Bargteheide",
        "address": {
          "street": "Bahnhofstraße",
          "number": "9-11"
        },
        "sources": [
          {
            "type": "osm",
            "id": "node/2270040088",
            "version": 0
          },
          {
            "type": "gmaps",
            "id": "ChIJfehmQkwfskcRiB2n0YMRUuc"
          }
        ],
        "created": "2026-05-29",
        "updated": "2026-06-22",
        "sources_by_field": {
          "name": "osm",
          "address.street": "osm",
          "address.number": "osm"
        },
        "apple_id_attempted": "2026-05-29",
        "google_attempted": "2026-05-29",
        "payment": {}
      }
    },
    {
      "type": "Feature",
      "geometry": {
        "type": "Point",
        "coordinates": [
          9.5413284,
          54.5046806
        ]
      },
      "properties": {
        "id": "tk_shr_osm_n2282225281",
        "name": "Dalo Market",
        "address": {
          "street": "Friedrichstraße",
          "number": "24",
          "postalcode": "24837",
          "city": "Schleswig"
        },
        "sources": [
          {
            "type": "osm",
            "id": "node/2282225281",
            "version": 0
          },
          {
            "type": "gmaps",
            "id": "ChIJBT__jNxzs0cR5dd8HVdhaN4"
          }
        ],
        "created": "2026-05-29",
        "updated": "2026-06-22",
        "sources_by_field": {
          "name": "osm",
          "address.street": "osm",
          "address.number": "osm",
          "address.postalcode": "osm",
          "address.city": "osm",
          "hours": "google"
        },
        "apple_id_attempted": "2026-05-29",
        "google_attempted": "2026-05-29",
        "hours": {
          "raw": "Tu 09:00-19:00; Th 09:00-19:00; Fr 09:00-19:00; We 09:00-19:00; Mo 09:00-19:00; Sa 09:00-19:00"
        },
        "payment": {}
      }
    },
    {
      "type": "Feature",
      "geometry": {
        "type": "Point",
        "coordinates": [
          10.1808166,
          54.4442755
        ]
      },
      "properties": {
        "id": "tk_shr_osm_n2296729435",
        "name": "Surf-Kiosk",
        "address": {},
        "sources": [
          {
            "type": "osm",
            "id": "node/2296729435",
            "version": 0
          },
          {
            "type": "apple",
            "id": "10476745705548893950"
          }
        ],
        "created": "2026-05-29",
        "updated": "2026-06-22",
        "hours": {
          "raw": "Mo-Su 10:00-20:00"
        },
        "sources_by_field": {
          "name": "osm",
          "hours": "apple",
          "payment.cards": "apple",
          "payment.contactless": "apple"
        },
        "apple_attempted": "2026-05-29",
        "payment": {
          "cards": "yes",
          "contactless": "yes"
        }
      }
    },
    {
      "type": "Feature",
      "geometry": {
        "type": "Point",
        "coordinates": [
          10.7549143,
          54.1878749
        ]
      },
      "properties": {
        "id": "tk_shr_osm_n2318199346",
        "name": "Marion's Buchhandlung",
        "address": {
          "street": "Oldenburger Straße",
          "number": "2",
          "postalcode": "23744"
        },
        "sources": [
          {
            "type": "osm",
            "id": "node/2318199346",
            "version": 0
          },
          {
            "type": "apple",
            "id": "9698674935030734515"
          }
        ],
        "created": "2026-05-29",
        "updated": "2026-06-22",
        "sources_by_field": {
          "name": "osm",
          "address.street": "osm",
          "address.number": "osm",
          "address.postalcode": "osm",
          "hours": "apple",
          "payment.cards": "apple",
          "payment.contactless": "apple"
        },
        "apple_attempted": "2026-05-29",
        "hours": {
          "raw": "Mo-Sa 07:30-12:00"
        },
        "payment": {
          "cards": "yes",
          "contactless": "yes"
        }
      }
    },
    {
      "type": "Feature",
      "geometry": {
        "type": "Point",
        "coordinates": [
          10.4931274,
          53.830207
        ]
      },
      "properties": {
        "id": "tk_shr_osm_n2374552373",
        "name": "Reinfelder Kiosk",
        "address": {},
        "sources": [
          {
            "type": "osm",
            "id": "node/2374552373",
            "version": 0
          },
          {
            "type": "gmaps",
            "id": "ChIJBZe1HjcRskcR7E1-3Ri1aYM"
          }
        ],
        "created": "2026-05-29",
        "updated": "2026-06-22",
        "sources_by_field": {
          "name": "osm",
          "hours": "google"
        },
        "apple_id_attempted": "2026-05-29",
        "google_attempted": "2026-05-29",
        "hours": {
          "raw": "Tu 04:30-10:00; Th 04:30-10:00; Fr 04:30-10:00; We 04:30-10:00; Mo 04:30-10:00"
        },
        "payment": {}
      }
    },
    {
      "type": "Feature",
      "geometry": {
        "type": "Point",
        "coordinates": [
          9.4524555,
          54.7975281
        ]
      },
      "properties": {
        "id": "tk_shr_osm_n2384393116",
        "name": "Kiosk Blasberg",
        "address": {
          "street": "Mürwiker Straße",
          "number": "50",
          "postalcode": "24943",
          "city": "Flensburg"
        },
        "sources": [
          {
            "type": "osm",
            "id": "node/2384393116",
            "version": 0
          },
          {
            "type": "apple",
            "id": "985342756426798714"
          }
        ],
        "created": "2026-05-29",
        "updated": "2026-06-22",
        "hours": {
          "raw": "Mo-Su 06:00-23:00"
        },
        "sources_by_field": {
          "name": "osm",
          "address.street": "osm",
          "address.number": "osm",
          "address.postalcode": "osm",
          "address.city": "osm",
          "hours": "apple",
          "payment.cards": "apple",
          "payment.contactless": "apple"
        },
        "apple_attempted": "2026-05-29",
        "payment": {
          "cards": "yes",
          "contactless": "yes"
        }
      }
    },
    {
      "type": "Feature",
      "geometry": {
        "type": "Point",
        "coordinates": [
          9.3469171,
          54.0377602
        ]
      },
      "properties": {
        "id": "tk_shr_osm_n2407171109",
        "name": "Otto's Tanke",
        "address": {},
        "sources": [
          {
            "type": "osm",
            "id": "node/2407171109",
            "version": 0
          },
          {
            "type": "gmaps",
            "id": "ChIJo2VySwDrs0cR4yeVimLsIIQ"
          }
        ],
        "created": "2026-05-29",
        "updated": "2026-06-22",
        "sources_by_field": {
          "name": "osm",
          "hours": "google"
        },
        "apple_id_attempted": "2026-05-29",
        "google_attempted": "2026-05-29",
        "hours": {
          "raw": "Tu 07:00-21:00; Th 07:00-21:00; Fr 07:00-21:00; We 07:00-21:00; Mo 07:00-21:00; Sa 07:00-21:00; Su 07:00-21:00"
        },
        "payment": {}
      }
    },
    {
      "type": "Feature",
      "geometry": {
        "type": "Point",
        "coordinates": [
          10.8896926,
          54.290345
        ]
      },
      "properties": {
        "id": "tk_shr_osm_n2492322655",
        "name": "Tabak-Krause",
        "address": {
          "street": "Holsteiner Straße",
          "number": "1",
          "postalcode": "23758",
          "city": "Oldenburg in Holstein"
        },
        "sources": [
          {
            "type": "osm",
            "id": "node/2492322655",
            "version": 0
          },
          {
            "type": "gmaps",
            "id": "ChIJk9nLiih-skcRo1lRrdZ_VV4"
          }
        ],
        "created": "2026-05-29",
        "updated": "2026-06-22",
        "sources_by_field": {
          "name": "osm",
          "address.street": "osm",
          "address.number": "osm",
          "address.postalcode": "osm",
          "address.city": "osm",
          "hours": "google",
          "payment.cards": "google",
          "payment.contactless": "google",
          "payment.girocard": "google"
        },
        "apple_id_attempted": "2026-05-29",
        "google_attempted": "2026-05-29",
        "hours": {
          "raw": "Tu 08:00-12:30,14:00-18:00; Th 08:00-12:30,14:00-18:00; Fr 08:00-12:30,14:00-18:00; We 08:00-12:30,14:00-18:00; Mo 08:00-12:30,14:00-18:00; Sa 08:00-13:00"
        },
        "payment": {
          "cards": "yes",
          "contactless": "yes",
          "girocard": "yes"
        }
      }
    },
    {
      "type": "Feature",
      "geometry": {
        "type": "Point",
        "coordinates": [
          9.4260026,
          54.7913656
        ]
      },
      "properties": {
        "id": "tk_shr_osm_n2496347765",
        "name": "Kiosk am Burgplatz",
        "address": {},
        "sources": [
          {
            "type": "osm",
            "id": "node/2496347765",
            "version": 0
          },
          {
            "type": "gmaps",
            "id": "ChIJZZ89ogM630MRPn3X0wvJ3MQ"
          }
        ],
        "created": "2026-05-29",
        "updated": "2026-06-22",
        "hours": {
          "raw": "Tu 07:00-23:00; Th 07:00-23:00; Fr 07:00-23:00; We 07:00-23:00; Mo 07:00-23:00; Sa 13:00-23:00; Su 09:00-23:00"
        },
        "sources_by_field": {
          "name": "osm",
          "hours": "google",
          "payment.cards": "google",
          "payment.contactless": "google",
          "payment.girocard": "google"
        },
        "apple_id_attempted": "2026-05-29",
        "google_attempted": "2026-05-29",
        "payment": {
          "cards": "no",
          "contactless": "yes",
          "girocard": "yes"
        }
      }
    },
    {
      "type": "Feature",
      "geometry": {
        "type": "Point",
        "coordinates": [
          9.4494323,
          54.7633221
        ]
      },
      "properties": {
        "id": "tk_shr_osm_n2541812083",
        "name": "team Peelwatt",
        "address": {
          "street": "Marie-Curie-Ring",
          "number": "45",
          "postalcode": "24941",
          "city": "Flensburg"
        },
        "sources": [
          {
            "type": "osm",
            "id": "node/2541812083",
            "version": 0
          },
          {
            "type": "gmaps",
            "id": "ChIJhcpPSsJps0cRCrqST9WA_tA"
          }
        ],
        "created": "2026-05-29",
        "updated": "2026-06-22",
        "hours": {
          "raw": "Mo-Fr 04:30-22:00; Sa 05:30-22:00; Su 06:30-22:00"
        },
        "sources_by_field": {
          "name": "osm",
          "address.street": "osm",
          "address.number": "osm",
          "address.postalcode": "osm",
          "address.city": "osm",
          "hours": "osm",
          "payment.cards": "google",
          "payment.contactless": "google",
          "payment.girocard": "google"
        },
        "apple_id_attempted": "2026-05-29",
        "google_attempted": "2026-05-29",
        "payment": {
          "cards": "no",
          "contactless": "yes",
          "girocard": "yes"
        }
      }
    },
    {
      "type": "Feature",
      "geometry": {
        "type": "Point",
        "coordinates": [
          9.4355974,
          54.7863866
        ]
      },
      "properties": {
        "id": "tk_shr_osm_n2573197180",
        "name": "Kiosk alte Post",
        "address": {},
        "sources": [
          {
            "type": "osm",
            "id": "node/2573197180",
            "version": 0
          },
          {
            "type": "apple",
            "id": "10629413910796864068"
          }
        ],
        "created": "2026-05-29",
        "updated": "2026-06-22",
        "hours": {
          "raw": "Sa-Su 00:00-02:00,10:00-24:00; Mo-Fr 10:00-24:00"
        },
        "tags": [
          "barrierefrei"
        ],
        "sources_by_field": {
          "name": "osm",
          "hours": "apple",
          "payment.cards": "apple",
          "payment.contactless": "apple"
        },
        "apple_attempted": "2026-05-29",
        "payment": {
          "cards": "yes",
          "contactless": "yes"
        }
      }
    },
    {
      "type": "Feature",
      "geometry": {
        "type": "Point",
        "coordinates": [
          10.267936,
          53.9399198
        ]
      },
      "properties": {
        "id": "tk_shr_osm_n2632161927",
        "name": "Rainer Paul Thomas Paul (Getränkehandel)",
        "address": {},
        "sources": [
          {
            "type": "osm",
            "id": "node/2632161927",
            "version": 0
          },
          {
            "type": "gmaps",
            "id": "ChIJKVdvBVg-skcRc4WLP_IaKvQ"
          }
        ],
        "created": "2026-05-29",
        "updated": "2026-06-22",
        "tags": [
          "barrierefrei"
        ],
        "sources_by_field": {
          "name": "osm"
        },
        "apple_id_attempted": "2026-05-29",
        "google_attempted": "2026-05-29",
        "payment": {}
      }
    },
    {
      "type": "Feature",
      "geometry": {
        "type": "Point",
        "coordinates": [
          10.260657,
          53.9600289
        ]
      },
      "properties": {
        "id": "tk_shr_osm_n266846827",
        "name": "Aral Schackendorf West",
        "address": {
          "postalcode": "23795",
          "city": "Schackendorf"
        },
        "sources": [
          {
            "type": "osm",
            "id": "node/266846827",
            "version": 0
          },
          {
            "type": "gmaps",
            "id": "ChIJ5_8R1wQ_skcRpoXlkWO82SM"
          }
        ],
        "created": "2026-05-29",
        "updated": "2026-06-22",
        "tags": [
          "wc"
        ],
        "sources_by_field": {
          "name": "osm",
          "address.postalcode": "osm",
          "address.city": "osm",
          "payment.cards": "google",
          "payment.contactless": "google",
          "payment.girocard": "google"
        },
        "apple_id_attempted": "2026-05-29",
        "google_attempted": "2026-05-29",
        "payment": {
          "cards": "no",
          "contactless": "yes",
          "girocard": "yes"
        }
      }
    },
    {
      "type": "Feature",
      "geometry": {
        "type": "Point",
        "coordinates": [
          8.3258493,
          54.9067002
        ]
      },
      "properties": {
        "id": "tk_shr_osm_n2686743802",
        "name": "Getränke Möller",
        "address": {
          "street": "Zum Fliegerhorst",
          "number": "36",
          "postalcode": "25980",
          "city": "Sylt",
          "district": "Tinnum"
        },
        "sources": [
          {
            "type": "osm",
            "id": "node/2686743802",
            "version": 0
          },
          {
            "type": "gmaps",
            "id": "ChIJa6T08IPetEcRF1UL4PKt3i0"
          }
        ],
        "created": "2026-05-29",
        "updated": "2026-06-22",
        "sources_by_field": {
          "name": "osm",
          "address.street": "osm",
          "address.number": "osm",
          "address.postalcode": "osm",
          "address.city": "osm",
          "address.district": "osm",
          "hours": "google",
          "payment.cards": "google",
          "payment.contactless": "google",
          "payment.girocard": "google"
        },
        "apple_id_attempted": "2026-05-29",
        "google_attempted": "2026-05-29",
        "hours": {
          "raw": "Tu 08:00-18:00; Th 08:00-18:00; Fr 08:00-18:00; We 08:00-18:00; Mo 08:00-18:00; Sa 08:00-13:00"
        },
        "payment": {
          "cards": "yes",
          "contactless": "yes",
          "girocard": "yes"
        }
      }
    },
    {
      "type": "Feature",
      "geometry": {
        "type": "Point",
        "coordinates": [
          10.2652338,
          53.6523982
        ]
      },
      "properties": {
        "id": "tk_shr_osm_n2694292674",
        "name": "Dreifke",
        "address": {
          "street": "Sieker Landstraße",
          "postalcode": "22927",
          "city": "Großhansdorf"
        },
        "sources": [
          {
            "type": "osm",
            "id": "node/2694292674",
            "version": 0
          },
          {
            "type": "apple",
            "id": "12484298939780680157"
          }
        ],
        "created": "2026-05-29",
        "updated": "2026-06-22",
        "hours": {
          "raw": "Mo-Fr 09:00-12:30,15:00-18:00; Sa 09:00-13:00"
        },
        "sources_by_field": {
          "name": "osm",
          "address.street": "osm",
          "address.postalcode": "osm",
          "address.city": "osm",
          "hours": "apple",
          "payment.cards": "apple",
          "payment.contactless": "apple"
        },
        "apple_attempted": "2026-05-29",
        "payment": {
          "cards": "yes",
          "contactless": "yes"
        }
      }
    },
    {
      "type": "Feature",
      "geometry": {
        "type": "Point",
        "coordinates": [
          9.7041492,
          53.5816386
        ]
      },
      "properties": {
        "id": "tk_shr_osm_n280206786",
        "name": "Kiosk 46",
        "address": {
          "street": "Rathausplatz",
          "number": "1",
          "postalcode": "22880",
          "city": "Wedel"
        },
        "sources": [
          {
            "type": "osm",
            "id": "node/280206786",
            "version": 0
          },
          {
            "type": "gmaps",
            "id": "ChIJeyHOqjd5sUcR199tOaOE43Q"
          }
        ],
        "created": "2026-05-29",
        "updated": "2026-06-22",
        "hours": {
          "raw": "Tu 05:00-02:00; Th 05:00-00:00; We 05:00-02:00; Mo 05:00-02:00"
        },
        "sources_by_field": {
          "name": "osm",
          "address.street": "osm",
          "address.number": "osm",
          "address.postalcode": "osm",
          "address.city": "osm",
          "hours": "google",
          "payment.cards": "google",
          "payment.contactless": "google",
          "payment.girocard": "google"
        },
        "apple_id_attempted": "2026-05-29",
        "google_attempted": "2026-05-29",
        "payment": {
          "cards": "no",
          "contactless": "yes",
          "girocard": "yes"
        }
      }
    },
    {
      "type": "Feature",
      "geometry": {
        "type": "Point",
        "coordinates": [
          10.2380571,
          53.6747191
        ]
      },
      "properties": {
        "id": "tk_shr_osm_n2863728157",
        "name": "City Tabak",
        "address": {
          "street": "Klaus-Groth-Straße",
          "number": "1",
          "postalcode": "22926",
          "city": "Ahrensburg"
        },
        "sources": [
          {
            "type": "osm",
            "id": "node/2863728157",
            "version": 0
          },
          {
            "type": "apple",
            "id": "15185742610340674841"
          },
          {
            "type": "gmaps",
            "id": "ChIJ2bC2kI4fskcRULrWqcrnwio"
          }
        ],
        "created": "2026-05-29",
        "updated": "2026-06-22",
        "tags": [
          "barrierefrei"
        ],
        "sources_by_field": {
          "name": "osm",
          "address.street": "osm",
          "address.number": "osm",
          "address.postalcode": "osm",
          "address.city": "osm",
          "hours": "google",
          "payment.cards": "google",
          "payment.contactless": "google",
          "payment.girocard": "google"
        },
        "apple_attempted": "2026-05-29",
        "google_attempted": "2026-05-29",
        "hours": {
          "raw": "Tu 07:00-19:00; Th 07:00-19:00; Fr 07:00-19:00; We 07:00-19:00; Mo 07:00-19:00; Sa 07:00-19:00"
        },
        "payment": {
          "cards": "yes",
          "contactless": "yes",
          "girocard": "yes"
        }
      }
    },
    {
      "type": "Feature",
      "geometry": {
        "type": "Point",
        "coordinates": [
          9.6602707,
          53.75467
        ]
      },
      "properties": {
        "id": "tk_shr_osm_n2911690199",
        "name": "Kiosk Gleis 4",
        "address": {},
        "sources": [
          {
            "type": "osm",
            "id": "node/2911690199",
            "version": 0
          },
          {
            "type": "apple",
            "id": "18431381136606902219"
          }
        ],
        "created": "2026-05-29",
        "updated": "2026-06-22",
        "sources_by_field": {
          "name": "osm",
          "hours": "apple",
          "payment.cards": "apple",
          "payment.contactless": "apple"
        },
        "apple_attempted": "2026-05-29",
        "hours": {
          "raw": "Su 00:00-03:00,14:00-19:00; Mo-Fr 09:00-24:00; Sa 00:00-03:00,09:00-24:00"
        },
        "payment": {
          "cards": "yes",
          "contactless": "yes"
        }
      }
    },
    {
      "type": "Feature",
      "geometry": {
        "type": "Point",
        "coordinates": [
          9.694573,
          53.6908931
        ]
      },
      "properties": {
        "id": "tk_shr_osm_n292301077",
        "name": "Bierbahnhof",
        "address": {},
        "sources": [
          {
            "type": "osm",
            "id": "node/292301077",
            "version": 0
          },
          {
            "type": "apple",
            "id": "7489128878574281595"
          },
          {
            "type": "gmaps",
            "id": "ChIJQ90eeyWxY0ERDhybd_6cxV8"
          }
        ],
        "created": "2026-05-29",
        "updated": "2026-06-22",
        "sources_by_field": {
          "name": "osm",
          "hours": "google",
          "payment.cards": "google",
          "payment.contactless": "google",
          "payment.girocard": "google"
        },
        "apple_attempted": "2026-05-29",
        "google_attempted": "2026-05-29",
        "hours": {
          "raw": "Tu 08:30-18:00; Th 08:30-18:00; Fr 08:30-18:30; We 08:30-18:00; Mo 08:30-18:00; Sa 08:00-13:00"
        },
        "payment": {
          "cards": "no",
          "contactless": "yes",
          "girocard": "yes"
        }
      }
    },
    {
      "type": "Feature",
      "geometry": {
        "type": "Point",
        "coordinates": [
          9.6611348,
          53.7579725
        ]
      },
      "properties": {
        "id": "tk_shr_osm_n2944574826",
        "name": "Bines Kiosk",
        "address": {},
        "sources": [
          {
            "type": "osm",
            "id": "node/2944574826",
            "version": 0
          },
          {
            "type": "gmaps",
            "id": "ChIJbxqj1SHVs0cRnrHyJov_JMg"
          }
        ],
        "created": "2026-05-29",
        "updated": "2026-06-22",
        "sources_by_field": {
          "name": "osm",
          "hours": "google"
        },
        "apple_id_attempted": "2026-05-29",
        "google_attempted": "2026-05-29",
        "hours": {
          "raw": "Tu 06:00-12:00,14:00-18:00; Th 06:00-12:00,14:00-18:00; Fr 06:00-12:00,14:00-18:00; Mo 06:00-12:00,14:00-18:00; Sa 07:30-12:00"
        },
        "payment": {}
      }
    },
    {
      "type": "Feature",
      "geometry": {
        "type": "Point",
        "coordinates": [
          9.65178,
          53.7538044
        ]
      },
      "properties": {
        "id": "tk_shr_osm_n2955746529",
        "name": "Elmshorner Express",
        "address": {},
        "sources": [
          {
            "type": "osm",
            "id": "node/2955746529",
            "version": 0
          },
          {
            "type": "apple",
            "id": "3238973268108031826"
          }
        ],
        "created": "2026-05-29",
        "updated": "2026-06-22",
        "sources_by_field": {
          "name": "osm",
          "hours": "apple",
          "payment.cards": "apple",
          "payment.contactless": "apple"
        },
        "apple_attempted": "2026-05-29",
        "hours": {
          "raw": "Mo-Sa 09:00-20:00"
        },
        "payment": {
          "cards": "yes",
          "contactless": "yes"
        }
      }
    },
    {
      "type": "Feature",
      "geometry": {
        "type": "Point",
        "coordinates": [
          9.423636,
          54.8041392
        ]
      },
      "properties": {
        "id": "tk_shr_osm_n3100087162",
        "name": "Nielsen Scan-Shop",
        "address": {
          "street": "Apenrader Straße",
          "number": "41-45",
          "postalcode": "24939",
          "city": "Flensburg"
        },
        "sources": [
          {
            "type": "osm",
            "id": "node/3100087162",
            "version": 0
          },
          {
            "type": "gmaps",
            "id": "ChIJt44z3c9Cs0cRAtMT-TG3LQE"
          }
        ],
        "created": "2026-05-29",
        "updated": "2026-06-22",
        "hours": {
          "raw": "Tu 09:00-18:00; Th 09:00-18:00; Fr 09:00-18:00; We 09:00-18:00; Mo 09:00-18:00; Sa 09:00-18:00"
        },
        "tags": [
          "barrierefrei"
        ],
        "sources_by_field": {
          "name": "osm",
          "address.street": "osm",
          "address.number": "osm",
          "address.postalcode": "osm",
          "address.city": "osm",
          "hours": "google",
          "payment.cards": "google",
          "payment.contactless": "google",
          "payment.girocard": "google"
        },
        "apple_id_attempted": "2026-05-29",
        "google_attempted": "2026-05-29",
        "payment": {
          "cards": "no",
          "contactless": "yes",
          "girocard": "yes"
        }
      }
    },
    {
      "type": "Feature",
      "geometry": {
        "type": "Point",
        "coordinates": [
          9.5985312,
          54.3914303
        ]
      },
      "properties": {
        "id": "tk_shr_osm_n312066206",
        "name": "Avia Owschlag",
        "address": {},
        "sources": [
          {
            "type": "osm",
            "id": "node/312066206",
            "version": 0
          },
          {
            "type": "apple",
            "id": "5129275700195961931"
          }
        ],
        "created": "2026-05-29",
        "updated": "2026-06-22",
        "sources_by_field": {
          "name": "osm",
          "hours": "apple",
          "payment.cards": "apple",
          "payment.contactless": "apple"
        },
        "apple_attempted": "2026-05-29",
        "hours": {
          "raw": "Mo-Su 00:00-24:00"
        },
        "payment": {
          "cards": "yes",
          "contactless": "yes"
        }
      }
    },
    {
      "type": "Feature",
      "geometry": {
        "type": "Point",
        "coordinates": [
          9.2479531,
          54.000334
        ]
      },
      "properties": {
        "id": "tk_shr_osm_n3125298592",
        "name": "Deutsche Eiche Getränkeindustrie",
        "address": {
          "street": "Waldstraße",
          "number": "108",
          "postalcode": "25712",
          "city": "Burg (Dithmarschen)"
        },
        "sources": [
          {
            "type": "osm",
            "id": "node/3125298592",
            "version": 0
          },
          {
            "type": "gmaps",
            "id": "ChIJt0x-awbss0cR741eFqRm0_4"
          }
        ],
        "created": "2026-05-29",
        "updated": "2026-06-22",
        "sources_by_field": {
          "name": "osm",
          "address.street": "osm",
          "address.number": "osm",
          "address.postalcode": "osm",
          "address.city": "osm"
        },
        "apple_id_attempted": "2026-05-29",
        "google_attempted": "2026-05-29",
        "payment": {}
      }
    },
    {
      "type": "Feature",
      "geometry": {
        "type": "Point",
        "coordinates": [
          10.3200357,
          53.9589455
        ]
      },
      "properties": {
        "id": "tk_shr_osm_n313284031",
        "name": "Likörille",
        "address": {
          "street": "Rahland",
          "number": "9",
          "postalcode": "23795",
          "city": "Klein Rönnau"
        },
        "sources": [
          {
            "type": "osm",
            "id": "node/313284031",
            "version": 0
          },
          {
            "type": "gmaps",
            "id": "ChIJt-teTsU_skcRUPZ5tmQLFVs"
          }
        ],
        "created": "2026-05-29",
        "updated": "2026-06-22",
        "sources_by_field": {
          "name": "osm",
          "address.street": "osm",
          "address.number": "osm",
          "address.postalcode": "osm",
          "address.city": "osm",
          "payment.cards": "google",
          "payment.girocard": "google"
        },
        "apple_id_attempted": "2026-05-29",
        "google_attempted": "2026-05-29",
        "payment": {
          "cards": "no",
          "girocard": "yes"
        }
      }
    },
    {
      "type": "Feature",
      "geometry": {
        "type": "Point",
        "coordinates": [
          8.2810102,
          54.7581606
        ]
      },
      "properties": {
        "id": "tk_shr_osm_n3153138184",
        "name": "Kiosk Strandwirtschaft",
        "address": {},
        "sources": [
          {
            "type": "osm",
            "id": "node/3153138184",
            "version": 0
          },
          {
            "type": "gmaps",
            "id": "ChIJIzFGgq3jtEcRG_mjK9-QYrk"
          }
        ],
        "created": "2026-05-29",
        "updated": "2026-06-22",
        "tags": [
          "barrierefrei"
        ],
        "sources_by_field": {
          "name": "osm",
          "hours": "google",
          "payment.cards": "google",
          "payment.girocard": "google"
        },
        "apple_id_attempted": "2026-05-29",
        "google_attempted": "2026-05-29",
        "hours": {
          "raw": "Tu 12:00-22:30; Th 12:00-22:30; Fr 12:00-22:30; We 12:00-22:30; Sa 12:00-22:30; Su 12:00-22:30"
        },
        "payment": {
          "cards": "yes",
          "girocard": "yes"
        }
      }
    },
    {
      "type": "Feature",
      "geometry": {
        "type": "Point",
        "coordinates": [
          9.931023,
          54.6605429
        ]
      },
      "properties": {
        "id": "tk_shr_osm_n3220401209",
        "name": "Lotto Zeitschriften Tabakwaren Raav",
        "address": {},
        "sources": [
          {
            "type": "osm",
            "id": "node/3220401209",
            "version": 0
          },
          {
            "type": "gmaps",
            "id": "ChIJmVW-THIZs0cRurSTQ5UEvH4"
          }
        ],
        "created": "2026-05-29",
        "updated": "2026-06-22",
        "sources_by_field": {
          "name": "osm",
          "hours": "google"
        },
        "apple_id_attempted": "2026-05-29",
        "google_attempted": "2026-05-29",
        "hours": {
          "raw": "Tu 08:00-18:00; Th 08:00-18:00; Fr 08:00-18:00; We 08:00-18:00; Mo 08:00-18:00; Sa 08:00-13:00"
        },
        "payment": {}
      }
    },
    {
      "type": "Feature",
      "geometry": {
        "type": "Point",
        "coordinates": [
          9.4322042,
          54.7889485
        ]
      },
      "properties": {
        "id": "tk_shr_osm_n3359854069",
        "name": "Tabak-Treff",
        "address": {
          "street": "Große Straße",
          "number": "54"
        },
        "sources": [
          {
            "type": "osm",
            "id": "node/3359854069",
            "version": 0
          },
          {
            "type": "apple",
            "id": "11146135989085003086"
          }
        ],
        "created": "2026-05-29",
        "updated": "2026-06-22",
        "hours": {
          "raw": "Mo-Th 08:00-21:00; Fr,Sa 08:00-23:00; Su,PH 08:00-18:00"
        },
        "payment": {
          "cash": "yes",
          "cards": "yes",
          "contactless": "unknown",
          "girocard": "unknown"
        },
        "tags": [
          "barrierefrei"
        ],
        "sources_by_field": {
          "name": "osm",
          "address.street": "osm",
          "address.number": "osm",
          "hours": "osm",
          "payment.cash": "osm",
          "payment.cards": "osm",
          "payment.contactless": "osm",
          "payment.girocard": "osm"
        }
      }
    },
    {
      "type": "Feature",
      "geometry": {
        "type": "Point",
        "coordinates": [
          9.4430142,
          54.783085
        ]
      },
      "properties": {
        "id": "tk_shr_osm_n3450085773",
        "name": "Tante Maß",
        "address": {
          "street": "Hafermarkt",
          "number": "4",
          "postalcode": "24943",
          "city": "Flensburg"
        },
        "sources": [
          {
            "type": "osm",
            "id": "node/3450085773",
            "version": 0
          },
          {
            "type": "apple",
            "id": "4118437948295675561"
          }
        ],
        "created": "2026-05-29",
        "updated": "2026-06-22",
        "hours": {
          "raw": "Mo-Tu,Su 07:00-23:00; We-Sa 10:00-23:00"
        },
        "tags": [
          "barrierefrei"
        ],
        "sources_by_field": {
          "name": "osm",
          "address.street": "osm",
          "address.number": "osm",
          "address.postalcode": "osm",
          "address.city": "osm",
          "hours": "apple",
          "payment.cards": "apple",
          "payment.contactless": "apple"
        },
        "apple_attempted": "2026-05-29",
        "payment": {
          "cards": "yes",
          "contactless": "yes"
        }
      }
    },
    {
      "type": "Feature",
      "geometry": {
        "type": "Point",
        "coordinates": [
          8.8471768,
          54.2632391
        ]
      },
      "properties": {
        "id": "tk_shr_osm_n346173543",
        "name": "Kiosk Eidersperrwerk",
        "address": {},
        "sources": [
          {
            "type": "osm",
            "id": "node/346173543",
            "version": 0
          },
          {
            "type": "apple",
            "id": "9674264892449292299"
          }
        ],
        "created": "2026-05-29",
        "updated": "2026-06-22",
        "payment": {
          "cash": "unknown",
          "cards": "no",
          "contactless": "unknown",
          "girocard": "unknown"
        },
        "sources_by_field": {
          "name": "osm",
          "payment.cash": "osm",
          "payment.cards": "osm",
          "payment.contactless": "osm",
          "payment.girocard": "osm",
          "hours": "apple"
        },
        "apple_attempted": "2026-05-29",
        "hours": {
          "raw": "Mo-Su 09:00-18:00"
        }
      }
    },
    {
      "type": "Feature",
      "geometry": {
        "type": "Point",
        "coordinates": [
          10.2730552,
          54.2362601
        ]
      },
      "properties": {
        "id": "tk_shr_osm_n351925723",
        "name": "GetränkePartner Rönnfeldt",
        "address": {
          "street": "Hufenweg",
          "number": "28",
          "postalcode": "24211",
          "city": "Preetz"
        },
        "sources": [
          {
            "type": "osm",
            "id": "node/351925723",
            "version": 0
          },
          {
            "type": "gmaps",
            "id": "ChIJGaF2GbhbskcRBVgr0MPkLIk"
          }
        ],
        "created": "2026-05-29",
        "updated": "2026-06-22",
        "tags": [
          "barrierefrei"
        ],
        "sources_by_field": {
          "name": "osm",
          "address.street": "osm",
          "address.number": "osm",
          "address.postalcode": "osm",
          "address.city": "osm",
          "hours": "google",
          "payment.cards": "google",
          "payment.contactless": "google",
          "payment.girocard": "google"
        },
        "apple_id_attempted": "2026-05-29",
        "google_attempted": "2026-05-29",
        "hours": {
          "raw": "Tu 09:00-18:00; Th 09:00-18:00; Fr 09:00-18:00; We 09:00-18:00; Mo 09:00-18:00; Sa 09:00-13:00"
        },
        "payment": {
          "cards": "no",
          "contactless": "yes",
          "girocard": "yes"
        }
      }
    },
    {
      "type": "Feature",
      "geometry": {
        "type": "Point",
        "coordinates": [
          9.9400145,
          54.070928
        ]
      },
      "properties": {
        "id": "tk_shr_osm_n356761810",
        "name": "Teckenburg",
        "address": {
          "street": "Wasbeker Straße",
          "number": "330",
          "postalcode": "24537",
          "city": "Neumünster"
        },
        "sources": [
          {
            "type": "osm",
            "id": "node/356761810",
            "version": 0
          },
          {
            "type": "gmaps",
            "id": "ChIJQSsI8ANLskcRGhZw3K2yoOk"
          }
        ],
        "created": "2026-05-29",
        "updated": "2026-06-22",
        "hours": {
          "raw": "Tu 08:00-20:00; Th 08:00-20:00; Fr 08:00-20:00; We 08:00-20:00; Mo 08:00-20:00; Sa 08:00-20:00"
        },
        "sources_by_field": {
          "name": "osm",
          "address.street": "osm",
          "address.number": "osm",
          "address.postalcode": "osm",
          "address.city": "osm",
          "hours": "google",
          "payment.cards": "google",
          "payment.contactless": "google",
          "payment.girocard": "google"
        },
        "apple_id_attempted": "2026-05-29",
        "google_attempted": "2026-05-29",
        "payment": {
          "cards": "no",
          "contactless": "yes",
          "girocard": "yes"
        }
      }
    },
    {
      "type": "Feature",
      "geometry": {
        "type": "Point",
        "coordinates": [
          9.5163983,
          53.9234906
        ]
      },
      "properties": {
        "id": "tk_shr_osm_n3647727055",
        "name": "Mano's Kiosk",
        "address": {},
        "sources": [
          {
            "type": "osm",
            "id": "node/3647727055",
            "version": 0
          },
          {
            "type": "apple",
            "id": "15092761803555329581"
          }
        ],
        "created": "2026-05-29",
        "updated": "2026-06-22",
        "sources_by_field": {
          "name": "osm",
          "hours": "apple",
          "payment.cards": "apple",
          "payment.contactless": "apple"
        },
        "apple_attempted": "2026-05-29",
        "hours": {
          "raw": "Mo-Su 10:00-22:00"
        },
        "payment": {
          "cards": "yes",
          "contactless": "yes"
        }
      }
    },
    {
      "type": "Feature",
      "geometry": {
        "type": "Point",
        "coordinates": [
          10.2503114,
          53.517695
        ]
      },
      "properties": {
        "id": "tk_shr_osm_n365541464",
        "name": "Kiosk und Backshop Rozé",
        "address": {
          "street": "Auf dem Großen Ruhm",
          "number": "1",
          "postalcode": "21465",
          "city": "Reinbek"
        },
        "sources": [
          {
            "type": "osm",
            "id": "node/365541464",
            "version": 0
          },
          {
            "type": "apple",
            "id": "5118855702591208159"
          }
        ],
        "created": "2026-05-29",
        "updated": "2026-06-22",
        "hours": {
          "raw": "Su 07:00-22:00; Mo-Sa 06:00-22:00"
        },
        "sources_by_field": {
          "name": "osm",
          "address.street": "osm",
          "address.number": "osm",
          "address.postalcode": "osm",
          "address.city": "osm",
          "hours": "apple",
          "payment.cards": "apple",
          "payment.contactless": "apple"
        },
        "apple_attempted": "2026-05-29",
        "payment": {
          "cards": "yes",
          "contactless": "yes"
        }
      }
    },
    {
      "type": "Feature",
      "geometry": {
        "type": "Point",
        "coordinates": [
          10.9163352,
          54.2918766
        ]
      },
      "properties": {
        "id": "tk_shr_osm_n3731774684",
        "name": "F. & H. Hagge Getränkegroßhandel",
        "address": {
          "street": "Am Voßberg",
          "number": "14",
          "postalcode": "23758",
          "city": "Oldenburg in Holstein"
        },
        "sources": [
          {
            "type": "osm",
            "id": "node/3731774684",
            "version": 0
          },
          {
            "type": "apple",
            "id": "3531913785546153897"
          },
          {
            "type": "gmaps",
            "id": "ChIJPSzjFXiAskcRU-VbwGdBGGI"
          }
        ],
        "created": "2026-05-29",
        "updated": "2026-06-22",
        "sources_by_field": {
          "name": "osm",
          "address.street": "osm",
          "address.number": "osm",
          "address.postalcode": "osm",
          "address.city": "osm",
          "hours": "google",
          "payment.cards": "google"
        },
        "apple_attempted": "2026-05-29",
        "google_attempted": "2026-05-29",
        "hours": {
          "raw": "Tu 09:00-17:00; Th 09:00-17:00; Fr 09:00-17:00; We 09:00-17:00; Mo 09:00-17:00; Sa 09:00-13:00"
        },
        "payment": {
          "cards": "yes"
        }
      }
    },
    {
      "type": "Feature",
      "geometry": {
        "type": "Point",
        "coordinates": [
          9.4169645,
          54.7818717
        ]
      },
      "properties": {
        "id": "tk_shr_osm_n3808072300",
        "name": "Zeitschriften Am Ochsenmarkt",
        "address": {
          "street": "Am Ochsenmarkt",
          "number": "39",
          "postalcode": "24937",
          "city": "Flensburg"
        },
        "sources": [
          {
            "type": "osm",
            "id": "node/3808072300",
            "version": 0
          },
          {
            "type": "gmaps",
            "id": "ChIJ025J7a9Cs0cRmIKcnB9YNcc"
          }
        ],
        "created": "2026-05-29",
        "updated": "2026-06-22",
        "hours": {
          "raw": "Tu 08:00-17:00; Th 08:00-17:00; Fr 08:00-17:00; We 08:00-17:00; Mo 08:00-17:00"
        },
        "sources_by_field": {
          "name": "osm",
          "address.street": "osm",
          "address.number": "osm",
          "address.postalcode": "osm",
          "address.city": "osm",
          "hours": "google"
        },
        "apple_id_attempted": "2026-05-29",
        "google_attempted": "2026-05-29",
        "payment": {}
      }
    },
    {
      "type": "Feature",
      "geometry": {
        "type": "Point",
        "coordinates": [
          9.5222584,
          53.9244431
        ]
      },
      "properties": {
        "id": "tk_shr_osm_n3815221199",
        "name": "Meks Business und Freizeitcenter",
        "address": {},
        "sources": [
          {
            "type": "osm",
            "id": "node/3815221199",
            "version": 0
          },
          {
            "type": "apple",
            "id": "8538954814438633735"
          }
        ],
        "created": "2026-05-29",
        "updated": "2026-06-22",
        "sources_by_field": {
          "name": "osm"
        },
        "apple_attempted": "2026-05-29",
        "google_attempted": "2026-05-29",
        "payment": {}
      }
    },
    {
      "type": "Feature",
      "geometry": {
        "type": "Point",
        "coordinates": [
          10.3131358,
          54.1928849
        ]
      },
      "properties": {
        "id": "tk_shr_osm_n384977231",
        "name": "Bistro Wahlstorfer Mühle",
        "address": {},
        "sources": [
          {
            "type": "osm",
            "id": "node/384977231",
            "version": 0
          },
          {
            "type": "gmaps",
            "id": "ChIJv7fhFJlcskcR6BaN89EMzWE"
          }
        ],
        "created": "2026-05-29",
        "updated": "2026-06-22",
        "sources_by_field": {
          "name": "osm",
          "hours": "google"
        },
        "apple_id_attempted": "2026-05-29",
        "google_attempted": "2026-05-29",
        "hours": {
          "raw": "Tu 11:30-18:00; Th 11:30-18:00; Fr 11:30-18:00; We 11:30-18:00; Mo 11:30-18:00; Sa 11:00-18:00; Su 11:00-18:00"
        },
        "payment": {}
      }
    },
    {
      "type": "Feature",
      "geometry": {
        "type": "Point",
        "coordinates": [
          9.4195355,
          54.7931821
        ]
      },
      "properties": {
        "id": "tk_shr_osm_n3892428356",
        "name": "Förde-Kiosk",
        "address": {
          "street": "Flurstraße",
          "number": "28",
          "postalcode": "24939",
          "city": "Flensburg"
        },
        "sources": [
          {
            "type": "osm",
            "id": "node/3892428356",
            "version": 0
          },
          {
            "type": "apple",
            "id": "7669560974084020906"
          },
          {
            "type": "gmaps",
            "id": "ChIJK1xzxLdCs0cRQ1DNkOlHUL0"
          }
        ],
        "created": "2026-05-29",
        "updated": "2026-06-22",
        "hours": {
          "raw": "Tu 12:00-22:00; Th 12:00-22:00; Fr 12:00-22:00; We 12:00-22:00; Mo 12:00-22:00; Sa 12:00-22:00; Su 12:00-22:00"
        },
        "sources_by_field": {
          "name": "osm",
          "address.street": "osm",
          "address.number": "osm",
          "address.postalcode": "osm",
          "address.city": "osm",
          "hours": "google",
          "payment.cards": "google",
          "payment.contactless": "google",
          "payment.girocard": "google"
        },
        "apple_attempted": "2026-05-29",
        "google_attempted": "2026-05-29",
        "payment": {
          "cards": "no",
          "contactless": "yes",
          "girocard": "yes"
        }
      }
    },
    {
      "type": "Feature",
      "geometry": {
        "type": "Point",
        "coordinates": [
          9.4399678,
          54.7876969
        ]
      },
      "properties": {
        "id": "tk_shr_osm_n3896641554",
        "name": "Kiosk Down Stairs",
        "address": {
          "street": "Kurze Straße",
          "number": "5",
          "postalcode": "24937",
          "city": "Flensburg"
        },
        "sources": [
          {
            "type": "osm",
            "id": "node/3896641554",
            "version": 0
          },
          {
            "type": "apple",
            "id": "4930965311337608627"
          }
        ],
        "created": "2026-05-29",
        "updated": "2026-06-22",
        "hours": {
          "raw": "Mo-Sa 14:00-21:00; PH,Su 14:00-19:00"
        },
        "sources_by_field": {
          "name": "osm",
          "address.street": "osm",
          "address.number": "osm",
          "address.postalcode": "osm",
          "address.city": "osm",
          "hours": "osm",
          "payment.cards": "apple",
          "payment.contactless": "apple"
        },
        "apple_attempted": "2026-05-29",
        "payment": {
          "cards": "yes",
          "contactless": "yes"
        }
      }
    },
    {
      "type": "Feature",
      "geometry": {
        "type": "Point",
        "coordinates": [
          10.0666996,
          54.3173729
        ]
      },
      "properties": {
        "id": "tk_shr_osm_n3925412899",
        "name": "Presse und Tabak",
        "address": {},
        "sources": [
          {
            "type": "osm",
            "id": "node/3925412899",
            "version": 0
          },
          {
            "type": "apple",
            "id": "2654766373242053979"
          }
        ],
        "created": "2026-05-29",
        "updated": "2026-06-22",
        "hours": {
          "raw": "Mo-Fr 06:00-18:00; Sa 07:00-13:00"
        },
        "sources_by_field": {
          "name": "osm",
          "hours": "apple",
          "payment.cards": "apple",
          "payment.contactless": "apple"
        },
        "apple_attempted": "2026-05-29",
        "payment": {
          "cards": "yes",
          "contactless": "yes"
        }
      }
    },
    {
      "type": "Feature",
      "geometry": {
        "type": "Point",
        "coordinates": [
          9.9988286,
          53.6815301
        ]
      },
      "properties": {
        "id": "tk_shr_osm_n3942110746",
        "name": "Tabakshop am Schmuggelstieg",
        "address": {},
        "sources": [
          {
            "type": "osm",
            "id": "node/3942110746",
            "version": 0
          },
          {
            "type": "apple",
            "id": "3626869755806834933"
          }
        ],
        "created": "2026-05-29",
        "updated": "2026-06-22",
        "hours": {
          "raw": "Mo-Fr 07:00-19:00; Sa 07:00-16:00"
        },
        "tags": [
          "barrierefrei"
        ],
        "sources_by_field": {
          "name": "osm",
          "hours": "apple",
          "payment.cards": "apple",
          "payment.contactless": "apple"
        },
        "apple_attempted": "2026-05-29",
        "payment": {
          "cards": "yes",
          "contactless": "yes"
        }
      }
    },
    {
      "type": "Feature",
      "geometry": {
        "type": "Point",
        "coordinates": [
          9.0517956,
          54.4764338
        ]
      },
      "properties": {
        "id": "tk_shr_osm_n4016435535",
        "name": "Kolo's Tee und Whiskeyparadies",
        "address": {},
        "sources": [
          {
            "type": "osm",
            "id": "node/4016435535",
            "version": 0
          },
          {
            "type": "gmaps",
            "id": "ChIJRbTgh9h_s0cRosqRrFvzaA0"
          }
        ],
        "created": "2026-05-29",
        "updated": "2026-06-22",
        "sources_by_field": {
          "name": "osm"
        },
        "apple_id_attempted": "2026-05-29",
        "google_attempted": "2026-05-29",
        "payment": {}
      }
    },
    {
      "type": "Feature",
      "geometry": {
        "type": "Point",
        "coordinates": [
          10.8557637,
          53.9516322
        ]
      },
      "properties": {
        "id": "tk_shr_osm_n4063696172",
        "name": "Getränke Handel Stadtländer",
        "address": {
          "street": "Travemünder Landstraße",
          "number": "300",
          "postalcode": "23570",
          "city": "Lübeck",
          "district": "Travemünde"
        },
        "sources": [
          {
            "type": "osm",
            "id": "node/4063696172",
            "version": 0
          },
          {
            "type": "apple",
            "id": "452445451847356669"
          },
          {
            "type": "gmaps",
            "id": "ChIJxUA3gbeKrUcR1HPBwpGWmx8"
          }
        ],
        "created": "2026-05-29",
        "updated": "2026-06-22",
        "hours": {
          "raw": "Tu 09:00-16:00; Th 09:00-16:00; Fr 09:00-16:00; We 09:00-16:00; Mo 09:00-16:00"
        },
        "tags": [
          "barrierefrei"
        ],
        "sources_by_field": {
          "name": "osm",
          "address.street": "osm",
          "address.number": "osm",
          "address.postalcode": "osm",
          "address.city": "osm",
          "address.district": "osm",
          "hours": "google",
          "payment.cards": "google",
          "payment.contactless": "google",
          "payment.girocard": "google"
        },
        "apple_attempted": "2026-05-29",
        "google_attempted": "2026-05-29",
        "payment": {
          "cards": "yes",
          "contactless": "yes",
          "girocard": "yes"
        }
      }
    },
    {
      "type": "Feature",
      "geometry": {
        "type": "Point",
        "coordinates": [
          9.4276791,
          54.7812441
        ]
      },
      "properties": {
        "id": "tk_shr_osm_n410251016",
        "name": "Royal Kiosk",
        "address": {
          "street": "Sophienstraße",
          "number": "2",
          "postalcode": "24937",
          "city": "Flensburg"
        },
        "sources": [
          {
            "type": "osm",
            "id": "node/410251016",
            "version": 0
          },
          {
            "type": "gmaps",
            "id": "ChIJcz7CfQBDs0cRYXDFztlDgMo"
          }
        ],
        "created": "2026-05-29",
        "updated": "2026-06-22",
        "hours": {
          "raw": "Tu 10:30-00:00; Th 10:30-00:00; Fr 10:30-01:00; We 10:30-00:00; Mo 10:30-00:00; Sa 10:30-01:00; Su 10:00-00:00"
        },
        "sources_by_field": {
          "name": "osm",
          "address.street": "osm",
          "address.number": "osm",
          "address.postalcode": "osm",
          "address.city": "osm",
          "hours": "google",
          "payment.cards": "google",
          "payment.contactless": "google",
          "payment.girocard": "google"
        },
        "apple_id_attempted": "2026-05-29",
        "google_attempted": "2026-05-29",
        "payment": {
          "cards": "yes",
          "contactless": "yes",
          "girocard": "yes"
        }
      }
    },
    {
      "type": "Feature",
      "geometry": {
        "type": "Point",
        "coordinates": [
          9.5022931,
          54.298449
        ]
      },
      "properties": {
        "id": "tk_shr_osm_n4249993989",
        "name": "Getränke Meier",
        "address": {},
        "sources": [
          {
            "type": "osm",
            "id": "node/4249993989",
            "version": 0
          },
          {
            "type": "gmaps",
            "id": "ChIJawSih2UEYkER24zYDAuzkog"
          }
        ],
        "created": "2026-05-29",
        "updated": "2026-06-22",
        "sources_by_field": {
          "name": "osm",
          "payment.cards": "google",
          "payment.contactless": "google",
          "payment.girocard": "google"
        },
        "apple_id_attempted": "2026-05-29",
        "google_attempted": "2026-05-29",
        "payment": {
          "cards": "yes",
          "contactless": "yes",
          "girocard": "yes"
        }
      }
    },
    {
      "type": "Feature",
      "geometry": {
        "type": "Point",
        "coordinates": [
          10.3718431,
          54.3739322
        ]
      },
      "properties": {
        "id": "tk_shr_osm_n425065616",
        "name": "Getränke Höhndorf",
        "address": {
          "street": "Lindenplatz",
          "number": "1",
          "postalcode": "24217",
          "city": "Höhndorf"
        },
        "sources": [
          {
            "type": "osm",
            "id": "node/425065616",
            "version": 0
          },
          {
            "type": "apple",
            "id": "2697092237455142736"
          },
          {
            "type": "gmaps",
            "id": "ChIJoVA54tf1skcRulessPELDXY"
          }
        ],
        "created": "2026-05-29",
        "updated": "2026-06-22",
        "sources_by_field": {
          "name": "osm",
          "address.street": "osm",
          "address.number": "osm",
          "address.postalcode": "osm",
          "address.city": "osm",
          "payment.cards": "google",
          "payment.contactless": "google",
          "payment.girocard": "google"
        },
        "apple_attempted": "2026-05-29",
        "google_attempted": "2026-05-29",
        "payment": {
          "cards": "no",
          "contactless": "yes",
          "girocard": "yes"
        }
      }
    },
    {
      "type": "Feature",
      "geometry": {
        "type": "Point",
        "coordinates": [
          10.7019436,
          54.304766
        ]
      },
      "properties": {
        "id": "tk_shr_osm_n4266031168",
        "name": "Ankeracht",
        "address": {},
        "sources": [
          {
            "type": "osm",
            "id": "node/4266031168",
            "version": 0
          },
          {
            "type": "gmaps",
            "id": "ChIJ1c45wbNjskcRQo0wE4Gm7GY"
          }
        ],
        "created": "2026-05-29",
        "updated": "2026-06-22",
        "hours": {
          "raw": "Tu 11:00-17:00; Th 11:00-20:30; Fr 11:00-20:30; We 11:00-17:00; Mo 11:00-17:00; Sa 10:00-22:00; Su 10:00-20:30"
        },
        "sources_by_field": {
          "name": "osm",
          "hours": "google",
          "payment.cards": "google"
        },
        "apple_id_attempted": "2026-05-29",
        "google_attempted": "2026-05-29",
        "payment": {
          "cards": "no"
        }
      }
    },
    {
      "type": "Feature",
      "geometry": {
        "type": "Point",
        "coordinates": [
          9.4573507,
          54.7900232
        ]
      },
      "properties": {
        "id": "tk_shr_osm_n4291426077",
        "name": "Kiosk Jensen",
        "address": {
          "street": "Glücksburger Straße",
          "number": "146",
          "postalcode": "24943",
          "city": "Flensburg"
        },
        "sources": [
          {
            "type": "osm",
            "id": "node/4291426077",
            "version": 0
          },
          {
            "type": "apple",
            "id": "10396396065765179883"
          }
        ],
        "created": "2026-05-29",
        "updated": "2026-06-22",
        "hours": {
          "raw": "Mo-Su 09:00-21:00"
        },
        "sources_by_field": {
          "name": "osm",
          "address.street": "osm",
          "address.number": "osm",
          "address.postalcode": "osm",
          "address.city": "osm",
          "hours": "apple",
          "payment.cards": "apple",
          "payment.contactless": "apple"
        },
        "apple_attempted": "2026-05-29",
        "payment": {
          "cards": "yes",
          "contactless": "yes"
        }
      }
    },
    {
      "type": "Feature",
      "geometry": {
        "type": "Point",
        "coordinates": [
          9.997702,
          53.6811155
        ]
      },
      "properties": {
        "id": "tk_shr_osm_n4338567965",
        "name": "Tobacco & more",
        "address": {
          "street": "Am Tarpenufer",
          "number": "3-5",
          "postalcode": "22848",
          "city": "Norderstedt"
        },
        "sources": [
          {
            "type": "osm",
            "id": "node/4338567965",
            "version": 0
          },
          {
            "type": "gmaps",
            "id": "ChIJzTExWOQnskcRwj4OmV1WTqQ"
          }
        ],
        "created": "2026-05-29",
        "updated": "2026-06-22",
        "hours": {
          "raw": "Tu 08:00-18:00; Th 08:00-18:00; Fr 08:00-18:00; We 08:00-18:00; Mo 08:00-18:00; Sa 08:00-14:00"
        },
        "tags": [
          "barrierefrei"
        ],
        "sources_by_field": {
          "name": "osm",
          "address.street": "osm",
          "address.number": "osm",
          "address.postalcode": "osm",
          "address.city": "osm",
          "hours": "google",
          "payment.cards": "google",
          "payment.contactless": "google",
          "payment.girocard": "google"
        },
        "apple_id_attempted": "2026-05-29",
        "google_attempted": "2026-05-29",
        "payment": {
          "cards": "no",
          "contactless": "yes",
          "girocard": "yes"
        }
      }
    },
    {
      "type": "Feature",
      "geometry": {
        "type": "Point",
        "coordinates": [
          10.0923188,
          54.3011486
        ]
      },
      "properties": {
        "id": "tk_shr_osm_n437174834",
        "name": "Hoffmann",
        "address": {
          "street": "Rendsburger Landstraße",
          "number": "206"
        },
        "sources": [
          {
            "type": "osm",
            "id": "node/437174834",
            "version": 0
          },
          {
            "type": "gmaps",
            "id": "ChIJY1bC4SBUskcR25tQjHoM-sw"
          }
        ],
        "created": "2026-05-29",
        "updated": "2026-06-22",
        "hours": {
          "raw": "Tu 08:00-19:00; Th 08:00-19:00; Fr 08:00-19:00; We 08:00-19:00; Mo 08:00-19:00; Sa 08:00-19:00"
        },
        "tags": [
          "barrierefrei"
        ],
        "sources_by_field": {
          "name": "osm",
          "address.street": "osm",
          "address.number": "osm",
          "hours": "google",
          "payment.cards": "google",
          "payment.contactless": "google",
          "payment.girocard": "google"
        },
        "apple_id_attempted": "2026-05-29",
        "google_attempted": "2026-05-29",
        "payment": {
          "cards": "no",
          "contactless": "yes",
          "girocard": "yes"
        }
      }
    },
    {
      "type": "Feature",
      "geometry": {
        "type": "Point",
        "coordinates": [
          10.6860776,
          53.6278866
        ]
      },
      "properties": {
        "id": "tk_shr_osm_n439747571",
        "name": "Kiosk am ZOB",
        "address": {},
        "sources": [
          {
            "type": "osm",
            "id": "node/439747571",
            "version": 0
          },
          {
            "type": "gmaps",
            "id": "ChIJvXF-Gg0AskcRADShkivRzAg"
          }
        ],
        "created": "2026-05-29",
        "updated": "2026-06-22",
        "tags": [
          "barrierefrei"
        ],
        "sources_by_field": {
          "name": "osm",
          "hours": "google",
          "payment.cards": "google",
          "payment.contactless": "google",
          "payment.girocard": "google"
        },
        "apple_id_attempted": "2026-05-29",
        "google_attempted": "2026-05-29",
        "hours": {
          "raw": "Tu 05:00-18:00; Th 05:00-18:00; Fr 05:00-18:00; We 05:00-18:00; Mo 05:00-18:00; Sa 08:00-18:00"
        },
        "payment": {
          "cards": "yes",
          "contactless": "yes",
          "girocard": "yes"
        }
      }
    },
    {
      "type": "Feature",
      "geometry": {
        "type": "Point",
        "coordinates": [
          9.4319648,
          54.7907558
        ]
      },
      "properties": {
        "id": "tk_shr_osm_n4398831967",
        "name": "Kiosk Flensburger Hafen",
        "address": {
          "street": "Neue Straße",
          "number": "3",
          "postalcode": "24939",
          "city": "Flensburg"
        },
        "sources": [
          {
            "type": "osm",
            "id": "node/4398831967",
            "version": 0
          },
          {
            "type": "apple",
            "id": "10190887968102538778"
          },
          {
            "type": "gmaps",
            "id": "ChIJ82TYCYRDs0cRTBLP1t30ojw"
          }
        ],
        "created": "2026-05-29",
        "updated": "2026-06-22",
        "sources_by_field": {
          "name": "osm",
          "address.street": "osm",
          "address.number": "osm",
          "address.postalcode": "osm",
          "address.city": "osm",
          "hours": "google",
          "payment.cards": "google",
          "payment.contactless": "apple",
          "payment.girocard": "google"
        },
        "apple_attempted": "2026-05-29",
        "google_attempted": "2026-05-29",
        "hours": {
          "raw": "Tu 09:00-00:00; Th 09:00-00:00; Fr 09:00-02:00; We 09:00-00:00; Mo 09:00-00:00; Sa 09:00-02:00; Su 10:00-23:30"
        },
        "payment": {
          "cards": "no",
          "contactless": "yes",
          "girocard": "yes"
        }
      }
    },
    {
      "type": "Feature",
      "geometry": {
        "type": "Point",
        "coordinates": [
          8.9000531,
          54.6680033
        ]
      },
      "properties": {
        "id": "tk_shr_osm_n4436209539",
        "name": "Paulsen Getränke GmbH",
        "address": {},
        "sources": [
          {
            "type": "osm",
            "id": "node/4436209539",
            "version": 0
          },
          {
            "type": "apple",
            "id": "3816591670073117600"
          },
          {
            "type": "gmaps",
            "id": "ChIJpVA4rfKatEcRxLkfIoxWr1g"
          }
        ],
        "created": "2026-05-29",
        "updated": "2026-06-22",
        "sources_by_field": {
          "name": "osm",
          "hours": "google"
        },
        "apple_attempted": "2026-05-29",
        "google_attempted": "2026-05-29",
        "hours": {
          "raw": "Tu 09:00-18:30; Th 09:00-18:30; Fr 09:00-18:30; We 09:00-18:30; Mo 09:00-18:30; Sa 08:30-16:00"
        },
        "payment": {}
      }
    },
    {
      "type": "Feature",
      "geometry": {
        "type": "Point",
        "coordinates": [
          8.9734005,
          54.6152477
        ]
      },
      "properties": {
        "id": "tk_shr_osm_n445435866",
        "name": "Getränkewelt Tadsen",
        "address": {
          "street": "Husumer Straße",
          "number": "18",
          "postalcode": "25821",
          "city": "Bredstedt"
        },
        "sources": [
          {
            "type": "osm",
            "id": "node/445435866",
            "version": 0
          },
          {
            "type": "gmaps",
            "id": "ChIJaR-onqeEtEcRiLZlfzHYl4o"
          }
        ],
        "created": "2026-05-29",
        "updated": "2026-06-22",
        "sources_by_field": {
          "name": "osm",
          "address.street": "osm",
          "address.number": "osm",
          "address.postalcode": "osm",
          "address.city": "osm",
          "hours": "google",
          "payment.cards": "google",
          "payment.contactless": "google",
          "payment.girocard": "google"
        },
        "apple_id_attempted": "2026-05-29",
        "google_attempted": "2026-05-29",
        "hours": {
          "raw": "Tu 09:00-18:00; Th 09:00-18:00; Fr 09:00-18:00; We 09:00-18:00; Mo 09:00-18:00; Sa 08:30-12:30"
        },
        "payment": {
          "cards": "yes",
          "contactless": "yes",
          "girocard": "yes"
        }
      }
    },
    {
      "type": "Feature",
      "geometry": {
        "type": "Point",
        "coordinates": [
          10.0886121,
          54.3280925
        ]
      },
      "properties": {
        "id": "tk_shr_osm_n4455961090",
        "name": "Getränke-/Weinhandlung Jörgen Petersen & Sohn KG",
        "address": {
          "street": "Volbehrstraße",
          "number": "41",
          "postalcode": "24119",
          "city": "Kronshagen"
        },
        "sources": [
          {
            "type": "osm",
            "id": "node/4455961090",
            "version": 0
          },
          {
            "type": "apple",
            "id": "10359739296064652088"
          }
        ],
        "created": "2026-05-29",
        "updated": "2026-06-22",
        "hours": {
          "raw": "Mo-Tu,Th-Fr 09:00-13:00,14:00-18:00; We,Sa 09:00-13:00"
        },
        "sources_by_field": {
          "name": "osm",
          "address.street": "osm",
          "address.number": "osm",
          "address.postalcode": "osm",
          "address.city": "osm",
          "hours": "apple",
          "payment.cards": "apple",
          "payment.contactless": "apple"
        },
        "apple_attempted": "2026-05-29",
        "payment": {
          "cards": "yes",
          "contactless": "yes"
        }
      }
    },
    {
      "type": "Feature",
      "geometry": {
        "type": "Point",
        "coordinates": [
          8.9404769,
          54.3157203
        ]
      },
      "properties": {
        "id": "tk_shr_osm_n452482816",
        "name": "Tönninger Kiosk am Markt",
        "address": {},
        "sources": [
          {
            "type": "osm",
            "id": "node/452482816",
            "version": 0
          },
          {
            "type": "apple",
            "id": "2895768301654724285"
          }
        ],
        "created": "2026-05-29",
        "updated": "2026-06-22",
        "hours": {
          "raw": "Su 11:00-17:00; Mo-Fr 06:30-19:00; Sa 07:30-19:00"
        },
        "sources_by_field": {
          "name": "osm",
          "hours": "apple",
          "payment.cards": "apple",
          "payment.contactless": "apple"
        },
        "apple_attempted": "2026-05-29",
        "payment": {
          "cards": "yes",
          "contactless": "yes"
        }
      }
    },
    {
      "type": "Feature",
      "geometry": {
        "type": "Point",
        "coordinates": [
          10.4170555,
          54.1567497
        ]
      },
      "properties": {
        "id": "tk_shr_osm_n454884277",
        "name": "Seeperle",
        "address": {
          "street": "Strandweg",
          "number": "2",
          "postalcode": "24306",
          "city": "Plön"
        },
        "sources": [
          {
            "type": "osm",
            "id": "node/454884277",
            "version": 0
          },
          {
            "type": "gmaps",
            "id": "ChIJt-QPznVoskcRmiZqQDtpINg"
          }
        ],
        "created": "2026-05-29",
        "updated": "2026-06-22",
        "tags": [
          "barrierefrei"
        ],
        "sources_by_field": {
          "name": "osm",
          "address.street": "osm",
          "address.number": "osm",
          "address.postalcode": "osm",
          "address.city": "osm",
          "hours": "google",
          "payment.cards": "google",
          "payment.contactless": "google",
          "payment.girocard": "google"
        },
        "apple_id_attempted": "2026-05-29",
        "google_attempted": "2026-05-29",
        "hours": {
          "raw": "Fr 12:00-18:00; Sa 11:00-18:00; Su 11:00-18:00"
        },
        "payment": {
          "cards": "no",
          "contactless": "yes",
          "girocard": "yes"
        }
      }
    },
    {
      "type": "Feature",
      "geometry": {
        "type": "Point",
        "coordinates": [
          10.0227596,
          54.1727911
        ]
      },
      "properties": {
        "id": "tk_shr_osm_n4696326636",
        "name": "Emils Bootshaus",
        "address": {
          "street": "Seestraße",
          "number": "6",
          "postalcode": "24582",
          "city": "Bordesholm"
        },
        "sources": [
          {
            "type": "osm",
            "id": "node/4696326636",
            "version": 0
          },
          {
            "type": "apple",
            "id": "3595257715827030035"
          }
        ],
        "created": "2026-05-29",
        "updated": "2026-06-22",
        "hours": {
          "raw": "Jan-May: We-Su,PH 09:30-20:00;Oct-Dec: We-Su,PH 09:30-20:00;Jun-Sep: Mo-Su,PH 10:00-22:00"
        },
        "payment": {
          "cash": "unknown",
          "cards": "unknown",
          "contactless": "unknown",
          "girocard": "no"
        },
        "sources_by_field": {
          "name": "osm",
          "address.street": "osm",
          "address.number": "osm",
          "address.postalcode": "osm",
          "address.city": "osm",
          "hours": "osm",
          "payment.cash": "osm",
          "payment.cards": "osm",
          "payment.contactless": "osm",
          "payment.girocard": "osm"
        }
      }
    },
    {
      "type": "Feature",
      "geometry": {
        "type": "Point",
        "coordinates": [
          10.062485,
          54.2408509
        ]
      },
      "properties": {
        "id": "tk_shr_osm_n478544067",
        "name": "Ferry",
        "address": {},
        "sources": [
          {
            "type": "osm",
            "id": "node/478544067",
            "version": 0
          },
          {
            "type": "gmaps",
            "id": "ChIJryIdB9FTskcRWFip7A9ZzKg"
          }
        ],
        "created": "2026-05-29",
        "updated": "2026-06-22",
        "sources_by_field": {
          "name": "osm",
          "hours": "google"
        },
        "apple_id_attempted": "2026-05-29",
        "google_attempted": "2026-05-29",
        "hours": {
          "raw": "Tu 09:00-18:00; Th 09:00-18:00; Fr 09:00-18:00; We 09:00-18:00; Mo 09:00-18:00; Sa 09:00-13:00"
        },
        "payment": {}
      }
    },
    {
      "type": "Feature",
      "geometry": {
        "type": "Point",
        "coordinates": [
          9.0509938,
          54.477308
        ]
      },
      "properties": {
        "id": "tk_shr_osm_n4849062951",
        "name": "Die Schlossluke",
        "address": {},
        "sources": [
          {
            "type": "osm",
            "id": "node/4849062951",
            "version": 0
          },
          {
            "type": "apple",
            "id": "14005572407524600948"
          },
          {
            "type": "gmaps",
            "id": "ChIJVVkQiCeAtEcRLzRtOU9UwLU"
          }
        ],
        "created": "2026-05-29",
        "updated": "2026-06-22",
        "hours": {
          "raw": "Th 10:00-14:00; Fr 10:00-14:00; Sa 10:00-14:00"
        },
        "sources_by_field": {
          "name": "osm",
          "hours": "google"
        },
        "apple_attempted": "2026-05-29",
        "google_attempted": "2026-05-29",
        "payment": {}
      }
    },
    {
      "type": "Feature",
      "geometry": {
        "type": "Point",
        "coordinates": [
          10.4882818,
          53.8309833
        ]
      },
      "properties": {
        "id": "tk_shr_osm_n5077113658",
        "name": "Milli's Kiosk",
        "address": {
          "street": "Paul-von-Schoenaich-Straße",
          "number": "36",
          "postalcode": "23858",
          "city": "Reinfeld"
        },
        "sources": [
          {
            "type": "osm",
            "id": "node/5077113658",
            "version": 0
          },
          {
            "type": "gmaps",
            "id": "ChIJIVZDaQARskcRU-ffMKB3ioo"
          }
        ],
        "created": "2026-05-29",
        "updated": "2026-06-22",
        "hours": {
          "raw": "Mo-Tu off; We,Th,Fr,Su 13:00-20:00; Sa 13:00-21:00"
        },
        "tags": [
          "barrierefrei"
        ],
        "sources_by_field": {
          "name": "osm",
          "address.street": "osm",
          "address.number": "osm",
          "address.postalcode": "osm",
          "address.city": "osm",
          "hours": "osm"
        },
        "apple_id_attempted": "2026-05-29",
        "google_attempted": "2026-05-29",
        "payment": {}
      }
    },
    {
      "type": "Feature",
      "geometry": {
        "type": "Point",
        "coordinates": [
          8.604523,
          54.3361338
        ]
      },
      "properties": {
        "id": "tk_shr_osm_n5165504852",
        "name": "WATT'N LADEN",
        "address": {},
        "sources": [
          {
            "type": "osm",
            "id": "node/5165504852",
            "version": 0
          },
          {
            "type": "apple",
            "id": "14943886610533534918"
          }
        ],
        "created": "2026-05-29",
        "updated": "2026-06-22",
        "hours": {
          "raw": "Mo-Sa 08:00-18:00; Su 11:00-17:00"
        },
        "payment": {
          "cash": "yes",
          "cards": "unknown",
          "contactless": "unknown",
          "girocard": "yes"
        },
        "tags": [
          "barrierefrei"
        ],
        "sources_by_field": {
          "name": "osm",
          "hours": "osm",
          "payment.cash": "osm",
          "payment.cards": "osm",
          "payment.contactless": "osm",
          "payment.girocard": "osm"
        }
      }
    },
    {
      "type": "Feature",
      "geometry": {
        "type": "Point",
        "coordinates": [
          9.8373183,
          54.469733
        ]
      },
      "properties": {
        "id": "tk_shr_osm_n522882567",
        "name": "Tabak Witt",
        "address": {},
        "sources": [
          {
            "type": "osm",
            "id": "node/522882567",
            "version": 0
          },
          {
            "type": "apple",
            "id": "5986826094321954194"
          }
        ],
        "created": "2026-05-29",
        "updated": "2026-06-22",
        "sources_by_field": {
          "name": "osm",
          "hours": "apple",
          "payment.cards": "apple",
          "payment.contactless": "apple"
        },
        "apple_attempted": "2026-05-29",
        "hours": {
          "raw": "Mo-Fr 08:00-18:00; Sa 08:00-14:00"
        },
        "payment": {
          "cards": "yes",
          "contactless": "yes"
        }
      }
    },
    {
      "type": "Feature",
      "geometry": {
        "type": "Point",
        "coordinates": [
          9.8881667,
          53.8678818
        ]
      },
      "properties": {
        "id": "tk_shr_osm_n5234082376",
        "name": "Kiosk Lentföhrden",
        "address": {},
        "sources": [
          {
            "type": "osm",
            "id": "node/5234082376",
            "version": 0
          },
          {
            "type": "gmaps",
            "id": "ChIJY7HZAwAzskcReI4sU7xTRvA"
          }
        ],
        "created": "2026-05-29",
        "updated": "2026-06-22",
        "sources_by_field": {
          "name": "osm",
          "hours": "google",
          "payment.cards": "google",
          "payment.girocard": "google"
        },
        "apple_id_attempted": "2026-05-29",
        "google_attempted": "2026-05-29",
        "hours": {
          "raw": "Tu 10:00-18:00; Th 10:00-18:00; Fr 10:00-18:00; We 10:00-18:00; Mo 10:00-18:00; Sa 10:00-13:00"
        },
        "payment": {
          "cards": "no",
          "girocard": "yes"
        }
      }
    },
    {
      "type": "Feature",
      "geometry": {
        "type": "Point",
        "coordinates": [
          9.4350639,
          54.782488
        ]
      },
      "properties": {
        "id": "tk_shr_osm_n5303112890",
        "name": "Sahin BG Kiosk",
        "address": {},
        "sources": [
          {
            "type": "osm",
            "id": "node/5303112890",
            "version": 0
          },
          {
            "type": "apple",
            "id": "14321796085162755319"
          }
        ],
        "created": "2026-05-29",
        "updated": "2026-06-22",
        "sources_by_field": {
          "name": "osm",
          "hours": "apple",
          "payment.cards": "apple",
          "payment.contactless": "apple"
        },
        "apple_attempted": "2026-05-29",
        "hours": {
          "raw": "Mo-Su 09:00-22:00"
        },
        "payment": {
          "cards": "yes",
          "contactless": "yes"
        }
      }
    },
    {
      "type": "Feature",
      "geometry": {
        "type": "Point",
        "coordinates": [
          10.6916167,
          53.6345519
        ]
      },
      "properties": {
        "id": "tk_shr_osm_n5443473421",
        "name": "Getränke Stapelfeldt",
        "address": {
          "street": "Ratzeburger Straße",
          "number": "31",
          "postalcode": "23879"
        },
        "sources": [
          {
            "type": "osm",
            "id": "node/5443473421",
            "version": 0
          },
          {
            "type": "apple",
            "id": "15927214815796781680"
          }
        ],
        "created": "2026-05-29",
        "updated": "2026-06-22",
        "hours": {
          "raw": "Mo-Fr 09:00-18:00; Sa 09:00-13:00"
        },
        "sources_by_field": {
          "name": "osm",
          "address.street": "osm",
          "address.number": "osm",
          "address.postalcode": "osm",
          "hours": "apple",
          "payment.cards": "apple",
          "payment.contactless": "apple"
        },
        "apple_attempted": "2026-05-29",
        "payment": {
          "cards": "yes",
          "contactless": "yes"
        }
      }
    },
    {
      "type": "Feature",
      "geometry": {
        "type": "Point",
        "coordinates": [
          9.4448136,
          54.7882584
        ]
      },
      "properties": {
        "id": "tk_shr_osm_n5726240188",
        "name": "Ecky Snacky",
        "address": {},
        "sources": [
          {
            "type": "osm",
            "id": "node/5726240188",
            "version": 0
          },
          {
            "type": "apple",
            "id": "3490940418094135169"
          }
        ],
        "created": "2026-05-29",
        "updated": "2026-06-22",
        "hours": {
          "raw": "Mo-Su 00:00-24:00"
        },
        "sources_by_field": {
          "name": "osm",
          "hours": "apple",
          "payment.cards": "apple",
          "payment.contactless": "apple"
        },
        "apple_attempted": "2026-05-29",
        "payment": {
          "cards": "yes",
          "contactless": "yes"
        }
      }
    },
    {
      "type": "Feature",
      "geometry": {
        "type": "Point",
        "coordinates": [
          8.4321879,
          55.0159945
        ]
      },
      "properties": {
        "id": "tk_shr_osm_n5863373985",
        "name": "Watt Sylter Bierbrauerei",
        "address": {},
        "sources": [
          {
            "type": "osm",
            "id": "node/5863373985",
            "version": 0
          },
          {
            "type": "apple",
            "id": "160514137264163323"
          }
        ],
        "created": "2026-05-29",
        "updated": "2026-06-22",
        "sources_by_field": {
          "name": "osm"
        },
        "apple_attempted": "2026-05-29",
        "google_attempted": "2026-05-29",
        "payment": {}
      }
    },
    {
      "type": "Feature",
      "geometry": {
        "type": "Point",
        "coordinates": [
          9.6729944,
          53.7520279
        ]
      },
      "properties": {
        "id": "tk_shr_osm_n5869395085",
        "name": "Simian Ales",
        "address": {},
        "sources": [
          {
            "type": "osm",
            "id": "node/5869395085",
            "version": 0
          },
          {
            "type": "apple",
            "id": "13924617408739762792"
          }
        ],
        "created": "2026-05-29",
        "updated": "2026-06-22",
        "hours": {
          "raw": "Fr 17:00-21:00"
        },
        "sources_by_field": {
          "name": "osm",
          "hours": "osm"
        },
        "apple_attempted": "2026-05-29",
        "google_attempted": "2026-05-29",
        "payment": {}
      }
    },
    {
      "type": "Feature",
      "geometry": {
        "type": "Point",
        "coordinates": [
          10.2450179,
          53.6851377
        ]
      },
      "properties": {
        "id": "tk_shr_osm_n6171627682",
        "name": "Langeneßweg Supermarkt und Backshop",
        "address": {},
        "sources": [
          {
            "type": "osm",
            "id": "node/6171627682",
            "version": 0
          },
          {
            "type": "apple",
            "id": "4403301995750917468"
          },
          {
            "type": "gmaps",
            "id": "ChIJAQbwznsfskcRk5Lk14JcMUs"
          }
        ],
        "created": "2026-05-29",
        "updated": "2026-06-22",
        "sources_by_field": {
          "name": "osm",
          "hours": "google"
        },
        "apple_attempted": "2026-05-29",
        "google_attempted": "2026-05-29",
        "hours": {
          "raw": "Tu 07:30-12:00,15:00-18:00; Th 07:30-12:00,15:00-18:00; Fr 07:30-12:00,15:00-18:00; We 07:30-12:00,15:00-18:00; Mo 07:30-12:00,15:00-18:00; Sa 07:30-12:30; Su 08:00-15:00"
        },
        "payment": {}
      }
    },
    {
      "type": "Feature",
      "geometry": {
        "type": "Point",
        "coordinates": [
          8.3099714,
          54.9079594
        ]
      },
      "properties": {
        "id": "tk_shr_osm_n6174563155",
        "name": "Kiosk Westerland",
        "address": {
          "street": "Kirchenweg",
          "number": "7",
          "postalcode": "25980",
          "city": "Sylt",
          "district": "Westerland"
        },
        "sources": [
          {
            "type": "osm",
            "id": "node/6174563155",
            "version": 0
          },
          {
            "type": "gmaps",
            "id": "ChIJQxfW343etEcRmzMzBUTjQhk"
          }
        ],
        "created": "2026-05-29",
        "updated": "2026-06-22",
        "tags": [
          "barrierefrei"
        ],
        "sources_by_field": {
          "name": "osm",
          "address.street": "osm",
          "address.number": "osm",
          "address.postalcode": "osm",
          "address.city": "osm",
          "address.district": "osm",
          "hours": "google",
          "payment.cards": "google",
          "payment.contactless": "google",
          "payment.girocard": "google"
        },
        "apple_id_attempted": "2026-05-29",
        "google_attempted": "2026-05-29",
        "hours": {
          "raw": "Tu 07:00-19:30; Th 07:00-19:30; Fr 07:00-19:30; We 07:00-19:30; Mo 07:00-19:30; Sa 07:00-19:30; Su 07:00-19:30"
        },
        "payment": {
          "cards": "yes",
          "contactless": "yes",
          "girocard": "yes"
        }
      }
    },
    {
      "type": "Feature",
      "geometry": {
        "type": "Point",
        "coordinates": [
          9.4313796,
          54.7902332
        ]
      },
      "properties": {
        "id": "tk_shr_osm_n6371780929",
        "name": "Kiosk Almaz",
        "address": {
          "street": "Norderstraße",
          "number": "11"
        },
        "sources": [
          {
            "type": "osm",
            "id": "node/6371780929",
            "version": 0
          },
          {
            "type": "gmaps",
            "id": "ChIJ4Uuh6qVDs0cRtaHahst-3ww"
          }
        ],
        "created": "2026-05-29",
        "updated": "2026-06-22",
        "payment": {
          "cash": "yes",
          "cards": "no",
          "contactless": "yes",
          "girocard": "yes"
        },
        "sources_by_field": {
          "name": "osm",
          "address.street": "osm",
          "address.number": "osm",
          "payment.cash": "osm",
          "payment.cards": "google",
          "payment.contactless": "google",
          "payment.girocard": "google",
          "hours": "google"
        },
        "apple_id_attempted": "2026-05-29",
        "google_attempted": "2026-05-29",
        "hours": {
          "raw": "Tu 06:00-00:00; Th 06:00-00:00; Fr 06:00-00:00; We 06:00-00:00; Mo 06:00-00:00; Sa 10:00-04:00; Su 10:00-01:00"
        }
      }
    },
    {
      "type": "Feature",
      "geometry": {
        "type": "Point",
        "coordinates": [
          9.9738921,
          54.0662689
        ]
      },
      "properties": {
        "id": "tk_shr_osm_n6498716186",
        "name": "Wittorfer Brauerei",
        "address": {
          "street": "Wrangelstraße",
          "number": "12",
          "postalcode": "24539",
          "city": "Neumünster"
        },
        "sources": [
          {
            "type": "osm",
            "id": "node/6498716186",
            "version": 0
          },
          {
            "type": "apple",
            "id": "15421800575952849200"
          }
        ],
        "created": "2026-05-29",
        "updated": "2026-06-22",
        "hours": {
          "raw": "Th 17:00-23:00; Fr-Sa 13:00-24:00; Su 13:00-19:00"
        },
        "sources_by_field": {
          "name": "osm",
          "address.street": "osm",
          "address.number": "osm",
          "address.postalcode": "osm",
          "address.city": "osm",
          "hours": "apple",
          "payment.cards": "apple",
          "payment.contactless": "apple"
        },
        "apple_attempted": "2026-05-29",
        "payment": {
          "cards": "yes",
          "contactless": "yes"
        }
      }
    },
    {
      "type": "Feature",
      "geometry": {
        "type": "Point",
        "coordinates": [
          9.6200566,
          53.9646043
        ]
      },
      "properties": {
        "id": "tk_shr_osm_n6540215582",
        "name": "Lemsky - Schreib & Spiel",
        "address": {
          "street": "Breite Straße",
          "number": "4",
          "postalcode": "25551",
          "city": "Hohenlockstedt"
        },
        "sources": [
          {
            "type": "osm",
            "id": "node/6540215582",
            "version": 0
          },
          {
            "type": "apple",
            "id": "12819973834118401798"
          }
        ],
        "created": "2026-05-29",
        "updated": "2026-06-22",
        "sources_by_field": {
          "name": "osm",
          "address.street": "osm",
          "address.number": "osm",
          "address.postalcode": "osm",
          "address.city": "osm",
          "hours": "apple",
          "payment.cards": "apple",
          "payment.contactless": "apple"
        },
        "apple_attempted": "2026-05-29",
        "hours": {
          "raw": "Mo-Fr 08:00-12:00,14:00-18:00; Sa 08:00-12:00"
        },
        "payment": {
          "cards": "yes",
          "contactless": "yes"
        }
      }
    },
    {
      "type": "Feature",
      "geometry": {
        "type": "Point",
        "coordinates": [
          9.9962942,
          54.0739529
        ]
      },
      "properties": {
        "id": "tk_shr_osm_n677171103",
        "name": "nordoel",
        "address": {
          "street": "Brachenfelder Straße",
          "number": "72",
          "postalcode": "24534",
          "city": "Neumünster",
          "district": "Brachenfeld"
        },
        "sources": [
          {
            "type": "osm",
            "id": "node/677171103",
            "version": 0
          },
          {
            "type": "gmaps",
            "id": "ChIJ_zCVsdpLskcRHvo5y-yIz2c"
          }
        ],
        "created": "2026-05-29",
        "updated": "2026-06-22",
        "sources_by_field": {
          "name": "osm",
          "address.street": "osm",
          "address.number": "osm",
          "address.postalcode": "osm",
          "address.city": "osm",
          "address.district": "osm",
          "hours": "google",
          "payment.cards": "google",
          "payment.contactless": "google",
          "payment.girocard": "google"
        },
        "apple_id_attempted": "2026-05-29",
        "google_attempted": "2026-05-29",
        "hours": {
          "raw": "Tu 05:00-22:00; Th 05:00-22:00; Fr 05:00-22:00; We 05:00-22:00; Mo 05:00-22:00; Sa 07:00-22:00; Su 07:00-22:00"
        },
        "payment": {
          "cards": "no",
          "contactless": "yes",
          "girocard": "yes"
        }
      }
    },
    {
      "type": "Feature",
      "geometry": {
        "type": "Point",
        "coordinates": [
          9.0505108,
          54.4757623
        ]
      },
      "properties": {
        "id": "tk_shr_osm_n6787539650",
        "name": "Späti – Meine Perle-Kiosk",
        "address": {
          "street": "Schiffbrücke",
          "number": "23",
          "postalcode": "25813",
          "city": "Husum"
        },
        "sources": [
          {
            "type": "osm",
            "id": "node/6787539650",
            "version": 0
          },
          {
            "type": "gmaps",
            "id": "ChIJlZT-6np_s0cRImzk1kPLVXM"
          }
        ],
        "created": "2026-05-29",
        "updated": "2026-06-22",
        "hours": {
          "raw": "Tu 12:00-00:00; Th 12:00-00:00; Fr 12:00-00:00; We 12:00-00:00; Mo 12:00-00:00; Sa 12:00-00:00; Su 12:00-17:00"
        },
        "sources_by_field": {
          "name": "osm",
          "address.street": "osm",
          "address.number": "osm",
          "address.postalcode": "osm",
          "address.city": "osm",
          "hours": "google",
          "payment.cards": "google",
          "payment.contactless": "google",
          "payment.girocard": "google"
        },
        "apple_id_attempted": "2026-05-29",
        "google_attempted": "2026-05-29",
        "payment": {
          "cards": "yes",
          "contactless": "yes",
          "girocard": "yes"
        }
      }
    },
    {
      "type": "Feature",
      "geometry": {
        "type": "Point",
        "coordinates": [
          8.9588453,
          54.3097717
        ]
      },
      "properties": {
        "id": "tk_shr_osm_n6866683627",
        "name": "Eiderblick Bistro",
        "address": {},
        "sources": [
          {
            "type": "osm",
            "id": "node/6866683627",
            "version": 0
          },
          {
            "type": "gmaps",
            "id": "ChIJkRuE6veHs0cRe5UZMVCy99c"
          }
        ],
        "created": "2026-05-29",
        "updated": "2026-06-22",
        "hours": {
          "raw": "Mo-Su 07:00-16:00"
        },
        "sources_by_field": {
          "name": "osm",
          "hours": "osm"
        },
        "apple_id_attempted": "2026-05-29",
        "google_attempted": "2026-05-29",
        "payment": {}
      }
    },
    {
      "type": "Feature",
      "geometry": {
        "type": "Point",
        "coordinates": [
          9.964267,
          53.8379066
        ]
      },
      "properties": {
        "id": "tk_shr_osm_n7076390825",
        "name": "Quix",
        "address": {
          "street": "Schützenstraße",
          "number": "5",
          "postalcode": "24568",
          "city": "Kaltenkirchen"
        },
        "sources": [
          {
            "type": "osm",
            "id": "node/7076390825",
            "version": 0
          },
          {
            "type": "gmaps",
            "id": "ChIJYa23wSMuskcRIJVsKx7u2t4"
          }
        ],
        "created": "2026-05-29",
        "updated": "2026-06-22",
        "sources_by_field": {
          "name": "osm",
          "address.street": "osm",
          "address.number": "osm",
          "address.postalcode": "osm",
          "address.city": "osm",
          "hours": "google",
          "payment.cards": "google",
          "payment.contactless": "google",
          "payment.girocard": "google"
        },
        "apple_id_attempted": "2026-05-29",
        "google_attempted": "2026-05-29",
        "hours": {
          "raw": "Tu 12:00-21:00; Th 12:00-21:00; Fr 12:00-22:00; Mo 12:00-21:00; Sa 15:00-22:00; Su 10:00-22:00"
        },
        "payment": {
          "cards": "no",
          "contactless": "yes",
          "girocard": "yes"
        }
      }
    },
    {
      "type": "Feature",
      "geometry": {
        "type": "Point",
        "coordinates": [
          10.2738433,
          54.2432657
        ]
      },
      "properties": {
        "id": "tk_shr_osm_n722140189",
        "name": "Koppel-Shop",
        "address": {
          "street": "Brandenburger Platz",
          "number": "20",
          "postalcode": "24211",
          "city": "Preetz"
        },
        "sources": [
          {
            "type": "osm",
            "id": "node/722140189",
            "version": 0
          },
          {
            "type": "gmaps",
            "id": "ChIJMfwxSc9bskcRpu7tfmPKksw"
          }
        ],
        "created": "2026-05-29",
        "updated": "2026-06-22",
        "sources_by_field": {
          "name": "osm",
          "address.street": "osm",
          "address.number": "osm",
          "address.postalcode": "osm",
          "address.city": "osm",
          "hours": "google"
        },
        "apple_id_attempted": "2026-05-29",
        "google_attempted": "2026-05-29",
        "hours": {
          "raw": "Tu 07:00-20:00; Th 07:00-20:00; Fr 07:00-20:00; We 07:00-20:00; Mo 07:00-20:00; Sa 07:00-20:00; Su 07:00-20:00"
        },
        "payment": {}
      }
    },
    {
      "type": "Feature",
      "geometry": {
        "type": "Point",
        "coordinates": [
          10.2525142,
          53.5083689
        ]
      },
      "properties": {
        "id": "tk_shr_osm_n7609697860",
        "name": "Reinbeker Backshop-Cafe-Kiosk",
        "address": {},
        "sources": [
          {
            "type": "osm",
            "id": "node/7609697860",
            "version": 0
          },
          {
            "type": "gmaps",
            "id": "ChIJny8TLevzsUcRm_EsPqXygGM"
          }
        ],
        "created": "2026-05-29",
        "updated": "2026-06-22",
        "sources_by_field": {
          "name": "osm",
          "hours": "google",
          "payment.cards": "google",
          "payment.contactless": "google",
          "payment.girocard": "google"
        },
        "apple_id_attempted": "2026-05-29",
        "google_attempted": "2026-05-29",
        "hours": {
          "raw": "Tu 05:00-20:00; Th 05:00-20:00; Fr 05:00-20:00; We 05:00-20:00; Mo 05:00-20:00; Sa 08:00-18:00; Su 08:00-18:00"
        },
        "payment": {
          "cards": "no",
          "contactless": "yes",
          "girocard": "yes"
        }
      }
    },
    {
      "type": "Feature",
      "geometry": {
        "type": "Point",
        "coordinates": [
          9.4404611,
          54.7679565
        ]
      },
      "properties": {
        "id": "tk_shr_osm_n7678104052",
        "name": "Bier-Brummer",
        "address": {
          "street": "Gutenbergstraße",
          "number": "4",
          "postalcode": "24941",
          "city": "Flensburg"
        },
        "sources": [
          {
            "type": "osm",
            "id": "node/7678104052",
            "version": 0
          },
          {
            "type": "apple",
            "id": "11673016704862928230"
          },
          {
            "type": "gmaps",
            "id": "ChIJKdqfqCdos0cRGWaUKeJm5Ew"
          }
        ],
        "created": "2026-05-29",
        "updated": "2026-06-22",
        "hours": {
          "raw": "Tu 09:00-13:00; Th 09:00-13:00; Fr 09:00-13:00; We 09:00-13:00; Mo 09:00-13:00"
        },
        "sources_by_field": {
          "name": "osm",
          "address.street": "osm",
          "address.number": "osm",
          "address.postalcode": "osm",
          "address.city": "osm",
          "hours": "google"
        },
        "apple_attempted": "2026-05-29",
        "google_attempted": "2026-05-29",
        "payment": {}
      }
    },
    {
      "type": "Feature",
      "geometry": {
        "type": "Point",
        "coordinates": [
          9.8565273,
          54.256817
        ]
      },
      "properties": {
        "id": "tk_shr_osm_n775536079",
        "name": "Kiosk am Dörpsee Emkendorf",
        "address": {
          "city": "Emkendorf"
        },
        "sources": [
          {
            "type": "osm",
            "id": "node/775536079",
            "version": 0
          },
          {
            "type": "gmaps",
            "id": "ChIJz__8tjass0cREkphovxUKT0"
          }
        ],
        "created": "2026-05-29",
        "updated": "2026-06-22",
        "hours": {
          "raw": "Mo-Su 14:00+"
        },
        "sources_by_field": {
          "name": "osm",
          "address.city": "osm",
          "hours": "osm"
        },
        "apple_id_attempted": "2026-05-29",
        "google_attempted": "2026-05-29",
        "payment": {}
      }
    },
    {
      "type": "Feature",
      "geometry": {
        "type": "Point",
        "coordinates": [
          10.8526917,
          53.9397514
        ]
      },
      "properties": {
        "id": "tk_shr_osm_n783542102",
        "name": "Sari Berner",
        "address": {},
        "sources": [
          {
            "type": "osm",
            "id": "node/783542102",
            "version": 0
          },
          {
            "type": "gmaps",
            "id": "ChIJYaJfcEr1rUcRvPIIkT_FiqQ"
          }
        ],
        "created": "2026-05-29",
        "updated": "2026-06-22",
        "hours": {
          "raw": "Tu 08:00-23:00; Th 08:00-23:00; Fr 08:00-23:00; We 08:00-23:00; Mo 08:00-23:00; Sa 08:00-23:00; Su 08:00-23:00"
        },
        "tags": [
          "barrierefrei"
        ],
        "sources_by_field": {
          "name": "osm",
          "hours": "google",
          "payment.cards": "google",
          "payment.contactless": "google",
          "payment.girocard": "google"
        },
        "apple_id_attempted": "2026-05-29",
        "google_attempted": "2026-05-29",
        "payment": {
          "cards": "no",
          "contactless": "yes",
          "girocard": "yes"
        }
      }
    },
    {
      "type": "Feature",
      "geometry": {
        "type": "Point",
        "coordinates": [
          10.8310314,
          53.9908044
        ]
      },
      "properties": {
        "id": "tk_shr_osm_n7902832182",
        "name": "Edeka Jens",
        "address": {},
        "sources": [
          {
            "type": "osm",
            "id": "node/7902832182",
            "version": 0
          },
          {
            "type": "gmaps",
            "id": "ChIJ_SYfXYJ1skcRpSOaoWZ55pM"
          }
        ],
        "created": "2026-05-29",
        "updated": "2026-06-15",
        "sources_by_field": {
          "name": "osm",
          "hours": "google",
          "payment.cards": "google",
          "payment.contactless": "google",
          "payment.girocard": "google"
        },
        "apple_id_attempted": "2026-05-29",
        "google_attempted": "2026-05-29",
        "hours": {
          "raw": "Tu 07:00-21:00; Th 07:00-21:00; Fr 07:00-21:00; We 07:00-21:00; Mo 07:00-21:00; Sa 07:00-21:00; Su 12:00-18:00"
        },
        "payment": {
          "cards": "yes",
          "contactless": "yes",
          "girocard": "yes"
        }
      }
    },
    {
      "type": "Feature",
      "geometry": {
        "type": "Point",
        "coordinates": [
          9.4319339,
          54.7619233
        ]
      },
      "properties": {
        "id": "tk_shr_osm_n793152033",
        "name": "Teckenburg Tabak/Lotto",
        "address": {},
        "sources": [
          {
            "type": "osm",
            "id": "node/793152033",
            "version": 0
          },
          {
            "type": "gmaps",
            "id": "ChIJOQaZmCRos0cRxARCxDAz6ks"
          }
        ],
        "created": "2026-05-29",
        "updated": "2026-06-22",
        "hours": {
          "raw": "Tu 08:00-20:00; Th 08:00-20:00; Fr 08:00-20:00; We 08:00-20:00; Mo 08:00-20:00; Sa 08:00-20:00"
        },
        "tags": [
          "barrierefrei"
        ],
        "sources_by_field": {
          "name": "osm",
          "hours": "google",
          "payment.cards": "google",
          "payment.contactless": "google",
          "payment.girocard": "google"
        },
        "apple_id_attempted": "2026-05-29",
        "google_attempted": "2026-05-29",
        "payment": {
          "cards": "no",
          "contactless": "yes",
          "girocard": "yes"
        }
      }
    },
    {
      "type": "Feature",
      "geometry": {
        "type": "Point",
        "coordinates": [
          10.4954884,
          53.8245546
        ]
      },
      "properties": {
        "id": "tk_shr_osm_n8101161130",
        "name": "Getränkepartner",
        "address": {
          "street": "Hamburger Chaussee",
          "number": "11",
          "postalcode": "23858",
          "city": "Reinfeld"
        },
        "sources": [
          {
            "type": "osm",
            "id": "node/8101161130",
            "version": 0
          },
          {
            "type": "gmaps",
            "id": "ChIJWZIoAEEQskcR7TJ_FsiCNEg"
          }
        ],
        "created": "2026-05-29",
        "updated": "2026-06-22",
        "tags": [
          "barrierefrei"
        ],
        "sources_by_field": {
          "name": "osm",
          "address.street": "osm",
          "address.number": "osm",
          "address.postalcode": "osm",
          "address.city": "osm",
          "hours": "google",
          "payment.cards": "google",
          "payment.contactless": "google",
          "payment.girocard": "google"
        },
        "apple_id_attempted": "2026-05-29",
        "google_attempted": "2026-05-29",
        "hours": {
          "raw": "Tu 08:00-19:00; Th 08:00-19:00; Fr 08:00-19:00; We 08:00-19:00; Mo 08:00-19:00; Sa 08:00-19:00"
        },
        "payment": {
          "cards": "no",
          "contactless": "yes",
          "girocard": "yes"
        }
      }
    },
    {
      "type": "Feature",
      "geometry": {
        "type": "Point",
        "coordinates": [
          9.907625,
          54.7693083
        ]
      },
      "properties": {
        "id": "tk_shr_osm_n823590948",
        "name": "Birklein",
        "address": {
          "street": "Beveroe",
          "number": "1a",
          "postalcode": "24395",
          "city": "Gelting"
        },
        "sources": [
          {
            "type": "osm",
            "id": "node/823590948",
            "version": 0
          },
          {
            "type": "apple",
            "id": "10849350994998194537"
          }
        ],
        "created": "2026-05-29",
        "updated": "2026-06-22",
        "hours": {
          "raw": "Mo-Tu,Th-Su 11:00-18:00"
        },
        "tags": [
          "barrierefrei"
        ],
        "sources_by_field": {
          "name": "osm",
          "address.street": "osm",
          "address.number": "osm",
          "address.postalcode": "osm",
          "address.city": "osm",
          "hours": "apple",
          "payment.cards": "apple",
          "payment.contactless": "apple"
        },
        "apple_attempted": "2026-05-29",
        "payment": {
          "cards": "yes",
          "contactless": "yes"
        }
      }
    },
    {
      "type": "Feature",
      "geometry": {
        "type": "Point",
        "coordinates": [
          8.5107201,
          54.7073409
        ]
      },
      "properties": {
        "id": "tk_shr_osm_n825291355",
        "name": "Getränkeservice Alkersum",
        "address": {
          "street": "Nieblumweg",
          "number": "7",
          "postalcode": "25938",
          "city": "Alkersum"
        },
        "sources": [
          {
            "type": "osm",
            "id": "node/825291355",
            "version": 0
          },
          {
            "type": "gmaps",
            "id": "ChIJiTB3iIDutEcRqnIKBAzJDHE"
          }
        ],
        "created": "2026-05-29",
        "updated": "2026-06-22",
        "hours": {
          "raw": "Tu 08:00-12:00,14:00-16:00; Th 08:00-12:00,14:00-16:00; Fr 08:00-12:00,14:00-16:00; We 08:00-12:00; Mo 08:00-12:00,14:00-16:00"
        },
        "sources_by_field": {
          "name": "osm",
          "address.street": "osm",
          "address.number": "osm",
          "address.postalcode": "osm",
          "address.city": "osm",
          "hours": "google",
          "payment.cards": "google",
          "payment.contactless": "google",
          "payment.girocard": "google"
        },
        "apple_id_attempted": "2026-05-29",
        "google_attempted": "2026-05-29",
        "payment": {
          "cards": "yes",
          "contactless": "yes",
          "girocard": "yes"
        }
      }
    },
    {
      "type": "Feature",
      "geometry": {
        "type": "Point",
        "coordinates": [
          9.6626451,
          54.3106755
        ]
      },
      "properties": {
        "id": "tk_shr_osm_n835631848",
        "name": "Tabak Lotto Mensing",
        "address": {
          "street": "Am Ahlmannkai",
          "number": "2",
          "postalcode": "24782",
          "city": "Büdelsdorf"
        },
        "sources": [
          {
            "type": "osm",
            "id": "node/835631848",
            "version": 0
          },
          {
            "type": "apple",
            "id": "18280214914150919406"
          },
          {
            "type": "gmaps",
            "id": "ChIJfRkL24Gms0cRpbMYpiCXREw"
          }
        ],
        "created": "2026-05-29",
        "updated": "2026-06-22",
        "hours": {
          "raw": "Tu 08:00-20:00; Th 08:00-20:00; Fr 08:00-20:00; We 08:00-20:00; Mo 08:00-20:00; Sa 08:00-20:00"
        },
        "tags": [
          "barrierefrei"
        ],
        "sources_by_field": {
          "name": "osm",
          "address.street": "osm",
          "address.number": "osm",
          "address.postalcode": "osm",
          "address.city": "osm",
          "hours": "google",
          "payment.cards": "google",
          "payment.contactless": "google",
          "payment.girocard": "google"
        },
        "apple_attempted": "2026-05-29",
        "google_attempted": "2026-05-29",
        "payment": {
          "cards": "yes",
          "contactless": "yes",
          "girocard": "yes"
        }
      }
    },
    {
      "type": "Feature",
      "geometry": {
        "type": "Point",
        "coordinates": [
          9.9019029,
          53.7321524
        ]
      },
      "properties": {
        "id": "tk_shr_osm_n8593530412",
        "name": "Big Amir's Bistro",
        "address": {},
        "sources": [
          {
            "type": "osm",
            "id": "node/8593530412",
            "version": 0
          },
          {
            "type": "apple",
            "id": "2548895833568682675"
          },
          {
            "type": "gmaps",
            "id": "ChIJB8OyK8spskcRFJ9kak3gCmE"
          }
        ],
        "created": "2026-05-29",
        "updated": "2026-06-22",
        "tags": [
          "draussen"
        ],
        "sources_by_field": {
          "name": "osm",
          "hours": "google",
          "payment.cards": "google",
          "payment.contactless": "google",
          "payment.girocard": "google"
        },
        "apple_attempted": "2026-05-29",
        "google_attempted": "2026-05-29",
        "hours": {
          "raw": "Tu 09:00-20:30; Th 09:00-20:30; Fr 09:00-20:30; We 09:00-20:30; Mo 09:00-20:30; Sa 09:00-18:30; Su 09:00-18:30"
        },
        "payment": {
          "cards": "yes",
          "contactless": "yes",
          "girocard": "yes"
        }
      }
    },
    {
      "type": "Feature",
      "geometry": {
        "type": "Point",
        "coordinates": [
          9.8966993,
          53.7299737
        ]
      },
      "properties": {
        "id": "tk_shr_osm_n8826261823",
        "name": "Qb Area 51",
        "address": {
          "street": "Kieler Straße",
          "number": "77",
          "postalcode": "25451",
          "city": "Quickborn"
        },
        "sources": [
          {
            "type": "osm",
            "id": "node/8826261823",
            "version": 0
          },
          {
            "type": "gmaps",
            "id": "ChIJu9OKovQpskcRWcvJhnv2fu4"
          }
        ],
        "created": "2026-05-29",
        "updated": "2026-06-22",
        "sources_by_field": {
          "name": "osm",
          "address.street": "osm",
          "address.number": "osm",
          "address.postalcode": "osm",
          "address.city": "osm",
          "payment.cards": "google",
          "payment.contactless": "google",
          "payment.girocard": "google"
        },
        "apple_id_attempted": "2026-05-29",
        "google_attempted": "2026-05-29",
        "payment": {
          "cards": "no",
          "contactless": "yes",
          "girocard": "yes"
        }
      }
    },
    {
      "type": "Feature",
      "geometry": {
        "type": "Point",
        "coordinates": [
          9.9816719,
          54.5124359
        ]
      },
      "properties": {
        "id": "tk_shr_osm_n9038775379",
        "name": "Proviantamt",
        "address": {},
        "sources": [
          {
            "type": "osm",
            "id": "node/9038775379",
            "version": 0
          },
          {
            "type": "gmaps",
            "id": "ChIJXw8NJfMDs0cRfdRyO2L8QlA"
          }
        ],
        "created": "2026-05-29",
        "updated": "2026-06-22",
        "sources_by_field": {
          "name": "osm",
          "hours": "google"
        },
        "apple_id_attempted": "2026-05-29",
        "google_attempted": "2026-05-29",
        "hours": {
          "raw": "Tu 08:00-12:00,15:00-18:00; Th 08:00-12:00,15:00-18:00; Fr 08:00-12:00,15:00-18:00; We 08:00-12:00,15:00-18:00; Mo 08:00-12:00,15:00-18:00; Sa 08:00-12:00,15:00-18:00; Su 08:00-12:00,15:00-18:00"
        },
        "payment": {}
      }
    },
    {
      "type": "Feature",
      "geometry": {
        "type": "Point",
        "coordinates": [
          9.1364686,
          53.946599
        ]
      },
      "properties": {
        "id": "tk_shr_osm_n905688457",
        "name": "Nordoel",
        "address": {},
        "sources": [
          {
            "type": "osm",
            "id": "node/905688457",
            "version": 0
          },
          {
            "type": "gmaps",
            "id": "ChIJx--aOs_vs0cR1QfZ3igxv30"
          }
        ],
        "created": "2026-05-29",
        "updated": "2026-06-22",
        "hours": {
          "raw": "Tu 06:00-21:00; Th 06:00-21:00; Fr 06:00-21:00; We 06:00-21:00; Mo 06:00-21:00; Sa 07:00-21:00; Su 08:00-21:00"
        },
        "sources_by_field": {
          "name": "osm",
          "hours": "google",
          "payment.cards": "google",
          "payment.contactless": "google",
          "payment.girocard": "google"
        },
        "apple_id_attempted": "2026-05-29",
        "google_attempted": "2026-05-29",
        "payment": {
          "cards": "no",
          "contactless": "yes",
          "girocard": "yes"
        }
      }
    },
    {
      "type": "Feature",
      "geometry": {
        "type": "Point",
        "coordinates": [
          9.9762685,
          53.7833441
        ]
      },
      "properties": {
        "id": "tk_shr_osm_n915450957",
        "name": "Getränkehandel Rudolf Lembcke",
        "address": {
          "street": "Hamburger Straße",
          "number": "149",
          "postalcode": "24558",
          "city": "Henstedt-Ulzburg"
        },
        "sources": [
          {
            "type": "osm",
            "id": "node/915450957",
            "version": 0
          },
          {
            "type": "apple",
            "id": "14531134313402278774"
          },
          {
            "type": "gmaps",
            "id": "ChIJA-Yb-9i0Y0ERRykfDJBYPE0"
          }
        ],
        "created": "2026-05-29",
        "updated": "2026-06-22",
        "sources_by_field": {
          "name": "osm",
          "address.street": "osm",
          "address.number": "osm",
          "address.postalcode": "osm",
          "address.city": "osm"
        },
        "apple_attempted": "2026-05-29",
        "google_attempted": "2026-05-29",
        "payment": {}
      }
    },
    {
      "type": "Feature",
      "geometry": {
        "type": "Point",
        "coordinates": [
          10.0537674,
          54.3220419
        ]
      },
      "properties": {
        "id": "tk_shr_osm_n9332371851",
        "name": "Mettenhof Markt",
        "address": {},
        "sources": [
          {
            "type": "osm",
            "id": "node/9332371851",
            "version": 0
          },
          {
            "type": "apple",
            "id": "1864514686232335283"
          }
        ],
        "created": "2026-05-29",
        "updated": "2026-06-22",
        "sources_by_field": {
          "name": "osm",
          "hours": "apple",
          "payment.cards": "apple",
          "payment.contactless": "apple"
        },
        "apple_attempted": "2026-05-29",
        "hours": {
          "raw": "Su 12:00-22:30; Mo-Fr 09:00-22:30; Sa 10:00-22:30"
        },
        "payment": {
          "cards": "yes",
          "contactless": "yes"
        }
      }
    },
    {
      "type": "Feature",
      "geometry": {
        "type": "Point",
        "coordinates": [
          9.4375261,
          54.7816506
        ]
      },
      "properties": {
        "id": "tk_shr_osm_n9891284463",
        "name": "Jozy Kiosk",
        "address": {},
        "sources": [
          {
            "type": "osm",
            "id": "node/9891284463",
            "version": 0
          },
          {
            "type": "gmaps",
            "id": "ChIJUYkB991Ds0cRPebUoZIxxqo"
          }
        ],
        "created": "2026-05-29",
        "updated": "2026-06-22",
        "hours": {
          "raw": "Tu 10:00-22:00; Th 10:00-22:00; Fr 10:00-22:00; We 10:00-22:00; Mo 10:00-22:00; Sa 10:00-22:00; Su 00:00-18:00"
        },
        "sources_by_field": {
          "name": "osm",
          "hours": "google"
        },
        "apple_id_attempted": "2026-05-29",
        "google_attempted": "2026-05-29",
        "payment": {}
      }
    },
    {
      "type": "Feature",
      "geometry": {
        "type": "Point",
        "coordinates": [
          9.7961515,
          53.7793868
        ]
      },
      "properties": {
        "id": "tk_shr_osm_n9957806378",
        "name": "Getränke Sass",
        "address": {
          "street": "Ziegeleiweg",
          "number": "2"
        },
        "sources": [
          {
            "type": "osm",
            "id": "node/9957806378",
            "version": 0
          },
          {
            "type": "apple",
            "id": "4991611310420727155"
          }
        ],
        "created": "2026-05-29",
        "updated": "2026-06-22",
        "hours": {
          "raw": "Mo-Fr 09:00-18:00; Sa 08:00-12:30"
        },
        "sources_by_field": {
          "name": "osm",
          "address.street": "osm",
          "address.number": "osm",
          "hours": "apple",
          "payment.cards": "apple",
          "payment.contactless": "apple"
        },
        "apple_attempted": "2026-05-29",
        "payment": {
          "cards": "yes",
          "contactless": "yes"
        }
      }
    },
    {
      "type": "Feature",
      "geometry": {
        "type": "Point",
        "coordinates": [
          10.346042,
          53.431941
        ]
      },
      "properties": {
        "id": "tk_shr_osm_w111316784",
        "name": "Getränkewelt | DIE GETRÄNKEKÖNNER",
        "address": {
          "street": "Am Schleusenkanal",
          "number": "14"
        },
        "sources": [
          {
            "type": "osm",
            "id": "way/111316784",
            "version": 0
          },
          {
            "type": "gmaps",
            "id": "ChIJE-jum7_vsUcRFfx8pi6o5Xw"
          }
        ],
        "created": "2026-05-29",
        "updated": "2026-06-22",
        "sources_by_field": {
          "name": "osm",
          "address.street": "osm",
          "address.number": "osm",
          "hours": "google",
          "payment.cards": "google",
          "payment.contactless": "google",
          "payment.girocard": "google"
        },
        "apple_id_attempted": "2026-05-29",
        "google_attempted": "2026-05-29",
        "hours": {
          "raw": "Tu 08:00-19:00; Th 08:00-19:00; Fr 08:00-19:00; We 08:00-19:00; Mo 08:00-19:00; Sa 08:00-18:00"
        },
        "payment": {
          "cards": "no",
          "contactless": "yes",
          "girocard": "yes"
        }
      }
    },
    {
      "type": "Feature",
      "geometry": {
        "type": "Point",
        "coordinates": [
          9.8120521,
          54.744154
        ]
      },
      "properties": {
        "id": "tk_shr_osm_w114803870",
        "name": "Christophersens Wein- und Getränkehaus",
        "address": {
          "street": "Hauptstraße",
          "number": "18",
          "postalcode": "24395",
          "city": "Niesgrau"
        },
        "sources": [
          {
            "type": "osm",
            "id": "way/114803870",
            "version": 0
          },
          {
            "type": "apple",
            "id": "16595816971640919794"
          }
        ],
        "created": "2026-05-29",
        "updated": "2026-06-22",
        "hours": {
          "raw": "Mo-Tu,Th-Fr 08:00-18:30; We 08:00-13:00; Sa 08:00-13:30"
        },
        "sources_by_field": {
          "name": "osm",
          "address.street": "osm",
          "address.number": "osm",
          "address.postalcode": "osm",
          "address.city": "osm",
          "hours": "apple",
          "payment.cards": "apple",
          "payment.contactless": "apple"
        },
        "apple_attempted": "2026-05-29",
        "payment": {
          "cards": "yes",
          "contactless": "yes"
        }
      }
    },
    {
      "type": "Feature",
      "geometry": {
        "type": "Point",
        "coordinates": [
          8.4254733,
          55.0151502
        ]
      },
      "properties": {
        "id": "tk_shr_osm_w1149779733",
        "name": "Sylter Suppen",
        "address": {
          "street": "Dünenstraße",
          "number": "1",
          "postalcode": "25992"
        },
        "sources": [
          {
            "type": "osm",
            "id": "way/1149779733",
            "version": 0
          },
          {
            "type": "apple",
            "id": "15913219035812228624"
          }
        ],
        "created": "2026-05-29",
        "updated": "2026-06-22",
        "hours": {
          "raw": "Tu-Th 12:00-15:00"
        },
        "sources_by_field": {
          "name": "osm",
          "address.street": "osm",
          "address.number": "osm",
          "address.postalcode": "osm",
          "hours": "apple",
          "payment.cards": "apple",
          "payment.contactless": "apple"
        },
        "apple_attempted": "2026-05-29",
        "payment": {
          "cards": "yes",
          "contactless": "yes"
        }
      }
    },
    {
      "type": "Feature",
      "geometry": {
        "type": "Point",
        "coordinates": [
          7.8892628,
          54.1817549
        ]
      },
      "properties": {
        "id": "tk_shr_osm_w116947736",
        "name": "Cigar & Whisky World",
        "address": {
          "street": "Lung Wai",
          "number": "46",
          "postalcode": "27498",
          "city": "Helgoland"
        },
        "sources": [
          {
            "type": "osm",
            "id": "way/116947736",
            "version": 0
          },
          {
            "type": "apple",
            "id": "10967301626664666142"
          }
        ],
        "created": "2026-05-29",
        "updated": "2026-06-22",
        "hours": {
          "raw": "Su 10:00-16:00; Mo-Sa 10:00-17:00"
        },
        "sources_by_field": {
          "name": "osm",
          "address.street": "osm",
          "address.number": "osm",
          "address.postalcode": "osm",
          "address.city": "osm",
          "hours": "apple",
          "payment.cards": "apple",
          "payment.contactless": "apple"
        },
        "apple_attempted": "2026-05-29",
        "payment": {
          "cards": "yes",
          "contactless": "yes"
        }
      }
    },
    {
      "type": "Feature",
      "geometry": {
        "type": "Point",
        "coordinates": [
          11.0888883,
          54.3582925
        ]
      },
      "properties": {
        "id": "tk_shr_osm_w1204709342",
        "name": "Strandkorbvermietung und Kiosk Pascal Haß",
        "address": {},
        "sources": [
          {
            "type": "osm",
            "id": "way/1204709342",
            "version": 0
          },
          {
            "type": "gmaps",
            "id": "ChIJO1qw3sZ_rUcRD23cHW-y1K0"
          }
        ],
        "created": "2026-05-29",
        "updated": "2026-06-22",
        "sources_by_field": {
          "name": "osm"
        },
        "apple_id_attempted": "2026-05-29",
        "google_attempted": "2026-05-29",
        "payment": {}
      }
    },
    {
      "type": "Feature",
      "geometry": {
        "type": "Point",
        "coordinates": [
          9.5164424,
          53.9207011
        ]
      },
      "properties": {
        "id": "tk_shr_osm_w127068043",
        "name": "Weinhaus Pfingsten",
        "address": {
          "street": "Salzstraße",
          "number": "2",
          "postalcode": "25524",
          "city": "Itzehoe"
        },
        "sources": [
          {
            "type": "osm",
            "id": "way/127068043",
            "version": 0
          },
          {
            "type": "apple",
            "id": "17029494917975537736"
          }
        ],
        "created": "2026-05-29",
        "updated": "2026-06-22",
        "hours": {
          "raw": "Tu-Fr 09:30-18:00; Sa 10:00-13:30"
        },
        "sources_by_field": {
          "name": "osm",
          "address.street": "osm",
          "address.number": "osm",
          "address.postalcode": "osm",
          "address.city": "osm",
          "hours": "apple",
          "payment.cards": "apple",
          "payment.contactless": "apple"
        },
        "apple_attempted": "2026-05-29",
        "payment": {
          "cards": "yes",
          "contactless": "yes"
        }
      }
    },
    {
      "type": "Feature",
      "geometry": {
        "type": "Point",
        "coordinates": [
          9.7168413,
          54.2976047
        ]
      },
      "properties": {
        "id": "tk_shr_osm_w131666074",
        "name": "Getränke Rönnfeldt",
        "address": {
          "street": "Rudolf-Diesel-Straße",
          "number": "1A",
          "postalcode": "24790",
          "city": "Schacht-Audorf"
        },
        "sources": [
          {
            "type": "osm",
            "id": "way/131666074",
            "version": 0
          },
          {
            "type": "gmaps",
            "id": "ChIJt4NIK_qls0cRdHJm7gBWRHA"
          }
        ],
        "created": "2026-05-29",
        "updated": "2026-06-22",
        "sources_by_field": {
          "name": "osm",
          "address.street": "osm",
          "address.number": "osm",
          "address.postalcode": "osm",
          "address.city": "osm",
          "hours": "google",
          "payment.cards": "google",
          "payment.contactless": "google",
          "payment.girocard": "google"
        },
        "apple_id_attempted": "2026-05-29",
        "google_attempted": "2026-05-29",
        "hours": {
          "raw": "Tu 09:00-18:00; Th 09:00-18:00; Fr 09:00-18:00; We 09:00-18:00; Mo 09:00-18:00; Sa 09:00-13:00"
        },
        "payment": {
          "cards": "no",
          "contactless": "yes",
          "girocard": "yes"
        }
      }
    },
    {
      "type": "Feature",
      "geometry": {
        "type": "Point",
        "coordinates": [
          10.0703196,
          54.3549853
        ]
      },
      "properties": {
        "id": "tk_shr_osm_w151032842",
        "name": "Tante Emma",
        "address": {
          "street": "Steinberg",
          "number": "117",
          "postalcode": "24107",
          "city": "Kiel"
        },
        "sources": [
          {
            "type": "osm",
            "id": "way/151032842",
            "version": 0
          },
          {
            "type": "gmaps",
            "id": "ChIJO3Iv8o9VskcR-SjRjGVBlEw"
          }
        ],
        "created": "2026-05-29",
        "updated": "2026-06-22",
        "hours": {
          "raw": "Sa 08:00-10:30; Su 08:00-10:30"
        },
        "sources_by_field": {
          "name": "osm",
          "address.street": "osm",
          "address.number": "osm",
          "address.postalcode": "osm",
          "address.city": "osm",
          "hours": "google"
        },
        "apple_id_attempted": "2026-05-29",
        "google_attempted": "2026-05-29",
        "payment": {}
      }
    },
    {
      "type": "Feature",
      "geometry": {
        "type": "Point",
        "coordinates": [
          9.9079082,
          53.7915361
        ]
      },
      "properties": {
        "id": "tk_shr_osm_w172300460",
        "name": "Obsthof Wendt",
        "address": {},
        "sources": [
          {
            "type": "osm",
            "id": "way/172300460",
            "version": 0
          },
          {
            "type": "apple",
            "id": "16823626526787871147"
          }
        ],
        "created": "2026-05-29",
        "updated": "2026-06-22",
        "hours": {
          "raw": "Mo,Fr 09:00-18:00; Sa 09:00-12:00"
        },
        "sources_by_field": {
          "name": "osm",
          "hours": "apple",
          "payment.cards": "apple",
          "payment.contactless": "apple"
        },
        "apple_attempted": "2026-05-29",
        "payment": {
          "cards": "yes",
          "contactless": "yes"
        }
      }
    },
    {
      "type": "Feature",
      "geometry": {
        "type": "Point",
        "coordinates": [
          9.9930303,
          54.4047137
        ]
      },
      "properties": {
        "id": "tk_shr_osm_w179120752",
        "name": "bft willer",
        "address": {
          "street": "Kieler Chaussee",
          "number": "55",
          "postalcode": "24214",
          "city": "Gettorf"
        },
        "sources": [
          {
            "type": "osm",
            "id": "way/179120752",
            "version": 0
          },
          {
            "type": "gmaps",
            "id": "ChIJnao80s4Bs0cRfjjbPM1tfuE"
          }
        ],
        "created": "2026-05-29",
        "updated": "2026-06-22",
        "hours": {
          "raw": "Tu 06:00-21:00; Th 06:00-21:00; Fr 06:00-21:00; We 06:00-21:00; Mo 06:00-21:00; Sa 08:00-21:00; Su 08:00-21:00"
        },
        "tags": [
          "wc"
        ],
        "sources_by_field": {
          "name": "osm",
          "address.street": "osm",
          "address.number": "osm",
          "address.postalcode": "osm",
          "address.city": "osm",
          "hours": "google",
          "payment.cards": "google",
          "payment.contactless": "google",
          "payment.girocard": "google"
        },
        "apple_id_attempted": "2026-05-29",
        "google_attempted": "2026-05-29",
        "payment": {
          "cards": "yes",
          "contactless": "yes",
          "girocard": "yes"
        }
      }
    },
    {
      "type": "Feature",
      "geometry": {
        "type": "Point",
        "coordinates": [
          8.3253315,
          54.9023967
        ]
      },
      "properties": {
        "id": "tk_shr_osm_w196765216",
        "name": "Ipsen Getränkegroßhandel",
        "address": {
          "street": "Keitumer Landstraße",
          "number": "32",
          "postalcode": "25980",
          "city": "Sylt",
          "district": "Tinnum"
        },
        "sources": [
          {
            "type": "osm",
            "id": "way/196765216",
            "version": 0
          },
          {
            "type": "gmaps",
            "id": "ChIJe02i_IPetEcRUxGzPN25v6g"
          }
        ],
        "created": "2026-05-29",
        "updated": "2026-06-22",
        "sources_by_field": {
          "name": "osm",
          "address.street": "osm",
          "address.number": "osm",
          "address.postalcode": "osm",
          "address.city": "osm",
          "address.district": "osm",
          "hours": "google",
          "payment.cards": "google",
          "payment.contactless": "google",
          "payment.girocard": "google"
        },
        "apple_id_attempted": "2026-05-29",
        "google_attempted": "2026-05-29",
        "hours": {
          "raw": "Tu 08:00-16:00; Th 08:00-16:00; Fr 08:00-16:00; We 08:00-16:00; Mo 08:00-16:00"
        },
        "payment": {
          "cards": "yes",
          "contactless": "yes",
          "girocard": "yes"
        }
      }
    },
    {
      "type": "Feature",
      "geometry": {
        "type": "Point",
        "coordinates": [
          9.0484667,
          54.4765818
        ]
      },
      "properties": {
        "id": "tk_shr_osm_w199303158",
        "name": "Rathmann Tabakwaren",
        "address": {
          "street": "Großstraße",
          "number": "2",
          "postalcode": "25813",
          "city": "Husum"
        },
        "sources": [
          {
            "type": "osm",
            "id": "way/199303158",
            "version": 0
          },
          {
            "type": "apple",
            "id": "8037674695192917442"
          }
        ],
        "created": "2026-05-29",
        "updated": "2026-06-22",
        "sources_by_field": {
          "name": "osm",
          "address.street": "osm",
          "address.number": "osm",
          "address.postalcode": "osm",
          "address.city": "osm",
          "hours": "apple",
          "payment.cards": "apple",
          "payment.contactless": "apple"
        },
        "apple_attempted": "2026-05-29",
        "hours": {
          "raw": "Mo-Fr 08:00-18:30; Sa 08:00-18:00"
        },
        "payment": {
          "cards": "yes",
          "contactless": "yes"
        }
      }
    },
    {
      "type": "Feature",
      "geometry": {
        "type": "Point",
        "coordinates": [
          9.5807485,
          54.5426617
        ]
      },
      "properties": {
        "id": "tk_shr_osm_w204908426",
        "name": "team Schleswig Sankt Jürgen",
        "address": {
          "street": "Marie-Curie-Straße",
          "number": "1",
          "postalcode": "24837",
          "city": "Schleswig"
        },
        "sources": [
          {
            "type": "osm",
            "id": "way/204908426",
            "version": 0
          },
          {
            "type": "gmaps",
            "id": "ChIJi_UwDdgMs0cRJCIbZAS5gBE"
          }
        ],
        "created": "2026-05-29",
        "updated": "2026-06-22",
        "hours": {
          "raw": "Mo-Sa 05:00-22:00; Su 06:00-22:00"
        },
        "tags": [
          "barrierefrei"
        ],
        "sources_by_field": {
          "name": "osm",
          "address.street": "osm",
          "address.number": "osm",
          "address.postalcode": "osm",
          "address.city": "osm",
          "hours": "osm",
          "payment.cards": "google",
          "payment.contactless": "google",
          "payment.girocard": "google"
        },
        "apple_id_attempted": "2026-05-29",
        "google_attempted": "2026-05-29",
        "payment": {
          "cards": "no",
          "contactless": "yes",
          "girocard": "yes"
        }
      }
    },
    {
      "type": "Feature",
      "geometry": {
        "type": "Point",
        "coordinates": [
          8.716962,
          54.6315948
        ]
      },
      "properties": {
        "id": "tk_shr_osm_w209557599",
        "name": "Monikas Kiosk",
        "address": {},
        "sources": [
          {
            "type": "osm",
            "id": "way/209557599",
            "version": 0
          },
          {
            "type": "gmaps",
            "id": "ChIJGQ0aOV-NtEcRSHUpWCKLrj4"
          }
        ],
        "created": "2026-05-29",
        "updated": "2026-06-22",
        "hours": {
          "raw": "Mar-Oct sunrise-sunset"
        },
        "sources_by_field": {
          "name": "osm",
          "hours": "osm"
        },
        "apple_id_attempted": "2026-05-29",
        "google_attempted": "2026-05-29",
        "payment": {}
      }
    },
    {
      "type": "Feature",
      "geometry": {
        "type": "Point",
        "coordinates": [
          10.3680438,
          53.4380551
        ]
      },
      "properties": {
        "id": "tk_shr_osm_w217516834",
        "name": "Rin Sushibar",
        "address": {
          "street": "Geesthachter Straße",
          "number": "3"
        },
        "sources": [
          {
            "type": "osm",
            "id": "way/217516834",
            "version": 0
          },
          {
            "type": "gmaps",
            "id": "ChIJUWdVSOnvsUcRukJopctgrck"
          }
        ],
        "created": "2026-05-29",
        "updated": "2026-06-22",
        "sources_by_field": {
          "name": "osm",
          "address.street": "osm",
          "address.number": "osm",
          "hours": "google",
          "payment.cards": "google",
          "payment.girocard": "google"
        },
        "apple_id_attempted": "2026-05-29",
        "google_attempted": "2026-05-29",
        "hours": {
          "raw": "Tu 16:00-22:00; Th 16:00-22:00; Fr 16:00-22:00; We 16:00-22:00; Mo 16:00-22:00; Sa 16:00-22:00; Su 16:00-22:00"
        },
        "payment": {
          "cards": "no",
          "girocard": "yes"
        }
      }
    },
    {
      "type": "Feature",
      "geometry": {
        "type": "Point",
        "coordinates": [
          9.3250271,
          54.7779982
        ]
      },
      "properties": {
        "id": "tk_shr_osm_w222770023",
        "name": "Shell Handewitt",
        "address": {
          "street": "Lecker Chaussee",
          "number": "32a",
          "postalcode": "24983",
          "city": "Handewitt"
        },
        "sources": [
          {
            "type": "osm",
            "id": "way/222770023",
            "version": 0
          },
          {
            "type": "apple",
            "id": "14985497469995165628"
          }
        ],
        "created": "2026-05-29",
        "updated": "2026-06-22",
        "hours": {
          "raw": "Mo-Fr 05:00-22:00; Sa-Su 06:00-22:00"
        },
        "payment": {
          "cash": "yes",
          "cards": "unknown",
          "contactless": "unknown",
          "girocard": "unknown"
        },
        "sources_by_field": {
          "name": "osm",
          "address.street": "osm",
          "address.number": "osm",
          "address.postalcode": "osm",
          "address.city": "osm",
          "hours": "osm",
          "payment.cash": "osm",
          "payment.cards": "osm",
          "payment.contactless": "osm",
          "payment.girocard": "osm"
        }
      }
    },
    {
      "type": "Feature",
      "geometry": {
        "type": "Point",
        "coordinates": [
          9.3342078,
          54.7776813
        ]
      },
      "properties": {
        "id": "tk_shr_osm_w232804263",
        "name": "team autohof Handewitt",
        "address": {
          "street": "Scandinavian-Park",
          "number": "1",
          "postalcode": "24983",
          "city": "Handewitt"
        },
        "sources": [
          {
            "type": "osm",
            "id": "way/232804263",
            "version": 0
          },
          {
            "type": "apple",
            "id": "6274098014799229389"
          }
        ],
        "created": "2026-05-29",
        "updated": "2026-06-22",
        "hours": {
          "raw": "Mo-Su 00:00-24:00"
        },
        "sources_by_field": {
          "name": "osm",
          "address.street": "osm",
          "address.number": "osm",
          "address.postalcode": "osm",
          "address.city": "osm",
          "hours": "apple",
          "payment.cards": "apple",
          "payment.contactless": "apple"
        },
        "apple_attempted": "2026-05-29",
        "payment": {
          "cards": "yes",
          "contactless": "yes"
        }
      }
    },
    {
      "type": "Feature",
      "geometry": {
        "type": "Point",
        "coordinates": [
          9.6186511,
          53.8131763
        ]
      },
      "properties": {
        "id": "tk_shr_osm_w234988734",
        "name": "Der Laden",
        "address": {
          "street": "Jahnstraße",
          "number": "11",
          "postalcode": "25358",
          "city": "Horst"
        },
        "sources": [
          {
            "type": "osm",
            "id": "way/234988734",
            "version": 0
          },
          {
            "type": "gmaps",
            "id": "ChIJXdrUTbbRs0cR7vrL3ESchM8"
          }
        ],
        "created": "2026-05-29",
        "updated": "2026-06-22",
        "hours": {
          "raw": "Th 16:00-18:00; Fr 16:00-18:00"
        },
        "sources_by_field": {
          "name": "osm",
          "address.street": "osm",
          "address.number": "osm",
          "address.postalcode": "osm",
          "address.city": "osm",
          "hours": "google",
          "payment.contactless": "google"
        },
        "apple_id_attempted": "2026-05-29",
        "google_attempted": "2026-05-29",
        "payment": {
          "contactless": "yes"
        }
      }
    },
    {
      "type": "Feature",
      "geometry": {
        "type": "Point",
        "coordinates": [
          10.0197394,
          53.7074983
        ]
      },
      "properties": {
        "id": "tk_shr_osm_w243669318",
        "name": "Durstberater",
        "address": {
          "street": "Langenharmer Weg",
          "number": "207",
          "postalcode": "22844",
          "city": "Norderstedt"
        },
        "sources": [
          {
            "type": "osm",
            "id": "way/243669318",
            "version": 0
          },
          {
            "type": "apple",
            "id": "4324551435429649527"
          }
        ],
        "created": "2026-05-29",
        "updated": "2026-06-22",
        "hours": {
          "raw": "Mo-Fr 08:30-19:00; Sa 08:00-14:00"
        },
        "tags": [
          "barrierefrei"
        ],
        "sources_by_field": {
          "name": "osm",
          "address.street": "osm",
          "address.number": "osm",
          "address.postalcode": "osm",
          "address.city": "osm",
          "hours": "apple",
          "payment.cards": "apple",
          "payment.contactless": "apple"
        },
        "apple_attempted": "2026-05-29",
        "payment": {
          "cards": "yes",
          "contactless": "yes"
        }
      }
    },
    {
      "type": "Feature",
      "geometry": {
        "type": "Point",
        "coordinates": [
          9.4261156,
          54.7980015
        ]
      },
      "properties": {
        "id": "tk_shr_osm_w256103693",
        "name": "Trinkhalle Neustadt",
        "address": {},
        "sources": [
          {
            "type": "osm",
            "id": "way/256103693",
            "version": 0
          },
          {
            "type": "apple",
            "id": "7456003119286285527"
          }
        ],
        "created": "2026-05-29",
        "updated": "2026-06-22",
        "hours": {
          "raw": "Mo-Sa 12:00-20:30; Su 09:00-20:30"
        },
        "tags": [
          "barrierefrei"
        ],
        "sources_by_field": {
          "name": "osm",
          "hours": "osm",
          "payment.cards": "apple",
          "payment.contactless": "apple"
        },
        "apple_attempted": "2026-05-29",
        "payment": {
          "cards": "yes",
          "contactless": "yes"
        }
      }
    },
    {
      "type": "Feature",
      "geometry": {
        "type": "Point",
        "coordinates": [
          9.6584212,
          53.7546229
        ]
      },
      "properties": {
        "id": "tk_shr_osm_w263304187",
        "name": "P&B Press & Books Stilke",
        "address": {},
        "sources": [
          {
            "type": "osm",
            "id": "way/263304187",
            "version": 0
          },
          {
            "type": "gmaps",
            "id": "ChIJ1_7lpibUs0cRtXFvpm9Xiuo"
          }
        ],
        "created": "2026-05-29",
        "updated": "2026-06-22",
        "hours": {
          "raw": "Tu 05:00-20:00; Th 05:00-20:00; Fr 05:00-20:00; We 05:00-20:00; Mo 05:00-20:00; Sa 09:00-17:00; Su 09:00-17:00"
        },
        "sources_by_field": {
          "name": "osm",
          "hours": "google",
          "payment.cards": "google",
          "payment.contactless": "google",
          "payment.girocard": "google"
        },
        "apple_id_attempted": "2026-05-29",
        "google_attempted": "2026-05-29",
        "payment": {
          "cards": "yes",
          "contactless": "yes",
          "girocard": "yes"
        }
      }
    },
    {
      "type": "Feature",
      "geometry": {
        "type": "Point",
        "coordinates": [
          9.6598613,
          53.7545414
        ]
      },
      "properties": {
        "id": "tk_shr_osm_w287546339",
        "name": "Eiscafe Blaubach",
        "address": {
          "street": "Mühlenstraße",
          "number": "2A",
          "postalcode": "25335",
          "city": "Elmshorn"
        },
        "sources": [
          {
            "type": "osm",
            "id": "way/287546339",
            "version": 0
          },
          {
            "type": "gmaps",
            "id": "ChIJOfibESTUs0cRIiRYKFoGUHs"
          }
        ],
        "created": "2026-05-29",
        "updated": "2026-06-22",
        "tags": [
          "barrierefrei"
        ],
        "sources_by_field": {
          "name": "osm",
          "address.street": "osm",
          "address.number": "osm",
          "address.postalcode": "osm",
          "address.city": "osm",
          "hours": "google"
        },
        "apple_id_attempted": "2026-05-29",
        "google_attempted": "2026-05-29",
        "hours": {
          "raw": "Tu 07:30-16:00; Th 07:00-16:00; Fr 07:00-16:00; We 07:00-16:00; Mo 07:00-16:00; Sa 07:00-16:00"
        },
        "payment": {}
      }
    },
    {
      "type": "Feature",
      "geometry": {
        "type": "Point",
        "coordinates": [
          8.3269554,
          54.6637748
        ]
      },
      "properties": {
        "id": "tk_shr_osm_w292217963",
        "name": "Servicepavillon",
        "address": {},
        "sources": [
          {
            "type": "osm",
            "id": "way/292217963",
            "version": 0
          },
          {
            "type": "gmaps",
            "id": "ChIJ4yWdw1H7tEcRgZdZWvbdccA"
          }
        ],
        "created": "2026-05-29",
        "updated": "2026-06-22",
        "hours": {
          "raw": "Tu 11:00-16:30; Th 11:00-16:30; Fr 11:00-16:30; We 11:00-16:30; Sa 11:00-16:30"
        },
        "tags": [
          "barrierefrei",
          "wc"
        ],
        "sources_by_field": {
          "name": "osm",
          "hours": "google"
        },
        "apple_id_attempted": "2026-05-29",
        "google_attempted": "2026-05-29",
        "payment": {}
      }
    },
    {
      "type": "Feature",
      "geometry": {
        "type": "Point",
        "coordinates": [
          9.2775045,
          54.1082851
        ]
      },
      "properties": {
        "id": "tk_shr_osm_w297380338",
        "name": "Ankerplatz Nordholz",
        "address": {},
        "sources": [
          {
            "type": "osm",
            "id": "way/297380338",
            "version": 0
          },
          {
            "type": "apple",
            "id": "14444596786450840792"
          },
          {
            "type": "gmaps",
            "id": "ChIJEel5DLyTs0cRNtbIQKE1MlY"
          }
        ],
        "created": "2026-05-29",
        "updated": "2026-06-22",
        "sources_by_field": {
          "name": "osm",
          "hours": "google"
        },
        "apple_attempted": "2026-05-29",
        "google_attempted": "2026-05-29",
        "hours": {
          "raw": "Tu 09:30-22:00; Th 09:30-22:00; Fr 09:30-22:00; We 09:30-22:00; Mo 09:30-22:00; Sa 09:30-22:00; Su 09:00-17:00"
        },
        "payment": {}
      }
    },
    {
      "type": "Feature",
      "geometry": {
        "type": "Point",
        "coordinates": [
          10.0035545,
          53.7049547
        ]
      },
      "properties": {
        "id": "tk_shr_osm_w319268568",
        "name": "Nordoel",
        "address": {
          "street": "Alter Kirchenweg",
          "number": "21",
          "postalcode": "22844",
          "city": "Norderstedt"
        },
        "sources": [
          {
            "type": "osm",
            "id": "way/319268568",
            "version": 0
          },
          {
            "type": "gmaps",
            "id": "ChIJKzXspdYnskcRWzilXjjLVyA"
          }
        ],
        "created": "2026-05-29",
        "updated": "2026-06-22",
        "hours": {
          "raw": "Tu 07:00-22:00; Th 07:00-22:00; Fr 07:00-22:00; We 07:00-22:00; Mo 07:00-22:00; Sa 07:00-22:00; Su 08:00-22:00"
        },
        "tags": [
          "barrierefrei"
        ],
        "sources_by_field": {
          "name": "osm",
          "address.street": "osm",
          "address.number": "osm",
          "address.postalcode": "osm",
          "address.city": "osm",
          "hours": "google",
          "payment.cards": "google",
          "payment.contactless": "google",
          "payment.girocard": "google"
        },
        "apple_id_attempted": "2026-05-29",
        "google_attempted": "2026-05-29",
        "payment": {
          "cards": "no",
          "contactless": "yes",
          "girocard": "yes"
        }
      }
    },
    {
      "type": "Feature",
      "geometry": {
        "type": "Point",
        "coordinates": [
          9.4062736,
          54.664079
        ]
      },
      "properties": {
        "id": "tk_shr_osm_w320008154",
        "name": "Treenetaler Tarp",
        "address": {
          "street": "Im Treenetal",
          "number": "2",
          "postalcode": "24963",
          "city": "Tarp"
        },
        "sources": [
          {
            "type": "osm",
            "id": "way/320008154",
            "version": 0
          },
          {
            "type": "apple",
            "id": "10266227091495984978"
          }
        ],
        "created": "2026-05-29",
        "updated": "2026-06-22",
        "hours": {
          "raw": "Mo-Fr 08:30-12:00,14:00-17:30; Sa 09:00-12:00"
        },
        "sources_by_field": {
          "name": "osm",
          "address.street": "osm",
          "address.number": "osm",
          "address.postalcode": "osm",
          "address.city": "osm",
          "hours": "apple",
          "payment.cards": "apple",
          "payment.contactless": "apple"
        },
        "apple_attempted": "2026-05-29",
        "payment": {
          "cards": "yes",
          "contactless": "yes"
        }
      }
    },
    {
      "type": "Feature",
      "geometry": {
        "type": "Point",
        "coordinates": [
          9.5434761,
          54.4772348
        ]
      },
      "properties": {
        "id": "tk_shr_osm_w355647362",
        "name": "Autohof Wikingerland",
        "address": {
          "street": "Wittgenstein",
          "number": "2",
          "postalcode": "24866",
          "city": "Busdorf"
        },
        "sources": [
          {
            "type": "osm",
            "id": "way/355647362",
            "version": 0
          },
          {
            "type": "apple",
            "id": "7433337345735965774"
          }
        ],
        "created": "2026-05-29",
        "updated": "2026-06-22",
        "tags": [
          "barrierefrei",
          "wc"
        ],
        "sources_by_field": {
          "name": "osm",
          "address.street": "osm",
          "address.number": "osm",
          "address.postalcode": "osm",
          "address.city": "osm",
          "payment.cards": "apple",
          "payment.contactless": "apple"
        },
        "apple_attempted": "2026-05-29",
        "google_attempted": "2026-05-29",
        "payment": {
          "cards": "yes",
          "contactless": "yes"
        }
      }
    },
    {
      "type": "Feature",
      "geometry": {
        "type": "Point",
        "coordinates": [
          10.0142871,
          53.7168049
        ]
      },
      "properties": {
        "id": "tk_shr_osm_w488948935",
        "name": "Kiosk Feldpark",
        "address": {},
        "sources": [
          {
            "type": "osm",
            "id": "way/488948935",
            "version": 0
          },
          {
            "type": "apple",
            "id": "12798807350104261686"
          },
          {
            "type": "gmaps",
            "id": "ChIJRVKStc0nskcRvXctqoIX8OY"
          }
        ],
        "created": "2026-05-29",
        "updated": "2026-06-22",
        "sources_by_field": {
          "name": "osm"
        },
        "apple_attempted": "2026-05-29",
        "google_attempted": "2026-05-29",
        "payment": {}
      }
    },
    {
      "type": "Feature",
      "geometry": {
        "type": "Point",
        "coordinates": [
          9.8232208,
          54.4872398
        ]
      },
      "properties": {
        "id": "tk_shr_osm_w66704798",
        "name": "SB-Tanktreff",
        "address": {
          "street": "Ostlandstraße",
          "number": "101",
          "postalcode": "24340",
          "city": "Eckernförde"
        },
        "sources": [
          {
            "type": "osm",
            "id": "way/66704798",
            "version": 0
          },
          {
            "type": "gmaps",
            "id": "ChIJbyeiK-gFs0cR_fZ88jFDDaY"
          }
        ],
        "created": "2026-05-29",
        "updated": "2026-06-22",
        "hours": {
          "raw": "Tu 07:30-21:00; Th 07:30-21:00; Fr 07:30-21:00; We 07:30-21:00; Mo 07:30-21:00; Sa 07:30-21:00; Su 09:00-17:00"
        },
        "sources_by_field": {
          "name": "osm",
          "address.street": "osm",
          "address.number": "osm",
          "address.postalcode": "osm",
          "address.city": "osm",
          "hours": "google",
          "payment.cards": "google",
          "payment.contactless": "google",
          "payment.girocard": "google"
        },
        "apple_id_attempted": "2026-05-29",
        "google_attempted": "2026-05-29",
        "payment": {
          "cards": "no",
          "contactless": "yes",
          "girocard": "yes"
        }
      }
    },
    {
      "type": "Feature",
      "geometry": {
        "type": "Point",
        "coordinates": [
          10.406476,
          53.604909
        ]
      },
      "properties": {
        "id": "tk_shr_osm_w790674129",
        "name": "Trittauer Getränkedienst",
        "address": {
          "street": "Herrenruhmweg",
          "number": "31",
          "postalcode": "22946",
          "city": "Trittau"
        },
        "sources": [
          {
            "type": "osm",
            "id": "way/790674129",
            "version": 0
          },
          {
            "type": "apple",
            "id": "7279129282933772347"
          }
        ],
        "created": "2026-05-29",
        "updated": "2026-06-22",
        "sources_by_field": {
          "name": "osm",
          "address.street": "osm",
          "address.number": "osm",
          "address.postalcode": "osm",
          "address.city": "osm",
          "hours": "apple",
          "payment.cards": "apple",
          "payment.contactless": "apple"
        },
        "apple_attempted": "2026-05-29",
        "hours": {
          "raw": "Mo-Tu,Th-Fr 08:00-12:30,14:30-18:00; Sa 08:00-13:00"
        },
        "payment": {
          "cards": "yes",
          "contactless": "yes"
        }
      }
    },
    {
      "type": "Feature",
      "geometry": {
        "type": "Point",
        "coordinates": [
          9.4892395,
          53.9032245
        ]
      },
      "properties": {
        "id": "tk_shr_osm_w96351101",
        "name": "Getränke Hintz",
        "address": {
          "street": "Ottensstraße",
          "number": "9",
          "postalcode": "25524",
          "city": "Itzehoe"
        },
        "sources": [
          {
            "type": "osm",
            "id": "way/96351101",
            "version": 0
          },
          {
            "type": "apple",
            "id": "8528105883677987540"
          }
        ],
        "created": "2026-05-29",
        "updated": "2026-06-22",
        "sources_by_field": {
          "name": "osm",
          "address.street": "osm",
          "address.number": "osm",
          "address.postalcode": "osm",
          "address.city": "osm",
          "hours": "apple",
          "payment.cards": "apple",
          "payment.contactless": "apple"
        },
        "apple_attempted": "2026-05-29",
        "hours": {
          "raw": "Mo-Fr 08:00-18:00; Sa 09:00-12:00"
        },
        "payment": {
          "cards": "yes",
          "contactless": "yes"
        }
      }
    },
    {
      "type": "Feature",
      "geometry": {
        "type": "Point",
        "coordinates": [
          9.7231328,
          53.5935333
        ]
      },
      "properties": {
        "id": "tk_shr_osm_n10127598842",
        "name": "Moin im Moorweg",
        "address": {
          "street": "Hasenknick"
        },
        "sources": [
          {
            "type": "osm",
            "id": "node/10127598842",
            "version": 0
          }
        ],
        "created": "2026-05-29",
        "updated": "2026-06-22",
        "hours": {
          "raw": "Mo-Fr 06:30-18:00; Sa 06:30-13:00; Su 08:00-11:00"
        },
        "payment": {
          "cash": "unknown",
          "cards": "yes",
          "contactless": "unknown",
          "girocard": "unknown"
        },
        "tags": [
          "barrierefrei"
        ],
        "sources_by_field": {
          "name": "osm",
          "address.street": "osm",
          "hours": "osm",
          "payment.cash": "osm",
          "payment.cards": "osm",
          "payment.contactless": "osm",
          "payment.girocard": "osm"
        },
        "apple_id_attempted": "2026-05-29"
      }
    },
    {
      "type": "Feature",
      "geometry": {
        "type": "Point",
        "coordinates": [
          10.4193342,
          54.1591562
        ]
      },
      "properties": {
        "id": "tk_shr_osm_n10761814324",
        "name": "Zigaretten Geschenke Tabakwaren",
        "address": {},
        "sources": [
          {
            "type": "osm",
            "id": "node/10761814324",
            "version": 0
          }
        ],
        "created": "2026-05-29",
        "updated": "2026-06-22",
        "hours": {
          "raw": "Mo-Fr 10:00-17:00, Sa 10:00-17:00"
        },
        "sources_by_field": {
          "name": "osm",
          "hours": "osm"
        },
        "apple_id_attempted": "2026-05-29",
        "google_attempted": "2026-05-29",
        "payment": {}
      }
    },
    {
      "type": "Feature",
      "geometry": {
        "type": "Point",
        "coordinates": [
          9.6264403,
          54.3233301
        ]
      },
      "properties": {
        "id": "tk_shr_osm_n1079365494",
        "name": "Riepen",
        "address": {
          "street": "Friedrichstädter Straße",
          "number": "75-77",
          "postalcode": "24768",
          "city": "Rendsburg"
        },
        "sources": [
          {
            "type": "osm",
            "id": "node/1079365494",
            "version": 0
          }
        ],
        "created": "2026-05-29",
        "updated": "2026-06-22",
        "hours": {
          "raw": "Mo-Sa 08:00-20:00"
        },
        "sources_by_field": {
          "name": "osm",
          "address.street": "osm",
          "address.number": "osm",
          "address.postalcode": "osm",
          "address.city": "osm",
          "hours": "osm"
        },
        "apple_id_attempted": "2026-05-29",
        "google_attempted": "2026-05-29",
        "payment": {}
      }
    },
    {
      "type": "Feature",
      "geometry": {
        "type": "Point",
        "coordinates": [
          9.900881,
          54.7455062
        ]
      },
      "properties": {
        "id": "tk_shr_osm_n10946152305",
        "name": "Getränkepartner Gelting",
        "address": {
          "postalcode": "24395"
        },
        "sources": [
          {
            "type": "osm",
            "id": "node/10946152305",
            "version": 0
          }
        ],
        "created": "2026-05-29",
        "updated": "2026-06-22",
        "hours": {
          "raw": "Mo-Fr 08:00-12:00,13:30-18:00; Sa 08:00-13:00"
        },
        "sources_by_field": {
          "name": "osm",
          "address.postalcode": "osm",
          "hours": "osm"
        },
        "apple_id_attempted": "2026-05-29",
        "google_attempted": "2026-05-29",
        "payment": {}
      }
    },
    {
      "type": "Feature",
      "geometry": {
        "type": "Point",
        "coordinates": [
          9.4171314,
          54.8127589
        ]
      },
      "properties": {
        "id": "tk_shr_osm_n11062913586",
        "name": "Drugstore „Die 101“",
        "address": {
          "street": "Alter Kupfermühlenweg",
          "number": "101",
          "postalcode": "24939",
          "city": "Flensburg"
        },
        "sources": [
          {
            "type": "osm",
            "id": "node/11062913586",
            "version": 0
          }
        ],
        "created": "2026-05-29",
        "updated": "2026-06-22",
        "hours": {
          "raw": "Th-Su 07:00-18:00"
        },
        "payment": {
          "cash": "unknown",
          "cards": "no",
          "contactless": "unknown",
          "girocard": "unknown"
        },
        "sources_by_field": {
          "name": "osm",
          "address.street": "osm",
          "address.number": "osm",
          "address.postalcode": "osm",
          "address.city": "osm",
          "hours": "osm",
          "payment.cash": "osm",
          "payment.cards": "osm",
          "payment.contactless": "osm",
          "payment.girocard": "osm"
        },
        "apple_id_attempted": "2026-05-29"
      }
    },
    {
      "type": "Feature",
      "geometry": {
        "type": "Point",
        "coordinates": [
          10.0863215,
          54.2988586
        ]
      },
      "properties": {
        "id": "tk_shr_osm_n1118739645",
        "name": "Tobaco & More",
        "address": {},
        "sources": [
          {
            "type": "osm",
            "id": "node/1118739645",
            "version": 0
          }
        ],
        "created": "2026-05-29",
        "updated": "2026-06-22",
        "hours": {
          "raw": "Mo-Fr 08:00-21:00; Sa 08:00-18:00"
        },
        "tags": [
          "barrierefrei"
        ],
        "sources_by_field": {
          "name": "osm",
          "hours": "osm"
        },
        "apple_id_attempted": "2026-05-29",
        "google_attempted": "2026-05-29",
        "payment": {}
      }
    },
    {
      "type": "Feature",
      "geometry": {
        "type": "Point",
        "coordinates": [
          10.0727469,
          54.3003516
        ]
      },
      "properties": {
        "id": "tk_shr_osm_n11364871930",
        "name": "Zimmermann",
        "address": {},
        "sources": [
          {
            "type": "osm",
            "id": "node/11364871930",
            "version": 0
          }
        ],
        "created": "2026-05-29",
        "updated": "2026-06-22",
        "sources_by_field": {
          "name": "osm"
        },
        "apple_id_attempted": "2026-05-29",
        "google_attempted": "2026-05-29",
        "payment": {}
      }
    },
    {
      "type": "Feature",
      "geometry": {
        "type": "Point",
        "coordinates": [
          9.6844525,
          53.7479482
        ]
      },
      "properties": {
        "id": "tk_shr_osm_n11513724108",
        "name": "Nord Tabacco & Presse",
        "address": {},
        "sources": [
          {
            "type": "osm",
            "id": "node/11513724108",
            "version": 0
          }
        ],
        "created": "2026-05-29",
        "updated": "2026-06-22",
        "sources_by_field": {
          "name": "osm"
        },
        "apple_id_attempted": "2026-05-29",
        "google_attempted": "2026-05-29",
        "payment": {}
      }
    },
    {
      "type": "Feature",
      "geometry": {
        "type": "Point",
        "coordinates": [
          8.5499682,
          54.5656718
        ]
      },
      "properties": {
        "id": "tk_shr_osm_n1161151476",
        "name": "De Lüdde Hütt",
        "address": {},
        "sources": [
          {
            "type": "osm",
            "id": "node/1161151476",
            "version": 0
          }
        ],
        "created": "2026-05-29",
        "updated": "2026-06-22",
        "sources_by_field": {
          "name": "osm"
        },
        "apple_id_attempted": "2026-05-29",
        "google_attempted": "2026-05-29",
        "payment": {}
      }
    },
    {
      "type": "Feature",
      "geometry": {
        "type": "Point",
        "coordinates": [
          9.4226164,
          54.8060819
        ]
      },
      "properties": {
        "id": "tk_shr_osm_n11914896144",
        "name": "Sönni Getränke",
        "address": {
          "street": "Apenrader Straße",
          "number": "69a",
          "postalcode": "24939",
          "city": "Flensburg"
        },
        "sources": [
          {
            "type": "osm",
            "id": "node/11914896144",
            "version": 0
          }
        ],
        "created": "2026-05-29",
        "updated": "2026-06-22",
        "sources_by_field": {
          "name": "osm",
          "address.street": "osm",
          "address.number": "osm",
          "address.postalcode": "osm",
          "address.city": "osm"
        },
        "apple_id_attempted": "2026-05-29",
        "google_attempted": "2026-05-29",
        "payment": {}
      }
    },
    {
      "type": "Feature",
      "geometry": {
        "type": "Point",
        "coordinates": [
          9.8163613,
          54.5864855
        ]
      },
      "properties": {
        "id": "tk_shr_osm_n11915129822",
        "name": "Camping-Lädchen",
        "address": {},
        "sources": [
          {
            "type": "osm",
            "id": "node/11915129822",
            "version": 0
          }
        ],
        "created": "2026-05-29",
        "updated": "2026-06-22",
        "hours": {
          "raw": "Apr-Oct Su-Th 07:30-10:00,15:00-16:00; Fr,Sa 07:30-10:00,15:00-17:00; Nov-Mar off"
        },
        "sources_by_field": {
          "name": "osm",
          "hours": "osm"
        },
        "apple_id_attempted": "2026-05-29",
        "google_attempted": "2026-05-29",
        "payment": {}
      }
    },
    {
      "type": "Feature",
      "geometry": {
        "type": "Point",
        "coordinates": [
          9.783518,
          54.6399523
        ]
      },
      "properties": {
        "id": "tk_shr_osm_n11981101169",
        "name": "Freibad",
        "address": {
          "street": "Quellenstraße"
        },
        "sources": [
          {
            "type": "osm",
            "id": "node/11981101169",
            "version": 0
          }
        ],
        "created": "2026-05-29",
        "updated": "2026-06-22",
        "sources_by_field": {
          "name": "osm",
          "address.street": "osm"
        },
        "apple_id_attempted": "2026-05-29",
        "google_attempted": "2026-05-29",
        "payment": {}
      }
    },
    {
      "type": "Feature",
      "geometry": {
        "type": "Point",
        "coordinates": [
          10.0302055,
          54.6347332
        ]
      },
      "properties": {
        "id": "tk_shr_osm_n12129097509",
        "name": "Ostseemarkt",
        "address": {
          "street": "Strandstraße",
          "number": "13",
          "postalcode": "24398",
          "city": "Brodersby",
          "district": "Ostseebad Schönhagen"
        },
        "sources": [
          {
            "type": "osm",
            "id": "node/12129097509",
            "version": 0
          }
        ],
        "created": "2026-05-29",
        "updated": "2026-06-22",
        "sources_by_field": {
          "name": "osm",
          "address.street": "osm",
          "address.number": "osm",
          "address.postalcode": "osm",
          "address.city": "osm",
          "address.district": "osm"
        },
        "apple_id_attempted": "2026-05-29",
        "google_attempted": "2026-05-29",
        "payment": {}
      }
    },
    {
      "type": "Feature",
      "geometry": {
        "type": "Point",
        "coordinates": [
          9.5706757,
          54.5011744
        ]
      },
      "properties": {
        "id": "tk_shr_osm_n1222122241",
        "name": "Bistro Haithabu",
        "address": {},
        "sources": [
          {
            "type": "osm",
            "id": "node/1222122241",
            "version": 0
          }
        ],
        "created": "2026-05-29",
        "updated": "2026-06-22",
        "hours": {
          "raw": "Sa 12:00-15:00,18:00-20:00; Su 12:00-16:00"
        },
        "sources_by_field": {
          "name": "osm",
          "hours": "osm"
        },
        "apple_id_attempted": "2026-05-29",
        "google_attempted": "2026-05-29",
        "payment": {}
      }
    },
    {
      "type": "Feature",
      "geometry": {
        "type": "Point",
        "coordinates": [
          9.437421,
          54.7817267
        ]
      },
      "properties": {
        "id": "tk_shr_osm_n12501415066",
        "name": "African Village",
        "address": {},
        "sources": [
          {
            "type": "osm",
            "id": "node/12501415066",
            "version": 0
          }
        ],
        "created": "2026-05-29",
        "updated": "2026-06-22",
        "sources_by_field": {
          "name": "osm"
        },
        "apple_id_attempted": "2026-05-29",
        "google_attempted": "2026-05-29",
        "payment": {}
      }
    },
    {
      "type": "Feature",
      "geometry": {
        "type": "Point",
        "coordinates": [
          10.4026417,
          53.6195631
        ]
      },
      "properties": {
        "id": "tk_shr_osm_n12526141857",
        "name": "82",
        "address": {
          "street": "Bahnhofstraße",
          "number": "6",
          "postalcode": "22946",
          "city": "Trittau"
        },
        "sources": [
          {
            "type": "osm",
            "id": "node/12526141857",
            "version": 0
          }
        ],
        "created": "2026-05-29",
        "updated": "2026-06-22",
        "payment": {
          "cash": "yes",
          "cards": "unknown",
          "contactless": "unknown",
          "girocard": "unknown"
        },
        "sources_by_field": {
          "name": "osm",
          "address.street": "osm",
          "address.number": "osm",
          "address.postalcode": "osm",
          "address.city": "osm",
          "payment.cash": "osm",
          "payment.cards": "osm",
          "payment.contactless": "osm",
          "payment.girocard": "osm"
        }
      }
    },
    {
      "type": "Feature",
      "geometry": {
        "type": "Point",
        "coordinates": [
          9.4932382,
          54.5459278
        ]
      },
      "properties": {
        "id": "tk_shr_osm_n1254040198",
        "name": "Moni's Imbiss am Arenholzer See",
        "address": {},
        "sources": [
          {
            "type": "osm",
            "id": "node/1254040198",
            "version": 0
          }
        ],
        "created": "2026-05-29",
        "updated": "2026-06-22",
        "hours": {
          "raw": "May: Mo-Fr 15:00-18:00; Sa,Su 11:00-18:00; Jun-Aug: Mo-Fr 15:00-19:00; Sa,Su 10:00-19:30; Sep: Mo-Fr 15:00-18:00; Sa,Su 11:00-18:00; Oct-Apr: off"
        },
        "sources_by_field": {
          "name": "osm",
          "hours": "osm"
        },
        "apple_id_attempted": "2026-05-29",
        "google_attempted": "2026-05-29",
        "payment": {}
      }
    },
    {
      "type": "Feature",
      "geometry": {
        "type": "Point",
        "coordinates": [
          10.3650424,
          53.6528868
        ]
      },
      "properties": {
        "id": "tk_shr_osm_n12784676951",
        "name": "Kiosk & Co",
        "address": {},
        "sources": [
          {
            "type": "osm",
            "id": "node/12784676951",
            "version": 0
          }
        ],
        "created": "2026-05-29",
        "updated": "2026-06-22",
        "sources_by_field": {
          "name": "osm"
        },
        "apple_id_attempted": "2026-05-29",
        "google_attempted": "2026-05-29",
        "payment": {}
      }
    },
    {
      "type": "Feature",
      "geometry": {
        "type": "Point",
        "coordinates": [
          9.7760387,
          53.7160411
        ]
      },
      "properties": {
        "id": "tk_shr_osm_n1303878975",
        "name": "Pavilion",
        "address": {},
        "sources": [
          {
            "type": "osm",
            "id": "node/1303878975",
            "version": 0
          }
        ],
        "created": "2026-05-29",
        "updated": "2026-06-22",
        "sources_by_field": {
          "name": "osm"
        },
        "apple_id_attempted": "2026-05-29",
        "google_attempted": "2026-05-29",
        "payment": {}
      }
    },
    {
      "type": "Feature",
      "geometry": {
        "type": "Point",
        "coordinates": [
          10.4527891,
          54.1302036
        ]
      },
      "properties": {
        "id": "tk_shr_osm_n13061962417",
        "name": "Einkaufsmarkt",
        "address": {},
        "sources": [
          {
            "type": "osm",
            "id": "node/13061962417",
            "version": 0
          }
        ],
        "created": "2026-05-29",
        "updated": "2026-06-22",
        "hours": {
          "raw": "Mo-Sa 07:30-19:00; Su 07:30-18:00"
        },
        "sources_by_field": {
          "name": "osm",
          "hours": "osm"
        },
        "apple_id_attempted": "2026-05-29",
        "google_attempted": "2026-05-29",
        "payment": {}
      }
    },
    {
      "type": "Feature",
      "geometry": {
        "type": "Point",
        "coordinates": [
          8.5901407,
          54.3284736
        ]
      },
      "properties": {
        "id": "tk_shr_osm_n13167397925",
        "name": "Ohana-Bar",
        "address": {},
        "sources": [
          {
            "type": "osm",
            "id": "node/13167397925",
            "version": 0
          }
        ],
        "created": "2026-05-29",
        "updated": "2026-06-22",
        "sources_by_field": {
          "name": "osm"
        },
        "apple_id_attempted": "2026-05-29",
        "google_attempted": "2026-05-29",
        "payment": {}
      }
    },
    {
      "type": "Feature",
      "geometry": {
        "type": "Point",
        "coordinates": [
          10.6832653,
          53.6244485
        ]
      },
      "properties": {
        "id": "tk_shr_osm_n13246723380",
        "name": "Kiosk am Bahnhof",
        "address": {},
        "sources": [
          {
            "type": "osm",
            "id": "node/13246723380",
            "version": 0
          }
        ],
        "created": "2026-05-29",
        "updated": "2026-06-22",
        "hours": {
          "raw": "Mo-Fr 07:00-19:30; Sa,Su 09:00-19:00"
        },
        "sources_by_field": {
          "name": "osm",
          "hours": "osm"
        },
        "apple_id_attempted": "2026-05-29",
        "google_attempted": "2026-05-29",
        "payment": {}
      }
    },
    {
      "type": "Feature",
      "geometry": {
        "type": "Point",
        "coordinates": [
          10.6873486,
          53.6277619
        ]
      },
      "properties": {
        "id": "tk_shr_osm_n13250138635",
        "name": "Tabakshop",
        "address": {},
        "sources": [
          {
            "type": "osm",
            "id": "node/13250138635",
            "version": 0
          }
        ],
        "created": "2026-05-29",
        "updated": "2026-06-22",
        "sources_by_field": {
          "name": "osm"
        },
        "apple_id_attempted": "2026-05-29",
        "google_attempted": "2026-05-29",
        "payment": {}
      }
    },
    {
      "type": "Feature",
      "geometry": {
        "type": "Point",
        "coordinates": [
          9.7262971,
          53.5845313
        ]
      },
      "properties": {
        "id": "tk_shr_osm_n13336184582",
        "name": "famila Getränke",
        "address": {},
        "sources": [
          {
            "type": "osm",
            "id": "node/13336184582",
            "version": 0
          }
        ],
        "created": "2026-05-29",
        "updated": "2026-06-22",
        "sources_by_field": {
          "name": "osm"
        },
        "apple_id_attempted": "2026-05-29",
        "google_attempted": "2026-05-29",
        "payment": {}
      }
    },
    {
      "type": "Feature",
      "geometry": {
        "type": "Point",
        "coordinates": [
          10.2613351,
          53.7290644
        ]
      },
      "properties": {
        "id": "tk_shr_osm_n13414087759",
        "name": "Snack Point",
        "address": {},
        "sources": [
          {
            "type": "osm",
            "id": "node/13414087759",
            "version": 0
          }
        ],
        "created": "2026-05-29",
        "updated": "2026-06-22",
        "kind": "vending_machine",
        "sources_by_field": {
          "name": "osm"
        },
        "payment": {}
      }
    },
    {
      "type": "Feature",
      "geometry": {
        "type": "Point",
        "coordinates": [
          10.7420547,
          54.0344842
        ]
      },
      "properties": {
        "id": "tk_shr_osm_n13629794858",
        "name": "Campingplatz Kiosk",
        "address": {},
        "sources": [
          {
            "type": "osm",
            "id": "node/13629794858",
            "version": 0
          }
        ],
        "created": "2026-05-29",
        "updated": "2026-06-22",
        "sources_by_field": {
          "name": "osm"
        },
        "apple_id_attempted": "2026-05-29",
        "google_attempted": "2026-05-29",
        "payment": {}
      }
    },
    {
      "type": "Feature",
      "geometry": {
        "type": "Point",
        "coordinates": [
          10.9724847,
          54.1482316
        ]
      },
      "properties": {
        "id": "tk_shr_osm_n13721026827",
        "name": "High 5 Strandkiosk",
        "address": {},
        "sources": [
          {
            "type": "osm",
            "id": "node/13721026827",
            "version": 0
          }
        ],
        "created": "2026-05-29",
        "updated": "2026-06-22",
        "hours": {
          "raw": "Mo-Su,PH 00:00-24:00"
        },
        "tags": [
          "barrierefrei"
        ],
        "sources_by_field": {
          "name": "osm",
          "hours": "osm"
        },
        "apple_id_attempted": "2026-05-29",
        "google_attempted": "2026-05-29",
        "payment": {}
      }
    },
    {
      "type": "Feature",
      "geometry": {
        "type": "Point",
        "coordinates": [
          9.7214883,
          53.5771573
        ]
      },
      "properties": {
        "id": "tk_shr_osm_n13738425686",
        "name": "Spät Kauf",
        "address": {},
        "sources": [
          {
            "type": "osm",
            "id": "node/13738425686",
            "version": 0
          }
        ],
        "created": "2026-05-29",
        "updated": "2026-06-22",
        "hours": {
          "raw": "Mo-Sa 12:00-24:00; Su 10:00-24:00"
        },
        "sources_by_field": {
          "name": "osm",
          "hours": "osm"
        },
        "apple_id_attempted": "2026-05-29",
        "google_attempted": "2026-05-29",
        "payment": {}
      }
    },
    {
      "type": "Feature",
      "geometry": {
        "type": "Point",
        "coordinates": [
          9.7946848,
          53.6616414
        ]
      },
      "properties": {
        "id": "tk_shr_osm_n13765187239",
        "name": "My Kiosk",
        "address": {},
        "sources": [
          {
            "type": "osm",
            "id": "node/13765187239",
            "version": 0
          }
        ],
        "created": "2026-05-29",
        "updated": "2026-06-22",
        "sources_by_field": {
          "name": "osm"
        },
        "apple_id_attempted": "2026-05-29",
        "google_attempted": "2026-05-29",
        "payment": {}
      }
    },
    {
      "type": "Feature",
      "geometry": {
        "type": "Point",
        "coordinates": [
          9.9829017,
          53.7951283
        ]
      },
      "properties": {
        "id": "tk_shr_osm_n13799425001",
        "name": "City Kiosk",
        "address": {},
        "sources": [
          {
            "type": "osm",
            "id": "node/13799425001",
            "version": 0
          }
        ],
        "created": "2026-05-29",
        "updated": "2026-06-22",
        "sources_by_field": {
          "name": "osm"
        },
        "apple_id_attempted": "2026-05-29",
        "google_attempted": "2026-05-29",
        "payment": {}
      }
    },
    {
      "type": "Feature",
      "geometry": {
        "type": "Point",
        "coordinates": [
          9.5148146,
          53.9145165
        ]
      },
      "properties": {
        "id": "tk_shr_osm_n13866898571",
        "name": "Nord-Tobacco",
        "address": {},
        "sources": [
          {
            "type": "osm",
            "id": "node/13866898571",
            "version": 0
          }
        ],
        "created": "2026-05-29",
        "updated": "2026-06-22",
        "hours": {
          "raw": "Mo-Sa 07:00-19:30; PH off"
        },
        "sources_by_field": {
          "name": "osm",
          "hours": "osm"
        },
        "apple_id_attempted": "2026-05-29",
        "google_attempted": "2026-05-29",
        "payment": {}
      }
    },
    {
      "type": "Feature",
      "geometry": {
        "type": "Point",
        "coordinates": [
          10.2399334,
          53.673567
        ]
      },
      "properties": {
        "id": "tk_shr_osm_n13910679199",
        "name": "Snack Bro´s",
        "address": {},
        "sources": [
          {
            "type": "osm",
            "id": "node/13910679199",
            "version": 0
          }
        ],
        "created": "2026-06-15",
        "updated": "2026-06-22",
        "sources_by_field": {
          "name": "osm"
        },
        "apple_id_attempted": "2026-06-21",
        "google_attempted": "2026-06-21",
        "payment": {}
      }
    },
    {
      "type": "Feature",
      "geometry": {
        "type": "Point",
        "coordinates": [
          9.6537825,
          54.3028159
        ]
      },
      "properties": {
        "id": "tk_shr_osm_n1402500978",
        "name": "Kiosk",
        "address": {},
        "sources": [
          {
            "type": "osm",
            "id": "node/1402500978",
            "version": 0
          }
        ],
        "created": "2026-05-29",
        "updated": "2026-06-22",
        "sources_by_field": {
          "name": "osm"
        },
        "apple_id_attempted": "2026-05-29",
        "google_attempted": "2026-05-29",
        "payment": {}
      }
    },
    {
      "type": "Feature",
      "geometry": {
        "type": "Point",
        "coordinates": [
          9.3986271,
          54.7812627
        ]
      },
      "properties": {
        "id": "tk_shr_osm_n1416423574",
        "name": "Der Weinhändler",
        "address": {
          "street": "Westerallee",
          "number": "139",
          "postalcode": "24941",
          "city": "Flensburg"
        },
        "sources": [
          {
            "type": "osm",
            "id": "node/1416423574",
            "version": 0
          }
        ],
        "created": "2026-05-29",
        "updated": "2026-06-22",
        "tags": [
          "barrierefrei"
        ],
        "sources_by_field": {
          "name": "osm",
          "address.street": "osm",
          "address.number": "osm",
          "address.postalcode": "osm",
          "address.city": "osm"
        },
        "apple_id_attempted": "2026-05-29",
        "google_attempted": "2026-05-29",
        "payment": {}
      }
    },
    {
      "type": "Feature",
      "geometry": {
        "type": "Point",
        "coordinates": [
          10.7559074,
          54.0282
        ]
      },
      "properties": {
        "id": "tk_shr_osm_n1423239716",
        "name": "Buch-Kurth",
        "address": {},
        "sources": [
          {
            "type": "osm",
            "id": "node/1423239716",
            "version": 0
          }
        ],
        "created": "2026-05-29",
        "updated": "2026-06-22",
        "hours": {
          "raw": "Mo-Sa 08:30-18:00"
        },
        "sources_by_field": {
          "name": "osm",
          "hours": "osm"
        },
        "apple_id_attempted": "2026-05-29",
        "google_attempted": "2026-05-29",
        "payment": {}
      }
    },
    {
      "type": "Feature",
      "geometry": {
        "type": "Point",
        "coordinates": [
          10.5732707,
          54.0123644
        ]
      },
      "properties": {
        "id": "tk_shr_osm_n1493267295",
        "name": "Kiosk",
        "address": {
          "street": "Plöner Straße",
          "number": "32",
          "postalcode": "23623",
          "city": "Ahrensbök"
        },
        "sources": [
          {
            "type": "osm",
            "id": "node/1493267295",
            "version": 0
          }
        ],
        "created": "2026-05-29",
        "updated": "2026-06-22",
        "hours": {
          "raw": "Mo-We 08:30-12:30,14:30-18:00; Th-Fr 08:30-18:00; Sa 08:30-12:30; Su,PH off"
        },
        "sources_by_field": {
          "name": "osm",
          "address.street": "osm",
          "address.number": "osm",
          "address.postalcode": "osm",
          "address.city": "osm",
          "hours": "osm"
        },
        "apple_id_attempted": "2026-05-29",
        "google_attempted": "2026-05-29",
        "payment": {}
      }
    },
    {
      "type": "Feature",
      "geometry": {
        "type": "Point",
        "coordinates": [
          9.0638437,
          54.4917986
        ]
      },
      "properties": {
        "id": "tk_shr_osm_n1616581219",
        "name": "Getränkeabholmarkt drinks",
        "address": {},
        "sources": [
          {
            "type": "osm",
            "id": "node/1616581219",
            "version": 0
          }
        ],
        "created": "2026-05-29",
        "updated": "2026-06-22",
        "sources_by_field": {
          "name": "osm"
        },
        "apple_id_attempted": "2026-05-29",
        "google_attempted": "2026-05-29",
        "payment": {}
      }
    },
    {
      "type": "Feature",
      "geometry": {
        "type": "Point",
        "coordinates": [
          9.0909099,
          54.1953969
        ]
      },
      "properties": {
        "id": "tk_shr_osm_n1674561453",
        "name": "Tabak & Lotto",
        "address": {},
        "sources": [
          {
            "type": "osm",
            "id": "node/1674561453",
            "version": 0
          }
        ],
        "created": "2026-05-29",
        "updated": "2026-06-22",
        "hours": {
          "raw": "Mo-Fr 08:00-18:00;Sa 7:30-14:00"
        },
        "sources_by_field": {
          "name": "osm",
          "hours": "osm"
        },
        "apple_id_attempted": "2026-05-29",
        "google_attempted": "2026-05-29",
        "payment": {}
      }
    },
    {
      "type": "Feature",
      "geometry": {
        "type": "Point",
        "coordinates": [
          9.516663,
          53.9230396
        ]
      },
      "properties": {
        "id": "tk_shr_osm_n1791702486",
        "name": "Kiosk Kokos",
        "address": {},
        "sources": [
          {
            "type": "osm",
            "id": "node/1791702486",
            "version": 0
          }
        ],
        "created": "2026-05-29",
        "updated": "2026-06-22",
        "hours": {
          "raw": "Mo-Fr 07:00-18:30; Sa 09:00-20:00"
        },
        "sources_by_field": {
          "name": "osm",
          "hours": "osm"
        },
        "apple_id_attempted": "2026-05-29",
        "google_attempted": "2026-05-29",
        "payment": {}
      }
    },
    {
      "type": "Feature",
      "geometry": {
        "type": "Point",
        "coordinates": [
          9.4351068,
          54.7850156
        ]
      },
      "properties": {
        "id": "tk_shr_osm_n1858243363",
        "name": "Effect",
        "address": {
          "street": "Holm",
          "number": "19",
          "postalcode": "24937",
          "city": "Flensburg"
        },
        "sources": [
          {
            "type": "osm",
            "id": "node/1858243363",
            "version": 0
          }
        ],
        "created": "2026-05-29",
        "updated": "2026-06-22",
        "payment": {
          "cash": "yes",
          "cards": "yes",
          "contactless": "unknown",
          "girocard": "unknown"
        },
        "tags": [
          "barrierefrei"
        ],
        "sources_by_field": {
          "name": "osm",
          "address.street": "osm",
          "address.number": "osm",
          "address.postalcode": "osm",
          "address.city": "osm",
          "payment.cash": "osm",
          "payment.cards": "osm",
          "payment.contactless": "osm",
          "payment.girocard": "osm"
        },
        "apple_id_attempted": "2026-05-29",
        "google_attempted": "2026-05-29"
      }
    },
    {
      "type": "Feature",
      "geometry": {
        "type": "Point",
        "coordinates": [
          9.4262427,
          54.7806885
        ]
      },
      "properties": {
        "id": "tk_shr_osm_n1858789446",
        "name": "Zur Exe",
        "address": {},
        "sources": [
          {
            "type": "osm",
            "id": "node/1858789446",
            "version": 0
          }
        ],
        "created": "2026-05-29",
        "updated": "2026-06-22",
        "hours": {
          "raw": "Mo-Fr 06:00-22:00; Sa 08:00-22:00; PH,Su 14:00-19:00"
        },
        "sources_by_field": {
          "name": "osm",
          "hours": "osm"
        },
        "apple_id_attempted": "2026-05-29",
        "google_attempted": "2026-05-29",
        "payment": {}
      }
    },
    {
      "type": "Feature",
      "geometry": {
        "type": "Point",
        "coordinates": [
          10.4141276,
          54.1578947
        ]
      },
      "properties": {
        "id": "tk_shr_osm_n1995671812",
        "name": "Ihre Pressewelt",
        "address": {
          "street": "Lange Straße",
          "number": "17",
          "postalcode": "24306",
          "city": "Plön"
        },
        "sources": [
          {
            "type": "osm",
            "id": "node/1995671812",
            "version": 0
          }
        ],
        "created": "2026-05-29",
        "updated": "2026-06-22",
        "hours": {
          "raw": "Mo-Fr 07:30-18:00; Sa 07:30-13:00"
        },
        "sources_by_field": {
          "name": "osm",
          "address.street": "osm",
          "address.number": "osm",
          "address.postalcode": "osm",
          "address.city": "osm",
          "hours": "osm"
        },
        "apple_id_attempted": "2026-05-29",
        "google_attempted": "2026-05-29",
        "payment": {}
      }
    },
    {
      "type": "Feature",
      "geometry": {
        "type": "Point",
        "coordinates": [
          10.414578,
          54.1579439
        ]
      },
      "properties": {
        "id": "tk_shr_osm_n1995678993",
        "name": "Wein und Co",
        "address": {
          "street": "Lange Straße",
          "number": "13",
          "postalcode": "24306",
          "city": "Plön"
        },
        "sources": [
          {
            "type": "osm",
            "id": "node/1995678993",
            "version": 0
          }
        ],
        "created": "2026-05-29",
        "updated": "2026-06-22",
        "hours": {
          "raw": "Mo-Fr 10:00-18:00; Sa 10:00-13:00"
        },
        "tags": [
          "barrierefrei"
        ],
        "sources_by_field": {
          "name": "osm",
          "address.street": "osm",
          "address.number": "osm",
          "address.postalcode": "osm",
          "address.city": "osm",
          "hours": "osm"
        },
        "apple_id_attempted": "2026-05-29",
        "google_attempted": "2026-05-29",
        "payment": {}
      }
    },
    {
      "type": "Feature",
      "geometry": {
        "type": "Point",
        "coordinates": [
          9.9819246,
          53.7943031
        ]
      },
      "properties": {
        "id": "tk_shr_osm_n2101210860",
        "name": "Kiosk am Bahnhof",
        "address": {},
        "sources": [
          {
            "type": "osm",
            "id": "node/2101210860",
            "version": 0
          }
        ],
        "created": "2026-05-29",
        "updated": "2026-06-22",
        "hours": {
          "raw": "Mo-Fr 05:30-21:00; Sa 10:00-21:00; Su 12:00-21:00"
        },
        "tags": [
          "barrierefrei"
        ],
        "sources_by_field": {
          "name": "osm",
          "hours": "osm"
        },
        "apple_id_attempted": "2026-05-29",
        "google_attempted": "2026-05-29",
        "payment": {}
      }
    },
    {
      "type": "Feature",
      "geometry": {
        "type": "Point",
        "coordinates": [
          9.330528,
          54.6889978
        ]
      },
      "properties": {
        "id": "tk_shr_osm_n2126769668",
        "name": "Kiosk...und mehr",
        "address": {
          "street": "Flensburger Straße",
          "number": "7",
          "postalcode": "24997",
          "city": "Wanderup"
        },
        "sources": [
          {
            "type": "osm",
            "id": "node/2126769668",
            "version": 0
          }
        ],
        "created": "2026-05-29",
        "updated": "2026-06-22",
        "hours": {
          "raw": "Su-Th 15:00-20:00; Tu 09:00-12:00; Fr,Sa 15:00-21:30"
        },
        "sources_by_field": {
          "name": "osm",
          "address.street": "osm",
          "address.number": "osm",
          "address.postalcode": "osm",
          "address.city": "osm",
          "hours": "osm"
        },
        "apple_id_attempted": "2026-05-29",
        "google_attempted": "2026-05-29",
        "payment": {}
      }
    },
    {
      "type": "Feature",
      "geometry": {
        "type": "Point",
        "coordinates": [
          9.7687169,
          53.7257308
        ]
      },
      "properties": {
        "id": "tk_shr_osm_n2184453494",
        "name": "Getränke Richter",
        "address": {},
        "sources": [
          {
            "type": "osm",
            "id": "node/2184453494",
            "version": 0
          }
        ],
        "created": "2026-05-29",
        "updated": "2026-06-22",
        "sources_by_field": {
          "name": "osm"
        },
        "apple_id_attempted": "2026-05-29",
        "google_attempted": "2026-05-29",
        "payment": {}
      }
    },
    {
      "type": "Feature",
      "geometry": {
        "type": "Point",
        "coordinates": [
          10.8775834,
          53.9649862
        ]
      },
      "properties": {
        "id": "tk_shr_osm_n2297435286",
        "name": "Zimmermann",
        "address": {},
        "sources": [
          {
            "type": "osm",
            "id": "node/2297435286",
            "version": 0
          }
        ],
        "created": "2026-05-29",
        "updated": "2026-06-22",
        "hours": {
          "raw": "Mo-Su 08:00-18:00"
        },
        "payment": {
          "cash": "unknown",
          "cards": "unknown",
          "contactless": "unknown",
          "girocard": "unknown"
        },
        "sources_by_field": {
          "name": "osm",
          "hours": "osm",
          "payment.cash": "osm",
          "payment.cards": "osm",
          "payment.contactless": "osm",
          "payment.girocard": "osm"
        },
        "apple_id_attempted": "2026-05-29"
      }
    },
    {
      "type": "Feature",
      "geometry": {
        "type": "Point",
        "coordinates": [
          9.9807869,
          54.0763605
        ]
      },
      "properties": {
        "id": "tk_shr_osm_n2314256153",
        "name": "ServiceStore DB",
        "address": {},
        "sources": [
          {
            "type": "osm",
            "id": "node/2314256153",
            "version": 0
          }
        ],
        "created": "2026-05-29",
        "updated": "2026-06-22",
        "sources_by_field": {
          "name": "osm"
        },
        "apple_id_attempted": "2026-05-29",
        "google_attempted": "2026-05-29",
        "payment": {}
      }
    },
    {
      "type": "Feature",
      "geometry": {
        "type": "Point",
        "coordinates": [
          10.373272,
          53.4359122
        ]
      },
      "properties": {
        "id": "tk_shr_osm_n2325125181",
        "name": "Pausenraum",
        "address": {},
        "sources": [
          {
            "type": "osm",
            "id": "node/2325125181",
            "version": 0
          }
        ],
        "created": "2026-05-29",
        "updated": "2026-06-22",
        "hours": {
          "raw": "Mo-Sa 05:00-18:00"
        },
        "sources_by_field": {
          "name": "osm",
          "hours": "osm"
        },
        "apple_id_attempted": "2026-05-29",
        "google_attempted": "2026-05-29",
        "payment": {}
      }
    },
    {
      "type": "Feature",
      "geometry": {
        "type": "Point",
        "coordinates": [
          9.4520052,
          54.7875453
        ]
      },
      "properties": {
        "id": "tk_shr_osm_n2333079349",
        "name": "Kiosk",
        "address": {},
        "sources": [
          {
            "type": "osm",
            "id": "node/2333079349",
            "version": 0
          }
        ],
        "created": "2026-05-29",
        "updated": "2026-06-22",
        "hours": {
          "raw": "Mo-Fr 07:00-22:00; Sa 08:00-22:00; PH,Su 15:00-20:00"
        },
        "tags": [
          "barrierefrei"
        ],
        "sources_by_field": {
          "name": "osm",
          "hours": "osm"
        },
        "apple_id_attempted": "2026-05-29",
        "google_attempted": "2026-05-29",
        "payment": {}
      }
    },
    {
      "type": "Feature",
      "geometry": {
        "type": "Point",
        "coordinates": [
          8.3293653,
          54.9355813
        ]
      },
      "properties": {
        "id": "tk_shr_osm_n2369528096",
        "name": "Feinkost Meyer - GetränkeShop",
        "address": {
          "street": "Osterweg",
          "number": "4",
          "postalcode": "25996",
          "city": "Wenningstedt-Braderup (Sylt)",
          "district": "Wenningstedt"
        },
        "sources": [
          {
            "type": "osm",
            "id": "node/2369528096",
            "version": 0
          }
        ],
        "created": "2026-05-29",
        "updated": "2026-06-22",
        "hours": {
          "raw": "Mo-Sa 08:30-18:00"
        },
        "tags": [
          "barrierefrei"
        ],
        "sources_by_field": {
          "name": "osm",
          "address.street": "osm",
          "address.number": "osm",
          "address.postalcode": "osm",
          "address.city": "osm",
          "address.district": "osm",
          "hours": "osm"
        },
        "apple_id_attempted": "2026-05-29",
        "google_attempted": "2026-05-29",
        "payment": {}
      }
    },
    {
      "type": "Feature",
      "geometry": {
        "type": "Point",
        "coordinates": [
          9.4191914,
          53.7897374
        ]
      },
      "properties": {
        "id": "tk_shr_osm_n2387328838",
        "name": "By Kiki & Harald",
        "address": {},
        "sources": [
          {
            "type": "osm",
            "id": "node/2387328838",
            "version": 0
          }
        ],
        "created": "2026-05-29",
        "updated": "2026-06-22",
        "sources_by_field": {
          "name": "osm"
        },
        "apple_id_attempted": "2026-05-29",
        "google_attempted": "2026-05-29",
        "payment": {}
      }
    },
    {
      "type": "Feature",
      "geometry": {
        "type": "Point",
        "coordinates": [
          8.5475006,
          54.6181557
        ]
      },
      "properties": {
        "id": "tk_shr_osm_n2403451881",
        "name": "Kiosk",
        "address": {},
        "sources": [
          {
            "type": "osm",
            "id": "node/2403451881",
            "version": 0
          }
        ],
        "created": "2026-05-29",
        "updated": "2026-06-22",
        "sources_by_field": {
          "name": "osm"
        },
        "apple_id_attempted": "2026-05-29",
        "google_attempted": "2026-05-29",
        "payment": {}
      }
    },
    {
      "type": "Feature",
      "geometry": {
        "type": "Point",
        "coordinates": [
          8.3335085,
          54.6358179
        ]
      },
      "properties": {
        "id": "tk_shr_osm_n2460826460",
        "name": "Strandkorbvermietung",
        "address": {},
        "sources": [
          {
            "type": "osm",
            "id": "node/2460826460",
            "version": 0
          }
        ],
        "created": "2026-05-29",
        "updated": "2026-06-22",
        "payment": {
          "cash": "yes",
          "cards": "unknown",
          "contactless": "unknown",
          "girocard": "unknown"
        },
        "sources_by_field": {
          "name": "osm",
          "payment.cash": "osm",
          "payment.cards": "osm",
          "payment.contactless": "osm",
          "payment.girocard": "osm"
        },
        "apple_id_attempted": "2026-05-29",
        "google_attempted": "2026-05-29"
      }
    },
    {
      "type": "Feature",
      "geometry": {
        "type": "Point",
        "coordinates": [
          9.8501377,
          54.4801021
        ]
      },
      "properties": {
        "id": "tk_shr_osm_n2472118232",
        "name": "Tabakwaren Sap",
        "address": {
          "street": "Prinzenstraße",
          "number": "52",
          "postalcode": "24340",
          "city": "Eckernförde"
        },
        "sources": [
          {
            "type": "osm",
            "id": "node/2472118232",
            "version": 0
          }
        ],
        "created": "2026-05-29",
        "updated": "2026-06-22",
        "sources_by_field": {
          "name": "osm",
          "address.street": "osm",
          "address.number": "osm",
          "address.postalcode": "osm",
          "address.city": "osm"
        },
        "apple_id_attempted": "2026-05-29",
        "google_attempted": "2026-05-29",
        "payment": {}
      }
    },
    {
      "type": "Feature",
      "geometry": {
        "type": "Point",
        "coordinates": [
          8.8572199,
          54.51538
        ]
      },
      "properties": {
        "id": "tk_shr_osm_n2520290205",
        "name": "Campingkiosk",
        "address": {
          "number": "17",
          "postalcode": "25845",
          "city": "Elisabeth-Sophien-Koog"
        },
        "sources": [
          {
            "type": "osm",
            "id": "node/2520290205",
            "version": 0
          }
        ],
        "created": "2026-05-29",
        "updated": "2026-06-22",
        "hours": {
          "raw": "11:30-20:00"
        },
        "tags": [
          "barrierefrei"
        ],
        "sources_by_field": {
          "name": "osm",
          "address.number": "osm",
          "address.postalcode": "osm",
          "address.city": "osm",
          "hours": "osm"
        },
        "apple_id_attempted": "2026-05-29",
        "google_attempted": "2026-05-29",
        "payment": {}
      }
    },
    {
      "type": "Feature",
      "geometry": {
        "type": "Point",
        "coordinates": [
          9.6766987,
          53.6803881
        ]
      },
      "properties": {
        "id": "tk_shr_osm_n271073092",
        "name": "Blaue Kiste",
        "address": {},
        "sources": [
          {
            "type": "osm",
            "id": "node/271073092",
            "version": 0
          }
        ],
        "created": "2026-05-29",
        "updated": "2026-06-22",
        "sources_by_field": {
          "name": "osm"
        },
        "apple_id_attempted": "2026-05-29",
        "google_attempted": "2026-05-29",
        "payment": {}
      }
    },
    {
      "type": "Feature",
      "geometry": {
        "type": "Point",
        "coordinates": [
          10.0967775,
          53.7656579
        ]
      },
      "properties": {
        "id": "tk_shr_osm_n2724092963",
        "name": "Weinhaus Teschemacher",
        "address": {},
        "sources": [
          {
            "type": "osm",
            "id": "node/2724092963",
            "version": 0
          }
        ],
        "created": "2026-05-29",
        "updated": "2026-06-22",
        "sources_by_field": {
          "name": "osm"
        },
        "apple_id_attempted": "2026-05-29",
        "google_attempted": "2026-05-29",
        "payment": {}
      }
    },
    {
      "type": "Feature",
      "geometry": {
        "type": "Point",
        "coordinates": [
          11.0857929,
          54.2311509
        ]
      },
      "properties": {
        "id": "tk_shr_osm_n2749153886",
        "name": "Northpoint",
        "address": {},
        "sources": [
          {
            "type": "osm",
            "id": "node/2749153886",
            "version": 0
          }
        ],
        "created": "2026-05-29",
        "updated": "2026-06-22",
        "sources_by_field": {
          "name": "osm"
        },
        "apple_id_attempted": "2026-05-29",
        "google_attempted": "2026-05-29",
        "payment": {}
      }
    },
    {
      "type": "Feature",
      "geometry": {
        "type": "Point",
        "coordinates": [
          9.9728676,
          54.405878
        ]
      },
      "properties": {
        "id": "tk_shr_osm_n280131271",
        "name": "Tobacco & More",
        "address": {},
        "sources": [
          {
            "type": "osm",
            "id": "node/280131271",
            "version": 0
          }
        ],
        "created": "2026-05-29",
        "updated": "2026-06-22",
        "hours": {
          "raw": "Mo-Sa 08:00-19:00"
        },
        "tags": [
          "barrierefrei"
        ],
        "sources_by_field": {
          "name": "osm",
          "hours": "osm"
        },
        "apple_id_attempted": "2026-05-29",
        "google_attempted": "2026-05-29",
        "payment": {}
      }
    },
    {
      "type": "Feature",
      "geometry": {
        "type": "Point",
        "coordinates": [
          9.6618751,
          53.7549109
        ]
      },
      "properties": {
        "id": "tk_shr_osm_n2911786702",
        "name": "City Kiosk",
        "address": {},
        "sources": [
          {
            "type": "osm",
            "id": "node/2911786702",
            "version": 0
          }
        ],
        "created": "2026-05-29",
        "updated": "2026-06-22",
        "hours": {
          "raw": "Mo-Su 10:00+"
        },
        "sources_by_field": {
          "name": "osm",
          "hours": "osm"
        },
        "apple_id_attempted": "2026-05-29",
        "google_attempted": "2026-05-29",
        "payment": {}
      }
    },
    {
      "type": "Feature",
      "geometry": {
        "type": "Point",
        "coordinates": [
          9.668855,
          53.7517894
        ]
      },
      "properties": {
        "id": "tk_shr_osm_n2928174246",
        "name": "Pauseneck",
        "address": {},
        "sources": [
          {
            "type": "osm",
            "id": "node/2928174246",
            "version": 0
          }
        ],
        "created": "2026-05-29",
        "updated": "2026-06-22",
        "sources_by_field": {
          "name": "osm"
        },
        "apple_id_attempted": "2026-05-29",
        "google_attempted": "2026-05-29",
        "payment": {}
      }
    },
    {
      "type": "Feature",
      "geometry": {
        "type": "Point",
        "coordinates": [
          9.6559635,
          53.7537909
        ]
      },
      "properties": {
        "id": "tk_shr_osm_n2938098239",
        "name": "Kö22",
        "address": {},
        "sources": [
          {
            "type": "osm",
            "id": "node/2938098239",
            "version": 0
          }
        ],
        "created": "2026-05-29",
        "updated": "2026-06-22",
        "hours": {
          "raw": "Mo-Fr 07:30-18:00; Sa 07:30-16:00"
        },
        "sources_by_field": {
          "name": "osm",
          "hours": "osm"
        },
        "apple_id_attempted": "2026-05-29",
        "google_attempted": "2026-05-29",
        "payment": {}
      }
    },
    {
      "type": "Feature",
      "geometry": {
        "type": "Point",
        "coordinates": [
          9.6503996,
          53.7542776
        ]
      },
      "properties": {
        "id": "tk_shr_osm_n2955746492",
        "name": "De goode Stuv",
        "address": {
          "street": "Schulstraße",
          "number": "68",
          "city": "Elmshorn"
        },
        "sources": [
          {
            "type": "osm",
            "id": "node/2955746492",
            "version": 0
          }
        ],
        "created": "2026-05-29",
        "updated": "2026-06-22",
        "hours": {
          "raw": "Mo-Sa 07:00-19:00"
        },
        "sources_by_field": {
          "name": "osm",
          "address.street": "osm",
          "address.number": "osm",
          "address.city": "osm",
          "hours": "osm"
        },
        "apple_id_attempted": "2026-05-29",
        "google_attempted": "2026-05-29",
        "payment": {}
      }
    },
    {
      "type": "Feature",
      "geometry": {
        "type": "Point",
        "coordinates": [
          10.9103128,
          54.2922165
        ]
      },
      "properties": {
        "id": "tk_shr_osm_n300941584",
        "name": "famila",
        "address": {},
        "sources": [
          {
            "type": "osm",
            "id": "node/300941584",
            "version": 0
          }
        ],
        "created": "2026-05-29",
        "updated": "2026-06-22",
        "hours": {
          "raw": "Mo-Sa 07:00-21:00"
        },
        "payment": {
          "cash": "yes",
          "cards": "unknown",
          "contactless": "unknown",
          "girocard": "yes"
        },
        "tags": [
          "barrierefrei"
        ],
        "sources_by_field": {
          "name": "osm",
          "hours": "osm",
          "payment.cash": "osm",
          "payment.cards": "osm",
          "payment.contactless": "osm",
          "payment.girocard": "osm"
        },
        "apple_id_attempted": "2026-05-29"
      }
    },
    {
      "type": "Feature",
      "geometry": {
        "type": "Point",
        "coordinates": [
          9.4285443,
          54.8129837
        ]
      },
      "properties": {
        "id": "tk_shr_osm_n3041211033",
        "name": "Strandkiosk",
        "address": {},
        "sources": [
          {
            "type": "osm",
            "id": "node/3041211033",
            "version": 0
          }
        ],
        "created": "2026-05-29",
        "updated": "2026-06-22",
        "sources_by_field": {
          "name": "osm"
        },
        "apple_id_attempted": "2026-05-29",
        "google_attempted": "2026-05-29",
        "payment": {}
      }
    },
    {
      "type": "Feature",
      "geometry": {
        "type": "Point",
        "coordinates": [
          10.3928763,
          53.4402579
        ]
      },
      "properties": {
        "id": "tk_shr_osm_n3093693265",
        "name": "REWE Getränke",
        "address": {
          "street": "Hansastraße",
          "number": "38",
          "postalcode": "21502",
          "city": "Geesthacht"
        },
        "sources": [
          {
            "type": "osm",
            "id": "node/3093693265",
            "version": 0
          }
        ],
        "created": "2026-05-29",
        "updated": "2026-06-22",
        "tags": [
          "barrierefrei"
        ],
        "sources_by_field": {
          "name": "osm",
          "address.street": "osm",
          "address.number": "osm",
          "address.postalcode": "osm",
          "address.city": "osm"
        },
        "apple_id_attempted": "2026-05-29",
        "google_attempted": "2026-05-29",
        "payment": {}
      }
    },
    {
      "type": "Feature",
      "geometry": {
        "type": "Point",
        "coordinates": [
          8.3218127,
          54.6447248
        ]
      },
      "properties": {
        "id": "tk_shr_osm_n3147446357",
        "name": "Café Knülle",
        "address": {
          "postalcode": "25946",
          "city": "Nebel"
        },
        "sources": [
          {
            "type": "osm",
            "id": "node/3147446357",
            "version": 0
          }
        ],
        "created": "2026-05-29",
        "updated": "2026-06-22",
        "hours": {
          "raw": "Jun-Sep: Mo-Su 09:00-sunset || \"bei gutem Wetter\""
        },
        "tags": [
          "draussen"
        ],
        "sources_by_field": {
          "name": "osm",
          "address.postalcode": "osm",
          "address.city": "osm",
          "hours": "osm"
        },
        "apple_id_attempted": "2026-05-29",
        "google_attempted": "2026-05-29",
        "payment": {}
      }
    },
    {
      "type": "Feature",
      "geometry": {
        "type": "Point",
        "coordinates": [
          10.8143172,
          54.1073372
        ]
      },
      "properties": {
        "id": "tk_shr_osm_n318737637",
        "name": "Am Markt",
        "address": {},
        "sources": [
          {
            "type": "osm",
            "id": "node/318737637",
            "version": 0
          }
        ],
        "created": "2026-05-29",
        "updated": "2026-06-22",
        "sources_by_field": {
          "name": "osm"
        },
        "apple_id_attempted": "2026-05-29",
        "google_attempted": "2026-05-29",
        "payment": {}
      }
    },
    {
      "type": "Feature",
      "geometry": {
        "type": "Point",
        "coordinates": [
          9.578451,
          54.7647087
        ]
      },
      "properties": {
        "id": "tk_shr_osm_n321418613",
        "name": "bft Willer",
        "address": {
          "street": "Flensburger Straße",
          "number": "37",
          "postalcode": "24975",
          "city": "Husby"
        },
        "sources": [
          {
            "type": "osm",
            "id": "node/321418613",
            "version": 0
          }
        ],
        "created": "2026-05-29",
        "updated": "2026-06-22",
        "hours": {
          "raw": "Mo-Sa 06:30-22:00; Su 08:00-11:00"
        },
        "sources_by_field": {
          "name": "osm",
          "address.street": "osm",
          "address.number": "osm",
          "address.postalcode": "osm",
          "address.city": "osm",
          "hours": "osm"
        },
        "apple_id_attempted": "2026-05-29",
        "google_attempted": "2026-05-29",
        "payment": {}
      }
    },
    {
      "type": "Feature",
      "geometry": {
        "type": "Point",
        "coordinates": [
          10.5799628,
          54.1290756
        ]
      },
      "properties": {
        "id": "tk_shr_osm_n321897939",
        "name": "Aral",
        "address": {
          "street": "Plöner Landstraße",
          "number": "7",
          "postalcode": "23701",
          "city": "Eutin"
        },
        "sources": [
          {
            "type": "osm",
            "id": "node/321897939",
            "version": 0
          }
        ],
        "created": "2026-05-29",
        "updated": "2026-06-22",
        "hours": {
          "raw": "Mo-Fr 05:00-22:00; Sa, Su 06:00-22:00"
        },
        "tags": [
          "barrierefrei"
        ],
        "sources_by_field": {
          "name": "osm",
          "address.street": "osm",
          "address.number": "osm",
          "address.postalcode": "osm",
          "address.city": "osm",
          "hours": "osm"
        },
        "apple_id_attempted": "2026-05-29",
        "google_attempted": "2026-05-29",
        "payment": {}
      }
    },
    {
      "type": "Feature",
      "geometry": {
        "type": "Point",
        "coordinates": [
          9.4407386,
          54.778543
        ]
      },
      "properties": {
        "id": "tk_shr_osm_n365426867",
        "name": "Candy Shop",
        "address": {},
        "sources": [
          {
            "type": "osm",
            "id": "node/365426867",
            "version": 0
          }
        ],
        "created": "2026-05-29",
        "updated": "2026-06-22",
        "hours": {
          "raw": "Mo-Su,PH 10:00-22:00"
        },
        "tags": [
          "barrierefrei"
        ],
        "sources_by_field": {
          "name": "osm",
          "hours": "osm"
        },
        "apple_id_attempted": "2026-05-29",
        "google_attempted": "2026-05-29",
        "payment": {}
      }
    },
    {
      "type": "Feature",
      "geometry": {
        "type": "Point",
        "coordinates": [
          9.44273,
          54.7830739
        ]
      },
      "properties": {
        "id": "tk_shr_osm_n3692053636",
        "name": "Kiosk",
        "address": {},
        "sources": [
          {
            "type": "osm",
            "id": "node/3692053636",
            "version": 0
          }
        ],
        "created": "2026-05-29",
        "updated": "2026-06-22",
        "tags": [
          "barrierefrei"
        ],
        "sources_by_field": {
          "name": "osm"
        },
        "apple_id_attempted": "2026-05-29",
        "google_attempted": "2026-05-29",
        "payment": {}
      }
    },
    {
      "type": "Feature",
      "geometry": {
        "type": "Point",
        "coordinates": [
          10.8604911,
          53.9573214
        ]
      },
      "properties": {
        "id": "tk_shr_osm_n3840593544",
        "name": "Rewe",
        "address": {},
        "sources": [
          {
            "type": "osm",
            "id": "node/3840593544",
            "version": 0
          }
        ],
        "created": "2026-05-29",
        "updated": "2026-06-22",
        "hours": {
          "raw": "Mar-Oct: Mo-Sa 07:00-22:00, Mar-Oct: Su 11:00-17:00, Nov-Mar: Mo-Sa 07:00-22:00"
        },
        "sources_by_field": {
          "name": "osm",
          "hours": "osm"
        },
        "apple_id_attempted": "2026-05-29",
        "google_attempted": "2026-05-29",
        "payment": {}
      }
    },
    {
      "type": "Feature",
      "geometry": {
        "type": "Point",
        "coordinates": [
          9.7666215,
          54.7545263
        ]
      },
      "properties": {
        "id": "tk_shr_osm_n3849103136",
        "name": "Ute's Nachbar Shop",
        "address": {},
        "sources": [
          {
            "type": "osm",
            "id": "node/3849103136",
            "version": 0
          }
        ],
        "created": "2026-05-29",
        "updated": "2026-06-01",
        "hours": {
          "raw": "Mo,Tu off; We-Su \"klingeln\""
        },
        "sources_by_field": {
          "name": "osm",
          "hours": "osm"
        },
        "apple_id_attempted": "2026-05-29",
        "google_attempted": "2026-05-29",
        "payment": {},
        "osm_removed": true
      }
    },
    {
      "type": "Feature",
      "geometry": {
        "type": "Point",
        "coordinates": [
          9.8984057,
          54.7475251
        ]
      },
      "properties": {
        "id": "tk_shr_osm_n3867200404",
        "name": "Seekiste",
        "address": {
          "street": "Norderholm",
          "number": "10",
          "postalcode": "24395",
          "city": "Gelting"
        },
        "sources": [
          {
            "type": "osm",
            "id": "node/3867200404",
            "version": 0
          }
        ],
        "created": "2026-05-29",
        "updated": "2026-06-22",
        "hours": {
          "raw": "Mo,Tu,Th,Fr 08:00-12:00,14:00-18:00; We,Sa 08:00-12:30"
        },
        "tags": [
          "barrierefrei"
        ],
        "sources_by_field": {
          "name": "osm",
          "address.street": "osm",
          "address.number": "osm",
          "address.postalcode": "osm",
          "address.city": "osm",
          "hours": "osm"
        },
        "apple_id_attempted": "2026-05-29",
        "google_attempted": "2026-05-29",
        "payment": {}
      }
    },
    {
      "type": "Feature",
      "geometry": {
        "type": "Point",
        "coordinates": [
          9.626551,
          53.8046655
        ]
      },
      "properties": {
        "id": "tk_shr_osm_n388086872",
        "name": "Oil!",
        "address": {
          "street": "Elmshorner Straße",
          "number": "33",
          "postalcode": "25358",
          "city": "Horst"
        },
        "sources": [
          {
            "type": "osm",
            "id": "node/388086872",
            "version": 0
          }
        ],
        "created": "2026-05-29",
        "updated": "2026-06-22",
        "hours": {
          "raw": "PH,Sa,Su 07:00-22:00; Mo-Fr 05:00-22:00"
        },
        "sources_by_field": {
          "name": "osm",
          "address.street": "osm",
          "address.number": "osm",
          "address.postalcode": "osm",
          "address.city": "osm",
          "hours": "osm"
        },
        "apple_id_attempted": "2026-05-29",
        "google_attempted": "2026-05-29",
        "payment": {}
      }
    },
    {
      "type": "Feature",
      "geometry": {
        "type": "Point",
        "coordinates": [
          9.432777,
          54.7908053
        ]
      },
      "properties": {
        "id": "tk_shr_osm_n3890999522",
        "name": "Delo's SB Kiosk 24/7",
        "address": {},
        "sources": [
          {
            "type": "osm",
            "id": "node/3890999522",
            "version": 0
          }
        ],
        "created": "2026-05-29",
        "updated": "2026-06-22",
        "hours": {
          "raw": "24/7"
        },
        "payment": {
          "cash": "unknown",
          "cards": "yes",
          "contactless": "unknown",
          "girocard": "unknown"
        },
        "sources_by_field": {
          "name": "osm",
          "hours": "osm",
          "payment.cash": "osm",
          "payment.cards": "osm",
          "payment.contactless": "osm",
          "payment.girocard": "osm"
        },
        "apple_id_attempted": "2026-05-29"
      }
    },
    {
      "type": "Feature",
      "geometry": {
        "type": "Point",
        "coordinates": [
          10.8598919,
          53.9637374
        ]
      },
      "properties": {
        "id": "tk_shr_osm_n4063660922",
        "name": "Edeka",
        "address": {},
        "sources": [
          {
            "type": "osm",
            "id": "node/4063660922",
            "version": 0
          }
        ],
        "created": "2026-05-29",
        "updated": "2026-06-15",
        "payment": {
          "cash": "unknown",
          "cards": "yes",
          "contactless": "unknown",
          "girocard": "unknown"
        },
        "tags": [
          "barrierefrei"
        ],
        "sources_by_field": {
          "name": "osm",
          "payment.cash": "osm",
          "payment.cards": "osm",
          "payment.contactless": "osm",
          "payment.girocard": "osm"
        },
        "apple_id_attempted": "2026-05-29",
        "google_attempted": "2026-05-29",
        "osm_removed": true
      }
    },
    {
      "type": "Feature",
      "geometry": {
        "type": "Point",
        "coordinates": [
          9.5375325,
          54.5003303
        ]
      },
      "properties": {
        "id": "tk_shr_osm_n4151145916",
        "name": "Kiosk am Bahnhof",
        "address": {},
        "sources": [
          {
            "type": "osm",
            "id": "node/4151145916",
            "version": 0
          }
        ],
        "created": "2026-05-29",
        "updated": "2026-06-22",
        "hours": {
          "raw": "Mo-Fr 05:00-14:00; Sa 06:00-12:00; Su 06:00-16:00"
        },
        "payment": {
          "cash": "yes",
          "cards": "unknown",
          "contactless": "unknown",
          "girocard": "unknown"
        },
        "sources_by_field": {
          "name": "osm",
          "hours": "osm",
          "payment.cash": "osm",
          "payment.cards": "osm",
          "payment.contactless": "osm",
          "payment.girocard": "osm"
        },
        "apple_id_attempted": "2026-05-29"
      }
    },
    {
      "type": "Feature",
      "geometry": {
        "type": "Point",
        "coordinates": [
          10.8011132,
          54.0924108
        ]
      },
      "properties": {
        "id": "tk_shr_osm_n416357608",
        "name": "Minimarkt",
        "address": {},
        "sources": [
          {
            "type": "osm",
            "id": "node/416357608",
            "version": 0
          }
        ],
        "created": "2026-05-29",
        "updated": "2026-06-22",
        "hours": {
          "raw": "24/7"
        },
        "sources_by_field": {
          "name": "osm",
          "hours": "osm"
        },
        "apple_id_attempted": "2026-05-29",
        "google_attempted": "2026-05-29",
        "payment": {}
      }
    },
    {
      "type": "Feature",
      "geometry": {
        "type": "Point",
        "coordinates": [
          10.4898356,
          54.1719523
        ]
      },
      "properties": {
        "id": "tk_shr_osm_n426832877",
        "name": "Frauke`s Kunstkiste",
        "address": {},
        "sources": [
          {
            "type": "osm",
            "id": "node/426832877",
            "version": 0
          }
        ],
        "created": "2026-05-29",
        "updated": "2026-06-22",
        "sources_by_field": {
          "name": "osm"
        },
        "apple_id_attempted": "2026-05-29",
        "google_attempted": "2026-05-29",
        "payment": {}
      }
    },
    {
      "type": "Feature",
      "geometry": {
        "type": "Point",
        "coordinates": [
          9.8434142,
          53.6081787
        ]
      },
      "properties": {
        "id": "tk_shr_osm_n431191078",
        "name": "Hollmann",
        "address": {},
        "sources": [
          {
            "type": "osm",
            "id": "node/431191078",
            "version": 0
          }
        ],
        "created": "2026-05-29",
        "updated": "2026-06-22",
        "hours": {
          "raw": "Mo-Fr 07:00-18:30; Sa 07:00-14:00"
        },
        "tags": [
          "barrierefrei"
        ],
        "sources_by_field": {
          "name": "osm",
          "hours": "osm"
        },
        "apple_id_attempted": "2026-05-29",
        "google_attempted": "2026-05-29",
        "payment": {}
      }
    },
    {
      "type": "Feature",
      "geometry": {
        "type": "Point",
        "coordinates": [
          11.0698397,
          54.1932936
        ]
      },
      "properties": {
        "id": "tk_shr_osm_n4325637092",
        "name": "Minigolfanlage",
        "address": {},
        "sources": [
          {
            "type": "osm",
            "id": "node/4325637092",
            "version": 0
          }
        ],
        "created": "2026-05-29",
        "updated": "2026-06-22",
        "hours": {
          "raw": "Mo-Su 10:00-21:00"
        },
        "sources_by_field": {
          "name": "osm",
          "hours": "osm"
        },
        "apple_id_attempted": "2026-05-29",
        "google_attempted": "2026-05-29",
        "payment": {}
      }
    },
    {
      "type": "Feature",
      "geometry": {
        "type": "Point",
        "coordinates": [
          9.1718271,
          54.5698708
        ]
      },
      "properties": {
        "id": "tk_shr_osm_n439760407",
        "name": "Hoffmann",
        "address": {},
        "sources": [
          {
            "type": "osm",
            "id": "node/439760407",
            "version": 0
          }
        ],
        "created": "2026-05-29",
        "updated": "2026-06-22",
        "hours": {
          "raw": "Mo-Fr 08:00-19:00; Sa 08:00-16:00"
        },
        "tags": [
          "barrierefrei"
        ],
        "sources_by_field": {
          "name": "osm",
          "hours": "osm"
        },
        "apple_id_attempted": "2026-05-29",
        "google_attempted": "2026-05-29",
        "payment": {}
      }
    },
    {
      "type": "Feature",
      "geometry": {
        "type": "Point",
        "coordinates": [
          8.6771391,
          54.8618865
        ]
      },
      "properties": {
        "id": "tk_shr_osm_n4418484788",
        "name": "Bahnhofsshop",
        "address": {},
        "sources": [
          {
            "type": "osm",
            "id": "node/4418484788",
            "version": 0
          }
        ],
        "created": "2026-05-29",
        "updated": "2026-06-22",
        "hours": {
          "raw": "Mo-Fr 06:00-14:00; Sa 08:00-14:00; PH off"
        },
        "sources_by_field": {
          "name": "osm",
          "hours": "osm"
        },
        "apple_id_attempted": "2026-05-29",
        "google_attempted": "2026-05-29",
        "payment": {}
      }
    },
    {
      "type": "Feature",
      "geometry": {
        "type": "Point",
        "coordinates": [
          8.385867,
          54.6273742
        ]
      },
      "properties": {
        "id": "tk_shr_osm_n449206897",
        "name": "Moin Moin",
        "address": {
          "street": "Inselstraße",
          "number": "56",
          "postalcode": "25946"
        },
        "sources": [
          {
            "type": "osm",
            "id": "node/449206897",
            "version": 0
          }
        ],
        "created": "2026-05-29",
        "updated": "2026-06-22",
        "hours": {
          "raw": "Tu-Sa 16:00-20:00, Su 10:00-12:00,16:00-19:00; Mo off, Tu-Sa 10:00-12:00"
        },
        "tags": [
          "barrierefrei"
        ],
        "sources_by_field": {
          "name": "osm",
          "address.street": "osm",
          "address.number": "osm",
          "address.postalcode": "osm",
          "hours": "osm"
        },
        "apple_id_attempted": "2026-05-29",
        "google_attempted": "2026-05-29",
        "payment": {}
      }
    },
    {
      "type": "Feature",
      "geometry": {
        "type": "Point",
        "coordinates": [
          9.5427988,
          54.5242601
        ]
      },
      "properties": {
        "id": "tk_shr_osm_n4685937434",
        "name": "TEAM Tankstelle",
        "address": {},
        "sources": [
          {
            "type": "osm",
            "id": "node/4685937434",
            "version": 0
          }
        ],
        "created": "2026-05-29",
        "updated": "2026-06-22",
        "hours": {
          "raw": "Mo-Su 05:30-22:00"
        },
        "sources_by_field": {
          "name": "osm",
          "hours": "osm"
        },
        "apple_id_attempted": "2026-05-29",
        "google_attempted": "2026-05-29",
        "payment": {}
      }
    },
    {
      "type": "Feature",
      "geometry": {
        "type": "Point",
        "coordinates": [
          9.8369078,
          54.471038
        ]
      },
      "properties": {
        "id": "tk_shr_osm_n481220755",
        "name": "Tabak-Börse",
        "address": {
          "street": "Kieler Straße",
          "number": "28",
          "postalcode": "24340",
          "city": "Eckernförde"
        },
        "sources": [
          {
            "type": "osm",
            "id": "node/481220755",
            "version": 0
          }
        ],
        "created": "2026-05-29",
        "updated": "2026-06-22",
        "hours": {
          "raw": "Mo-Fr 07:30-18:00; Sa 07:30-14:00; PH,Su off"
        },
        "sources_by_field": {
          "name": "osm",
          "address.street": "osm",
          "address.number": "osm",
          "address.postalcode": "osm",
          "address.city": "osm",
          "hours": "osm"
        },
        "apple_id_attempted": "2026-05-29",
        "google_attempted": "2026-05-29",
        "payment": {}
      }
    },
    {
      "type": "Feature",
      "geometry": {
        "type": "Point",
        "coordinates": [
          10.3726733,
          54.3941738
        ]
      },
      "properties": {
        "id": "tk_shr_osm_n506453499",
        "name": "CLASSIC",
        "address": {
          "street": "Albert-Koch-Straße",
          "number": "2",
          "postalcode": "24217",
          "city": "Schönberg (Holstein)"
        },
        "sources": [
          {
            "type": "osm",
            "id": "node/506453499",
            "version": 0
          }
        ],
        "created": "2026-05-29",
        "updated": "2026-06-22",
        "tags": [
          "barrierefrei"
        ],
        "sources_by_field": {
          "name": "osm",
          "address.street": "osm",
          "address.number": "osm",
          "address.postalcode": "osm",
          "address.city": "osm"
        },
        "apple_id_attempted": "2026-05-29",
        "google_attempted": "2026-05-29",
        "payment": {}
      }
    },
    {
      "type": "Feature",
      "geometry": {
        "type": "Point",
        "coordinates": [
          9.5613298,
          54.5149761
        ]
      },
      "properties": {
        "id": "tk_shr_osm_n5196924554",
        "name": "K",
        "address": {},
        "sources": [
          {
            "type": "osm",
            "id": "node/5196924554",
            "version": 0
          }
        ],
        "created": "2026-05-29",
        "updated": "2026-06-22",
        "sources_by_field": {
          "name": "osm"
        },
        "payment": {}
      }
    },
    {
      "type": "Feature",
      "geometry": {
        "type": "Point",
        "coordinates": [
          10.5421033,
          53.3755189
        ]
      },
      "properties": {
        "id": "tk_shr_osm_n5337486845",
        "name": "WoLaZs Kiosk Tabak - Zeitschriften - Getränke - Lotto",
        "address": {
          "street": "Dresdener Straße",
          "number": "24",
          "postalcode": "21481",
          "city": "Lauenburg/Elbe"
        },
        "sources": [
          {
            "type": "osm",
            "id": "node/5337486845",
            "version": 0
          }
        ],
        "created": "2026-05-29",
        "updated": "2026-06-22",
        "hours": {
          "raw": "Mo,Th,Sa 05:30-12:00; Tu,We 05:30-12:00, 13:30-18:00; Fr 05:30-18:00"
        },
        "sources_by_field": {
          "name": "osm",
          "address.street": "osm",
          "address.number": "osm",
          "address.postalcode": "osm",
          "address.city": "osm",
          "hours": "osm"
        },
        "apple_id_attempted": "2026-05-29",
        "google_attempted": "2026-05-29",
        "payment": {}
      }
    },
    {
      "type": "Feature",
      "geometry": {
        "type": "Point",
        "coordinates": [
          9.4081353,
          54.7757958
        ]
      },
      "properties": {
        "id": "tk_shr_osm_n5440566352",
        "name": "team",
        "address": {
          "street": "Am Friedenshügel",
          "number": "39",
          "postalcode": "24941",
          "city": "Flensburg"
        },
        "sources": [
          {
            "type": "osm",
            "id": "node/5440566352",
            "version": 0
          }
        ],
        "created": "2026-05-29",
        "updated": "2026-06-22",
        "hours": {
          "raw": "Mo-Fr 05:30-22:00; Sa 07:00-22:00; Su 08:00-22:00"
        },
        "sources_by_field": {
          "name": "osm",
          "address.street": "osm",
          "address.number": "osm",
          "address.postalcode": "osm",
          "address.city": "osm",
          "hours": "osm"
        },
        "apple_id_attempted": "2026-05-29",
        "google_attempted": "2026-05-29",
        "payment": {}
      }
    },
    {
      "type": "Feature",
      "geometry": {
        "type": "Point",
        "coordinates": [
          9.4248535,
          53.7885538
        ]
      },
      "properties": {
        "id": "tk_shr_osm_n563873632",
        "name": "Tabak Börse",
        "address": {},
        "sources": [
          {
            "type": "osm",
            "id": "node/563873632",
            "version": 0
          }
        ],
        "created": "2026-05-29",
        "updated": "2026-06-22",
        "hours": {
          "raw": "Mo,Th 08:00-18:00; Tu 07:00-17:00; We,Sa 08:00-13:00; Fr 07:00-18:00"
        },
        "tags": [
          "barrierefrei"
        ],
        "sources_by_field": {
          "name": "osm",
          "hours": "osm"
        },
        "apple_id_attempted": "2026-05-29",
        "google_attempted": "2026-05-29",
        "payment": {}
      }
    },
    {
      "type": "Feature",
      "geometry": {
        "type": "Point",
        "coordinates": [
          9.7222165,
          53.5767876
        ]
      },
      "properties": {
        "id": "tk_shr_osm_n5682040753",
        "name": "Getränke Otto",
        "address": {
          "street": "Galgenberg",
          "number": "90",
          "postalcode": "22880",
          "city": "Wedel"
        },
        "sources": [
          {
            "type": "osm",
            "id": "node/5682040753",
            "version": 0
          }
        ],
        "created": "2026-05-29",
        "updated": "2026-06-22",
        "hours": {
          "raw": "Mo-Fr 04:00-12:30,13:30-18:00; Sa 04:00-13:00"
        },
        "sources_by_field": {
          "name": "osm",
          "address.street": "osm",
          "address.number": "osm",
          "address.postalcode": "osm",
          "address.city": "osm",
          "hours": "osm"
        },
        "apple_id_attempted": "2026-05-29",
        "google_attempted": "2026-05-29",
        "payment": {}
      }
    },
    {
      "type": "Feature",
      "geometry": {
        "type": "Point",
        "coordinates": [
          9.5572579,
          54.5203701
        ]
      },
      "properties": {
        "id": "tk_shr_osm_n6012562919",
        "name": "Kiosk36",
        "address": {
          "street": "Moltkestraße",
          "number": "36-38",
          "postalcode": "24837",
          "city": "Schleswig"
        },
        "sources": [
          {
            "type": "osm",
            "id": "node/6012562919",
            "version": 0
          }
        ],
        "created": "2026-05-29",
        "updated": "2026-06-22",
        "hours": {
          "raw": "Mo-Fr 07:00-15:00; Sa,Su,PH off"
        },
        "sources_by_field": {
          "name": "osm",
          "address.street": "osm",
          "address.number": "osm",
          "address.postalcode": "osm",
          "address.city": "osm",
          "hours": "osm"
        },
        "apple_id_attempted": "2026-05-29",
        "google_attempted": "2026-05-29",
        "payment": {}
      }
    },
    {
      "type": "Feature",
      "geometry": {
        "type": "Point",
        "coordinates": [
          9.7057815,
          53.5780132
        ]
      },
      "properties": {
        "id": "tk_shr_osm_n6225521810",
        "name": "Edeka",
        "address": {},
        "sources": [
          {
            "type": "osm",
            "id": "node/6225521810",
            "version": 0
          }
        ],
        "created": "2026-05-29",
        "updated": "2026-06-22",
        "hours": {
          "raw": "Mo-Sa 08:00-19:00"
        },
        "sources_by_field": {
          "name": "osm",
          "hours": "osm"
        },
        "apple_id_attempted": "2026-05-29",
        "google_attempted": "2026-05-29",
        "payment": {}
      }
    },
    {
      "type": "Feature",
      "geometry": {
        "type": "Point",
        "coordinates": [
          10.0081143,
          53.7048455
        ]
      },
      "properties": {
        "id": "tk_shr_osm_n6239951471",
        "name": "Lange",
        "address": {},
        "sources": [
          {
            "type": "osm",
            "id": "node/6239951471",
            "version": 0
          }
        ],
        "created": "2026-05-29",
        "updated": "2026-06-22",
        "hours": {
          "raw": "Mo-Fr 05:00-18:00; Sa 05:00-13:00"
        },
        "sources_by_field": {
          "name": "osm",
          "hours": "osm"
        },
        "apple_id_attempted": "2026-05-29",
        "google_attempted": "2026-05-29",
        "payment": {}
      }
    },
    {
      "type": "Feature",
      "geometry": {
        "type": "Point",
        "coordinates": [
          10.6139462,
          54.1294822
        ]
      },
      "properties": {
        "id": "tk_shr_osm_n6476437946",
        "name": "STOPKA GETRAENKE",
        "address": {
          "street": "Klaus-Groth-Straße",
          "number": "4",
          "postalcode": "23701",
          "city": "Eutin"
        },
        "sources": [
          {
            "type": "osm",
            "id": "node/6476437946",
            "version": 0
          }
        ],
        "created": "2026-05-29",
        "updated": "2026-06-22",
        "hours": {
          "raw": "Mo-Th 08:00-12:30,14:30-18:00; Fr 08:00-18:30; Sa 08:00-12:30; Su off"
        },
        "payment": {
          "cash": "yes",
          "cards": "unknown",
          "contactless": "unknown",
          "girocard": "unknown"
        },
        "sources_by_field": {
          "name": "osm",
          "address.street": "osm",
          "address.number": "osm",
          "address.postalcode": "osm",
          "address.city": "osm",
          "hours": "osm",
          "payment.cash": "osm",
          "payment.cards": "osm",
          "payment.contactless": "osm",
          "payment.girocard": "osm"
        },
        "apple_id_attempted": "2026-05-29"
      }
    },
    {
      "type": "Feature",
      "geometry": {
        "type": "Point",
        "coordinates": [
          9.5964293,
          53.9653791
        ]
      },
      "properties": {
        "id": "tk_shr_osm_n6533323974",
        "name": "Meierhof's KäseEcke an der Lohmühle",
        "address": {},
        "sources": [
          {
            "type": "osm",
            "id": "node/6533323974",
            "version": 0
          }
        ],
        "created": "2026-05-29",
        "updated": "2026-06-22",
        "hours": {
          "raw": "open \"nachmittags, nur bei Badebetrieb\""
        },
        "sources_by_field": {
          "name": "osm",
          "hours": "osm"
        },
        "apple_id_attempted": "2026-05-29",
        "google_attempted": "2026-05-29",
        "payment": {}
      }
    },
    {
      "type": "Feature",
      "geometry": {
        "type": "Point",
        "coordinates": [
          9.9099441,
          53.6794077
        ]
      },
      "properties": {
        "id": "tk_shr_osm_n656996897",
        "name": "KGB",
        "address": {},
        "sources": [
          {
            "type": "osm",
            "id": "node/656996897",
            "version": 0
          }
        ],
        "created": "2026-05-29",
        "updated": "2026-06-22",
        "sources_by_field": {
          "name": "osm"
        },
        "apple_id_attempted": "2026-05-29",
        "google_attempted": "2026-05-29",
        "payment": {}
      }
    },
    {
      "type": "Feature",
      "geometry": {
        "type": "Point",
        "coordinates": [
          9.8128403,
          53.6443475
        ]
      },
      "properties": {
        "id": "tk_shr_osm_n662891029",
        "name": "Stefanie Günther",
        "address": {},
        "sources": [
          {
            "type": "osm",
            "id": "node/662891029",
            "version": 0
          }
        ],
        "created": "2026-05-29",
        "updated": "2026-06-22",
        "hours": {
          "raw": "Mo-Fr 07:00-18:00, Sa 07:00-12:00"
        },
        "tags": [
          "barrierefrei"
        ],
        "sources_by_field": {
          "name": "osm",
          "hours": "osm"
        },
        "apple_id_attempted": "2026-05-29",
        "google_attempted": "2026-05-29",
        "payment": {}
      }
    },
    {
      "type": "Feature",
      "geometry": {
        "type": "Point",
        "coordinates": [
          9.4332432,
          54.7893656
        ]
      },
      "properties": {
        "id": "tk_shr_osm_n7040875764",
        "name": "Tankstelle",
        "address": {
          "street": "Schiffbrückstraße",
          "number": "3",
          "postalcode": "24937",
          "city": "Flensburg"
        },
        "sources": [
          {
            "type": "osm",
            "id": "node/7040875764",
            "version": 0
          }
        ],
        "created": "2026-05-29",
        "updated": "2026-06-22",
        "hours": {
          "raw": "Tu-Su 14:00-23:00"
        },
        "sources_by_field": {
          "name": "osm",
          "address.street": "osm",
          "address.number": "osm",
          "address.postalcode": "osm",
          "address.city": "osm",
          "hours": "osm"
        },
        "apple_id_attempted": "2026-05-29",
        "google_attempted": "2026-05-29",
        "payment": {}
      }
    },
    {
      "type": "Feature",
      "geometry": {
        "type": "Point",
        "coordinates": [
          10.0824933,
          53.7823945
        ]
      },
      "properties": {
        "id": "tk_shr_osm_n706071397",
        "name": "Getränkefachmarkt Wakendorf",
        "address": {
          "street": "Alstertalweg",
          "number": "2",
          "postalcode": "24558",
          "city": "Wakendorf II"
        },
        "sources": [
          {
            "type": "osm",
            "id": "node/706071397",
            "version": 0
          }
        ],
        "created": "2026-05-29",
        "updated": "2026-06-22",
        "sources_by_field": {
          "name": "osm",
          "address.street": "osm",
          "address.number": "osm",
          "address.postalcode": "osm",
          "address.city": "osm"
        },
        "apple_id_attempted": "2026-05-29",
        "google_attempted": "2026-05-29",
        "payment": {}
      }
    },
    {
      "type": "Feature",
      "geometry": {
        "type": "Point",
        "coordinates": [
          10.018343,
          53.708942
        ]
      },
      "properties": {
        "id": "tk_shr_osm_n7067370519",
        "name": "Lotto",
        "address": {},
        "sources": [
          {
            "type": "osm",
            "id": "node/7067370519",
            "version": 0
          }
        ],
        "created": "2026-05-29",
        "updated": "2026-06-22",
        "hours": {
          "raw": "Mo-Sa 08:00-20:30; Su,PH off"
        },
        "tags": [
          "barrierefrei"
        ],
        "sources_by_field": {
          "name": "osm",
          "hours": "osm"
        },
        "apple_id_attempted": "2026-05-29",
        "google_attempted": "2026-05-29",
        "payment": {}
      }
    },
    {
      "type": "Feature",
      "geometry": {
        "type": "Point",
        "coordinates": [
          9.9019177,
          53.7307805
        ]
      },
      "properties": {
        "id": "tk_shr_osm_n7070471799",
        "name": "Kalorienmeile 24",
        "address": {
          "street": "Bahnhofstraße",
          "number": "56"
        },
        "sources": [
          {
            "type": "osm",
            "id": "node/7070471799",
            "version": 0
          }
        ],
        "created": "2026-05-29",
        "updated": "2026-06-22",
        "kind": "vending_machine",
        "sources_by_field": {
          "name": "osm",
          "address.street": "osm",
          "address.number": "osm"
        },
        "payment": {}
      }
    },
    {
      "type": "Feature",
      "geometry": {
        "type": "Point",
        "coordinates": [
          10.958342,
          54.3733101
        ]
      },
      "properties": {
        "id": "tk_shr_osm_n7507231692",
        "name": "Kiosk",
        "address": {},
        "sources": [
          {
            "type": "osm",
            "id": "node/7507231692",
            "version": 0
          }
        ],
        "created": "2026-05-29",
        "updated": "2026-06-22",
        "sources_by_field": {
          "name": "osm"
        },
        "apple_id_attempted": "2026-05-29",
        "google_attempted": "2026-05-29",
        "payment": {}
      }
    },
    {
      "type": "Feature",
      "geometry": {
        "type": "Point",
        "coordinates": [
          9.7045943,
          53.5817159
        ]
      },
      "properties": {
        "id": "tk_shr_osm_n7593710179",
        "name": "HBB Store",
        "address": {},
        "sources": [
          {
            "type": "osm",
            "id": "node/7593710179",
            "version": 0
          }
        ],
        "created": "2026-05-29",
        "updated": "2026-06-22",
        "tags": [
          "barrierefrei"
        ],
        "sources_by_field": {
          "name": "osm"
        },
        "apple_id_attempted": "2026-05-29",
        "google_attempted": "2026-05-29",
        "payment": {}
      }
    },
    {
      "type": "Feature",
      "geometry": {
        "type": "Point",
        "coordinates": [
          10.7640096,
          54.0182879
        ]
      },
      "properties": {
        "id": "tk_shr_osm_n7623721027",
        "name": "Northbeach",
        "address": {},
        "sources": [
          {
            "type": "osm",
            "id": "node/7623721027",
            "version": 0
          }
        ],
        "created": "2026-05-29",
        "updated": "2026-06-22",
        "sources_by_field": {
          "name": "osm"
        },
        "apple_id_attempted": "2026-05-29",
        "google_attempted": "2026-05-29",
        "payment": {}
      }
    },
    {
      "type": "Feature",
      "geometry": {
        "type": "Point",
        "coordinates": [
          10.4251377,
          54.1598872
        ]
      },
      "properties": {
        "id": "tk_shr_osm_n7638722870",
        "name": "Lille Eck",
        "address": {},
        "sources": [
          {
            "type": "osm",
            "id": "node/7638722870",
            "version": 0
          }
        ],
        "created": "2026-05-29",
        "updated": "2026-06-22",
        "sources_by_field": {
          "name": "osm"
        },
        "apple_id_attempted": "2026-05-29",
        "google_attempted": "2026-05-29",
        "payment": {}
      }
    },
    {
      "type": "Feature",
      "geometry": {
        "type": "Point",
        "coordinates": [
          9.4314985,
          54.7616164
        ]
      },
      "properties": {
        "id": "tk_shr_osm_n793204000",
        "name": "Kaufland Getränkewelt",
        "address": {},
        "sources": [
          {
            "type": "osm",
            "id": "node/793204000",
            "version": 0
          }
        ],
        "created": "2026-05-29",
        "updated": "2026-06-22",
        "hours": {
          "raw": "Mo-Sa 08:00-22:00; Su,PH off"
        },
        "tags": [
          "barrierefrei"
        ],
        "sources_by_field": {
          "name": "osm",
          "hours": "osm"
        },
        "apple_id_attempted": "2026-05-29",
        "google_attempted": "2026-05-29",
        "payment": {}
      }
    },
    {
      "type": "Feature",
      "geometry": {
        "type": "Point",
        "coordinates": [
          10.5435272,
          53.3837759
        ]
      },
      "properties": {
        "id": "tk_shr_osm_n8072498111",
        "name": "Famila",
        "address": {},
        "sources": [
          {
            "type": "osm",
            "id": "node/8072498111",
            "version": 0
          }
        ],
        "created": "2026-05-29",
        "updated": "2026-06-22",
        "sources_by_field": {
          "name": "osm"
        },
        "apple_id_attempted": "2026-05-29",
        "google_attempted": "2026-05-29",
        "payment": {}
      }
    },
    {
      "type": "Feature",
      "geometry": {
        "type": "Point",
        "coordinates": [
          8.5673073,
          54.6910006
        ]
      },
      "properties": {
        "id": "tk_shr_osm_n807282989",
        "name": "Tante Emma",
        "address": {
          "street": "Hafenstraße",
          "number": "2-4",
          "postalcode": "25938",
          "city": "Wyk auf Föhr"
        },
        "sources": [
          {
            "type": "osm",
            "id": "node/807282989",
            "version": 0
          }
        ],
        "created": "2026-05-29",
        "updated": "2026-06-22",
        "hours": {
          "raw": "Mo-Su 09:00-23:00"
        },
        "sources_by_field": {
          "name": "osm",
          "address.street": "osm",
          "address.number": "osm",
          "address.postalcode": "osm",
          "address.city": "osm",
          "hours": "osm"
        },
        "apple_id_attempted": "2026-05-29",
        "google_attempted": "2026-05-29",
        "payment": {}
      }
    },
    {
      "type": "Feature",
      "geometry": {
        "type": "Point",
        "coordinates": [
          9.9843141,
          54.0634724
        ]
      },
      "properties": {
        "id": "tk_shr_osm_n840936476",
        "name": "Aral",
        "address": {},
        "sources": [
          {
            "type": "osm",
            "id": "node/840936476",
            "version": 0
          }
        ],
        "created": "2026-05-29",
        "updated": "2026-06-22",
        "hours": {
          "raw": "24/7"
        },
        "payment": {
          "cash": "unknown",
          "cards": "unknown",
          "contactless": "unknown",
          "girocard": "yes"
        },
        "tags": [
          "barrierefrei"
        ],
        "sources_by_field": {
          "name": "osm",
          "hours": "osm",
          "payment.cash": "osm",
          "payment.cards": "osm",
          "payment.contactless": "osm",
          "payment.girocard": "osm"
        },
        "apple_id_attempted": "2026-05-29"
      }
    },
    {
      "type": "Feature",
      "geometry": {
        "type": "Point",
        "coordinates": [
          9.8570351,
          54.4498224
        ]
      },
      "properties": {
        "id": "tk_shr_osm_n8804324928",
        "name": "Softeis",
        "address": {},
        "sources": [
          {
            "type": "osm",
            "id": "node/8804324928",
            "version": 0
          }
        ],
        "created": "2026-05-29",
        "updated": "2026-06-22",
        "sources_by_field": {
          "name": "osm"
        },
        "apple_id_attempted": "2026-05-29",
        "google_attempted": "2026-05-29",
        "payment": {}
      }
    },
    {
      "type": "Feature",
      "geometry": {
        "type": "Point",
        "coordinates": [
          8.3019363,
          54.907579
        ]
      },
      "properties": {
        "id": "tk_shr_osm_n8825217617",
        "name": "Voss",
        "address": {},
        "sources": [
          {
            "type": "osm",
            "id": "node/8825217617",
            "version": 0
          }
        ],
        "created": "2026-05-29",
        "updated": "2026-06-22",
        "hours": {
          "raw": "Mo-Sa 06:30-19:00; Su 07:30-18:00"
        },
        "sources_by_field": {
          "name": "osm",
          "hours": "osm"
        },
        "apple_id_attempted": "2026-05-29",
        "google_attempted": "2026-05-29",
        "payment": {}
      }
    },
    {
      "type": "Feature",
      "geometry": {
        "type": "Point",
        "coordinates": [
          9.9032953,
          53.7313505
        ]
      },
      "properties": {
        "id": "tk_shr_osm_n8920588588",
        "name": "Tobacco & More",
        "address": {
          "street": "Bahnhofstraße",
          "number": "57",
          "postalcode": "25451",
          "city": "Quickborn"
        },
        "sources": [
          {
            "type": "osm",
            "id": "node/8920588588",
            "version": 0
          }
        ],
        "created": "2026-05-29",
        "updated": "2026-06-22",
        "hours": {
          "raw": "Mo-Fr 08:30-18:30; Sa 08:30-14:30; Su closed"
        },
        "payment": {
          "cash": "unknown",
          "cards": "unknown",
          "contactless": "unknown",
          "girocard": "yes"
        },
        "tags": [
          "barrierefrei"
        ],
        "sources_by_field": {
          "name": "osm",
          "address.street": "osm",
          "address.number": "osm",
          "address.postalcode": "osm",
          "address.city": "osm",
          "hours": "osm",
          "payment.cash": "osm",
          "payment.cards": "osm",
          "payment.contactless": "osm",
          "payment.girocard": "osm"
        },
        "apple_id_attempted": "2026-05-29"
      }
    },
    {
      "type": "Feature",
      "geometry": {
        "type": "Point",
        "coordinates": [
          9.9403056,
          53.742184
        ]
      },
      "properties": {
        "id": "tk_shr_osm_n8920588589",
        "name": "Tobacco & More",
        "address": {
          "street": "Pascalstraße",
          "number": "9",
          "postalcode": "25451",
          "city": "Quickborn"
        },
        "sources": [
          {
            "type": "osm",
            "id": "node/8920588589",
            "version": 0
          }
        ],
        "created": "2026-05-29",
        "updated": "2026-06-22",
        "hours": {
          "raw": "Mo-Fr 07:00-21:00; Sa 07:00-20:00"
        },
        "tags": [
          "barrierefrei"
        ],
        "sources_by_field": {
          "name": "osm",
          "address.street": "osm",
          "address.number": "osm",
          "address.postalcode": "osm",
          "address.city": "osm",
          "hours": "osm"
        },
        "apple_id_attempted": "2026-05-29",
        "google_attempted": "2026-05-29",
        "payment": {}
      }
    },
    {
      "type": "Feature",
      "geometry": {
        "type": "Point",
        "coordinates": [
          10.7660047,
          54.0158704
        ]
      },
      "properties": {
        "id": "tk_shr_osm_n9042775059",
        "name": "Southbeach",
        "address": {},
        "sources": [
          {
            "type": "osm",
            "id": "node/9042775059",
            "version": 0
          }
        ],
        "created": "2026-05-29",
        "updated": "2026-06-22",
        "sources_by_field": {
          "name": "osm"
        },
        "apple_id_attempted": "2026-05-29",
        "google_attempted": "2026-05-29",
        "payment": {}
      }
    },
    {
      "type": "Feature",
      "geometry": {
        "type": "Point",
        "coordinates": [
          10.5531059,
          53.3765363
        ]
      },
      "properties": {
        "id": "tk_shr_osm_n9067248942",
        "name": "Tabakwarenfachhandel",
        "address": {},
        "sources": [
          {
            "type": "osm",
            "id": "node/9067248942",
            "version": 0
          }
        ],
        "created": "2026-05-29",
        "updated": "2026-06-22",
        "sources_by_field": {
          "name": "osm"
        },
        "apple_id_attempted": "2026-05-29",
        "google_attempted": "2026-05-29",
        "payment": {}
      }
    },
    {
      "type": "Feature",
      "geometry": {
        "type": "Point",
        "coordinates": [
          9.3110605,
          54.7946573
        ]
      },
      "properties": {
        "id": "tk_shr_osm_n974074134",
        "name": "Kiosk",
        "address": {},
        "sources": [
          {
            "type": "osm",
            "id": "node/974074134",
            "version": 0
          }
        ],
        "created": "2026-05-29",
        "updated": "2026-06-22",
        "sources_by_field": {
          "name": "osm"
        },
        "apple_id_attempted": "2026-05-29",
        "google_attempted": "2026-05-29",
        "payment": {}
      }
    },
    {
      "type": "Feature",
      "geometry": {
        "type": "Point",
        "coordinates": [
          10.3159869,
          53.4888524
        ]
      },
      "properties": {
        "id": "tk_shr_osm_w1052603868",
        "name": "Jutta's Brötchenshop",
        "address": {},
        "sources": [
          {
            "type": "osm",
            "id": "way/1052603868",
            "version": 0
          }
        ],
        "created": "2026-05-29",
        "updated": "2026-06-22",
        "sources_by_field": {
          "name": "osm"
        },
        "apple_id_attempted": "2026-05-29",
        "google_attempted": "2026-05-29",
        "payment": {}
      }
    },
    {
      "type": "Feature",
      "geometry": {
        "type": "Point",
        "coordinates": [
          9.6586461,
          53.7546504
        ]
      },
      "properties": {
        "id": "tk_shr_osm_w112933872",
        "name": "Point",
        "address": {
          "street": "Königstraße",
          "number": "2"
        },
        "sources": [
          {
            "type": "osm",
            "id": "way/112933872",
            "version": 0
          }
        ],
        "created": "2026-05-29",
        "updated": "2026-06-22",
        "hours": {
          "raw": "Mo-Th 06:00-20:00; Fr 06:00-21:00; Sa,Su,PH 07:00-21:00"
        },
        "sources_by_field": {
          "name": "osm",
          "address.street": "osm",
          "address.number": "osm",
          "hours": "osm"
        },
        "apple_id_attempted": "2026-05-29",
        "google_attempted": "2026-05-29",
        "payment": {}
      }
    },
    {
      "type": "Feature",
      "geometry": {
        "type": "Point",
        "coordinates": [
          10.9093499,
          54.2931461
        ]
      },
      "properties": {
        "id": "tk_shr_osm_w1293952440",
        "name": "famila Getränke",
        "address": {},
        "sources": [
          {
            "type": "osm",
            "id": "way/1293952440",
            "version": 0
          }
        ],
        "created": "2026-05-29",
        "updated": "2026-06-22",
        "tags": [
          "barrierefrei"
        ],
        "sources_by_field": {
          "name": "osm"
        },
        "apple_id_attempted": "2026-05-29",
        "google_attempted": "2026-05-29",
        "payment": {}
      }
    },
    {
      "type": "Feature",
      "geometry": {
        "type": "Point",
        "coordinates": [
          9.5394936,
          54.8466233
        ]
      },
      "properties": {
        "id": "tk_shr_osm_w1369357691",
        "name": "Strand-Bude",
        "address": {},
        "sources": [
          {
            "type": "osm",
            "id": "way/1369357691",
            "version": 0
          }
        ],
        "created": "2026-05-29",
        "updated": "2026-06-22",
        "tags": [
          "barrierefrei"
        ],
        "sources_by_field": {
          "name": "osm"
        },
        "apple_id_attempted": "2026-05-29",
        "google_attempted": "2026-05-29",
        "payment": {}
      }
    },
    {
      "type": "Feature",
      "geometry": {
        "type": "Point",
        "coordinates": [
          9.5929286,
          54.8595117
        ]
      },
      "properties": {
        "id": "tk_shr_osm_w142110264",
        "name": "Strandbude",
        "address": {},
        "sources": [
          {
            "type": "osm",
            "id": "way/142110264",
            "version": 0
          }
        ],
        "created": "2026-05-29",
        "updated": "2026-06-22",
        "sources_by_field": {
          "name": "osm"
        },
        "apple_id_attempted": "2026-05-29",
        "google_attempted": "2026-05-29",
        "payment": {}
      }
    },
    {
      "type": "Feature",
      "geometry": {
        "type": "Point",
        "coordinates": [
          9.0746603,
          54.4904944
        ]
      },
      "properties": {
        "id": "tk_shr_osm_w148505393",
        "name": "Getränke Tadsen GmbH Getränkevertrieb",
        "address": {
          "street": "Gutenbergstraße",
          "number": "24",
          "postalcode": "25813",
          "city": "Husum"
        },
        "sources": [
          {
            "type": "osm",
            "id": "way/148505393",
            "version": 0
          }
        ],
        "created": "2026-05-29",
        "updated": "2026-06-22",
        "sources_by_field": {
          "name": "osm",
          "address.street": "osm",
          "address.number": "osm",
          "address.postalcode": "osm",
          "address.city": "osm"
        },
        "apple_id_attempted": "2026-05-29",
        "google_attempted": "2026-05-29",
        "payment": {}
      }
    },
    {
      "type": "Feature",
      "geometry": {
        "type": "Point",
        "coordinates": [
          9.7020031,
          54.4835528
        ]
      },
      "properties": {
        "id": "tk_shr_osm_w153840004",
        "name": "bft willer",
        "address": {
          "street": "Am Holm",
          "number": "1",
          "postalcode": "24357",
          "city": "Fleckeby"
        },
        "sources": [
          {
            "type": "osm",
            "id": "way/153840004",
            "version": 0
          }
        ],
        "created": "2026-05-29",
        "updated": "2026-06-22",
        "hours": {
          "raw": "Mo-Fr 06:00-22:00; Sa 07:00-22:00; Su 08:00-22:00"
        },
        "tags": [
          "barrierefrei"
        ],
        "sources_by_field": {
          "name": "osm",
          "address.street": "osm",
          "address.number": "osm",
          "address.postalcode": "osm",
          "address.city": "osm",
          "hours": "osm"
        },
        "apple_id_attempted": "2026-05-29",
        "google_attempted": "2026-05-29",
        "payment": {}
      }
    },
    {
      "type": "Feature",
      "geometry": {
        "type": "Point",
        "coordinates": [
          9.6835383,
          53.7485374
        ]
      },
      "properties": {
        "id": "tk_shr_osm_w160568277",
        "name": "Famila",
        "address": {
          "street": "Hans-Böckler-Straße",
          "number": "1A",
          "postalcode": "25337",
          "city": "Elmshorn"
        },
        "sources": [
          {
            "type": "osm",
            "id": "way/160568277",
            "version": 0
          }
        ],
        "created": "2026-05-29",
        "updated": "2026-06-22",
        "hours": {
          "raw": "Mo-Sa 07:00-20:00"
        },
        "tags": [
          "barrierefrei"
        ],
        "sources_by_field": {
          "name": "osm",
          "address.street": "osm",
          "address.number": "osm",
          "address.postalcode": "osm",
          "address.city": "osm",
          "hours": "osm"
        },
        "apple_id_attempted": "2026-05-29",
        "google_attempted": "2026-05-29",
        "payment": {}
      }
    },
    {
      "type": "Feature",
      "geometry": {
        "type": "Point",
        "coordinates": [
          9.1285703,
          54.4332859
        ]
      },
      "properties": {
        "id": "tk_shr_osm_w174681203",
        "name": "Freibad-Kiosk",
        "address": {},
        "sources": [
          {
            "type": "osm",
            "id": "way/174681203",
            "version": 0
          }
        ],
        "created": "2026-05-29",
        "updated": "2026-06-22",
        "sources_by_field": {
          "name": "osm"
        },
        "apple_id_attempted": "2026-05-29",
        "google_attempted": "2026-05-29",
        "payment": {}
      }
    },
    {
      "type": "Feature",
      "geometry": {
        "type": "Point",
        "coordinates": [
          8.6468897,
          54.3062054
        ]
      },
      "properties": {
        "id": "tk_shr_osm_w175730637",
        "name": "Getränke Rönnfeldt",
        "address": {
          "street": "Nordergeest",
          "number": "7",
          "postalcode": "25826",
          "city": "Sankt Peter-Ording"
        },
        "sources": [
          {
            "type": "osm",
            "id": "way/175730637",
            "version": 0
          }
        ],
        "created": "2026-05-29",
        "updated": "2026-06-22",
        "sources_by_field": {
          "name": "osm",
          "address.street": "osm",
          "address.number": "osm",
          "address.postalcode": "osm",
          "address.city": "osm"
        },
        "apple_id_attempted": "2026-05-29",
        "google_attempted": "2026-05-29",
        "payment": {}
      }
    },
    {
      "type": "Feature",
      "geometry": {
        "type": "Point",
        "coordinates": [
          8.296528,
          54.874407
        ]
      },
      "properties": {
        "id": "tk_shr_osm_w183543597",
        "name": "Baak Deel",
        "address": {
          "street": "Lorens-de-Hahn-Straße",
          "number": "50",
          "postalcode": "25980",
          "city": "Sylt",
          "district": "Westerland"
        },
        "sources": [
          {
            "type": "osm",
            "id": "way/183543597",
            "version": 0
          }
        ],
        "created": "2026-05-29",
        "updated": "2026-06-22",
        "sources_by_field": {
          "name": "osm",
          "address.street": "osm",
          "address.number": "osm",
          "address.postalcode": "osm",
          "address.city": "osm",
          "address.district": "osm"
        },
        "apple_id_attempted": "2026-05-29",
        "google_attempted": "2026-05-29",
        "payment": {}
      }
    },
    {
      "type": "Feature",
      "geometry": {
        "type": "Point",
        "coordinates": [
          9.0691266,
          54.0900813
        ]
      },
      "properties": {
        "id": "tk_shr_osm_w199618197",
        "name": "Nordoel",
        "address": {
          "street": "Jungfernstieg",
          "number": "13",
          "postalcode": "25704",
          "city": "Meldorf"
        },
        "sources": [
          {
            "type": "osm",
            "id": "way/199618197",
            "version": 0
          }
        ],
        "created": "2026-05-29",
        "updated": "2026-06-22",
        "hours": {
          "raw": "Mo-Fr 05:00-22:15; Sa 06:00-22:15; Su 07:30-22:15"
        },
        "tags": [
          "barrierefrei"
        ],
        "sources_by_field": {
          "name": "osm",
          "address.street": "osm",
          "address.number": "osm",
          "address.postalcode": "osm",
          "address.city": "osm",
          "hours": "osm"
        },
        "apple_id_attempted": "2026-05-29",
        "google_attempted": "2026-05-29",
        "payment": {}
      }
    },
    {
      "type": "Feature",
      "geometry": {
        "type": "Point",
        "coordinates": [
          10.6938491,
          53.627707
        ]
      },
      "properties": {
        "id": "tk_shr_osm_w219686257",
        "name": "Minigolf und Kaffeegarten",
        "address": {
          "number": "10"
        },
        "sources": [
          {
            "type": "osm",
            "id": "way/219686257",
            "version": 0
          }
        ],
        "created": "2026-05-29",
        "updated": "2026-06-22",
        "tags": [
          "barrierefrei"
        ],
        "sources_by_field": {
          "name": "osm",
          "address.number": "osm"
        },
        "apple_id_attempted": "2026-05-29",
        "google_attempted": "2026-05-29",
        "payment": {}
      }
    },
    {
      "type": "Feature",
      "geometry": {
        "type": "Point",
        "coordinates": [
          7.8868885,
          54.1845741
        ]
      },
      "properties": {
        "id": "tk_shr_osm_w247607641",
        "name": "Minigolf-Verwaltung",
        "address": {},
        "sources": [
          {
            "type": "osm",
            "id": "way/247607641",
            "version": 0
          }
        ],
        "created": "2026-05-29",
        "updated": "2026-06-22",
        "hours": {
          "raw": "Mo-Su 11:00-17:00"
        },
        "sources_by_field": {
          "name": "osm",
          "hours": "osm"
        },
        "apple_id_attempted": "2026-05-29",
        "google_attempted": "2026-05-29",
        "payment": {}
      }
    },
    {
      "type": "Feature",
      "geometry": {
        "type": "Point",
        "coordinates": [
          9.8346473,
          54.465136
        ]
      },
      "properties": {
        "id": "tk_shr_osm_w290642251",
        "name": "Aral",
        "address": {
          "street": "Flensburger Straße",
          "number": "1",
          "postalcode": "24340",
          "city": "Eckernförde"
        },
        "sources": [
          {
            "type": "osm",
            "id": "way/290642251",
            "version": 0
          }
        ],
        "created": "2026-05-29",
        "updated": "2026-06-22",
        "hours": {
          "raw": "24/7"
        },
        "tags": [
          "barrierefrei"
        ],
        "sources_by_field": {
          "name": "osm",
          "address.street": "osm",
          "address.number": "osm",
          "address.postalcode": "osm",
          "address.city": "osm",
          "hours": "osm"
        },
        "apple_id_attempted": "2026-05-29",
        "google_attempted": "2026-05-29",
        "payment": {}
      }
    },
    {
      "type": "Feature",
      "geometry": {
        "type": "Point",
        "coordinates": [
          9.9982906,
          54.0642397
        ]
      },
      "properties": {
        "id": "tk_shr_osm_w299784233",
        "name": "star Tankstelle",
        "address": {
          "street": "Haart",
          "number": "104",
          "postalcode": "24539",
          "city": "Neumünster"
        },
        "sources": [
          {
            "type": "osm",
            "id": "way/299784233",
            "version": 0
          }
        ],
        "created": "2026-05-29",
        "updated": "2026-06-22",
        "sources_by_field": {
          "name": "osm",
          "address.street": "osm",
          "address.number": "osm",
          "address.postalcode": "osm",
          "address.city": "osm"
        },
        "apple_id_attempted": "2026-05-29",
        "google_attempted": "2026-05-29",
        "payment": {}
      }
    },
    {
      "type": "Feature",
      "geometry": {
        "type": "Point",
        "coordinates": [
          9.7159421,
          53.5798196
        ]
      },
      "properties": {
        "id": "tk_shr_osm_w36710211",
        "name": "Presse Gützkow + Hermes Paketservice",
        "address": {
          "street": "Kronskamp",
          "number": "21",
          "postalcode": "22880",
          "city": "Wedel"
        },
        "sources": [
          {
            "type": "osm",
            "id": "way/36710211",
            "version": 0
          }
        ],
        "created": "2026-05-29",
        "updated": "2026-06-22",
        "hours": {
          "raw": "Mo,Sa 07:00-13:00; Tu,We,Fr 07:00-18:00; Th 07:00-16:00"
        },
        "sources_by_field": {
          "name": "osm",
          "address.street": "osm",
          "address.number": "osm",
          "address.postalcode": "osm",
          "address.city": "osm",
          "hours": "osm"
        },
        "apple_id_attempted": "2026-05-29",
        "google_attempted": "2026-05-29",
        "payment": {}
      }
    },
    {
      "type": "Feature",
      "geometry": {
        "type": "Point",
        "coordinates": [
          10.37308,
          54.3887752
        ]
      },
      "properties": {
        "id": "tk_shr_osm_w46421213",
        "name": "team Tankstelle",
        "address": {
          "street": "Bahnhofstraße",
          "number": "32",
          "postalcode": "24217",
          "city": "Schönberg (Holstein)"
        },
        "sources": [
          {
            "type": "osm",
            "id": "way/46421213",
            "version": 0
          }
        ],
        "created": "2026-05-29",
        "updated": "2026-06-22",
        "tags": [
          "barrierefrei"
        ],
        "sources_by_field": {
          "name": "osm",
          "address.street": "osm",
          "address.number": "osm",
          "address.postalcode": "osm",
          "address.city": "osm"
        },
        "apple_id_attempted": "2026-05-29",
        "google_attempted": "2026-05-29",
        "payment": {}
      }
    },
    {
      "type": "Feature",
      "geometry": {
        "type": "Point",
        "coordinates": [
          11.0876644,
          54.3574916
        ]
      },
      "properties": {
        "id": "tk_shr_osm_w494481703",
        "name": "Strandkorbvermietung und Kiosk Matthias Schmedicke",
        "address": {},
        "sources": [
          {
            "type": "osm",
            "id": "way/494481703",
            "version": 0
          }
        ],
        "created": "2026-05-29",
        "updated": "2026-06-22",
        "hours": {
          "raw": "Mo-Su 09:00-19:00"
        },
        "sources_by_field": {
          "name": "osm",
          "hours": "osm"
        },
        "apple_id_attempted": "2026-05-29",
        "google_attempted": "2026-05-29",
        "payment": {}
      }
    },
    {
      "type": "Feature",
      "geometry": {
        "type": "Point",
        "coordinates": [
          10.8475254,
          54.0899524
        ]
      },
      "properties": {
        "id": "tk_shr_osm_w597749831",
        "name": "Camping Kiosk",
        "address": {},
        "sources": [
          {
            "type": "osm",
            "id": "way/597749831",
            "version": 0
          }
        ],
        "created": "2026-05-29",
        "updated": "2026-06-22",
        "sources_by_field": {
          "name": "osm"
        },
        "apple_id_attempted": "2026-05-29",
        "google_attempted": "2026-05-29",
        "payment": {}
      }
    },
    {
      "type": "Feature",
      "geometry": {
        "type": "Point",
        "coordinates": [
          9.8898493,
          53.9213011
        ]
      },
      "properties": {
        "id": "tk_shr_osm_w601794250",
        "name": "Bahnhofskiosk",
        "address": {},
        "sources": [
          {
            "type": "osm",
            "id": "way/601794250",
            "version": 0
          }
        ],
        "created": "2026-05-29",
        "updated": "2026-06-22",
        "sources_by_field": {
          "name": "osm"
        },
        "apple_id_attempted": "2026-05-29",
        "google_attempted": "2026-05-29",
        "payment": {}
      }
    },
    {
      "type": "Feature",
      "geometry": {
        "type": "Point",
        "coordinates": [
          9.6638449,
          54.2918969
        ]
      },
      "properties": {
        "id": "tk_shr_osm_w618056576",
        "name": "Tunnelblick Cafe und Meer",
        "address": {
          "street": "Wilhelmstal",
          "number": "4",
          "postalcode": "24768",
          "city": "Rendsburg"
        },
        "sources": [
          {
            "type": "osm",
            "id": "way/618056576",
            "version": 0
          }
        ],
        "created": "2026-05-29",
        "updated": "2026-06-22",
        "hours": {
          "raw": "Mo-Fr 06:00-18:00 , Sa-Su 11:00-18:00"
        },
        "payment": {
          "cash": "yes",
          "cards": "unknown",
          "contactless": "unknown",
          "girocard": "unknown"
        },
        "sources_by_field": {
          "name": "osm",
          "address.street": "osm",
          "address.number": "osm",
          "address.postalcode": "osm",
          "address.city": "osm",
          "hours": "osm",
          "payment.cash": "osm",
          "payment.cards": "osm",
          "payment.contactless": "osm",
          "payment.girocard": "osm"
        },
        "apple_id_attempted": "2026-05-29"
      }
    },
    {
      "type": "Feature",
      "geometry": {
        "type": "Point",
        "coordinates": [
          10.8261339,
          54.0891635
        ]
      },
      "properties": {
        "id": "tk_shr_osm_w621296960",
        "name": "Campingplatz Lotsenhaus Kiosk",
        "address": {
          "postalcode": "23730",
          "city": "Neustadt in Holstein"
        },
        "sources": [
          {
            "type": "osm",
            "id": "way/621296960",
            "version": 0
          }
        ],
        "created": "2026-05-29",
        "updated": "2026-06-22",
        "sources_by_field": {
          "name": "osm",
          "address.postalcode": "osm",
          "address.city": "osm"
        },
        "apple_id_attempted": "2026-05-29",
        "google_attempted": "2026-05-29",
        "payment": {}
      }
    },
    {
      "type": "Feature",
      "geometry": {
        "type": "Point",
        "coordinates": [
          10.7131822,
          53.9911458
        ]
      },
      "properties": {
        "id": "tk_shr_osm_w62293440",
        "name": "Edeka",
        "address": {
          "street": "Zum Grellberg",
          "number": "1a",
          "city": "PansdorfPansdorf"
        },
        "sources": [
          {
            "type": "osm",
            "id": "way/62293440",
            "version": 0
          }
        ],
        "created": "2026-05-29",
        "updated": "2026-06-15",
        "hours": {
          "raw": "Mo-Sa 07:00-20:00; PH off"
        },
        "sources_by_field": {
          "name": "osm",
          "address.street": "osm",
          "address.number": "osm",
          "address.city": "osm",
          "hours": "osm"
        },
        "apple_id_attempted": "2026-05-29",
        "google_attempted": "2026-05-29",
        "payment": {},
        "osm_removed": true
      }
    },
    {
      "type": "Feature",
      "geometry": {
        "type": "Point",
        "coordinates": [
          10.7155031,
          53.6025703
        ]
      },
      "properties": {
        "id": "tk_shr_osm_w810537566",
        "name": "Zur Strandhütte",
        "address": {},
        "sources": [
          {
            "type": "osm",
            "id": "way/810537566",
            "version": 0
          }
        ],
        "created": "2026-05-29",
        "updated": "2026-06-22",
        "sources_by_field": {
          "name": "osm"
        },
        "apple_id_attempted": "2026-05-29",
        "google_attempted": "2026-05-29",
        "payment": {}
      }
    },
    {
      "type": "Feature",
      "geometry": {
        "type": "Point",
        "coordinates": [
          10.2891501,
          53.6443089
        ]
      },
      "properties": {
        "id": "tk_shr_osm_w922544308",
        "name": "Weinquelle Lühmann",
        "address": {
          "street": "Jacobsrade",
          "number": "65",
          "postalcode": "22962",
          "city": "Siek"
        },
        "sources": [
          {
            "type": "osm",
            "id": "way/922544308",
            "version": 0
          }
        ],
        "created": "2026-05-29",
        "updated": "2026-06-22",
        "hours": {
          "raw": "Mo-Fr 09:00-13:00,14:00-17:00; Tu 09:00-13:00,14:00-18:00; PH off"
        },
        "sources_by_field": {
          "name": "osm",
          "address.street": "osm",
          "address.number": "osm",
          "address.postalcode": "osm",
          "address.city": "osm",
          "hours": "osm"
        },
        "apple_id_attempted": "2026-05-29",
        "google_attempted": "2026-05-29",
        "payment": {}
      }
    }
  ]
}
