{
  "type": "FeatureCollection",
  "features": [
    {
      "type": "Feature",
      "geometry": {
        "type": "Point",
        "coordinates": [
          10.0171931,
          47.7687021
        ]
      },
      "properties": {
        "id": "tk_bwr_osm_n10027010576",
        "name": "Durststiller Stamm Nr.1",
        "address": {},
        "sources": [
          {
            "type": "osm",
            "id": "node/10027010576",
            "version": 0
          },
          {
            "type": "gmaps",
            "id": "ChIJK0ugrvabm0cRghRmri1g9Ag"
          }
        ],
        "created": "2026-05-28",
        "updated": "2026-07-06",
        "sources_by_field": {
          "name": "osm"
        },
        "apple_id_attempted": "2026-05-29",
        "google_attempted": "2026-05-29",
        "payment": {}
      }
    },
    {
      "type": "Feature",
      "geometry": {
        "type": "Point",
        "coordinates": [
          9.2200675,
          49.1887783
        ]
      },
      "properties": {
        "id": "tk_bwr_osm_n10080115050",
        "name": "Treffpunkt im Bahnhof",
        "address": {
          "street": "Bahnhofplatz",
          "number": "1",
          "postalcode": "74172",
          "city": "Neckarsulm"
        },
        "sources": [
          {
            "type": "osm",
            "id": "node/10080115050",
            "version": 0
          },
          {
            "type": "apple",
            "id": "7854530564112163941"
          },
          {
            "type": "gmaps",
            "id": "ChIJ_Y7Pi9klmEcRZQ0a8oBGPYo"
          }
        ],
        "created": "2026-05-28",
        "updated": "2026-07-06",
        "hours": {
          "raw": "Tu 05:00-20:00; Th 05:00-20:00; Fr 05:00-20:00; We 05:00-20:00; Mo 05:00-20:00; Sa 07:30-17:00; Su 07:30-16:00"
        },
        "sources_by_field": {
          "name": "osm",
          "address.street": "osm",
          "address.number": "osm",
          "address.postalcode": "osm",
          "address.city": "osm",
          "hours": "google",
          "payment.cards": "google",
          "payment.girocard": "google"
        },
        "apple_attempted": "2026-05-29",
        "google_attempted": "2026-05-29",
        "payment": {
          "cards": "yes",
          "girocard": "yes"
        }
      }
    },
    {
      "type": "Feature",
      "geometry": {
        "type": "Point",
        "coordinates": [
          9.2856192,
          48.387926
        ]
      },
      "properties": {
        "id": "tk_bwr_osm_n10293422617",
        "name": "Getränkeabholmarkt Hummel",
        "address": {},
        "sources": [
          {
            "type": "osm",
            "id": "node/10293422617",
            "version": 0
          },
          {
            "type": "gmaps",
            "id": "ChIJNbAuYR-LmUcRwkCj05G1sN0"
          }
        ],
        "created": "2026-05-28",
        "updated": "2026-07-06",
        "sources_by_field": {
          "name": "osm",
          "hours": "google"
        },
        "apple_id_attempted": "2026-05-29",
        "google_attempted": "2026-05-29",
        "hours": {
          "raw": "Th 17:30-18:30; Fr 17:30-18:30; We 17:30-18:30; Sa 09:30-12:30"
        },
        "payment": {}
      }
    },
    {
      "type": "Feature",
      "geometry": {
        "type": "Point",
        "coordinates": [
          8.3547825,
          48.727015
        ]
      },
      "properties": {
        "id": "tk_bwr_osm_n10309601023",
        "name": "Getränke Blessing",
        "address": {
          "street": "Eisenbahnstraße",
          "number": "4",
          "postalcode": "76599",
          "city": "Weisenbach"
        },
        "sources": [
          {
            "type": "osm",
            "id": "node/10309601023",
            "version": 0
          },
          {
            "type": "gmaps",
            "id": "ChIJ_UxZC009l0cRBQRyay8rxa0"
          }
        ],
        "created": "2026-05-28",
        "updated": "2026-07-06",
        "hours": {
          "raw": "Tu 09:00-12:00,15:00-18:00; Th 09:00-12:00,15:00-18:00; Fr 09:00-12:00,15:00-18:00; We 09:00-12:00,15:00-18:00; Mo 09:00-12:00,15:00-18:00; Sa 09:00-12:00"
        },
        "sources_by_field": {
          "name": "osm",
          "address.street": "osm",
          "address.number": "osm",
          "address.postalcode": "osm",
          "address.city": "osm",
          "hours": "google",
          "payment.cards": "google",
          "payment.contactless": "google",
          "payment.girocard": "google"
        },
        "apple_id_attempted": "2026-05-29",
        "google_attempted": "2026-05-29",
        "payment": {
          "cards": "no",
          "contactless": "yes",
          "girocard": "yes"
        }
      }
    },
    {
      "type": "Feature",
      "geometry": {
        "type": "Point",
        "coordinates": [
          8.3693873,
          48.6049755
        ]
      },
      "properties": {
        "id": "tk_bwr_osm_n10309636591",
        "name": "Getränke Blessing",
        "address": {
          "street": "In den Auen",
          "number": "17",
          "postalcode": "72270",
          "city": "Baiersbronn"
        },
        "sources": [
          {
            "type": "osm",
            "id": "node/10309636591",
            "version": 0
          },
          {
            "type": "apple",
            "id": "3322472754277476169"
          }
        ],
        "created": "2026-05-28",
        "updated": "2026-07-06",
        "hours": {
          "raw": "Mo-Tu,Th 16:00-18:30; Fr 09:00-12:00,16:00-18:30; Sa 09:00-12:00"
        },
        "sources_by_field": {
          "name": "osm",
          "address.street": "osm",
          "address.number": "osm",
          "address.postalcode": "osm",
          "address.city": "osm",
          "hours": "apple",
          "payment.cards": "apple",
          "payment.contactless": "apple"
        },
        "apple_attempted": "2026-05-29",
        "payment": {
          "cards": "yes",
          "contactless": "yes"
        }
      }
    },
    {
      "type": "Feature",
      "geometry": {
        "type": "Point",
        "coordinates": [
          9.5376032,
          47.5983601
        ]
      },
      "properties": {
        "id": "tk_bwr_osm_n1075518089",
        "name": "Kiosk am Schloss",
        "address": {},
        "sources": [
          {
            "type": "osm",
            "id": "node/1075518089",
            "version": 0
          },
          {
            "type": "gmaps",
            "id": "ChIJ04BoRAEFm0cRxhi06ecxGoY"
          }
        ],
        "created": "2026-05-28",
        "updated": "2026-05-29",
        "tags": [
          "barrierefrei"
        ],
        "sources_by_field": {
          "name": "osm",
          "payment.cards": "google",
          "payment.girocard": "google",
          "hours": "google"
        },
        "apple_id_attempted": "2026-05-29",
        "payment": {
          "cards": "no",
          "girocard": "yes"
        },
        "hours": {
          "raw": "Tu 10:00-21:00; Th 10:00-21:00; Fr 10:00-21:00; We 10:00-21:00; Mo 10:00-21:00; Sa 10:00-21:00; Su 10:00-21:00"
        },
        "google_attempted": "2026-05-29"
      }
    },
    {
      "type": "Feature",
      "geometry": {
        "type": "Point",
        "coordinates": [
          8.0768571,
          48.5293066
        ]
      },
      "properties": {
        "id": "tk_bwr_osm_n10777822319",
        "name": "Kiosk Am Gleis 47",
        "address": {},
        "sources": [
          {
            "type": "osm",
            "id": "node/10777822319",
            "version": 0
          },
          {
            "type": "gmaps",
            "id": "ChIJQwUIlQXXlkcR57ZnJ3pWJ4w"
          }
        ],
        "created": "2026-05-28",
        "updated": "2026-07-06",
        "sources_by_field": {
          "name": "osm",
          "hours": "google",
          "payment.cards": "google",
          "payment.contactless": "google",
          "payment.girocard": "google"
        },
        "apple_id_attempted": "2026-05-29",
        "google_attempted": "2026-05-29",
        "hours": {
          "raw": "Tu 06:00-20:00; Th 06:00-20:00; Fr 06:00-20:00; We 06:00-18:00; Mo 06:00-20:00; Sa 08:00-20:00; Su 10:00-20:00"
        },
        "payment": {
          "cards": "no",
          "contactless": "yes",
          "girocard": "yes"
        }
      }
    },
    {
      "type": "Feature",
      "geometry": {
        "type": "Point",
        "coordinates": [
          8.0022719,
          48.5336516
        ]
      },
      "properties": {
        "id": "tk_bwr_osm_n10957053131",
        "name": "Obsthof Spinner Feldverkauf",
        "address": {},
        "sources": [
          {
            "type": "osm",
            "id": "node/10957053131",
            "version": 0
          },
          {
            "type": "apple",
            "id": "3796134155267361847"
          }
        ],
        "created": "2026-05-28",
        "updated": "2026-07-06",
        "payment": {
          "cash": "yes",
          "cards": "yes",
          "contactless": "yes",
          "girocard": "unknown"
        },
        "sources_by_field": {
          "name": "osm",
          "payment.cash": "osm",
          "payment.cards": "apple",
          "payment.contactless": "apple",
          "payment.girocard": "osm",
          "hours": "apple"
        },
        "apple_attempted": "2026-05-29",
        "hours": {
          "raw": "Su 09:00-18:00; Mo-Sa 08:00-18:00"
        }
      }
    },
    {
      "type": "Feature",
      "geometry": {
        "type": "Point",
        "coordinates": [
          9.4167323,
          47.8623377
        ]
      },
      "properties": {
        "id": "tk_bwr_osm_n11010950860",
        "name": "Getränkeservice Klaus Reisch Inh. K-H.Reichle",
        "address": {},
        "sources": [
          {
            "type": "osm",
            "id": "node/11010950860",
            "version": 0
          },
          {
            "type": "apple",
            "id": "10341702327702728138"
          }
        ],
        "created": "2026-05-28",
        "updated": "2026-07-06",
        "hours": {
          "raw": "Mo-Tu,Th-Fr 08:00-12:30,14:00-18:00; We 08:00-12:30; Sa 08:00-13:00"
        },
        "sources_by_field": {
          "name": "osm",
          "hours": "apple",
          "payment.cards": "apple",
          "payment.contactless": "apple"
        },
        "apple_attempted": "2026-05-29",
        "payment": {
          "cards": "yes",
          "contactless": "yes"
        }
      }
    },
    {
      "type": "Feature",
      "geometry": {
        "type": "Point",
        "coordinates": [
          7.975491,
          48.7029678
        ]
      },
      "properties": {
        "id": "tk_bwr_osm_n11056820762",
        "name": "Fruchtsaftkelterei Zimmer",
        "address": {
          "street": "Im Großfeld",
          "number": "2",
          "postalcode": "77866",
          "city": "Rheinau",
          "district": "Helmlingen"
        },
        "sources": [
          {
            "type": "osm",
            "id": "node/11056820762",
            "version": 0
          },
          {
            "type": "apple",
            "id": "4170201258254596127"
          }
        ],
        "created": "2026-05-28",
        "updated": "2026-07-06",
        "hours": {
          "raw": "Mo-Fr 08:00-12:00,13:00-17:00; Sa 08:00-12:00"
        },
        "tags": [
          "barrierefrei"
        ],
        "sources_by_field": {
          "name": "osm",
          "address.street": "osm",
          "address.number": "osm",
          "address.postalcode": "osm",
          "address.city": "osm",
          "address.district": "osm",
          "hours": "apple",
          "payment.cards": "apple",
          "payment.contactless": "apple"
        },
        "apple_attempted": "2026-05-29",
        "payment": {
          "cards": "yes",
          "contactless": "yes"
        }
      }
    },
    {
      "type": "Feature",
      "geometry": {
        "type": "Point",
        "coordinates": [
          9.2921116,
          48.391079
        ]
      },
      "properties": {
        "id": "tk_bwr_osm_n11127619210",
        "name": "Getränke Lutz",
        "address": {},
        "sources": [
          {
            "type": "osm",
            "id": "node/11127619210",
            "version": 0
          },
          {
            "type": "gmaps",
            "id": "ChIJe0HieBmLmUcRk2NBXYDndgc"
          }
        ],
        "created": "2026-05-28",
        "updated": "2026-07-06",
        "sources_by_field": {
          "name": "osm",
          "hours": "google",
          "payment.cards": "google",
          "payment.contactless": "google",
          "payment.girocard": "google"
        },
        "apple_id_attempted": "2026-05-29",
        "google_attempted": "2026-05-29",
        "hours": {
          "raw": "Tu 09:00-12:30,14:00-18:30; Th 09:00-12:30,14:00-18:30; Fr 09:00-12:30,14:00-18:30; We 09:00-12:30,14:00-18:30; Mo 09:00-12:30,14:00-18:30; Sa 08:30-13:00"
        },
        "payment": {
          "cards": "no",
          "contactless": "yes",
          "girocard": "yes"
        }
      }
    },
    {
      "type": "Feature",
      "geometry": {
        "type": "Point",
        "coordinates": [
          8.7671324,
          47.9572439
        ]
      },
      "properties": {
        "id": "tk_bwr_osm_n11159159773",
        "name": "Getränke Horn",
        "address": {},
        "sources": [
          {
            "type": "osm",
            "id": "node/11159159773",
            "version": 0
          },
          {
            "type": "gmaps",
            "id": "ChIJO37BAVl2mkcRgViQ1AX_jHY"
          }
        ],
        "created": "2026-05-28",
        "updated": "2026-07-06",
        "hours": {
          "raw": "Tu 08:00-18:00; Th 08:00-18:00; Fr 08:00-18:00; Mo 08:00-18:00; Sa 08:00-14:00"
        },
        "sources_by_field": {
          "name": "osm",
          "hours": "google"
        },
        "apple_id_attempted": "2026-05-29",
        "google_attempted": "2026-05-29",
        "payment": {}
      }
    },
    {
      "type": "Feature",
      "geometry": {
        "type": "Point",
        "coordinates": [
          10.1260044,
          48.6805293
        ]
      },
      "properties": {
        "id": "tk_bwr_osm_n11466004432",
        "name": "Getränke Göbel",
        "address": {
          "street": "Gutenbergstraße",
          "number": "12"
        },
        "sources": [
          {
            "type": "osm",
            "id": "node/11466004432",
            "version": 0
          },
          {
            "type": "gmaps",
            "id": "ChIJx_ol54MWmUcRkIeblF69aeU"
          }
        ],
        "created": "2026-05-28",
        "updated": "2026-07-06",
        "hours": {
          "raw": "Tu 08:30-18:30; Th 08:30-18:30; Fr 08:30-18:30; We 08:30-18:30; Mo 08:30-18:30; Sa 08:00-14:00"
        },
        "sources_by_field": {
          "name": "osm",
          "address.street": "osm",
          "address.number": "osm",
          "hours": "google",
          "payment.cards": "google",
          "payment.contactless": "google",
          "payment.girocard": "google"
        },
        "apple_id_attempted": "2026-05-29",
        "google_attempted": "2026-05-29",
        "payment": {
          "cards": "no",
          "contactless": "yes",
          "girocard": "yes"
        }
      }
    },
    {
      "type": "Feature",
      "geometry": {
        "type": "Point",
        "coordinates": [
          9.1095713,
          49.1838087
        ]
      },
      "properties": {
        "id": "tk_bwr_osm_n11517635231",
        "name": "Mohr Getränke",
        "address": {
          "street": "Schlossstraße",
          "number": "48",
          "postalcode": "74078",
          "city": "Heilbronn"
        },
        "sources": [
          {
            "type": "osm",
            "id": "node/11517635231",
            "version": 0
          },
          {
            "type": "gmaps",
            "id": "ChIJDQHdCvYnmEcR62-10Ymw8n0"
          }
        ],
        "created": "2026-05-28",
        "updated": "2026-07-06",
        "tags": [
          "barrierefrei"
        ],
        "sources_by_field": {
          "name": "osm",
          "address.street": "osm",
          "address.number": "osm",
          "address.postalcode": "osm",
          "address.city": "osm",
          "hours": "google",
          "payment.cards": "google",
          "payment.contactless": "google",
          "payment.girocard": "google"
        },
        "apple_id_attempted": "2026-05-29",
        "google_attempted": "2026-05-29",
        "hours": {
          "raw": "Tu 13:00-18:00; Th 09:00-12:30,13:30-18:00; Fr 09:00-12:30,13:30-18:00; We 13:00-18:00; Mo 09:00-12:30,13:30-18:00; Sa 08:30-14:00"
        },
        "payment": {
          "cards": "yes",
          "contactless": "yes",
          "girocard": "yes"
        }
      }
    },
    {
      "type": "Feature",
      "geometry": {
        "type": "Point",
        "coordinates": [
          9.4210781,
          47.9256701
        ]
      },
      "properties": {
        "id": "tk_bwr_osm_n11549900096",
        "name": "Königsegger WalderBräu AG",
        "address": {},
        "sources": [
          {
            "type": "osm",
            "id": "node/11549900096",
            "version": 0
          },
          {
            "type": "apple",
            "id": "14189379653426728551"
          }
        ],
        "created": "2026-05-28",
        "updated": "2026-07-06",
        "sources_by_field": {
          "name": "osm",
          "hours": "apple",
          "payment.cards": "apple",
          "payment.contactless": "apple"
        },
        "apple_attempted": "2026-05-29",
        "hours": {
          "raw": "Mo-Th 07:00-12:00,13:00-16:30; Fr 07:00-12:00,13:00-16:00"
        },
        "payment": {
          "cards": "yes",
          "contactless": "yes"
        }
      }
    },
    {
      "type": "Feature",
      "geometry": {
        "type": "Point",
        "coordinates": [
          8.7067914,
          48.4356531
        ]
      },
      "properties": {
        "id": "tk_bwr_osm_n11889268259",
        "name": "SA-Wein GmbH",
        "address": {
          "street": "Hauptstraße",
          "number": "22",
          "postalcode": "72160",
          "city": "Horb am Neckar",
          "district": "Nordstetten"
        },
        "sources": [
          {
            "type": "osm",
            "id": "node/11889268259",
            "version": 0
          },
          {
            "type": "apple",
            "id": "6631104749829688088"
          }
        ],
        "created": "2026-05-28",
        "updated": "2026-07-06",
        "hours": {
          "raw": "Mo,Tu 09:00-12:30,14:30-18:00; Th,Fr 09:00-12:30,14:30-18:00; Sa 09:00-12:30"
        },
        "sources_by_field": {
          "name": "osm",
          "address.street": "osm",
          "address.number": "osm",
          "address.postalcode": "osm",
          "address.city": "osm",
          "address.district": "osm",
          "hours": "osm",
          "payment.cards": "apple",
          "payment.contactless": "apple"
        },
        "apple_attempted": "2026-05-29",
        "payment": {
          "cards": "yes",
          "contactless": "yes"
        }
      }
    },
    {
      "type": "Feature",
      "geometry": {
        "type": "Point",
        "coordinates": [
          8.2005114,
          48.6011041
        ]
      },
      "properties": {
        "id": "tk_bwr_osm_n12015856560",
        "name": "Grinde-Hütte",
        "address": {},
        "sources": [
          {
            "type": "osm",
            "id": "node/12015856560",
            "version": 0
          },
          {
            "type": "apple",
            "id": "6059987939737679580"
          }
        ],
        "created": "2026-05-28",
        "updated": "2026-07-06",
        "hours": {
          "raw": "Tu-Su 10:30-17:30"
        },
        "payment": {
          "cash": "yes",
          "cards": "yes",
          "contactless": "unknown",
          "girocard": "unknown"
        },
        "sources_by_field": {
          "name": "osm",
          "hours": "osm",
          "payment.cash": "osm",
          "payment.cards": "osm",
          "payment.contactless": "osm",
          "payment.girocard": "osm"
        }
      }
    },
    {
      "type": "Feature",
      "geometry": {
        "type": "Point",
        "coordinates": [
          9.9550099,
          48.1976905
        ]
      },
      "properties": {
        "id": "tk_bwr_osm_n12215761246",
        "name": "Wekenmann Fruchtsaftkelterei",
        "address": {},
        "sources": [
          {
            "type": "osm",
            "id": "node/12215761246",
            "version": 0
          },
          {
            "type": "apple",
            "id": "16545573648056180967"
          }
        ],
        "created": "2026-05-28",
        "updated": "2026-07-06",
        "hours": {
          "raw": "Mo-Tu,Th-Fr 08:30-12:00,14:00-18:00; We 08:30-12:00; Sa 08:30-13:00"
        },
        "sources_by_field": {
          "name": "osm",
          "hours": "apple",
          "payment.cards": "apple",
          "payment.contactless": "apple"
        },
        "apple_attempted": "2026-05-29",
        "payment": {
          "cards": "yes",
          "contactless": "yes"
        }
      }
    },
    {
      "type": "Feature",
      "geometry": {
        "type": "Point",
        "coordinates": [
          9.3348803,
          49.5265103
        ]
      },
      "properties": {
        "id": "tk_bwr_osm_n1237562271",
        "name": "HERM Getränkecenter",
        "address": {},
        "sources": [
          {
            "type": "osm",
            "id": "node/1237562271",
            "version": 0
          },
          {
            "type": "gmaps",
            "id": "ChIJS_YIAHsEmEcRmjSSteggV-k"
          }
        ],
        "created": "2026-05-28",
        "updated": "2026-07-06",
        "tags": [
          "barrierefrei"
        ],
        "sources_by_field": {
          "name": "osm",
          "hours": "google",
          "payment.cards": "google",
          "payment.contactless": "google",
          "payment.girocard": "google"
        },
        "apple_id_attempted": "2026-05-29",
        "google_attempted": "2026-05-29",
        "hours": {
          "raw": "Tu 05:00-22:00; Th 07:00-22:00; Fr 05:00-22:00; We 05:00-22:00; Mo 05:00-22:00; Sa 06:00-22:00; Su 07:00-22:00"
        },
        "payment": {
          "cards": "no",
          "contactless": "yes",
          "girocard": "yes"
        }
      }
    },
    {
      "type": "Feature",
      "geometry": {
        "type": "Point",
        "coordinates": [
          9.5876878,
          47.6716269
        ]
      },
      "properties": {
        "id": "tk_bwr_osm_n12426040568",
        "name": "Montfort Kiosk",
        "address": {
          "street": "Montfortstraße",
          "number": "22",
          "postalcode": "88069",
          "city": "Tettnang"
        },
        "sources": [
          {
            "type": "osm",
            "id": "node/12426040568",
            "version": 0
          },
          {
            "type": "apple",
            "id": "14209115583749242054"
          }
        ],
        "created": "2026-05-28",
        "updated": "2026-07-06",
        "hours": {
          "raw": "PH, Mo-Su 06:00-22:00"
        },
        "payment": {
          "cash": "yes",
          "cards": "yes",
          "contactless": "unknown",
          "girocard": "unknown"
        },
        "sources_by_field": {
          "name": "osm",
          "address.street": "osm",
          "address.number": "osm",
          "address.postalcode": "osm",
          "address.city": "osm",
          "hours": "osm",
          "payment.cash": "osm",
          "payment.cards": "osm",
          "payment.contactless": "osm",
          "payment.girocard": "osm"
        }
      }
    },
    {
      "type": "Feature",
      "geometry": {
        "type": "Point",
        "coordinates": [
          10.1033811,
          48.8337498
        ]
      },
      "properties": {
        "id": "tk_bwr_osm_n1262060596",
        "name": "Getränke Göbel",
        "address": {
          "street": "Alte Heidenheimer Straße",
          "number": "88",
          "postalcode": "73431",
          "city": "Aalen"
        },
        "sources": [
          {
            "type": "osm",
            "id": "node/1262060596",
            "version": 0
          },
          {
            "type": "apple",
            "id": "12157068052333687278"
          }
        ],
        "created": "2026-05-28",
        "updated": "2026-07-06",
        "hours": {
          "raw": "Mo-Fr 08:00-19:00; Sa 08:00-18:00"
        },
        "tags": [
          "barrierefrei"
        ],
        "sources_by_field": {
          "name": "osm",
          "address.street": "osm",
          "address.number": "osm",
          "address.postalcode": "osm",
          "address.city": "osm",
          "hours": "apple",
          "payment.cards": "apple",
          "payment.contactless": "apple"
        },
        "apple_attempted": "2026-05-29",
        "payment": {
          "cards": "yes",
          "contactless": "yes"
        }
      }
    },
    {
      "type": "Feature",
      "geometry": {
        "type": "Point",
        "coordinates": [
          9.6895243,
          49.2279892
        ]
      },
      "properties": {
        "id": "tk_bwr_osm_n12673434145",
        "name": "MEXXs Getränkeservice",
        "address": {},
        "sources": [
          {
            "type": "osm",
            "id": "node/12673434145",
            "version": 0
          },
          {
            "type": "gmaps",
            "id": "ChIJD0rjiqNDmEcRifQyyzC9-zI"
          }
        ],
        "created": "2026-05-28",
        "updated": "2026-07-06",
        "hours": {
          "raw": "Tu 09:00-12:30,14:00-18:00; Th 09:00-12:30,14:00-18:00; Fr 09:00-12:30,14:00-18:00; We 09:00-12:30,14:00-18:00; Mo 09:00-12:30,14:00-18:00; Sa 09:00-13:00"
        },
        "sources_by_field": {
          "name": "osm",
          "hours": "google",
          "payment.cards": "google",
          "payment.contactless": "google",
          "payment.girocard": "google"
        },
        "apple_id_attempted": "2026-05-29",
        "google_attempted": "2026-05-29",
        "payment": {
          "cards": "no",
          "contactless": "yes",
          "girocard": "yes"
        }
      }
    },
    {
      "type": "Feature",
      "geometry": {
        "type": "Point",
        "coordinates": [
          8.9550179,
          47.7370563
        ]
      },
      "properties": {
        "id": "tk_bwr_osm_n12696842356",
        "name": "bora Biergarten",
        "address": {},
        "sources": [
          {
            "type": "osm",
            "id": "node/12696842356",
            "version": 0
          },
          {
            "type": "apple",
            "id": "13463942161005193884"
          }
        ],
        "created": "2026-05-28",
        "updated": "2026-07-06",
        "sources_by_field": {
          "name": "osm",
          "hours": "apple",
          "payment.cards": "apple",
          "payment.contactless": "apple"
        },
        "apple_attempted": "2026-05-29",
        "hours": {
          "raw": "Mo-Tu,Th-Su 12:00-21:00"
        },
        "payment": {
          "cards": "yes",
          "contactless": "yes"
        }
      }
    },
    {
      "type": "Feature",
      "geometry": {
        "type": "Point",
        "coordinates": [
          10.000885,
          47.7842795
        ]
      },
      "properties": {
        "id": "tk_bwr_osm_n12732082198",
        "name": "Durstlöscher-Stamm",
        "address": {},
        "sources": [
          {
            "type": "osm",
            "id": "node/12732082198",
            "version": 0
          },
          {
            "type": "gmaps",
            "id": "ChIJS1OslHqbm0cRQR-3wYWqDnk"
          }
        ],
        "created": "2026-05-28",
        "updated": "2026-07-06",
        "sources_by_field": {
          "name": "osm"
        },
        "apple_id_attempted": "2026-05-29",
        "google_attempted": "2026-05-29",
        "payment": {}
      }
    },
    {
      "type": "Feature",
      "geometry": {
        "type": "Point",
        "coordinates": [
          7.8264191,
          48.5661639
        ]
      },
      "properties": {
        "id": "tk_bwr_osm_n12758880258",
        "name": "My Kiosk Kehl",
        "address": {},
        "sources": [
          {
            "type": "osm",
            "id": "node/12758880258",
            "version": 0
          },
          {
            "type": "apple",
            "id": "2934475901185350146"
          },
          {
            "type": "gmaps",
            "id": "ChIJKV6Zi0HPlkcRAm7-gu6lTr0"
          }
        ],
        "created": "2026-05-28",
        "updated": "2026-07-06",
        "hours": {
          "raw": "Tu 09:00-20:00; Th 09:00-20:00; Fr 09:00-20:00; We 09:00-20:00; Mo 09:00-20:00; Sa 09:00-20:00"
        },
        "sources_by_field": {
          "name": "osm",
          "hours": "google",
          "payment.cards": "google"
        },
        "apple_attempted": "2026-05-29",
        "google_attempted": "2026-05-29",
        "payment": {
          "cards": "yes"
        }
      }
    },
    {
      "type": "Feature",
      "geometry": {
        "type": "Point",
        "coordinates": [
          9.7334177,
          49.3131764
        ]
      },
      "properties": {
        "id": "tk_bwr_osm_n13076516532",
        "name": "Herimouth Getränke",
        "address": {},
        "sources": [
          {
            "type": "osm",
            "id": "node/13076516532",
            "version": 0
          },
          {
            "type": "apple",
            "id": "8746427595221782023"
          }
        ],
        "created": "2026-05-28",
        "updated": "2026-07-06",
        "sources_by_field": {
          "name": "osm",
          "hours": "apple",
          "payment.cards": "apple",
          "payment.contactless": "apple"
        },
        "apple_attempted": "2026-05-29",
        "hours": {
          "raw": "Mo-We,Fr 10:00-13:00,15:00-19:00; Th 10:00-13:00; Sa 10:00-19:00"
        },
        "payment": {
          "cards": "yes",
          "contactless": "yes"
        }
      }
    },
    {
      "type": "Feature",
      "geometry": {
        "type": "Point",
        "coordinates": [
          8.4139482,
          48.4644419
        ]
      },
      "properties": {
        "id": "tk_bwr_osm_n13142439900",
        "name": "Popeye Shop",
        "address": {
          "street": "Stuttgarter Straße",
          "number": "10",
          "postalcode": "72250",
          "city": "Freudenstadt"
        },
        "sources": [
          {
            "type": "osm",
            "id": "node/13142439900",
            "version": 0
          },
          {
            "type": "gmaps",
            "id": "ChIJyz5vo0s1l0cRqEzJvSO7c-0"
          }
        ],
        "created": "2026-05-28",
        "updated": "2026-07-06",
        "sources_by_field": {
          "name": "osm",
          "address.street": "osm",
          "address.number": "osm",
          "address.postalcode": "osm",
          "address.city": "osm",
          "hours": "google",
          "payment.cards": "google",
          "payment.girocard": "google"
        },
        "apple_id_attempted": "2026-05-29",
        "google_attempted": "2026-05-29",
        "hours": {
          "raw": "Tu 10:00-22:00; Th 10:00-22:00; Fr 10:00-22:00; We 10:00-22:00; Mo 10:00-22:00; Sa 10:00-22:00"
        },
        "payment": {
          "cards": "yes",
          "girocard": "yes"
        }
      }
    },
    {
      "type": "Feature",
      "geometry": {
        "type": "Point",
        "coordinates": [
          9.710245,
          49.579538
        ]
      },
      "properties": {
        "id": "tk_bwr_osm_n13154703346",
        "name": "Getränke Fritze",
        "address": {
          "street": "Zum Sportfeld",
          "number": "10",
          "postalcode": "97922",
          "city": "Lauda-Königshofen"
        },
        "sources": [
          {
            "type": "osm",
            "id": "node/13154703346",
            "version": 0
          },
          {
            "type": "gmaps",
            "id": "ChIJwZe7LAB1mEcRHauafi3-Oy8"
          }
        ],
        "created": "2026-05-28",
        "updated": "2026-07-06",
        "sources_by_field": {
          "name": "osm",
          "address.street": "osm",
          "address.number": "osm",
          "address.postalcode": "osm",
          "address.city": "osm",
          "hours": "google",
          "payment.cards": "google",
          "payment.contactless": "google",
          "payment.girocard": "google"
        },
        "apple_id_attempted": "2026-05-29",
        "google_attempted": "2026-05-29",
        "hours": {
          "raw": "Tu 08:00-19:00; Th 08:00-19:00; Fr 08:00-19:00; We 08:00-19:00; Mo 08:00-19:00; Sa 08:00-19:00"
        },
        "payment": {
          "cards": "yes",
          "contactless": "yes",
          "girocard": "yes"
        }
      }
    },
    {
      "type": "Feature",
      "geometry": {
        "type": "Point",
        "coordinates": [
          8.9692004,
          47.7361751
        ]
      },
      "properties": {
        "id": "tk_bwr_osm_n13163116574",
        "name": "Schmitt & Hahn",
        "address": {},
        "sources": [
          {
            "type": "osm",
            "id": "node/13163116574",
            "version": 0
          },
          {
            "type": "gmaps",
            "id": "ChIJmw0VlOZhmkcR4BLf6esgAeI"
          }
        ],
        "created": "2026-05-28",
        "updated": "2026-07-06",
        "hours": {
          "raw": "Tu 05:30-20:00; Th 05:30-20:00; Fr 05:30-20:00; We 05:30-20:00; Mo 05:30-20:00; Sa 06:00-20:00; Su 08:00-20:00"
        },
        "sources_by_field": {
          "name": "osm",
          "hours": "google",
          "payment.cards": "google",
          "payment.contactless": "google",
          "payment.girocard": "google"
        },
        "apple_id_attempted": "2026-05-29",
        "google_attempted": "2026-05-29",
        "payment": {
          "cards": "no",
          "contactless": "yes",
          "girocard": "yes"
        }
      }
    },
    {
      "type": "Feature",
      "geometry": {
        "type": "Point",
        "coordinates": [
          9.173725,
          47.665559
        ]
      },
      "properties": {
        "id": "tk_bwr_osm_n13169173272",
        "name": "Kiosk Laubenhof",
        "address": {},
        "sources": [
          {
            "type": "osm",
            "id": "node/13169173272",
            "version": 0
          },
          {
            "type": "gmaps",
            "id": "ChIJl06-dgn3mkcRE52hZhskRY8"
          }
        ],
        "created": "2026-05-28",
        "updated": "2026-07-06",
        "hours": {
          "raw": "Tu 10:00-15:00,15:30-19:30; Th 10:00-15:00,15:30-19:00; Fr 10:00-15:00,15:30-19:30; We 10:00-15:00,15:30-19:30; Mo 10:00-15:00,15:30-19:30; Sa 10:00-15:00,15:30-19:30"
        },
        "sources_by_field": {
          "name": "osm",
          "hours": "google"
        },
        "apple_id_attempted": "2026-05-29",
        "google_attempted": "2026-05-29",
        "payment": {}
      }
    },
    {
      "type": "Feature",
      "geometry": {
        "type": "Point",
        "coordinates": [
          10.1478159,
          48.677743
        ]
      },
      "properties": {
        "id": "tk_bwr_osm_n1317288873",
        "name": "Bühr Weine",
        "address": {
          "street": "Schloßstraße",
          "number": "33",
          "postalcode": "89518",
          "city": "Heidenheim an der Brenz"
        },
        "sources": [
          {
            "type": "osm",
            "id": "node/1317288873",
            "version": 0
          },
          {
            "type": "apple",
            "id": "3030678705922375377"
          },
          {
            "type": "gmaps",
            "id": "ChIJO1DYBHcWmUcRnrKxRHgEFRU"
          }
        ],
        "created": "2026-05-28",
        "updated": "2026-07-06",
        "sources_by_field": {
          "name": "osm",
          "address.street": "osm",
          "address.number": "osm",
          "address.postalcode": "osm",
          "address.city": "osm",
          "hours": "google"
        },
        "apple_attempted": "2026-05-29",
        "google_attempted": "2026-05-29",
        "hours": {
          "raw": "Tu 09:00-12:30,14:00-18:00; Th 09:00-12:30,14:00-18:00; Fr 09:00-12:30,14:00-18:00; We 09:00-12:30; Mo 09:00-12:30,14:00-18:00; Sa 09:00-13:00"
        },
        "payment": {}
      }
    },
    {
      "type": "Feature",
      "geometry": {
        "type": "Point",
        "coordinates": [
          9.32151,
          47.7987178
        ]
      },
      "properties": {
        "id": "tk_bwr_osm_n13208227470",
        "name": "Erwin Müller",
        "address": {},
        "sources": [
          {
            "type": "osm",
            "id": "node/13208227470",
            "version": 0
          },
          {
            "type": "apple",
            "id": "14634703093863800698"
          },
          {
            "type": "gmaps",
            "id": "ChIJY8G8VCBRmkcRWkSq0ulhi_o"
          }
        ],
        "created": "2026-05-28",
        "updated": "2026-07-06",
        "sources_by_field": {
          "name": "osm",
          "hours": "google",
          "payment.cards": "google",
          "payment.contactless": "google",
          "payment.girocard": "google"
        },
        "apple_attempted": "2026-05-29",
        "google_attempted": "2026-05-29",
        "hours": {
          "raw": "Tu 07:00-16:00; Th 07:00-16:00; Fr 07:00-15:00; We 07:00-16:00; Mo 07:00-16:00"
        },
        "payment": {
          "cards": "yes",
          "contactless": "yes",
          "girocard": "yes"
        }
      }
    },
    {
      "type": "Feature",
      "geometry": {
        "type": "Point",
        "coordinates": [
          8.9687399,
          48.3590813
        ]
      },
      "properties": {
        "id": "tk_bwr_osm_n13283947393",
        "name": "Reiselädle",
        "address": {
          "street": "Bahnhofstraße",
          "number": "21",
          "postalcode": "72379",
          "city": "Hechingen"
        },
        "sources": [
          {
            "type": "osm",
            "id": "node/13283947393",
            "version": 0
          },
          {
            "type": "apple",
            "id": "16977636551973934657"
          }
        ],
        "created": "2026-05-28",
        "updated": "2026-07-06",
        "sources_by_field": {
          "name": "osm",
          "address.street": "osm",
          "address.number": "osm",
          "address.postalcode": "osm",
          "address.city": "osm",
          "hours": "apple",
          "payment.cards": "apple",
          "payment.contactless": "apple"
        },
        "apple_attempted": "2026-05-29",
        "hours": {
          "raw": "Mo-Fr 06:00-18:00; Sa 08:00-12:30"
        },
        "payment": {
          "cards": "yes",
          "contactless": "yes"
        }
      }
    },
    {
      "type": "Feature",
      "geometry": {
        "type": "Point",
        "coordinates": [
          8.8936313,
          48.3280419
        ]
      },
      "properties": {
        "id": "tk_bwr_osm_n13288993242",
        "name": "Getränke Oesterle",
        "address": {
          "street": "Neue Gewerbestraße",
          "number": "2",
          "postalcode": "72415",
          "city": "Grosselfingen"
        },
        "sources": [
          {
            "type": "osm",
            "id": "node/13288993242",
            "version": 0
          },
          {
            "type": "apple",
            "id": "3511167422511296045"
          },
          {
            "type": "gmaps",
            "id": "ChIJ2QOUawEBmkcRmX29D4NJJxc"
          }
        ],
        "created": "2026-05-28",
        "updated": "2026-07-06",
        "hours": {
          "raw": "Tu 06:00-18:30; Th 06:00-18:30; Fr 06:00-18:30; We 06:00-18:30; Mo 06:00-18:30; Sa 06:00-14:00"
        },
        "sources_by_field": {
          "name": "osm",
          "address.street": "osm",
          "address.number": "osm",
          "address.postalcode": "osm",
          "address.city": "osm",
          "hours": "google",
          "payment.cards": "google",
          "payment.contactless": "google",
          "payment.girocard": "google"
        },
        "apple_attempted": "2026-05-29",
        "google_attempted": "2026-05-29",
        "payment": {
          "cards": "no",
          "contactless": "yes",
          "girocard": "yes"
        }
      }
    },
    {
      "type": "Feature",
      "geometry": {
        "type": "Point",
        "coordinates": [
          9.175257,
          47.8095963
        ]
      },
      "properties": {
        "id": "tk_bwr_osm_n1337061711",
        "name": "Allweyer",
        "address": {},
        "sources": [
          {
            "type": "osm",
            "id": "node/1337061711",
            "version": 0
          },
          {
            "type": "apple",
            "id": "4951649309241709048"
          },
          {
            "type": "gmaps",
            "id": "ChIJhaRpqEphCEERr6Q-bU702ow"
          }
        ],
        "created": "2026-05-28",
        "updated": "2026-07-06",
        "tags": [
          "barrierefrei"
        ],
        "sources_by_field": {
          "name": "osm",
          "hours": "google",
          "payment.cards": "google",
          "payment.girocard": "google"
        },
        "apple_attempted": "2026-05-29",
        "google_attempted": "2026-05-29",
        "hours": {
          "raw": "Tu 08:30-12:00,15:00-18:00; Th 08:30-12:00,15:00-18:00; Fr 08:30-12:00,15:00-18:00; We 08:30-12:00; Mo 08:30-12:00,15:00-18:00; Sa 08:30-12:00"
        },
        "payment": {
          "cards": "yes",
          "girocard": "yes"
        }
      }
    },
    {
      "type": "Feature",
      "geometry": {
        "type": "Point",
        "coordinates": [
          9.6557198,
          47.6892048
        ]
      },
      "properties": {
        "id": "tk_bwr_osm_n13388844048",
        "name": "Getränkestadel Heine",
        "address": {
          "number": "3",
          "postalcode": "88069",
          "city": "Tettnang",
          "district": "Tannau"
        },
        "sources": [
          {
            "type": "osm",
            "id": "node/13388844048",
            "version": 0
          },
          {
            "type": "apple",
            "id": "17791200521640433794"
          },
          {
            "type": "gmaps",
            "id": "ChIJ9_jtWuunm0cR3z4jYcefxsI"
          }
        ],
        "created": "2026-05-28",
        "updated": "2026-07-06",
        "hours": {
          "raw": "Th 14:00-19:30; Fr 14:00-18:30; We 14:00-18:30; Mo 14:00-18:30; Sa 08:30-16:00"
        },
        "sources_by_field": {
          "name": "osm",
          "address.number": "osm",
          "address.postalcode": "osm",
          "address.city": "osm",
          "address.district": "osm",
          "hours": "google",
          "payment.cards": "google",
          "payment.contactless": "google",
          "payment.girocard": "google"
        },
        "apple_attempted": "2026-05-29",
        "google_attempted": "2026-05-29",
        "payment": {
          "cards": "no",
          "contactless": "yes",
          "girocard": "yes"
        }
      }
    },
    {
      "type": "Feature",
      "geometry": {
        "type": "Point",
        "coordinates": [
          9.634881,
          47.812247
        ]
      },
      "properties": {
        "id": "tk_bwr_osm_n13395412848",
        "name": "Weinkauff",
        "address": {
          "street": "Ettishofer Straße",
          "number": "3/2",
          "postalcode": "88250",
          "city": "Weingarten"
        },
        "sources": [
          {
            "type": "osm",
            "id": "node/13395412848",
            "version": 0
          },
          {
            "type": "gmaps",
            "id": "ChIJHxmBd7evm0cRaxcNaXG2iv0"
          }
        ],
        "created": "2026-05-28",
        "updated": "2026-07-06",
        "hours": {
          "raw": "Tu 08:30-19:00; Th 08:30-19:00; Fr 08:30-19:00; We 08:30-19:00; Mo 08:30-19:00; Sa 08:00-16:00"
        },
        "sources_by_field": {
          "name": "osm",
          "address.street": "osm",
          "address.number": "osm",
          "address.postalcode": "osm",
          "address.city": "osm",
          "hours": "google",
          "payment.cards": "google",
          "payment.contactless": "google",
          "payment.girocard": "google"
        },
        "apple_id_attempted": "2026-05-29",
        "google_attempted": "2026-05-29",
        "payment": {
          "cards": "no",
          "contactless": "yes",
          "girocard": "yes"
        }
      }
    },
    {
      "type": "Feature",
      "geometry": {
        "type": "Point",
        "coordinates": [
          8.4852513,
          48.5497942
        ]
      },
      "properties": {
        "id": "tk_bwr_osm_n1341117290",
        "name": "Kiosk Erzgrube",
        "address": {
          "street": "Seestraße",
          "number": "77",
          "postalcode": "72297",
          "city": "Seewald",
          "district": "Erzgrube"
        },
        "sources": [
          {
            "type": "osm",
            "id": "node/1341117290",
            "version": 0
          },
          {
            "type": "gmaps",
            "id": "ChIJlbfG-Og3l0cRv-4OaxJSSe4"
          }
        ],
        "created": "2026-05-28",
        "updated": "2026-07-06",
        "sources_by_field": {
          "name": "osm",
          "address.street": "osm",
          "address.number": "osm",
          "address.postalcode": "osm",
          "address.city": "osm",
          "address.district": "osm",
          "hours": "google"
        },
        "apple_id_attempted": "2026-05-29",
        "google_attempted": "2026-05-29",
        "hours": {
          "raw": "Tu 11:00-19:00; Th 11:00-19:00; Fr 11:00-19:00; We 11:00-19:00; Mo 11:00-19:00; Sa 11:00-19:00; Su 11:00-19:00"
        },
        "payment": {}
      }
    },
    {
      "type": "Feature",
      "geometry": {
        "type": "Point",
        "coordinates": [
          9.8029014,
          48.0942464
        ]
      },
      "properties": {
        "id": "tk_bwr_osm_n13438588438",
        "name": "Kiosk Freibad Biberach",
        "address": {},
        "sources": [
          {
            "type": "osm",
            "id": "node/13438588438",
            "version": 0
          },
          {
            "type": "gmaps",
            "id": "ChIJDUVi9aPFm0cR19aT6zB9s1Q"
          }
        ],
        "created": "2026-05-28",
        "updated": "2026-07-06",
        "sources_by_field": {
          "name": "osm",
          "hours": "google",
          "payment.cards": "google",
          "payment.contactless": "google",
          "payment.girocard": "google"
        },
        "apple_id_attempted": "2026-05-29",
        "google_attempted": "2026-05-29",
        "hours": {
          "raw": "Tu 09:00-20:00; Th 09:00-20:00; Fr 09:00-20:00; We 09:00-20:00; Mo 09:00-20:00; Sa 09:00-20:00; Su 09:00-20:00"
        },
        "payment": {
          "cards": "no",
          "contactless": "yes",
          "girocard": "yes"
        }
      }
    },
    {
      "type": "Feature",
      "geometry": {
        "type": "Point",
        "coordinates": [
          8.5717224,
          47.6509905
        ]
      },
      "properties": {
        "id": "tk_bwr_osm_n13472858904",
        "name": "Getränkehandel Steinbeisser",
        "address": {
          "street": "Altenburger Straße",
          "number": "1",
          "postalcode": "79798",
          "city": "Jestetten"
        },
        "sources": [
          {
            "type": "osm",
            "id": "node/13472858904",
            "version": 0
          },
          {
            "type": "apple",
            "id": "13522882884426378766"
          },
          {
            "type": "gmaps",
            "id": "ChIJeXYGVQN5kEcRehXgOCTIMWg"
          }
        ],
        "created": "2026-05-28",
        "updated": "2026-05-29",
        "hours": {
          "raw": "Tu 10:00-18:30; Th 10:00-12:00,13:00-18:30; Fr 10:00-18:30; We 10:00-18:30; Mo 10:00-18:30; Sa 09:00-14:00"
        },
        "sources_by_field": {
          "name": "osm",
          "address.street": "osm",
          "address.number": "osm",
          "address.postalcode": "osm",
          "address.city": "osm",
          "hours": "google"
        },
        "apple_attempted": "2026-05-29",
        "google_attempted": "2026-05-29"
      }
    },
    {
      "type": "Feature",
      "geometry": {
        "type": "Point",
        "coordinates": [
          9.6367773,
          47.8142145
        ]
      },
      "properties": {
        "id": "tk_bwr_osm_n1348500041",
        "name": "Finkbeiner",
        "address": {
          "street": "Argonnenstraße",
          "number": "9",
          "postalcode": "88250",
          "city": "Weingarten"
        },
        "sources": [
          {
            "type": "osm",
            "id": "node/1348500041",
            "version": 0
          },
          {
            "type": "gmaps",
            "id": "ChIJwWm7_bevm0cR17xAjwRk6AY"
          }
        ],
        "created": "2026-05-28",
        "updated": "2026-06-15",
        "hours": {
          "raw": "Tu 08:00-20:00; Th 08:00-20:00; Fr 08:00-20:00; We 08:00-20:00; Mo 08:00-20:00; Sa 08:00-20:00"
        },
        "tags": [
          "barrierefrei"
        ],
        "sources_by_field": {
          "name": "osm",
          "address.street": "osm",
          "address.number": "osm",
          "address.postalcode": "osm",
          "address.city": "osm",
          "hours": "google",
          "payment.cards": "google",
          "payment.contactless": "google",
          "payment.girocard": "google"
        },
        "apple_id_attempted": "2026-05-29",
        "google_attempted": "2026-05-29",
        "payment": {
          "cards": "no",
          "contactless": "yes",
          "girocard": "yes"
        }
      }
    },
    {
      "type": "Feature",
      "geometry": {
        "type": "Point",
        "coordinates": [
          8.1515916,
          48.5613593
        ]
      },
      "properties": {
        "id": "tk_bwr_osm_n13646941781",
        "name": "Käshammer",
        "address": {},
        "sources": [
          {
            "type": "osm",
            "id": "node/13646941781",
            "version": 0
          },
          {
            "type": "gmaps",
            "id": "ChIJuVm1raApl0cRVUQZgdQEeFA"
          }
        ],
        "created": "2026-05-28",
        "updated": "2026-07-06",
        "sources_by_field": {
          "name": "osm",
          "payment.cards": "google",
          "payment.contactless": "google",
          "payment.girocard": "google"
        },
        "apple_id_attempted": "2026-05-29",
        "google_attempted": "2026-05-29",
        "payment": {
          "cards": "no",
          "contactless": "yes",
          "girocard": "yes"
        }
      }
    },
    {
      "type": "Feature",
      "geometry": {
        "type": "Point",
        "coordinates": [
          8.2119174,
          48.8594433
        ]
      },
      "properties": {
        "id": "tk_bwr_osm_n13876819901",
        "name": "Baiazid",
        "address": {},
        "sources": [
          {
            "type": "osm",
            "id": "node/13876819901",
            "version": 0
          },
          {
            "type": "apple",
            "id": "13632197864617192224"
          }
        ],
        "created": "2026-05-28",
        "updated": "2026-07-06",
        "hours": {
          "raw": "Mo-Fr 06:30-20:00; Sa 08:00-20:00"
        },
        "sources_by_field": {
          "name": "osm",
          "hours": "apple",
          "payment.cards": "apple",
          "payment.contactless": "apple"
        },
        "apple_attempted": "2026-05-29",
        "payment": {
          "cards": "yes",
          "contactless": "yes"
        }
      }
    },
    {
      "type": "Feature",
      "geometry": {
        "type": "Point",
        "coordinates": [
          9.9604713,
          47.809744
        ]
      },
      "properties": {
        "id": "tk_bwr_osm_n13935156301",
        "name": "Bierbaum",
        "address": {},
        "sources": [
          {
            "type": "osm",
            "id": "node/13935156301",
            "version": 0
          },
          {
            "type": "gmaps",
            "id": "ChIJ0YLi-eGXm0cRWTfa-Rngs-4"
          }
        ],
        "created": "2026-06-15",
        "updated": "2026-07-06",
        "sources_by_field": {
          "name": "osm"
        },
        "apple_id_attempted": "2026-06-19",
        "google_attempted": "2026-06-22",
        "payment": {}
      }
    },
    {
      "type": "Feature",
      "geometry": {
        "type": "Point",
        "coordinates": [
          10.0305357,
          47.7325824
        ]
      },
      "properties": {
        "id": "tk_bwr_osm_n13935289701",
        "name": "Haubacher Getränkebaum",
        "address": {},
        "sources": [
          {
            "type": "osm",
            "id": "node/13935289701",
            "version": 0
          },
          {
            "type": "gmaps",
            "id": "ChIJY9PWPgCbm0cRPWOYK_s0ryE"
          }
        ],
        "created": "2026-06-15",
        "updated": "2026-07-06",
        "sources_by_field": {
          "name": "osm"
        },
        "apple_id_attempted": "2026-06-19",
        "google_attempted": "2026-06-22",
        "payment": {}
      }
    },
    {
      "type": "Feature",
      "geometry": {
        "type": "Point",
        "coordinates": [
          9.5743054,
          49.4604184
        ]
      },
      "properties": {
        "id": "tk_bwr_osm_n13935484637",
        "name": "Dörzbacher",
        "address": {},
        "sources": [
          {
            "type": "osm",
            "id": "node/13935484637",
            "version": 0
          },
          {
            "type": "gmaps",
            "id": "ChIJL-vRzX0NmEcROixw1VLGDLY"
          }
        ],
        "created": "2026-06-15",
        "updated": "2026-07-06",
        "sources_by_field": {
          "name": "osm",
          "hours": "google"
        },
        "apple_id_attempted": "2026-06-19",
        "google_attempted": "2026-06-22",
        "hours": {
          "raw": "Tu 16:00-18:00; Fr 16:00-18:00; We 16:00-18:00; Mo 16:00-18:00; Sa 08:30-15:00"
        },
        "payment": {}
      }
    },
    {
      "type": "Feature",
      "geometry": {
        "type": "Point",
        "coordinates": [
          9.4803896,
          47.6706816
        ]
      },
      "properties": {
        "id": "tk_bwr_osm_n1414403903",
        "name": "BFT-Tankstelle Habnitt",
        "address": {},
        "sources": [
          {
            "type": "osm",
            "id": "node/1414403903",
            "version": 0
          },
          {
            "type": "apple",
            "id": "12563718201117324997"
          }
        ],
        "created": "2026-05-28",
        "updated": "2026-07-06",
        "hours": {
          "raw": "Su 08:00-22:00; Mo-Fr 06:00-22:00; Sa 07:00-22:00"
        },
        "sources_by_field": {
          "name": "osm",
          "hours": "apple",
          "payment.cards": "apple",
          "payment.contactless": "apple"
        },
        "apple_attempted": "2026-05-29",
        "payment": {
          "cards": "yes",
          "contactless": "yes"
        }
      }
    },
    {
      "type": "Feature",
      "geometry": {
        "type": "Point",
        "coordinates": [
          9.111421,
          49.1830383
        ]
      },
      "properties": {
        "id": "tk_bwr_osm_n1568039838",
        "name": "Getränke Aquarin",
        "address": {
          "street": "Schlossstraße",
          "number": "30-32",
          "postalcode": "74078",
          "city": "Heilbronn"
        },
        "sources": [
          {
            "type": "osm",
            "id": "node/1568039838",
            "version": 0
          },
          {
            "type": "gmaps",
            "id": "ChIJI29iiPYnmEcRmNENRXRbycU"
          }
        ],
        "created": "2026-05-28",
        "updated": "2026-07-06",
        "tags": [
          "barrierefrei"
        ],
        "sources_by_field": {
          "name": "osm",
          "address.street": "osm",
          "address.number": "osm",
          "address.postalcode": "osm",
          "address.city": "osm",
          "hours": "google",
          "payment.cards": "google",
          "payment.contactless": "google",
          "payment.girocard": "google"
        },
        "apple_id_attempted": "2026-05-29",
        "google_attempted": "2026-05-29",
        "hours": {
          "raw": "Tu 09:00-13:00,14:00-18:30; Th 09:00-13:00,14:00-18:30; Fr 09:00-13:00,14:00-18:30; We 09:00-13:00,14:00-18:30; Mo 09:00-13:00,14:00-18:30; Sa 08:30-15:00"
        },
        "payment": {
          "cards": "yes",
          "contactless": "yes",
          "girocard": "yes"
        }
      }
    },
    {
      "type": "Feature",
      "geometry": {
        "type": "Point",
        "coordinates": [
          9.1884891,
          49.2297689
        ]
      },
      "properties": {
        "id": "tk_bwr_osm_n1572848098",
        "name": "InDrink",
        "address": {
          "postalcode": "74206"
        },
        "sources": [
          {
            "type": "osm",
            "id": "node/1572848098",
            "version": 0
          },
          {
            "type": "gmaps",
            "id": "ChIJbXQ0eDwnmEcR6i36Gct6fsk"
          }
        ],
        "created": "2026-05-28",
        "updated": "2026-07-06",
        "hours": {
          "raw": "Tu 08:30-13:00,14:00-19:00; Th 08:30-13:00,14:00-19:00; Fr 08:30-13:00,14:00-19:00; We 08:30-13:00,14:00-19:00; Mo 08:30-13:00,14:00-19:00; Sa 08:30-16:00"
        },
        "tags": [
          "barrierefrei"
        ],
        "sources_by_field": {
          "name": "osm",
          "address.postalcode": "osm",
          "hours": "google",
          "payment.cards": "google",
          "payment.contactless": "google",
          "payment.girocard": "google"
        },
        "apple_id_attempted": "2026-05-29",
        "google_attempted": "2026-05-29",
        "payment": {
          "cards": "yes",
          "contactless": "yes",
          "girocard": "yes"
        }
      }
    },
    {
      "type": "Feature",
      "geometry": {
        "type": "Point",
        "coordinates": [
          9.8245094,
          47.6933555
        ]
      },
      "properties": {
        "id": "tk_bwr_osm_n1575979413",
        "name": "Weinkauff",
        "address": {},
        "sources": [
          {
            "type": "osm",
            "id": "node/1575979413",
            "version": 0
          },
          {
            "type": "gmaps",
            "id": "ChIJM3xMey6gm0cRZz1YffsMWzo"
          }
        ],
        "created": "2026-05-28",
        "updated": "2026-07-06",
        "tags": [
          "barrierefrei"
        ],
        "sources_by_field": {
          "name": "osm",
          "hours": "google",
          "payment.cards": "google",
          "payment.contactless": "google",
          "payment.girocard": "google"
        },
        "apple_id_attempted": "2026-05-29",
        "google_attempted": "2026-05-29",
        "hours": {
          "raw": "Tu 08:00-18:30; Th 08:00-18:30; Fr 08:00-18:30; We 08:00-18:30; Mo 08:00-18:30; Sa 08:00-14:00"
        },
        "payment": {
          "cards": "no",
          "contactless": "yes",
          "girocard": "yes"
        }
      }
    },
    {
      "type": "Feature",
      "geometry": {
        "type": "Point",
        "coordinates": [
          9.1028797,
          49.2385086
        ]
      },
      "properties": {
        "id": "tk_bwr_osm_n1613050068",
        "name": "Tabakwaren R. Stech",
        "address": {
          "street": "Kirchenstraße",
          "number": "14",
          "postalcode": "74906",
          "city": "Bad Rappenau"
        },
        "sources": [
          {
            "type": "osm",
            "id": "node/1613050068",
            "version": 0
          },
          {
            "type": "gmaps",
            "id": "ChIJOdCLBu2Jl0cR7NYX0a2CMOM"
          }
        ],
        "created": "2026-05-28",
        "updated": "2026-07-06",
        "hours": {
          "raw": "Tu 08:30-12:00,14:00-18:00; Th 08:30-12:00,14:00-18:00; Fr 08:30-18:00; We 08:30-12:00,14:00-18:00; Mo 08:30-12:00,14:00-18:00; Sa 08:30-13:00"
        },
        "sources_by_field": {
          "name": "osm",
          "address.street": "osm",
          "address.number": "osm",
          "address.postalcode": "osm",
          "address.city": "osm",
          "hours": "google",
          "payment.cards": "google",
          "payment.girocard": "google"
        },
        "apple_id_attempted": "2026-05-29",
        "google_attempted": "2026-05-29",
        "payment": {
          "cards": "yes",
          "girocard": "yes"
        }
      }
    },
    {
      "type": "Feature",
      "geometry": {
        "type": "Point",
        "coordinates": [
          8.8905977,
          47.8575077
        ]
      },
      "properties": {
        "id": "tk_bwr_osm_n1945622835",
        "name": "Getränke Baumann",
        "address": {},
        "sources": [
          {
            "type": "osm",
            "id": "node/1945622835",
            "version": 0
          },
          {
            "type": "apple",
            "id": "12654101192580739117"
          }
        ],
        "created": "2026-05-28",
        "updated": "2026-07-06",
        "hours": {
          "raw": "Mo-Tu,Th-Fr 09:00-12:30,14:30-18:00; We 09:00-12:30; Sa 08:00-12:30"
        },
        "tags": [
          "barrierefrei"
        ],
        "sources_by_field": {
          "name": "osm",
          "hours": "apple",
          "payment.cards": "apple",
          "payment.contactless": "apple"
        },
        "apple_attempted": "2026-05-29",
        "payment": {
          "cards": "yes",
          "contactless": "yes"
        }
      }
    },
    {
      "type": "Feature",
      "geometry": {
        "type": "Point",
        "coordinates": [
          9.9896695,
          48.2993605
        ]
      },
      "properties": {
        "id": "tk_bwr_osm_n1969635358",
        "name": "Anja´s Lädele in Staig",
        "address": {
          "street": "Kirchstraße",
          "number": "7",
          "postalcode": "89195",
          "city": "Staig"
        },
        "sources": [
          {
            "type": "osm",
            "id": "node/1969635358",
            "version": 0
          },
          {
            "type": "apple",
            "id": "7051299407512092679"
          }
        ],
        "created": "2026-05-28",
        "updated": "2026-07-06",
        "hours": {
          "raw": "Mo-Fr 08:30-12:00; Tu,Th, 14:30-17:30; Sa 09:30-12:00"
        },
        "payment": {
          "cash": "yes",
          "cards": "yes",
          "contactless": "unknown",
          "girocard": "unknown"
        },
        "sources_by_field": {
          "name": "osm",
          "address.street": "osm",
          "address.number": "osm",
          "address.postalcode": "osm",
          "address.city": "osm",
          "hours": "osm",
          "payment.cash": "osm",
          "payment.cards": "osm",
          "payment.contactless": "osm",
          "payment.girocard": "osm"
        }
      }
    },
    {
      "type": "Feature",
      "geometry": {
        "type": "Point",
        "coordinates": [
          9.3628189,
          49.3205653
        ]
      },
      "properties": {
        "id": "tk_bwr_osm_n2028923262",
        "name": "Getränke Scharly",
        "address": {
          "street": "Waagerner Tal",
          "number": "20",
          "postalcode": "74219",
          "city": "Möckmühl"
        },
        "sources": [
          {
            "type": "osm",
            "id": "node/2028923262",
            "version": 0
          },
          {
            "type": "gmaps",
            "id": "ChIJk9m-dPgXmEcRDwlu_Mthe7I"
          }
        ],
        "created": "2026-05-28",
        "updated": "2026-07-06",
        "hours": {
          "raw": "Tu 08:30-19:00; Th 08:30-19:00; Fr 08:30-19:00; We 08:30-19:00; Mo 08:30-19:00; Sa 08:00-16:00"
        },
        "tags": [
          "barrierefrei"
        ],
        "sources_by_field": {
          "name": "osm",
          "address.street": "osm",
          "address.number": "osm",
          "address.postalcode": "osm",
          "address.city": "osm",
          "hours": "google",
          "payment.cards": "google",
          "payment.contactless": "google",
          "payment.girocard": "google"
        },
        "apple_id_attempted": "2026-05-29",
        "google_attempted": "2026-05-29",
        "payment": {
          "cards": "yes",
          "contactless": "yes",
          "girocard": "yes"
        }
      }
    },
    {
      "type": "Feature",
      "geometry": {
        "type": "Point",
        "coordinates": [
          8.8131741,
          48.4955996
        ]
      },
      "properties": {
        "id": "tk_bwr_osm_n2099564662",
        "name": "Aral Tankstelle Autohaus Grammer OHG",
        "address": {
          "street": "Gosbertstraße",
          "number": "24",
          "postalcode": "72108",
          "city": "Rottenburg am Neckar",
          "district": "Ergenzingen"
        },
        "sources": [
          {
            "type": "osm",
            "id": "node/2099564662",
            "version": 0
          },
          {
            "type": "gmaps",
            "id": "ChIJpYWyb-dWl0cRBZI-sngDNIw"
          }
        ],
        "created": "2026-05-28",
        "updated": "2026-07-06",
        "sources_by_field": {
          "name": "osm",
          "address.street": "osm",
          "address.number": "osm",
          "address.postalcode": "osm",
          "address.city": "osm",
          "address.district": "osm",
          "hours": "google",
          "payment.cards": "google",
          "payment.contactless": "google",
          "payment.girocard": "google"
        },
        "apple_id_attempted": "2026-05-29",
        "google_attempted": "2026-05-29",
        "hours": {
          "raw": "Tu 06:30-20:00; Th 06:30-20:00; Fr 06:30-20:00; We 06:30-20:00; Mo 06:30-20:00; Sa 07:30-20:00; Su 09:00-20:00"
        },
        "payment": {
          "cards": "no",
          "contactless": "yes",
          "girocard": "yes"
        }
      }
    },
    {
      "type": "Feature",
      "geometry": {
        "type": "Point",
        "coordinates": [
          9.0775692,
          48.1256139
        ]
      },
      "properties": {
        "id": "tk_bwr_osm_n2107600174",
        "name": "Getränke Nolle",
        "address": {
          "street": "Europastraße",
          "number": "1"
        },
        "sources": [
          {
            "type": "osm",
            "id": "node/2107600174",
            "version": 0
          },
          {
            "type": "gmaps",
            "id": "ChIJT6M1cKwWmkcRMKSI_KuqAUM"
          }
        ],
        "created": "2026-05-28",
        "updated": "2026-07-06",
        "hours": {
          "raw": "Tu 08:30-12:15,14:00-18:30; Th 08:30-12:15,14:00-18:30; Fr 08:30-12:15,14:00-18:30; We 08:30-12:15,14:00-18:30; Mo 08:30-12:15,14:00-18:30; Sa 08:30-13:00"
        },
        "tags": [
          "barrierefrei"
        ],
        "sources_by_field": {
          "name": "osm",
          "address.street": "osm",
          "address.number": "osm",
          "hours": "google",
          "payment.cards": "google",
          "payment.contactless": "google",
          "payment.girocard": "google"
        },
        "apple_id_attempted": "2026-05-29",
        "google_attempted": "2026-05-29",
        "payment": {
          "cards": "no",
          "contactless": "yes",
          "girocard": "yes"
        }
      }
    },
    {
      "type": "Feature",
      "geometry": {
        "type": "Point",
        "coordinates": [
          8.573265,
          47.6273118
        ]
      },
      "properties": {
        "id": "tk_bwr_osm_n2287345124",
        "name": "Abend K.-H.",
        "address": {
          "street": "Hauptstraße",
          "number": "37",
          "postalcode": "79807",
          "city": "Lottstetten"
        },
        "sources": [
          {
            "type": "osm",
            "id": "node/2287345124",
            "version": 0
          },
          {
            "type": "apple",
            "id": "13866604613015813634"
          },
          {
            "type": "gmaps",
            "id": "ChIJXXeCX0x4kEcR-WilOfunZpY"
          }
        ],
        "created": "2026-05-28",
        "updated": "2026-05-29",
        "hours": {
          "raw": "Tu 08:00-12:00; Th 08:00-12:00,14:00-18:30; Fr 08:00-12:00,14:00-18:30; We 08:00-12:00; Mo 08:00-12:00; Sa 08:00-12:00"
        },
        "sources_by_field": {
          "name": "osm",
          "address.street": "osm",
          "address.number": "osm",
          "address.postalcode": "osm",
          "address.city": "osm",
          "hours": "google",
          "payment.cards": "google",
          "payment.girocard": "google"
        },
        "apple_attempted": "2026-05-29",
        "payment": {
          "cards": "yes",
          "girocard": "yes"
        },
        "google_attempted": "2026-05-29"
      }
    },
    {
      "type": "Feature",
      "geometry": {
        "type": "Point",
        "coordinates": [
          9.1774864,
          47.7194748
        ]
      },
      "properties": {
        "id": "tk_bwr_osm_n2321263903",
        "name": "Strandbadkiosk",
        "address": {
          "street": "Am See",
          "number": "44",
          "postalcode": "78465",
          "city": "Konstanz",
          "district": "Litzelstetten"
        },
        "sources": [
          {
            "type": "osm",
            "id": "node/2321263903",
            "version": 0
          },
          {
            "type": "apple",
            "id": "10090621708121664786"
          },
          {
            "type": "gmaps",
            "id": "ChIJt6QYDZtYmkcRBMTfyiJyWD4"
          }
        ],
        "created": "2026-05-28",
        "updated": "2026-07-06",
        "hours": {
          "raw": "Tu 10:00-22:00; Th 10:00-22:00; Fr 10:00-22:00; We 10:00-22:00; Mo 10:00-22:00; Sa 10:00-22:00; Su 10:00-22:00"
        },
        "tags": [
          "barrierefrei"
        ],
        "sources_by_field": {
          "name": "osm",
          "address.street": "osm",
          "address.number": "osm",
          "address.postalcode": "osm",
          "address.city": "osm",
          "address.district": "osm",
          "hours": "google",
          "payment.cards": "google",
          "payment.contactless": "google",
          "payment.girocard": "google"
        },
        "apple_attempted": "2026-05-29",
        "google_attempted": "2026-05-29",
        "payment": {
          "cards": "no",
          "contactless": "yes",
          "girocard": "yes"
        }
      }
    },
    {
      "type": "Feature",
      "geometry": {
        "type": "Point",
        "coordinates": [
          8.066015,
          48.6334063
        ]
      },
      "properties": {
        "id": "tk_bwr_osm_n2360738188",
        "name": "Kiosk am Gleis 47",
        "address": {
          "street": "Eisenbahnstraße",
          "number": "40",
          "postalcode": "77855",
          "city": "Achern"
        },
        "sources": [
          {
            "type": "osm",
            "id": "node/2360738188",
            "version": 0
          },
          {
            "type": "apple",
            "id": "6435260049576882517"
          }
        ],
        "created": "2026-05-28",
        "updated": "2026-07-06",
        "hours": {
          "raw": "Mo-Fr 05:00-20:00; Sa 06:00-20:00; Su,PH 08:00-18:00"
        },
        "payment": {
          "cash": "yes",
          "cards": "yes",
          "contactless": "unknown",
          "girocard": "unknown"
        },
        "tags": [
          "barrierefrei"
        ],
        "sources_by_field": {
          "name": "osm",
          "address.street": "osm",
          "address.number": "osm",
          "address.postalcode": "osm",
          "address.city": "osm",
          "hours": "osm",
          "payment.cash": "osm",
          "payment.cards": "osm",
          "payment.contactless": "osm",
          "payment.girocard": "osm"
        }
      }
    },
    {
      "type": "Feature",
      "geometry": {
        "type": "Point",
        "coordinates": [
          9.1573949,
          47.683369
        ]
      },
      "properties": {
        "id": "tk_bwr_osm_n2378831925",
        "name": "Kiosk am Rio",
        "address": {
          "street": "Fürstenbergstraße",
          "number": "90",
          "postalcode": "78467",
          "city": "Konstanz"
        },
        "sources": [
          {
            "type": "osm",
            "id": "node/2378831925",
            "version": 0
          },
          {
            "type": "apple",
            "id": "12461950624285587896"
          }
        ],
        "created": "2026-05-28",
        "updated": "2026-07-06",
        "hours": {
          "raw": "Mo-Fr 08:00-18:00; Sa 08:00-14:00"
        },
        "tags": [
          "barrierefrei"
        ],
        "sources_by_field": {
          "name": "osm",
          "address.street": "osm",
          "address.number": "osm",
          "address.postalcode": "osm",
          "address.city": "osm",
          "hours": "apple",
          "payment.cards": "apple",
          "payment.contactless": "apple"
        },
        "apple_attempted": "2026-05-29",
        "payment": {
          "cards": "yes",
          "contactless": "yes"
        }
      }
    },
    {
      "type": "Feature",
      "geometry": {
        "type": "Point",
        "coordinates": [
          9.161895,
          47.6872542
        ]
      },
      "properties": {
        "id": "tk_bwr_osm_n2379477852",
        "name": "Schwaketen Kiosk",
        "address": {
          "street": "Buhlenweg",
          "number": "34a",
          "postalcode": "78467",
          "city": "Konstanz"
        },
        "sources": [
          {
            "type": "osm",
            "id": "node/2379477852",
            "version": 0
          },
          {
            "type": "apple",
            "id": "11427043272488059008"
          }
        ],
        "created": "2026-05-28",
        "updated": "2026-07-06",
        "hours": {
          "raw": "Mo-Fr 07:00-18:00; Sa 07:00-16:00"
        },
        "tags": [
          "barrierefrei"
        ],
        "sources_by_field": {
          "name": "osm",
          "address.street": "osm",
          "address.number": "osm",
          "address.postalcode": "osm",
          "address.city": "osm",
          "hours": "apple",
          "payment.cards": "apple",
          "payment.contactless": "apple"
        },
        "apple_attempted": "2026-05-29",
        "payment": {
          "cards": "yes",
          "contactless": "yes"
        }
      }
    },
    {
      "type": "Feature",
      "geometry": {
        "type": "Point",
        "coordinates": [
          10.0161278,
          47.822976
        ]
      },
      "properties": {
        "id": "tk_bwr_osm_n2436910875",
        "name": "Getränke Baumann",
        "address": {
          "street": "Wangener Straße",
          "number": "49",
          "postalcode": "88299",
          "city": "Leutkirch im Allgäu"
        },
        "sources": [
          {
            "type": "osm",
            "id": "node/2436910875",
            "version": 0
          },
          {
            "type": "gmaps",
            "id": "ChIJ9e3kH-2Qm0cRN1HStQjQUo8"
          }
        ],
        "created": "2026-05-28",
        "updated": "2026-07-06",
        "hours": {
          "raw": "Tu 07:00-20:00; Th 07:00-20:00; Fr 07:00-20:00; We 07:00-20:00; Mo 07:00-20:00; Sa 07:00-20:00"
        },
        "tags": [
          "barrierefrei"
        ],
        "sources_by_field": {
          "name": "osm",
          "address.street": "osm",
          "address.number": "osm",
          "address.postalcode": "osm",
          "address.city": "osm",
          "hours": "google",
          "payment.cards": "google",
          "payment.contactless": "google",
          "payment.girocard": "google"
        },
        "apple_id_attempted": "2026-05-29",
        "google_attempted": "2026-05-29",
        "payment": {
          "cards": "yes",
          "contactless": "yes",
          "girocard": "yes"
        }
      }
    },
    {
      "type": "Feature",
      "geometry": {
        "type": "Point",
        "coordinates": [
          9.1589069,
          47.7661573
        ]
      },
      "properties": {
        "id": "tk_bwr_osm_n2470230897",
        "name": "L12",
        "address": {},
        "sources": [
          {
            "type": "osm",
            "id": "node/2470230897",
            "version": 0
          },
          {
            "type": "apple",
            "id": "7561577708143489760"
          }
        ],
        "created": "2026-05-28",
        "updated": "2026-07-06",
        "tags": [
          "barrierefrei",
          "draussen"
        ],
        "sources_by_field": {
          "name": "osm",
          "hours": "apple",
          "payment.cards": "apple",
          "payment.contactless": "apple"
        },
        "apple_attempted": "2026-05-29",
        "hours": {
          "raw": "Mo-Su 09:00-18:00"
        },
        "payment": {
          "cards": "yes",
          "contactless": "yes"
        }
      }
    },
    {
      "type": "Feature",
      "geometry": {
        "type": "Point",
        "coordinates": [
          9.1684185,
          47.7689381
        ]
      },
      "properties": {
        "id": "tk_bwr_osm_n2473885644",
        "name": "Kretzer",
        "address": {},
        "sources": [
          {
            "type": "osm",
            "id": "node/2473885644",
            "version": 0
          },
          {
            "type": "gmaps",
            "id": "ChIJUVaILjdZmkcRP5WYJVNy2q4"
          }
        ],
        "created": "2026-05-28",
        "updated": "2026-07-06",
        "sources_by_field": {
          "name": "osm",
          "hours": "google",
          "payment.cards": "google",
          "payment.contactless": "google",
          "payment.girocard": "google"
        },
        "apple_id_attempted": "2026-05-29",
        "google_attempted": "2026-05-29",
        "hours": {
          "raw": "Tu 08:30-18:30; Th 08:30-18:30; Fr 08:30-18:30; We 08:30-18:30; Mo 08:30-18:30; Sa 08:30-14:30"
        },
        "payment": {
          "cards": "no",
          "contactless": "yes",
          "girocard": "yes"
        }
      }
    },
    {
      "type": "Feature",
      "geometry": {
        "type": "Point",
        "coordinates": [
          9.9355895,
          48.7929371
        ]
      },
      "properties": {
        "id": "tk_bwr_osm_n249835154",
        "name": "Grau Schreibwaren",
        "address": {
          "street": "Bahnhofstraße",
          "number": "2",
          "city": "Heubach"
        },
        "sources": [
          {
            "type": "osm",
            "id": "node/249835154",
            "version": 0
          },
          {
            "type": "gmaps",
            "id": "ChIJxYaA-eoFmUcR06HRBnUUTcA"
          }
        ],
        "created": "2026-05-28",
        "updated": "2026-07-06",
        "hours": {
          "raw": "Tu 09:00-12:30,14:00-18:00; Th 09:00-12:30,14:00-18:00; Fr 09:00-12:30,14:00-18:00; We 09:00-12:30,14:00-18:00; Mo 09:00-12:30,14:00-18:00; Sa 09:00-12:00"
        },
        "tags": [
          "barrierefrei"
        ],
        "sources_by_field": {
          "name": "osm",
          "address.street": "osm",
          "address.number": "osm",
          "address.city": "osm",
          "hours": "google",
          "payment.cards": "google",
          "payment.girocard": "google"
        },
        "apple_id_attempted": "2026-05-29",
        "google_attempted": "2026-05-29",
        "payment": {
          "cards": "yes",
          "girocard": "yes"
        }
      }
    },
    {
      "type": "Feature",
      "geometry": {
        "type": "Point",
        "coordinates": [
          9.3170356,
          47.6739265
        ]
      },
      "properties": {
        "id": "tk_bwr_osm_n2502176342",
        "name": "Treffpunkt Hagnau",
        "address": {
          "street": "Seestraße",
          "number": "16",
          "postalcode": "88709",
          "city": "Hagnau am Bodensee"
        },
        "sources": [
          {
            "type": "osm",
            "id": "node/2502176342",
            "version": 0
          },
          {
            "type": "apple",
            "id": "318460469856330212"
          }
        ],
        "created": "2026-05-28",
        "updated": "2026-07-06",
        "sources_by_field": {
          "name": "osm",
          "address.street": "osm",
          "address.number": "osm",
          "address.postalcode": "osm",
          "address.city": "osm",
          "payment.cards": "apple",
          "payment.contactless": "apple"
        },
        "apple_attempted": "2026-05-29",
        "google_attempted": "2026-05-29",
        "payment": {
          "cards": "yes",
          "contactless": "yes"
        }
      }
    },
    {
      "type": "Feature",
      "geometry": {
        "type": "Point",
        "coordinates": [
          8.718121,
          48.5502641
        ]
      },
      "properties": {
        "id": "tk_bwr_osm_n2504022779",
        "name": "Badepark Kiosk",
        "address": {},
        "sources": [
          {
            "type": "osm",
            "id": "node/2504022779",
            "version": 0
          },
          {
            "type": "gmaps",
            "id": "ChIJV27U-EJmCUERKHvshG54kps"
          }
        ],
        "created": "2026-05-28",
        "updated": "2026-07-06",
        "sources_by_field": {
          "name": "osm",
          "hours": "google",
          "payment.cards": "google",
          "payment.contactless": "google",
          "payment.girocard": "google"
        },
        "apple_id_attempted": "2026-05-29",
        "google_attempted": "2026-05-29",
        "hours": {
          "raw": "Tu 08:30-19:00; Th 08:30-19:00; Fr 08:30-19:00; We 08:30-19:00; Mo 08:30-19:00; Sa 08:30-19:00; Su 08:30-19:00"
        },
        "payment": {
          "cards": "yes",
          "contactless": "yes",
          "girocard": "yes"
        }
      }
    },
    {
      "type": "Feature",
      "geometry": {
        "type": "Point",
        "coordinates": [
          9.8295727,
          48.0613589
        ]
      },
      "properties": {
        "id": "tk_bwr_osm_n2600964555",
        "name": "Steigmiller-Lutz",
        "address": {
          "street": "Schweinhauser Straße",
          "number": "8",
          "postalcode": "88444",
          "city": "Ummendorf"
        },
        "sources": [
          {
            "type": "osm",
            "id": "node/2600964555",
            "version": 0
          },
          {
            "type": "apple",
            "id": "11605996487362755858"
          }
        ],
        "created": "2026-05-28",
        "updated": "2026-07-06",
        "hours": {
          "raw": "Mo-Fr 09:00-12:00,14:00-18:00; Sa 09:00-12:30"
        },
        "sources_by_field": {
          "name": "osm",
          "address.street": "osm",
          "address.number": "osm",
          "address.postalcode": "osm",
          "address.city": "osm",
          "hours": "apple",
          "payment.cards": "apple",
          "payment.contactless": "apple"
        },
        "apple_attempted": "2026-05-29",
        "payment": {
          "cards": "yes",
          "contactless": "yes"
        }
      }
    },
    {
      "type": "Feature",
      "geometry": {
        "type": "Point",
        "coordinates": [
          8.1574222,
          48.4199063
        ]
      },
      "properties": {
        "id": "tk_bwr_osm_n266717022",
        "name": "Löcherberg-Hütte",
        "address": {
          "street": "Wanderparkplatz Löcherwasen",
          "postalcode": "77784",
          "city": "Oberharmersbach"
        },
        "sources": [
          {
            "type": "osm",
            "id": "node/266717022",
            "version": 0
          },
          {
            "type": "gmaps",
            "id": "ChIJ4XzPJ6bUkEcRhFHSKXrp4Q8"
          }
        ],
        "created": "2026-05-28",
        "updated": "2026-07-06",
        "tags": [
          "draussen"
        ],
        "sources_by_field": {
          "name": "osm",
          "address.street": "osm",
          "address.postalcode": "osm",
          "address.city": "osm"
        },
        "apple_id_attempted": "2026-05-29",
        "google_attempted": "2026-05-29",
        "payment": {}
      }
    },
    {
      "type": "Feature",
      "geometry": {
        "type": "Point",
        "coordinates": [
          9.7006482,
          48.4947262
        ]
      },
      "properties": {
        "id": "tk_bwr_osm_n271967270",
        "name": "Getränke Schock",
        "address": {
          "street": "Carl-Benz-Straße",
          "number": "3",
          "city": "Laichingen"
        },
        "sources": [
          {
            "type": "osm",
            "id": "node/271967270",
            "version": 0
          },
          {
            "type": "apple",
            "id": "16810648710544042830"
          }
        ],
        "created": "2026-05-28",
        "updated": "2026-07-06",
        "tags": [
          "barrierefrei"
        ],
        "sources_by_field": {
          "name": "osm",
          "address.street": "osm",
          "address.number": "osm",
          "address.city": "osm",
          "hours": "apple",
          "payment.cards": "apple",
          "payment.contactless": "apple"
        },
        "apple_attempted": "2026-05-29",
        "hours": {
          "raw": "Mo-Fr 08:30-18:30; Sa 08:00-13:00"
        },
        "payment": {
          "cards": "yes",
          "contactless": "yes"
        }
      }
    },
    {
      "type": "Feature",
      "geometry": {
        "type": "Point",
        "coordinates": [
          9.3801307,
          47.9515395
        ]
      },
      "properties": {
        "id": "tk_bwr_osm_n279322960",
        "name": "Tabakwaren Steinhauser",
        "address": {},
        "sources": [
          {
            "type": "osm",
            "id": "node/279322960",
            "version": 0
          },
          {
            "type": "gmaps",
            "id": "ChIJdRJVbY5YCEER1FHKP-ujzL4"
          }
        ],
        "created": "2026-05-28",
        "updated": "2026-07-06",
        "tags": [
          "barrierefrei"
        ],
        "sources_by_field": {
          "name": "osm"
        },
        "apple_id_attempted": "2026-05-29",
        "google_attempted": "2026-05-29",
        "payment": {}
      }
    },
    {
      "type": "Feature",
      "geometry": {
        "type": "Point",
        "coordinates": [
          9.6179311,
          48.1456911
        ]
      },
      "properties": {
        "id": "tk_bwr_osm_n2861651350",
        "name": "Brauereilädele",
        "address": {
          "street": "Am Ziegelberg",
          "number": "8",
          "city": "Uttenweiler"
        },
        "sources": [
          {
            "type": "osm",
            "id": "node/2861651350",
            "version": 0
          },
          {
            "type": "apple",
            "id": "11418738182528315807"
          }
        ],
        "created": "2026-05-28",
        "updated": "2026-07-06",
        "tags": [
          "barrierefrei"
        ],
        "sources_by_field": {
          "name": "osm",
          "address.street": "osm",
          "address.number": "osm",
          "address.city": "osm",
          "hours": "apple",
          "payment.cards": "apple",
          "payment.contactless": "apple"
        },
        "apple_attempted": "2026-05-29",
        "hours": {
          "raw": "Mo,We-Fr 15:00-19:00; Sa 09:00-13:00"
        },
        "payment": {
          "cards": "yes",
          "contactless": "yes"
        }
      }
    },
    {
      "type": "Feature",
      "geometry": {
        "type": "Point",
        "coordinates": [
          9.0852599,
          47.9485329
        ]
      },
      "properties": {
        "id": "tk_bwr_osm_n2880353153",
        "name": "Tipi-Hof",
        "address": {},
        "sources": [
          {
            "type": "osm",
            "id": "node/2880353153",
            "version": 0
          },
          {
            "type": "apple",
            "id": "15688079182640781511"
          },
          {
            "type": "gmaps",
            "id": "ChIJ49m27ZFpmkcRPMHfEyO8EWw"
          }
        ],
        "created": "2026-05-28",
        "updated": "2026-07-06",
        "sources_by_field": {
          "name": "osm",
          "payment.cards": "google",
          "payment.contactless": "google",
          "payment.girocard": "google"
        },
        "apple_attempted": "2026-05-29",
        "google_attempted": "2026-05-29",
        "payment": {
          "cards": "no",
          "contactless": "yes",
          "girocard": "yes"
        }
      }
    },
    {
      "type": "Feature",
      "geometry": {
        "type": "Point",
        "coordinates": [
          8.887825,
          48.4108259
        ]
      },
      "properties": {
        "id": "tk_bwr_osm_n288464837",
        "name": "Laden am Markt",
        "address": {
          "street": "Marktstraße",
          "number": "4",
          "postalcode": "72145",
          "city": "Hirrlingen"
        },
        "sources": [
          {
            "type": "osm",
            "id": "node/288464837",
            "version": 0
          },
          {
            "type": "gmaps",
            "id": "ChIJ3cEUCLb_mUcRosCYKBIcxjU"
          }
        ],
        "created": "2026-05-28",
        "updated": "2026-07-06",
        "sources_by_field": {
          "name": "osm",
          "address.street": "osm",
          "address.number": "osm",
          "address.postalcode": "osm",
          "address.city": "osm",
          "hours": "google",
          "payment.cards": "google",
          "payment.contactless": "google",
          "payment.girocard": "google"
        },
        "apple_id_attempted": "2026-05-29",
        "google_attempted": "2026-05-29",
        "hours": {
          "raw": "Tu 09:00-12:00,15:00-18:00; Th 09:00-12:00,15:00-18:00; Fr 09:00-12:00,15:00-18:00; We 09:00-12:00,15:00-18:00; Mo 09:00-12:00,15:00-18:00; Sa 09:00-12:00"
        },
        "payment": {
          "cards": "no",
          "contactless": "yes",
          "girocard": "yes"
        }
      }
    },
    {
      "type": "Feature",
      "geometry": {
        "type": "Point",
        "coordinates": [
          8.9353306,
          48.3763864
        ]
      },
      "properties": {
        "id": "tk_bwr_osm_n2902724194",
        "name": "Römisches Freilichtmuseum Hechingen-Stein",
        "address": {},
        "sources": [
          {
            "type": "osm",
            "id": "node/2902724194",
            "version": 0
          },
          {
            "type": "apple",
            "id": "9014679342029151889"
          }
        ],
        "created": "2026-05-28",
        "updated": "2026-07-06",
        "sources_by_field": {
          "name": "osm",
          "hours": "apple",
          "payment.cards": "apple",
          "payment.contactless": "apple"
        },
        "apple_attempted": "2026-05-29",
        "hours": {
          "raw": "Tu-Su 10:00-17:00"
        },
        "payment": {
          "cards": "yes",
          "contactless": "yes"
        }
      }
    },
    {
      "type": "Feature",
      "geometry": {
        "type": "Point",
        "coordinates": [
          7.9655385,
          48.5595
        ]
      },
      "properties": {
        "id": "tk_bwr_osm_n2907005310",
        "name": "Getränke Graf",
        "address": {
          "street": "Gewerbestraße",
          "number": "12"
        },
        "sources": [
          {
            "type": "osm",
            "id": "node/2907005310",
            "version": 0
          },
          {
            "type": "gmaps",
            "id": "ChIJO8eMqBzRlkcRcQSJhGGdJBo"
          }
        ],
        "created": "2026-05-28",
        "updated": "2026-07-06",
        "hours": {
          "raw": "Tu 08:30-12:00,14:00-18:00; Th 08:30-12:00,14:00-18:00; Fr 08:30-18:00; We 08:30-12:00; Mo 08:30-12:00,14:00-18:00; Sa 08:00-13:00"
        },
        "sources_by_field": {
          "name": "osm",
          "address.street": "osm",
          "address.number": "osm",
          "hours": "google",
          "payment.cards": "google",
          "payment.girocard": "google"
        },
        "apple_id_attempted": "2026-05-29",
        "google_attempted": "2026-05-29",
        "payment": {
          "cards": "yes",
          "girocard": "yes"
        }
      }
    },
    {
      "type": "Feature",
      "geometry": {
        "type": "Point",
        "coordinates": [
          10.1833265,
          48.8003766
        ]
      },
      "properties": {
        "id": "tk_bwr_osm_n2907857997",
        "name": "Karl Keller Getränke Fachgroßhandel",
        "address": {
          "street": "Ebnater Hauptstraße",
          "number": "43",
          "postalcode": "73432",
          "city": "Aalen"
        },
        "sources": [
          {
            "type": "osm",
            "id": "node/2907857997",
            "version": 0
          },
          {
            "type": "gmaps",
            "id": "ChIJw_auhvsYmUcRIG27QZBGBX8"
          }
        ],
        "created": "2026-05-28",
        "updated": "2026-07-06",
        "sources_by_field": {
          "name": "osm",
          "address.street": "osm",
          "address.number": "osm",
          "address.postalcode": "osm",
          "address.city": "osm",
          "hours": "google",
          "payment.cards": "google",
          "payment.contactless": "google",
          "payment.girocard": "google"
        },
        "apple_id_attempted": "2026-05-29",
        "google_attempted": "2026-05-29",
        "hours": {
          "raw": "Tu 14:30-18:30; Th 14:30-18:30; Fr 09:00-12:00,14:30-18:30; We 14:30-18:30; Mo 14:30-18:30; Sa 08:30-12:30"
        },
        "payment": {
          "cards": "yes",
          "contactless": "yes",
          "girocard": "yes"
        }
      }
    },
    {
      "type": "Feature",
      "geometry": {
        "type": "Point",
        "coordinates": [
          8.8202449,
          47.9803692
        ]
      },
      "properties": {
        "id": "tk_bwr_osm_n2910600501",
        "name": "Donau Markt",
        "address": {
          "street": "Liptinger Straße",
          "number": "13",
          "postalcode": "78532",
          "city": "Tuttlingen"
        },
        "sources": [
          {
            "type": "osm",
            "id": "node/2910600501",
            "version": 0
          },
          {
            "type": "gmaps",
            "id": "ChIJLS58_al2mkcRTZ_Zs90fFMo"
          }
        ],
        "created": "2026-05-28",
        "updated": "2026-07-06",
        "sources_by_field": {
          "name": "osm",
          "address.street": "osm",
          "address.number": "osm",
          "address.postalcode": "osm",
          "address.city": "osm",
          "hours": "google",
          "payment.cards": "google",
          "payment.contactless": "google",
          "payment.girocard": "google"
        },
        "apple_id_attempted": "2026-05-29",
        "google_attempted": "2026-05-29",
        "hours": {
          "raw": "Tu 09:00-12:00,14:00-18:30; Th 09:00-12:00,14:00-18:30; Fr 09:00-12:00,14:00-18:30; We 09:00-12:00,14:00-18:30; Mo 09:00-12:00,14:00-18:30; Sa 08:30-13:30"
        },
        "payment": {
          "cards": "no",
          "contactless": "yes",
          "girocard": "yes"
        }
      }
    },
    {
      "type": "Feature",
      "geometry": {
        "type": "Point",
        "coordinates": [
          9.3700527,
          47.8746984
        ]
      },
      "properties": {
        "id": "tk_bwr_osm_n2918101010",
        "name": "Margas Getränke",
        "address": {},
        "sources": [
          {
            "type": "osm",
            "id": "node/2918101010",
            "version": 0
          },
          {
            "type": "gmaps",
            "id": "ChIJ0TI9DRVOmkcRT-Nw8vdCa2I"
          }
        ],
        "created": "2026-05-28",
        "updated": "2026-07-06",
        "sources_by_field": {
          "name": "osm"
        },
        "apple_id_attempted": "2026-05-29",
        "google_attempted": "2026-05-29",
        "payment": {}
      }
    },
    {
      "type": "Feature",
      "geometry": {
        "type": "Point",
        "coordinates": [
          8.1304119,
          48.6965366
        ]
      },
      "properties": {
        "id": "tk_bwr_osm_n302275637",
        "name": "Getränke Maushardt",
        "address": {
          "street": "Eisenbahnstraße",
          "number": "39",
          "postalcode": "77815",
          "city": "Bühl"
        },
        "sources": [
          {
            "type": "osm",
            "id": "node/302275637",
            "version": 0
          },
          {
            "type": "apple",
            "id": "7105558499858769439"
          }
        ],
        "created": "2026-05-28",
        "updated": "2026-07-06",
        "hours": {
          "raw": "Mo-Fr 09:00-18:15; Sa 08:00-14:00"
        },
        "tags": [
          "barrierefrei"
        ],
        "sources_by_field": {
          "name": "osm",
          "address.street": "osm",
          "address.number": "osm",
          "address.postalcode": "osm",
          "address.city": "osm",
          "hours": "apple",
          "payment.cards": "apple",
          "payment.contactless": "apple"
        },
        "apple_attempted": "2026-05-29",
        "payment": {
          "cards": "yes",
          "contactless": "yes"
        }
      }
    },
    {
      "type": "Feature",
      "geometry": {
        "type": "Point",
        "coordinates": [
          8.1384955,
          48.6803049
        ]
      },
      "properties": {
        "id": "tk_bwr_osm_n302275939",
        "name": "Getränke Maushardt",
        "address": {},
        "sources": [
          {
            "type": "osm",
            "id": "node/302275939",
            "version": 0
          },
          {
            "type": "gmaps",
            "id": "ChIJs8D4iX4hl0cRBqIxMSd2XHo"
          }
        ],
        "created": "2026-05-28",
        "updated": "2026-07-06",
        "tags": [
          "barrierefrei"
        ],
        "sources_by_field": {
          "name": "osm",
          "hours": "google",
          "payment.cards": "google",
          "payment.contactless": "google",
          "payment.girocard": "google"
        },
        "apple_id_attempted": "2026-05-29",
        "google_attempted": "2026-05-29",
        "hours": {
          "raw": "Tu 08:00-12:00,13:00-18:00; Th 08:00-12:00,13:00-18:00; Fr 08:00-12:00,13:00-18:00; We 08:00-12:00,13:00-18:00; Mo 08:00-12:00,13:00-18:00; Sa 08:00-13:00"
        },
        "payment": {
          "cards": "no",
          "contactless": "yes",
          "girocard": "yes"
        }
      }
    },
    {
      "type": "Feature",
      "geometry": {
        "type": "Point",
        "coordinates": [
          8.0723323,
          48.6289837
        ]
      },
      "properties": {
        "id": "tk_bwr_osm_n3074129734",
        "name": "Der Tabakladen im Bertolt-Brecht-Haus",
        "address": {
          "street": "Hauptstraße",
          "number": "66",
          "postalcode": "77855",
          "city": "Achern"
        },
        "sources": [
          {
            "type": "osm",
            "id": "node/3074129734",
            "version": 0
          },
          {
            "type": "apple",
            "id": "12700070968597881034"
          }
        ],
        "created": "2026-05-28",
        "updated": "2026-07-06",
        "sources_by_field": {
          "name": "osm",
          "address.street": "osm",
          "address.number": "osm",
          "address.postalcode": "osm",
          "address.city": "osm",
          "hours": "apple",
          "payment.cards": "apple",
          "payment.contactless": "apple"
        },
        "apple_attempted": "2026-05-29",
        "hours": {
          "raw": "Mo-Fr 08:30-18:00; Sa 08:30-15:00"
        },
        "payment": {
          "cards": "yes",
          "contactless": "yes"
        }
      }
    },
    {
      "type": "Feature",
      "geometry": {
        "type": "Point",
        "coordinates": [
          9.0407198,
          48.0847972
        ]
      },
      "properties": {
        "id": "tk_bwr_osm_n3075752654",
        "name": "Auskunftsstelle Campingplatz Wagenburg",
        "address": {},
        "sources": [
          {
            "type": "osm",
            "id": "node/3075752654",
            "version": 0
          },
          {
            "type": "gmaps",
            "id": "ChIJYw8hZJ4TmkcRUViNRCgYcLM"
          }
        ],
        "created": "2026-05-28",
        "updated": "2026-07-06",
        "hours": {
          "raw": "Mo-Th 09:00-12:00,15:00-20:00; Fr-Su 09:00-12:00,15:00-20:00"
        },
        "sources_by_field": {
          "name": "osm",
          "hours": "osm"
        },
        "apple_id_attempted": "2026-05-29",
        "google_attempted": "2026-05-29",
        "payment": {}
      }
    },
    {
      "type": "Feature",
      "geometry": {
        "type": "Point",
        "coordinates": [
          8.7508127,
          48.0683371
        ]
      },
      "properties": {
        "id": "tk_bwr_osm_n3080455335",
        "name": "Getränkeinsel Spaichingen",
        "address": {
          "street": "Obere Wiesen",
          "number": "7",
          "postalcode": "78549",
          "city": "Spaichingen"
        },
        "sources": [
          {
            "type": "osm",
            "id": "node/3080455335",
            "version": 0
          },
          {
            "type": "apple",
            "id": "109804368413170027"
          }
        ],
        "created": "2026-05-28",
        "updated": "2026-07-06",
        "hours": {
          "raw": "Mo-Fr 08:00-18:00; Sa 08:00-14:00"
        },
        "sources_by_field": {
          "name": "osm",
          "address.street": "osm",
          "address.number": "osm",
          "address.postalcode": "osm",
          "address.city": "osm",
          "hours": "apple",
          "payment.cards": "apple",
          "payment.contactless": "apple"
        },
        "apple_attempted": "2026-05-29",
        "payment": {
          "cards": "yes",
          "contactless": "yes"
        }
      }
    },
    {
      "type": "Feature",
      "geometry": {
        "type": "Point",
        "coordinates": [
          9.0948464,
          49.2362321
        ]
      },
      "properties": {
        "id": "tk_bwr_osm_n3082955716",
        "name": "inDrink Gastro- und Festservice GmbH & Co. KG",
        "address": {
          "street": "Raiffeisenstraße",
          "number": "10/1",
          "postalcode": "74906",
          "city": "Bad Rappenau"
        },
        "sources": [
          {
            "type": "osm",
            "id": "node/3082955716",
            "version": 0
          },
          {
            "type": "apple",
            "id": "1584458815994033872"
          },
          {
            "type": "gmaps",
            "id": "ChIJ0RC2j5OJl0cRU-GqFDFFmfA"
          }
        ],
        "created": "2026-05-28",
        "updated": "2026-07-06",
        "sources_by_field": {
          "name": "osm",
          "address.street": "osm",
          "address.number": "osm",
          "address.postalcode": "osm",
          "address.city": "osm",
          "hours": "google",
          "payment.cards": "google",
          "payment.girocard": "google"
        },
        "apple_attempted": "2026-05-29",
        "google_attempted": "2026-05-29",
        "hours": {
          "raw": "Tu 08:00-16:30; Th 08:00-16:30; Fr 08:00-15:00; We 08:00-16:30; Mo 08:00-16:30"
        },
        "payment": {
          "cards": "yes",
          "girocard": "yes"
        }
      }
    },
    {
      "type": "Feature",
      "geometry": {
        "type": "Point",
        "coordinates": [
          8.7387948,
          48.0725396
        ]
      },
      "properties": {
        "id": "tk_bwr_osm_n3084385733",
        "name": "Flaschnerei Bühler",
        "address": {
          "street": "Angerstraße",
          "number": "4",
          "postalcode": "78549",
          "city": "Spaichingen"
        },
        "sources": [
          {
            "type": "osm",
            "id": "node/3084385733",
            "version": 0
          },
          {
            "type": "gmaps",
            "id": "ChIJc1zs6hugkEcRlc0w0v_T6cc"
          }
        ],
        "created": "2026-05-28",
        "updated": "2026-07-06",
        "sources_by_field": {
          "name": "osm",
          "address.street": "osm",
          "address.number": "osm",
          "address.postalcode": "osm",
          "address.city": "osm",
          "hours": "google"
        },
        "apple_id_attempted": "2026-05-29",
        "google_attempted": "2026-05-29",
        "hours": {
          "raw": "Tu 08:00-12:00,13:00-17:00; Th 08:00-12:00,13:00-17:00; Fr 08:00-12:00; We 08:00-12:00,13:00-17:00; Mo 08:00-12:00,13:00-17:00"
        },
        "payment": {}
      }
    },
    {
      "type": "Feature",
      "geometry": {
        "type": "Point",
        "coordinates": [
          9.1847369,
          47.6786379
        ]
      },
      "properties": {
        "id": "tk_bwr_osm_n313760825",
        "name": "Lotto-Königsbau Ulrich",
        "address": {},
        "sources": [
          {
            "type": "osm",
            "id": "node/313760825",
            "version": 0
          },
          {
            "type": "apple",
            "id": "14281233247761858587"
          },
          {
            "type": "gmaps",
            "id": "ChIJo6LVG6z3mkcRdbg4cWTPbPM"
          }
        ],
        "created": "2026-05-28",
        "updated": "2026-07-06",
        "hours": {
          "raw": "Tu 09:00-18:00; Th 09:00-18:00; Fr 09:00-18:00; We 09:00-18:00; Mo 09:00-18:00; Sa 09:00-13:00"
        },
        "tags": [
          "barrierefrei"
        ],
        "sources_by_field": {
          "name": "osm",
          "hours": "google"
        },
        "apple_attempted": "2026-05-29",
        "google_attempted": "2026-05-29",
        "payment": {}
      }
    },
    {
      "type": "Feature",
      "geometry": {
        "type": "Point",
        "coordinates": [
          9.4607856,
          47.6559761
        ]
      },
      "properties": {
        "id": "tk_bwr_osm_n3203596053",
        "name": "Getränke Weissenbacher",
        "address": {},
        "sources": [
          {
            "type": "osm",
            "id": "node/3203596053",
            "version": 0
          },
          {
            "type": "gmaps",
            "id": "ChIJYc7Im1EAm0cRNgps-YrhGbI"
          }
        ],
        "created": "2026-05-28",
        "updated": "2026-07-06",
        "hours": {
          "raw": "Tu 09:00-12:30,14:00-18:30; Th 09:00-12:30,14:00-18:30; Fr 09:00-12:30,14:00-18:30; We 09:00-12:30,14:00-18:30; Mo 09:00-12:30,14:00-18:30; Sa 08:30-13:00"
        },
        "tags": [
          "barrierefrei"
        ],
        "sources_by_field": {
          "name": "osm",
          "hours": "google",
          "payment.cards": "google",
          "payment.contactless": "google",
          "payment.girocard": "google"
        },
        "apple_id_attempted": "2026-05-29",
        "google_attempted": "2026-05-29",
        "payment": {
          "cards": "no",
          "contactless": "yes",
          "girocard": "yes"
        }
      }
    },
    {
      "type": "Feature",
      "geometry": {
        "type": "Point",
        "coordinates": [
          9.1835285,
          47.6727896
        ]
      },
      "properties": {
        "id": "tk_bwr_osm_n338660479",
        "name": "Kiosk am Zähringerplatz",
        "address": {
          "street": "Zähringerplatz",
          "number": "3",
          "postalcode": "78464",
          "city": "Konstanz"
        },
        "sources": [
          {
            "type": "osm",
            "id": "node/338660479",
            "version": 0
          },
          {
            "type": "apple",
            "id": "6131743319177895656"
          },
          {
            "type": "gmaps",
            "id": "ChIJmWm1FQD3mkcR5WEEip2XKMM"
          }
        ],
        "created": "2026-05-28",
        "updated": "2026-07-06",
        "hours": {
          "raw": "Tu 07:00-18:00; Th 07:00-18:00; Fr 07:00-18:00; We 07:00-18:00; Mo 07:00-18:00; Sa 07:00-18:00"
        },
        "tags": [
          "barrierefrei"
        ],
        "sources_by_field": {
          "name": "osm",
          "address.street": "osm",
          "address.number": "osm",
          "address.postalcode": "osm",
          "address.city": "osm",
          "hours": "google"
        },
        "apple_attempted": "2026-05-29",
        "google_attempted": "2026-05-29",
        "payment": {}
      }
    },
    {
      "type": "Feature",
      "geometry": {
        "type": "Point",
        "coordinates": [
          9.8337099,
          49.4758096
        ]
      },
      "properties": {
        "id": "tk_bwr_osm_n339168710",
        "name": "Bokmeier",
        "address": {},
        "sources": [
          {
            "type": "osm",
            "id": "node/339168710",
            "version": 0
          },
          {
            "type": "gmaps",
            "id": "ChIJ338YS35wmEcR5kZzMMsO1ZE"
          }
        ],
        "created": "2026-05-28",
        "updated": "2026-07-06",
        "tags": [
          "barrierefrei"
        ],
        "sources_by_field": {
          "name": "osm",
          "hours": "google",
          "payment.cards": "google",
          "payment.contactless": "google",
          "payment.girocard": "google"
        },
        "apple_id_attempted": "2026-05-29",
        "google_attempted": "2026-05-29",
        "hours": {
          "raw": "Tu 09:00-12:00,15:00-18:00; Th 09:00-12:00,15:00-18:00; Fr 09:00-12:00,15:00-18:00; We 09:00-12:00,15:00-18:00; Mo 09:00-12:00,15:00-18:00; Sa 09:00-12:00"
        },
        "payment": {
          "cards": "no",
          "contactless": "yes",
          "girocard": "yes"
        }
      }
    },
    {
      "type": "Feature",
      "geometry": {
        "type": "Point",
        "coordinates": [
          7.9685588,
          48.4459941
        ]
      },
      "properties": {
        "id": "tk_bwr_osm_n3459736354",
        "name": "Pakroppa",
        "address": {
          "street": "Siedlerstraße",
          "number": "7",
          "postalcode": "77799",
          "city": "Ortenberg"
        },
        "sources": [
          {
            "type": "osm",
            "id": "node/3459736354",
            "version": 0
          },
          {
            "type": "apple",
            "id": "18148446798239524626"
          },
          {
            "type": "gmaps",
            "id": "ChIJDdZ3n1XTlkcRyTmLIo5e2_8"
          }
        ],
        "created": "2026-05-28",
        "updated": "2026-07-06",
        "sources_by_field": {
          "name": "osm",
          "address.street": "osm",
          "address.number": "osm",
          "address.postalcode": "osm",
          "address.city": "osm",
          "hours": "google"
        },
        "apple_attempted": "2026-05-29",
        "google_attempted": "2026-05-29",
        "hours": {
          "raw": "Tu 09:00-18:30; Th 09:00-18:30; Fr 09:00-18:30; We 09:00-18:30; Mo 09:00-18:30; Sa 08:30-14:00"
        },
        "payment": {}
      }
    },
    {
      "type": "Feature",
      "geometry": {
        "type": "Point",
        "coordinates": [
          9.8089922,
          48.3986976
        ]
      },
      "properties": {
        "id": "tk_bwr_osm_n3576328026",
        "name": "Mekle Getränke",
        "address": {
          "street": "Helfensteinerstraße",
          "number": "21-25",
          "postalcode": "89143",
          "city": "Blaubeuren"
        },
        "sources": [
          {
            "type": "osm",
            "id": "node/3576328026",
            "version": 0
          },
          {
            "type": "apple",
            "id": "2570870457472451230"
          },
          {
            "type": "gmaps",
            "id": "ChIJzbjIiJZ7mUcRdN3ag8T2kGE"
          }
        ],
        "created": "2026-05-28",
        "updated": "2026-07-06",
        "sources_by_field": {
          "name": "osm",
          "address.street": "osm",
          "address.number": "osm",
          "address.postalcode": "osm",
          "address.city": "osm",
          "hours": "google",
          "payment.cards": "google",
          "payment.girocard": "google"
        },
        "apple_attempted": "2026-05-29",
        "google_attempted": "2026-05-29",
        "hours": {
          "raw": "Tu 08:00-12:00,13:30-17:30; Fr 08:00-12:00,13:30-17:30; We 08:00-12:00,13:30-17:30; Mo 08:00-12:00,13:30-17:30"
        },
        "payment": {
          "cards": "yes",
          "girocard": "yes"
        }
      }
    },
    {
      "type": "Feature",
      "geometry": {
        "type": "Point",
        "coordinates": [
          9.148751,
          49.3007269
        ]
      },
      "properties": {
        "id": "tk_bwr_osm_n3661944209",
        "name": "Schreibwaren Friedel",
        "address": {},
        "sources": [
          {
            "type": "osm",
            "id": "node/3661944209",
            "version": 0
          },
          {
            "type": "apple",
            "id": "4002436087046188558"
          }
        ],
        "created": "2026-05-28",
        "updated": "2026-07-06",
        "hours": {
          "raw": "Mo-Fr 07:30-12:30,14:30-18:00; Sa 07:30-12:30"
        },
        "sources_by_field": {
          "name": "osm",
          "hours": "apple",
          "payment.cards": "apple",
          "payment.contactless": "apple"
        },
        "apple_attempted": "2026-05-29",
        "payment": {
          "cards": "yes",
          "contactless": "yes"
        }
      }
    },
    {
      "type": "Feature",
      "geometry": {
        "type": "Point",
        "coordinates": [
          9.4643361,
          47.7253782
        ]
      },
      "properties": {
        "id": "tk_bwr_osm_n367346624",
        "name": "Weissenbacher",
        "address": {
          "street": "Eugen-Bolz-Straße",
          "number": "24",
          "postalcode": "88094",
          "city": "Oberteuringen"
        },
        "sources": [
          {
            "type": "osm",
            "id": "node/367346624",
            "version": 0
          },
          {
            "type": "gmaps",
            "id": "ChIJoRsslN6qm0cRV7c9U8F-GGI"
          }
        ],
        "created": "2026-05-28",
        "updated": "2026-07-06",
        "tags": [
          "barrierefrei"
        ],
        "sources_by_field": {
          "name": "osm",
          "address.street": "osm",
          "address.number": "osm",
          "address.postalcode": "osm",
          "address.city": "osm",
          "hours": "google",
          "payment.cards": "google",
          "payment.contactless": "google",
          "payment.girocard": "google"
        },
        "apple_id_attempted": "2026-05-29",
        "google_attempted": "2026-05-29",
        "hours": {
          "raw": "Tu 08:45-12:15,14:30-18:15; Th 08:45-12:15,14:30-18:15; Fr 08:45-12:15,14:30-18:15; We 08:45-12:15,14:30-18:15; Mo 08:45-12:15,14:30-18:15; Sa 08:30-13:00"
        },
        "payment": {
          "cards": "no",
          "contactless": "yes",
          "girocard": "yes"
        }
      }
    },
    {
      "type": "Feature",
      "geometry": {
        "type": "Point",
        "coordinates": [
          8.7771679,
          47.73648
        ]
      },
      "properties": {
        "id": "tk_bwr_osm_n367446055",
        "name": "Weinhaus Fahr",
        "address": {
          "street": "Im Buck",
          "number": "13",
          "postalcode": "78244",
          "city": "Gottmadingen"
        },
        "sources": [
          {
            "type": "osm",
            "id": "node/367446055",
            "version": 0
          },
          {
            "type": "apple",
            "id": "8758367665774725938"
          }
        ],
        "created": "2026-05-28",
        "updated": "2026-07-06",
        "sources_by_field": {
          "name": "osm",
          "address.street": "osm",
          "address.number": "osm",
          "address.postalcode": "osm",
          "address.city": "osm",
          "hours": "apple",
          "payment.cards": "apple",
          "payment.contactless": "apple"
        },
        "apple_attempted": "2026-05-29",
        "hours": {
          "raw": "Mo-Tu 08:30-12:30,14:30-18:00; We 08:30-12:30; Th-Fr 08:30-12:30,14:30-22:00; Sa 08:30-13:00"
        },
        "payment": {
          "cards": "yes",
          "contactless": "yes"
        }
      }
    },
    {
      "type": "Feature",
      "geometry": {
        "type": "Point",
        "coordinates": [
          10.0297452,
          49.4685843
        ]
      },
      "properties": {
        "id": "tk_bwr_osm_n369853030",
        "name": "Küferei Haag",
        "address": {},
        "sources": [
          {
            "type": "osm",
            "id": "node/369853030",
            "version": 0
          },
          {
            "type": "gmaps",
            "id": "ChIJ9fkGT5p9mEcRegK9PnhyiPo"
          }
        ],
        "created": "2026-05-28",
        "updated": "2026-07-06",
        "sources_by_field": {
          "name": "osm",
          "hours": "google"
        },
        "apple_id_attempted": "2026-05-29",
        "google_attempted": "2026-05-29",
        "hours": {
          "raw": "Tu 08:30-12:30,14:30-18:00; Th 08:30-12:30,14:30-18:00; Fr 08:30-12:30,14:30-18:00; We 08:30-12:30; Sa 08:30-13:00"
        },
        "payment": {}
      }
    },
    {
      "type": "Feature",
      "geometry": {
        "type": "Point",
        "coordinates": [
          9.7398159,
          47.925428
        ]
      },
      "properties": {
        "id": "tk_bwr_osm_n3706723634",
        "name": "Waldseer Weinmarkt",
        "address": {
          "street": "Beim Ried",
          "number": "9",
          "postalcode": "88339",
          "city": "Bad Waldsee"
        },
        "sources": [
          {
            "type": "osm",
            "id": "node/3706723634",
            "version": 0
          },
          {
            "type": "apple",
            "id": "10223238245881155734"
          }
        ],
        "created": "2026-05-28",
        "updated": "2026-07-06",
        "hours": {
          "raw": "Mo-Fr 09:00-12:30,14:15-18:30; Sa 08:30-13:00"
        },
        "sources_by_field": {
          "name": "osm",
          "address.street": "osm",
          "address.number": "osm",
          "address.postalcode": "osm",
          "address.city": "osm",
          "hours": "apple",
          "payment.cards": "apple",
          "payment.contactless": "apple"
        },
        "apple_attempted": "2026-05-29",
        "payment": {
          "cards": "yes",
          "contactless": "yes"
        }
      }
    },
    {
      "type": "Feature",
      "geometry": {
        "type": "Point",
        "coordinates": [
          7.8795595,
          48.4680926
        ]
      },
      "properties": {
        "id": "tk_bwr_osm_n3715377176",
        "name": "Schnebelt Getränke",
        "address": {
          "street": "Schutterstraße",
          "number": "2/1"
        },
        "sources": [
          {
            "type": "osm",
            "id": "node/3715377176",
            "version": 0
          },
          {
            "type": "apple",
            "id": "15423119217672494506"
          }
        ],
        "created": "2026-05-28",
        "updated": "2026-07-06",
        "hours": {
          "raw": "Mo-Fr 08:30-12:30,14:00-19:00; Sa 08:30-16:00"
        },
        "tags": [
          "barrierefrei"
        ],
        "sources_by_field": {
          "name": "osm",
          "address.street": "osm",
          "address.number": "osm",
          "hours": "apple",
          "payment.cards": "apple",
          "payment.contactless": "apple"
        },
        "apple_attempted": "2026-05-29",
        "payment": {
          "cards": "yes",
          "contactless": "yes"
        }
      }
    },
    {
      "type": "Feature",
      "geometry": {
        "type": "Point",
        "coordinates": [
          7.9253325,
          48.4612547
        ]
      },
      "properties": {
        "id": "tk_bwr_osm_n3720411811",
        "name": "Doninger Ursula Schreibwaren und Toto Lotto",
        "address": {
          "street": "Rabenplatz",
          "number": "12",
          "postalcode": "77656",
          "city": "Offenburg"
        },
        "sources": [
          {
            "type": "osm",
            "id": "node/3720411811",
            "version": 0
          },
          {
            "type": "apple",
            "id": "8746707491351287290"
          }
        ],
        "created": "2026-05-28",
        "updated": "2026-07-06",
        "sources_by_field": {
          "name": "osm",
          "address.street": "osm",
          "address.number": "osm",
          "address.postalcode": "osm",
          "address.city": "osm",
          "hours": "apple",
          "payment.cards": "apple",
          "payment.contactless": "apple"
        },
        "apple_attempted": "2026-05-29",
        "hours": {
          "raw": "Mo-Sa 08:00-12:00; Mo-Fr 14:00-18:00"
        },
        "payment": {
          "cards": "yes",
          "contactless": "yes"
        }
      }
    },
    {
      "type": "Feature",
      "geometry": {
        "type": "Point",
        "coordinates": [
          9.7396133,
          48.1536541
        ]
      },
      "properties": {
        "id": "tk_bwr_osm_n372729159",
        "name": "Getränkeabholmarkt Winter",
        "address": {},
        "sources": [
          {
            "type": "osm",
            "id": "node/372729159",
            "version": 0
          },
          {
            "type": "gmaps",
            "id": "ChIJVT4yOYcBCUERq05oUjR2GPA"
          }
        ],
        "created": "2026-05-28",
        "updated": "2026-07-06",
        "tags": [
          "barrierefrei"
        ],
        "sources_by_field": {
          "name": "osm",
          "hours": "google",
          "payment.cards": "google",
          "payment.contactless": "google",
          "payment.girocard": "google"
        },
        "apple_id_attempted": "2026-05-29",
        "google_attempted": "2026-05-29",
        "hours": {
          "raw": "Tu 19:00-20:00; Th 18:00-20:00; Fr 15:00-20:00; We 19:00-20:00; Mo 19:00-20:00; Sa 09:00-12:30"
        },
        "payment": {
          "cards": "no",
          "contactless": "yes",
          "girocard": "yes"
        }
      }
    },
    {
      "type": "Feature",
      "geometry": {
        "type": "Point",
        "coordinates": [
          8.8469767,
          48.2392628
        ]
      },
      "properties": {
        "id": "tk_bwr_osm_n3744381798",
        "name": "Stingel Fruchtsäfte GmbH / Saftladen",
        "address": {},
        "sources": [
          {
            "type": "osm",
            "id": "node/3744381798",
            "version": 0
          },
          {
            "type": "apple",
            "id": "16629405278520192493"
          }
        ],
        "created": "2026-05-28",
        "updated": "2026-07-06",
        "hours": {
          "raw": "Mo-Fr 09:00-12:00,14:00-18:00; Sa 09:00-13:00"
        },
        "tags": [
          "barrierefrei"
        ],
        "sources_by_field": {
          "name": "osm",
          "hours": "apple",
          "payment.cards": "apple",
          "payment.contactless": "apple"
        },
        "apple_attempted": "2026-05-29",
        "payment": {
          "cards": "yes",
          "contactless": "yes"
        }
      }
    },
    {
      "type": "Feature",
      "geometry": {
        "type": "Point",
        "coordinates": [
          8.949123,
          47.7441692
        ]
      },
      "properties": {
        "id": "tk_bwr_osm_n3791632517",
        "name": "Schlör Bodensee Fruchtsaft GmbH",
        "address": {},
        "sources": [
          {
            "type": "osm",
            "id": "node/3791632517",
            "version": 0
          },
          {
            "type": "apple",
            "id": "14689189292169563127"
          }
        ],
        "created": "2026-05-28",
        "updated": "2026-07-06",
        "sources_by_field": {
          "name": "osm",
          "payment.cards": "apple",
          "payment.contactless": "apple"
        },
        "apple_attempted": "2026-05-29",
        "google_attempted": "2026-05-29",
        "payment": {
          "cards": "yes",
          "contactless": "yes"
        }
      }
    },
    {
      "type": "Feature",
      "geometry": {
        "type": "Point",
        "coordinates": [
          9.4925892,
          47.6763314
        ]
      },
      "properties": {
        "id": "tk_bwr_osm_n384860453",
        "name": "Getränke Weissenbacher",
        "address": {
          "street": "Bodenseestraße",
          "number": "121",
          "postalcode": "88048",
          "city": "Friedrichshafen",
          "district": "Ailingen"
        },
        "sources": [
          {
            "type": "osm",
            "id": "node/384860453",
            "version": 0
          },
          {
            "type": "gmaps",
            "id": "ChIJ-6wyZxV6CEERPGlAM3-c9AQ"
          }
        ],
        "created": "2026-05-28",
        "updated": "2026-07-06",
        "hours": {
          "raw": "Tu 09:00-18:30; Th 09:00-18:30; Fr 09:00-18:30; We 09:00-18:30; Mo 09:00-18:30; Sa 08:30-16:00"
        },
        "sources_by_field": {
          "name": "osm",
          "address.street": "osm",
          "address.number": "osm",
          "address.postalcode": "osm",
          "address.city": "osm",
          "address.district": "osm",
          "hours": "google",
          "payment.cards": "google",
          "payment.contactless": "google",
          "payment.girocard": "google"
        },
        "apple_id_attempted": "2026-05-29",
        "google_attempted": "2026-05-29",
        "payment": {
          "cards": "no",
          "contactless": "yes",
          "girocard": "yes"
        }
      }
    },
    {
      "type": "Feature",
      "geometry": {
        "type": "Point",
        "coordinates": [
          9.5467037,
          47.9299116
        ]
      },
      "properties": {
        "id": "tk_bwr_osm_n3925700364",
        "name": "Finkbeiner Altshausen",
        "address": {
          "street": "Bahnhofstraße",
          "number": "20",
          "postalcode": "88361",
          "city": "Altshausen"
        },
        "sources": [
          {
            "type": "osm",
            "id": "node/3925700364",
            "version": 0
          },
          {
            "type": "apple",
            "id": "15848654136962619029"
          }
        ],
        "created": "2026-05-28",
        "updated": "2026-07-06",
        "hours": {
          "raw": "Mo-Fr 08:30-20:00; Sa 08:00-18:00"
        },
        "sources_by_field": {
          "name": "osm",
          "address.street": "osm",
          "address.number": "osm",
          "address.postalcode": "osm",
          "address.city": "osm",
          "hours": "apple",
          "payment.cards": "apple",
          "payment.contactless": "apple"
        },
        "apple_attempted": "2026-05-29",
        "payment": {
          "cards": "yes",
          "contactless": "yes"
        }
      }
    },
    {
      "type": "Feature",
      "geometry": {
        "type": "Point",
        "coordinates": [
          9.3861656,
          47.7916919
        ]
      },
      "properties": {
        "id": "tk_bwr_osm_n400948910",
        "name": "Kelterei Kopp",
        "address": {},
        "sources": [
          {
            "type": "osm",
            "id": "node/400948910",
            "version": 0
          },
          {
            "type": "gmaps",
            "id": "ChIJlWzi6utTmkcR-eBVEyTz88c"
          }
        ],
        "created": "2026-05-28",
        "updated": "2026-07-06",
        "sources_by_field": {
          "name": "osm",
          "hours": "google",
          "payment.cards": "google"
        },
        "apple_id_attempted": "2026-05-29",
        "google_attempted": "2026-05-29",
        "hours": {
          "raw": "Tu 08:30-12:00,14:00-18:00; Th 08:30-12:00,14:00-18:00; Fr 08:30-12:00,14:00-18:00; We 08:30-12:00; Mo 08:30-12:00,14:00-18:00; Sa 08:30-13:00"
        },
        "payment": {
          "cards": "yes"
        }
      }
    },
    {
      "type": "Feature",
      "geometry": {
        "type": "Point",
        "coordinates": [
          8.7328865,
          48.3580066
        ]
      },
      "properties": {
        "id": "tk_bwr_osm_n403165802",
        "name": "Klosterladen",
        "address": {},
        "sources": [
          {
            "type": "osm",
            "id": "node/403165802",
            "version": 0
          },
          {
            "type": "gmaps",
            "id": "ChIJLaefgbKtkEcRuYlL9P1o_FE"
          }
        ],
        "created": "2026-05-28",
        "updated": "2026-07-06",
        "hours": {
          "raw": "Th 13:00-18:00; Fr 13:00-18:00; We 13:00-18:00; Sa 13:00-18:00; Su 10:30-12:00,13:00-18:00"
        },
        "sources_by_field": {
          "name": "osm",
          "hours": "google",
          "payment.cards": "google",
          "payment.contactless": "google",
          "payment.girocard": "google"
        },
        "apple_id_attempted": "2026-05-29",
        "google_attempted": "2026-05-29",
        "payment": {
          "cards": "no",
          "contactless": "yes",
          "girocard": "yes"
        }
      }
    },
    {
      "type": "Feature",
      "geometry": {
        "type": "Point",
        "coordinates": [
          9.4455574,
          48.5906976
        ]
      },
      "properties": {
        "id": "tk_bwr_osm_n419847932",
        "name": "Weinhandel Mack & Schühle",
        "address": {},
        "sources": [
          {
            "type": "osm",
            "id": "node/419847932",
            "version": 0
          },
          {
            "type": "gmaps",
            "id": "ChIJHXfzUryWmUcRJ-1Qb-oSzMY"
          }
        ],
        "created": "2026-05-28",
        "updated": "2026-07-06",
        "tags": [
          "barrierefrei"
        ],
        "sources_by_field": {
          "name": "osm",
          "payment.cards": "google",
          "payment.contactless": "google",
          "payment.girocard": "google"
        },
        "apple_id_attempted": "2026-05-29",
        "google_attempted": "2026-05-29",
        "payment": {
          "cards": "no",
          "contactless": "yes",
          "girocard": "yes"
        }
      }
    },
    {
      "type": "Feature",
      "geometry": {
        "type": "Point",
        "coordinates": [
          9.3762125,
          48.5540954
        ]
      },
      "properties": {
        "id": "tk_bwr_osm_n424052192",
        "name": "Getränke Scholl",
        "address": {},
        "sources": [
          {
            "type": "osm",
            "id": "node/424052192",
            "version": 0
          },
          {
            "type": "gmaps",
            "id": "ChIJFQ3JT0OTmUcRENIF9No122c"
          }
        ],
        "created": "2026-05-28",
        "updated": "2026-07-06",
        "sources_by_field": {
          "name": "osm"
        },
        "apple_id_attempted": "2026-05-29",
        "google_attempted": "2026-05-29",
        "payment": {}
      }
    },
    {
      "type": "Feature",
      "geometry": {
        "type": "Point",
        "coordinates": [
          9.35636,
          48.5997354
        ]
      },
      "properties": {
        "id": "tk_bwr_osm_n427040165",
        "name": "Getränke Weber",
        "address": {},
        "sources": [
          {
            "type": "osm",
            "id": "node/427040165",
            "version": 0
          },
          {
            "type": "gmaps",
            "id": "ChIJe8yNRpWUmUcRujVbrhMvqCk"
          }
        ],
        "created": "2026-05-28",
        "updated": "2026-07-06",
        "sources_by_field": {
          "name": "osm",
          "hours": "google",
          "payment.cards": "google",
          "payment.contactless": "google",
          "payment.girocard": "google"
        },
        "apple_id_attempted": "2026-05-29",
        "google_attempted": "2026-05-29",
        "hours": {
          "raw": "Tu 08:30-19:00; Th 08:30-19:00; Fr 08:30-19:00; We 08:30-19:00; Mo 08:30-19:00; Sa 08:00-16:00"
        },
        "payment": {
          "cards": "no",
          "contactless": "yes",
          "girocard": "yes"
        }
      }
    },
    {
      "type": "Feature",
      "geometry": {
        "type": "Point",
        "coordinates": [
          9.2120068,
          47.7468483
        ]
      },
      "properties": {
        "id": "tk_bwr_osm_n4315883889",
        "name": "Campingplatz Brändle-Köhne",
        "address": {},
        "sources": [
          {
            "type": "osm",
            "id": "node/4315883889",
            "version": 0
          },
          {
            "type": "apple",
            "id": "170540303294874126"
          }
        ],
        "created": "2026-05-28",
        "updated": "2026-07-06",
        "sources_by_field": {
          "name": "osm"
        },
        "apple_attempted": "2026-05-29",
        "google_attempted": "2026-05-29",
        "payment": {}
      }
    },
    {
      "type": "Feature",
      "geometry": {
        "type": "Point",
        "coordinates": [
          8.7667495,
          48.4757346
        ]
      },
      "properties": {
        "id": "tk_bwr_osm_n4318638278",
        "name": "Getränke Digeser",
        "address": {
          "street": "Alter Bahnhof",
          "number": "9",
          "postalcode": "72184",
          "city": "Eutingen im Gäu"
        },
        "sources": [
          {
            "type": "osm",
            "id": "node/4318638278",
            "version": 0
          },
          {
            "type": "apple",
            "id": "4950604647084197643"
          }
        ],
        "created": "2026-05-28",
        "updated": "2026-07-06",
        "sources_by_field": {
          "name": "osm",
          "address.street": "osm",
          "address.number": "osm",
          "address.postalcode": "osm",
          "address.city": "osm",
          "hours": "apple",
          "payment.cards": "apple",
          "payment.contactless": "apple"
        },
        "apple_attempted": "2026-05-29",
        "hours": {
          "raw": "Mo-Fr 08:00-18:00; Sa 08:00-13:00"
        },
        "payment": {
          "cards": "yes",
          "contactless": "yes"
        }
      }
    },
    {
      "type": "Feature",
      "geometry": {
        "type": "Point",
        "coordinates": [
          9.3663101,
          47.6649243
        ]
      },
      "properties": {
        "id": "tk_bwr_osm_n4350964844",
        "name": "Scheffel",
        "address": {},
        "sources": [
          {
            "type": "osm",
            "id": "node/4350964844",
            "version": 0
          },
          {
            "type": "gmaps",
            "id": "ChIJ88fhOQT_mkcRcBLQzH1o6pw"
          }
        ],
        "created": "2026-05-28",
        "updated": "2026-07-06",
        "hours": {
          "raw": "Tu 08:00-12:30,14:30-18:00; Th 08:00-12:30,14:30-18:00; Fr 08:00-12:30,14:30-18:00; We 08:00-12:30; Mo 08:00-12:30,14:30-18:00; Sa 08:00-12:30"
        },
        "sources_by_field": {
          "name": "osm",
          "hours": "google",
          "payment.cards": "google",
          "payment.girocard": "google"
        },
        "apple_id_attempted": "2026-05-29",
        "google_attempted": "2026-05-29",
        "payment": {
          "cards": "yes",
          "girocard": "yes"
        }
      }
    },
    {
      "type": "Feature",
      "geometry": {
        "type": "Point",
        "coordinates": [
          8.0926908,
          48.7772883
        ]
      },
      "properties": {
        "id": "tk_bwr_osm_n4437586300",
        "name": "Hänßel",
        "address": {
          "street": "Victoria Boulevard C",
          "number": "126",
          "postalcode": "77836",
          "city": "Rheinmünster"
        },
        "sources": [
          {
            "type": "osm",
            "id": "node/4437586300",
            "version": 0
          },
          {
            "type": "gmaps",
            "id": "ChIJDWAK0ZTglkcRGUofGT8AuVg"
          }
        ],
        "created": "2026-05-28",
        "updated": "2026-07-06",
        "hours": {
          "raw": "Mo-Fr 07:00-18:00; Sa 08:00-17:00; PH,Su off"
        },
        "tags": [
          "barrierefrei"
        ],
        "sources_by_field": {
          "name": "osm",
          "address.street": "osm",
          "address.number": "osm",
          "address.postalcode": "osm",
          "address.city": "osm",
          "hours": "osm",
          "payment.cards": "google",
          "payment.contactless": "google",
          "payment.girocard": "google"
        },
        "apple_id_attempted": "2026-05-29",
        "google_attempted": "2026-05-29",
        "payment": {
          "cards": "no",
          "contactless": "yes",
          "girocard": "yes"
        }
      }
    },
    {
      "type": "Feature",
      "geometry": {
        "type": "Point",
        "coordinates": [
          8.7297266,
          48.5812679
        ]
      },
      "properties": {
        "id": "tk_bwr_osm_n4448994003",
        "name": "Ralf Klemm Getränke- und Eventservice",
        "address": {
          "street": "In den Spitzäckern",
          "number": "7",
          "city": "Nagold"
        },
        "sources": [
          {
            "type": "osm",
            "id": "node/4448994003",
            "version": 0
          },
          {
            "type": "apple",
            "id": "16298567969129588333"
          }
        ],
        "created": "2026-05-28",
        "updated": "2026-07-06",
        "hours": {
          "raw": "Mo-Tu,Th-Fr 16:30-18:00; Sa 09:00-13:00"
        },
        "tags": [
          "barrierefrei"
        ],
        "sources_by_field": {
          "name": "osm",
          "address.street": "osm",
          "address.number": "osm",
          "address.city": "osm",
          "hours": "apple",
          "payment.cards": "apple",
          "payment.contactless": "apple"
        },
        "apple_attempted": "2026-05-29",
        "payment": {
          "cards": "yes",
          "contactless": "yes"
        }
      }
    },
    {
      "type": "Feature",
      "geometry": {
        "type": "Point",
        "coordinates": [
          8.2018885,
          48.8586694
        ]
      },
      "properties": {
        "id": "tk_bwr_osm_n4465066979",
        "name": "Tabak Pflaum",
        "address": {},
        "sources": [
          {
            "type": "osm",
            "id": "node/4465066979",
            "version": 0
          },
          {
            "type": "apple",
            "id": "5220112734916880775"
          }
        ],
        "created": "2026-05-28",
        "updated": "2026-07-06",
        "hours": {
          "raw": "Mo-Fr 08:00-18:00; Sa 08:00-14:00"
        },
        "sources_by_field": {
          "name": "osm",
          "hours": "apple",
          "payment.cards": "apple",
          "payment.contactless": "apple"
        },
        "apple_attempted": "2026-05-29",
        "payment": {
          "cards": "yes",
          "contactless": "yes"
        }
      }
    },
    {
      "type": "Feature",
      "geometry": {
        "type": "Point",
        "coordinates": [
          8.868069,
          48.595778
        ]
      },
      "properties": {
        "id": "tk_bwr_osm_n4480240989",
        "name": "Tabac & Co",
        "address": {},
        "sources": [
          {
            "type": "osm",
            "id": "node/4480240989",
            "version": 0
          },
          {
            "type": "gmaps",
            "id": "ChIJh12NSR5Zl0cRhOkcfuthJ-k"
          }
        ],
        "created": "2026-05-28",
        "updated": "2026-07-06",
        "hours": {
          "raw": "Tu 08:00-19:00; Th 08:00-19:00; Fr 08:00-19:00; We 08:00-19:00; Mo 08:00-19:00; Sa 08:00-14:00"
        },
        "tags": [
          "barrierefrei"
        ],
        "sources_by_field": {
          "name": "osm",
          "hours": "google",
          "payment.cards": "google",
          "payment.contactless": "google",
          "payment.girocard": "google"
        },
        "apple_id_attempted": "2026-05-29",
        "google_attempted": "2026-05-29",
        "payment": {
          "cards": "yes",
          "contactless": "yes",
          "girocard": "yes"
        }
      }
    },
    {
      "type": "Feature",
      "geometry": {
        "type": "Point",
        "coordinates": [
          9.374186,
          48.5582584
        ]
      },
      "properties": {
        "id": "tk_bwr_osm_n4582770209",
        "name": "Kiosk Wirtschaft",
        "address": {},
        "sources": [
          {
            "type": "osm",
            "id": "node/4582770209",
            "version": 0
          },
          {
            "type": "gmaps",
            "id": "ChIJW-6UBaKTmUcRxwazlsepVwo"
          }
        ],
        "created": "2026-05-28",
        "updated": "2026-07-06",
        "hours": {
          "raw": "Mo 11:00-20:00; Tu-Th 08:00-20:00"
        },
        "sources_by_field": {
          "name": "osm",
          "hours": "osm"
        },
        "apple_id_attempted": "2026-05-29",
        "google_attempted": "2026-05-29",
        "payment": {}
      }
    },
    {
      "type": "Feature",
      "geometry": {
        "type": "Point",
        "coordinates": [
          9.2019585,
          47.6813322
        ]
      },
      "properties": {
        "id": "tk_bwr_osm_n4692581302",
        "name": "Totto-Lotto Manuela Popp",
        "address": {},
        "sources": [
          {
            "type": "osm",
            "id": "node/4692581302",
            "version": 0
          },
          {
            "type": "gmaps",
            "id": "ChIJfVVxhkF6CEERS8j8dX9TIIs"
          }
        ],
        "created": "2026-05-28",
        "updated": "2026-07-06",
        "hours": {
          "raw": "Tu 08:00-12:30,14:30-18:30; Th 08:00-12:30; Fr 08:00-12:30,14:30-18:30; We 08:00-12:30,14:30-18:30; Mo 08:00-12:30,14:30-18:30; Sa 08:00-13:00"
        },
        "sources_by_field": {
          "name": "osm",
          "hours": "google"
        },
        "apple_id_attempted": "2026-05-29",
        "google_attempted": "2026-05-29",
        "payment": {}
      }
    },
    {
      "type": "Feature",
      "geometry": {
        "type": "Point",
        "coordinates": [
          9.7551769,
          47.92182
        ]
      },
      "properties": {
        "id": "tk_bwr_osm_n48054649",
        "name": "Eis am Stadtsee",
        "address": {},
        "sources": [
          {
            "type": "osm",
            "id": "node/48054649",
            "version": 0
          },
          {
            "type": "apple",
            "id": "2147782685461307181"
          },
          {
            "type": "gmaps",
            "id": "ChIJzeRm0ca5m0cRAR-vcZINRJg"
          }
        ],
        "created": "2026-05-28",
        "updated": "2026-07-06",
        "sources_by_field": {
          "name": "osm",
          "hours": "google"
        },
        "apple_attempted": "2026-05-29",
        "google_attempted": "2026-05-29",
        "hours": {
          "raw": "Tu 12:00-19:00; Th 12:00-19:00; Fr 12:00-19:00; We 12:00-19:00; Mo 12:00-19:00; Sa 12:00-19:00; Su 12:00-19:00"
        },
        "payment": {}
      }
    },
    {
      "type": "Feature",
      "geometry": {
        "type": "Point",
        "coordinates": [
          8.9819334,
          47.6817371
        ]
      },
      "properties": {
        "id": "tk_bwr_osm_n482230436",
        "name": "Obermaier Weine & Getränke",
        "address": {
          "street": "Hauptstraße",
          "city": "Gaienhofen"
        },
        "sources": [
          {
            "type": "osm",
            "id": "node/482230436",
            "version": 0
          },
          {
            "type": "gmaps",
            "id": "ChIJASOnfgeLmkcR6Nvp9s_QUh0"
          }
        ],
        "created": "2026-05-28",
        "updated": "2026-07-06",
        "sources_by_field": {
          "name": "osm",
          "address.street": "osm",
          "address.city": "osm"
        },
        "apple_id_attempted": "2026-05-29",
        "google_attempted": "2026-05-29",
        "payment": {}
      }
    },
    {
      "type": "Feature",
      "geometry": {
        "type": "Point",
        "coordinates": [
          9.8929412,
          48.2620849
        ]
      },
      "properties": {
        "id": "tk_bwr_osm_n4943644865",
        "name": "Getränke-Service Bailer",
        "address": {
          "street": "Langer Weg",
          "number": "8/1",
          "postalcode": "88480",
          "city": "Achstetten"
        },
        "sources": [
          {
            "type": "osm",
            "id": "node/4943644865",
            "version": 0
          },
          {
            "type": "apple",
            "id": "16804140757506480164"
          }
        ],
        "created": "2026-05-28",
        "updated": "2026-07-06",
        "sources_by_field": {
          "name": "osm",
          "address.street": "osm",
          "address.number": "osm",
          "address.postalcode": "osm",
          "address.city": "osm",
          "hours": "apple",
          "payment.cards": "apple",
          "payment.contactless": "apple"
        },
        "apple_attempted": "2026-05-29",
        "hours": {
          "raw": "Mo-Tu,Th-Fr 07:30-12:15,14:30-18:00; We 07:30-12:15; Sa 07:00-12:00"
        },
        "payment": {
          "cards": "yes",
          "contactless": "yes"
        }
      }
    },
    {
      "type": "Feature",
      "geometry": {
        "type": "Point",
        "coordinates": [
          9.5274848,
          49.2001993
        ]
      },
      "properties": {
        "id": "tk_bwr_osm_n4985349844",
        "name": "MEXXs",
        "address": {},
        "sources": [
          {
            "type": "osm",
            "id": "node/4985349844",
            "version": 0
          },
          {
            "type": "gmaps",
            "id": "ChIJYchCJ6E4mEcRnie4twQKsQw"
          }
        ],
        "created": "2026-05-28",
        "updated": "2026-07-06",
        "hours": {
          "raw": "Tu 08:00-18:30; Th 08:00-18:30; Fr 08:00-18:30; We 08:00-18:30; Mo 08:00-18:30; Sa 08:00-15:00"
        },
        "tags": [
          "barrierefrei"
        ],
        "sources_by_field": {
          "name": "osm",
          "hours": "google",
          "payment.cards": "google",
          "payment.contactless": "google",
          "payment.girocard": "google"
        },
        "apple_id_attempted": "2026-05-29",
        "google_attempted": "2026-05-29",
        "payment": {
          "cards": "no",
          "contactless": "yes",
          "girocard": "yes"
        }
      }
    },
    {
      "type": "Feature",
      "geometry": {
        "type": "Point",
        "coordinates": [
          8.3131462,
          48.5103701
        ]
      },
      "properties": {
        "id": "tk_bwr_osm_n5056524822",
        "name": "Getränke Gaiser",
        "address": {},
        "sources": [
          {
            "type": "osm",
            "id": "node/5056524822",
            "version": 0
          },
          {
            "type": "gmaps",
            "id": "ChIJH24-s5Ixl0cRK1_L4ArScEc"
          }
        ],
        "created": "2026-05-28",
        "updated": "2026-07-06",
        "sources_by_field": {
          "name": "osm"
        },
        "apple_id_attempted": "2026-05-29",
        "google_attempted": "2026-05-29",
        "payment": {}
      }
    },
    {
      "type": "Feature",
      "geometry": {
        "type": "Point",
        "coordinates": [
          9.4298479,
          47.6731571
        ]
      },
      "properties": {
        "id": "tk_bwr_osm_n5077130743",
        "name": "Kanne Café Friedrichshafen",
        "address": {},
        "sources": [
          {
            "type": "osm",
            "id": "node/5077130743",
            "version": 0
          },
          {
            "type": "apple",
            "id": "17945246414194578732"
          }
        ],
        "created": "2026-05-28",
        "updated": "2026-07-06",
        "hours": {
          "raw": "Mo-Fr 08:00-17:00; Sa-Su 12:00-17:00"
        },
        "tags": [
          "draussen"
        ],
        "sources_by_field": {
          "name": "osm",
          "hours": "apple",
          "payment.cards": "apple",
          "payment.contactless": "apple"
        },
        "apple_attempted": "2026-05-29",
        "payment": {
          "cards": "yes",
          "contactless": "yes"
        }
      }
    },
    {
      "type": "Feature",
      "geometry": {
        "type": "Point",
        "coordinates": [
          9.4726533,
          47.6514763
        ]
      },
      "properties": {
        "id": "tk_bwr_osm_n5090156828",
        "name": "Lammgarten Snack",
        "address": {},
        "sources": [
          {
            "type": "osm",
            "id": "node/5090156828",
            "version": 0
          },
          {
            "type": "apple",
            "id": "14048800363140436745"
          }
        ],
        "created": "2026-05-28",
        "updated": "2026-07-06",
        "sources_by_field": {
          "name": "osm",
          "hours": "apple",
          "payment.cards": "apple",
          "payment.contactless": "apple"
        },
        "apple_attempted": "2026-05-29",
        "hours": {
          "raw": "Mo-We,Su 11:00-21:00; Th-Sa 11:00-22:00"
        },
        "payment": {
          "cards": "yes",
          "contactless": "yes"
        }
      }
    },
    {
      "type": "Feature",
      "geometry": {
        "type": "Point",
        "coordinates": [
          10.0850214,
          48.1315061
        ]
      },
      "properties": {
        "id": "tk_bwr_osm_n5119328740",
        "name": "Getränke Sauter",
        "address": {
          "street": "Altkellmünzer Weg",
          "number": "8",
          "postalcode": "88486",
          "city": "Kirchberg an der Iller"
        },
        "sources": [
          {
            "type": "osm",
            "id": "node/5119328740",
            "version": 0
          },
          {
            "type": "gmaps",
            "id": "ChIJe9b68Qvmm0cR_ZoWd6vk2aM"
          }
        ],
        "created": "2026-05-28",
        "updated": "2026-07-06",
        "sources_by_field": {
          "name": "osm",
          "address.street": "osm",
          "address.number": "osm",
          "address.postalcode": "osm",
          "address.city": "osm",
          "hours": "google",
          "payment.cards": "google",
          "payment.contactless": "google",
          "payment.girocard": "google"
        },
        "apple_id_attempted": "2026-05-29",
        "google_attempted": "2026-05-29",
        "hours": {
          "raw": "Tu 09:00-11:00,14:30-18:00; Th 09:00-11:00,14:30-18:00; Fr 09:00-11:00,14:30-18:00; We 09:00-11:00; Mo 09:00-11:00,14:30-18:00; Sa 09:00-13:00"
        },
        "payment": {
          "cards": "yes",
          "contactless": "yes",
          "girocard": "yes"
        }
      }
    },
    {
      "type": "Feature",
      "geometry": {
        "type": "Point",
        "coordinates": [
          9.7101503,
          48.4935941
        ]
      },
      "properties": {
        "id": "tk_bwr_osm_n5293675034",
        "name": "Getränke Mangold",
        "address": {
          "street": "Wilhelm-Maybach-Straße",
          "number": "2",
          "postalcode": "89150",
          "city": "Laichingen"
        },
        "sources": [
          {
            "type": "osm",
            "id": "node/5293675034",
            "version": 0
          },
          {
            "type": "apple",
            "id": "13528782219560031608"
          }
        ],
        "created": "2026-05-28",
        "updated": "2026-07-06",
        "hours": {
          "raw": "Su 08:00-20:00; Mo-Sa 06:00-21:00"
        },
        "tags": [
          "barrierefrei"
        ],
        "sources_by_field": {
          "name": "osm",
          "address.street": "osm",
          "address.number": "osm",
          "address.postalcode": "osm",
          "address.city": "osm",
          "hours": "apple",
          "payment.cards": "apple",
          "payment.contactless": "apple"
        },
        "apple_attempted": "2026-05-29",
        "payment": {
          "cards": "yes",
          "contactless": "yes"
        }
      }
    },
    {
      "type": "Feature",
      "geometry": {
        "type": "Point",
        "coordinates": [
          8.863426,
          48.5939399
        ]
      },
      "properties": {
        "id": "tk_bwr_osm_n534798638",
        "name": "Eckert",
        "address": {
          "street": "Bahnhofstraße",
          "postalcode": "71083",
          "city": "Herrenberg"
        },
        "sources": [
          {
            "type": "osm",
            "id": "node/534798638",
            "version": 0
          },
          {
            "type": "gmaps",
            "id": "ChIJPXVXHhxZl0cRtYnfjlHZpMA"
          }
        ],
        "created": "2026-05-28",
        "updated": "2026-07-06",
        "hours": {
          "raw": "Tu 05:00-20:00; Th 05:00-20:00; Fr 05:00-20:00; We 05:00-20:00; Mo 05:00-20:00; Sa 05:00-20:00; Su 08:00-18:00"
        },
        "sources_by_field": {
          "name": "osm",
          "address.street": "osm",
          "address.postalcode": "osm",
          "address.city": "osm",
          "hours": "google",
          "payment.cards": "google",
          "payment.contactless": "google",
          "payment.girocard": "google"
        },
        "apple_id_attempted": "2026-05-29",
        "google_attempted": "2026-05-29",
        "payment": {
          "cards": "no",
          "contactless": "yes",
          "girocard": "yes"
        }
      }
    },
    {
      "type": "Feature",
      "geometry": {
        "type": "Point",
        "coordinates": [
          9.1382356,
          47.7460879
        ]
      },
      "properties": {
        "id": "tk_bwr_osm_n5532447233",
        "name": "Minigolf Wallhausen",
        "address": {},
        "sources": [
          {
            "type": "osm",
            "id": "node/5532447233",
            "version": 0
          },
          {
            "type": "apple",
            "id": "10199014106076910492"
          }
        ],
        "created": "2026-05-28",
        "updated": "2026-07-06",
        "hours": {
          "raw": "Mo-Su 11:00-18:00"
        },
        "payment": {
          "cash": "yes",
          "cards": "unknown",
          "contactless": "unknown",
          "girocard": "unknown"
        },
        "sources_by_field": {
          "name": "osm",
          "hours": "osm",
          "payment.cash": "osm",
          "payment.cards": "osm",
          "payment.contactless": "osm",
          "payment.girocard": "osm"
        }
      }
    },
    {
      "type": "Feature",
      "geometry": {
        "type": "Point",
        "coordinates": [
          9.1032779,
          47.7977967
        ]
      },
      "properties": {
        "id": "tk_bwr_osm_n5583045288",
        "name": "Getränke Widenhorn",
        "address": {
          "street": "Längerach",
          "number": "12",
          "postalcode": "78354",
          "city": "Sipplingen"
        },
        "sources": [
          {
            "type": "osm",
            "id": "node/5583045288",
            "version": 0
          },
          {
            "type": "apple",
            "id": "5429346036115274911"
          }
        ],
        "created": "2026-05-28",
        "updated": "2026-07-06",
        "tags": [
          "barrierefrei"
        ],
        "sources_by_field": {
          "name": "osm",
          "address.street": "osm",
          "address.number": "osm",
          "address.postalcode": "osm",
          "address.city": "osm",
          "hours": "apple",
          "payment.cards": "apple",
          "payment.contactless": "apple"
        },
        "apple_attempted": "2026-05-29",
        "hours": {
          "raw": "Mo,We-Fr 09:00-12:30,15:00-18:00; Tu 15:00-18:00; Sa 09:00-13:00"
        },
        "payment": {
          "cards": "yes",
          "contactless": "yes"
        }
      }
    },
    {
      "type": "Feature",
      "geometry": {
        "type": "Point",
        "coordinates": [
          9.2361002,
          48.589741
        ]
      },
      "properties": {
        "id": "tk_bwr_osm_n5594896370",
        "name": "LeckerBox",
        "address": {
          "street": "Hauptstraße",
          "number": "36",
          "postalcode": "72654",
          "city": "Neckartenzlingen"
        },
        "sources": [
          {
            "type": "osm",
            "id": "node/5594896370",
            "version": 0
          },
          {
            "type": "gmaps",
            "id": "ChIJ8TLcBADtmUcRPmDwOwdk5IU"
          }
        ],
        "created": "2026-05-28",
        "updated": "2026-07-06",
        "hours": {
          "raw": "24/7"
        },
        "sources_by_field": {
          "name": "osm",
          "address.street": "osm",
          "address.number": "osm",
          "address.postalcode": "osm",
          "address.city": "osm",
          "hours": "osm"
        },
        "apple_id_attempted": "2026-05-29",
        "google_attempted": "2026-05-29",
        "payment": {}
      }
    },
    {
      "type": "Feature",
      "geometry": {
        "type": "Point",
        "coordinates": [
          9.2251891,
          49.1927256
        ]
      },
      "properties": {
        "id": "tk_bwr_osm_n5622377914",
        "name": "Dirk Müller – DM Personal Fitness",
        "address": {
          "street": "Marktstraße",
          "number": "39",
          "postalcode": "74172",
          "city": "Neckarsulm"
        },
        "sources": [
          {
            "type": "osm",
            "id": "node/5622377914",
            "version": 0
          },
          {
            "type": "gmaps",
            "id": "ChIJTS3wwa6Hl0cR4RLYJ5rWu10"
          }
        ],
        "created": "2026-05-28",
        "updated": "2026-07-06",
        "hours": {
          "raw": "Tu 09:00-18:00; Th 09:00-18:00; Fr 09:00-18:00; We 09:00-18:00; Mo 09:00-18:00; Sa 10:00-14:00"
        },
        "tags": [
          "barrierefrei"
        ],
        "sources_by_field": {
          "name": "osm",
          "address.street": "osm",
          "address.number": "osm",
          "address.postalcode": "osm",
          "address.city": "osm",
          "hours": "google"
        },
        "apple_id_attempted": "2026-05-29",
        "google_attempted": "2026-05-29",
        "payment": {}
      }
    },
    {
      "type": "Feature",
      "geometry": {
        "type": "Point",
        "coordinates": [
          9.2259178,
          49.1913774
        ]
      },
      "properties": {
        "id": "tk_bwr_osm_n5622389380",
        "name": "Tabakhaus",
        "address": {},
        "sources": [
          {
            "type": "osm",
            "id": "node/5622389380",
            "version": 0
          },
          {
            "type": "gmaps",
            "id": "ChIJG7XqQNAlmEcRytKoXqRidGg"
          }
        ],
        "created": "2026-05-28",
        "updated": "2026-07-06",
        "hours": {
          "raw": "Tu 09:00-12:30,14:00-18:00; Th 09:00-12:30,14:00-18:00; Fr 09:00-12:30,14:00-18:00; We 09:00-12:30,14:00-18:00; Mo 09:00-12:30,14:00-18:00; Sa 09:30-13:00"
        },
        "sources_by_field": {
          "name": "osm",
          "hours": "google",
          "payment.contactless": "google"
        },
        "apple_id_attempted": "2026-05-29",
        "google_attempted": "2026-05-29",
        "payment": {
          "contactless": "yes"
        }
      }
    },
    {
      "type": "Feature",
      "geometry": {
        "type": "Point",
        "coordinates": [
          10.0865602,
          48.7921112
        ]
      },
      "properties": {
        "id": "tk_bwr_osm_n5669231326",
        "name": "Bewirtung Volkmarsberg",
        "address": {},
        "sources": [
          {
            "type": "osm",
            "id": "node/5669231326",
            "version": 0
          },
          {
            "type": "gmaps",
            "id": "ChIJ1T6oZ08amUcRySxOE4YcyTk"
          }
        ],
        "created": "2026-05-28",
        "updated": "2026-07-06",
        "hours": {
          "raw": "Su 10:00-18:00 \"Öffnungstage Kalender: http://www.albverein-oberkochen.de/\"; Su,PH 10:00-18:00 \"Öffnungstage Kalender: http://www.albverein-oberkochen.de/\""
        },
        "sources_by_field": {
          "name": "osm",
          "hours": "osm"
        },
        "apple_id_attempted": "2026-05-29",
        "google_attempted": "2026-05-29",
        "payment": {}
      }
    },
    {
      "type": "Feature",
      "geometry": {
        "type": "Point",
        "coordinates": [
          9.0930538,
          49.2385605
        ]
      },
      "properties": {
        "id": "tk_bwr_osm_n582937262",
        "name": "InDrink",
        "address": {
          "street": "Talweg",
          "number": "4",
          "postalcode": "74906",
          "city": "Bad Rappenau"
        },
        "sources": [
          {
            "type": "osm",
            "id": "node/582937262",
            "version": 0
          },
          {
            "type": "gmaps",
            "id": "ChIJQ2991nKJl0cRHtcEokpmAVc"
          }
        ],
        "created": "2026-05-28",
        "updated": "2026-07-06",
        "hours": {
          "raw": "Th 10:00-12:30,14:00-18:00; Fr 10:00-12:30,14:00-18:00; We 10:00-12:30,14:00-18:00; Sa 10:00-14:00"
        },
        "sources_by_field": {
          "name": "osm",
          "address.street": "osm",
          "address.number": "osm",
          "address.postalcode": "osm",
          "address.city": "osm",
          "hours": "google",
          "payment.cards": "google",
          "payment.contactless": "google",
          "payment.girocard": "google"
        },
        "apple_id_attempted": "2026-05-29",
        "google_attempted": "2026-05-29",
        "payment": {
          "cards": "yes",
          "contactless": "yes",
          "girocard": "yes"
        }
      }
    },
    {
      "type": "Feature",
      "geometry": {
        "type": "Point",
        "coordinates": [
          9.983349,
          48.7853894
        ]
      },
      "properties": {
        "id": "tk_bwr_osm_n5835876967",
        "name": "Ulli's Imbiß",
        "address": {},
        "sources": [
          {
            "type": "osm",
            "id": "node/5835876967",
            "version": 0
          },
          {
            "type": "apple",
            "id": "11098430119884768713"
          },
          {
            "type": "gmaps",
            "id": "ChIJSwCqeiAFmUcR4Hu8KiMhXow"
          }
        ],
        "created": "2026-05-28",
        "updated": "2026-07-06",
        "hours": {
          "raw": "Tu 12:00-20:00; Th 12:00-20:00; Fr 12:00-20:00; We 12:00-20:00; Mo 12:00-20:00; Sa 12:00-20:00; Su 12:00-20:00"
        },
        "sources_by_field": {
          "name": "osm",
          "hours": "google"
        },
        "apple_attempted": "2026-05-29",
        "google_attempted": "2026-06-03",
        "payment": {}
      }
    },
    {
      "type": "Feature",
      "geometry": {
        "type": "Point",
        "coordinates": [
          10.1895562,
          48.6290613
        ]
      },
      "properties": {
        "id": "tk_bwr_osm_n5891355869",
        "name": "Junginger",
        "address": {
          "street": "Carl-Benz-Straße",
          "number": "2",
          "postalcode": "89542",
          "city": "Herbrechtingen"
        },
        "sources": [
          {
            "type": "osm",
            "id": "node/5891355869",
            "version": 0
          },
          {
            "type": "gmaps",
            "id": "ChIJhejA4Mo_mUcRkGF3juSpdGw"
          }
        ],
        "created": "2026-05-28",
        "updated": "2026-07-06",
        "hours": {
          "raw": "Tu 08:00-19:00; Fr 08:00-19:00; We 08:00-19:00; Mo 08:00-19:00; Sa 08:00-16:00"
        },
        "sources_by_field": {
          "name": "osm",
          "address.street": "osm",
          "address.number": "osm",
          "address.postalcode": "osm",
          "address.city": "osm",
          "hours": "google",
          "payment.cards": "google",
          "payment.contactless": "google",
          "payment.girocard": "google"
        },
        "apple_id_attempted": "2026-05-29",
        "google_attempted": "2026-06-03",
        "payment": {
          "cards": "no",
          "contactless": "yes",
          "girocard": "yes"
        }
      }
    },
    {
      "type": "Feature",
      "geometry": {
        "type": "Point",
        "coordinates": [
          9.3971001,
          48.5674304
        ]
      },
      "properties": {
        "id": "tk_bwr_osm_n5893486568",
        "name": "Getränke Stollen",
        "address": {
          "street": "Beurener Straße",
          "number": "52",
          "postalcode": "72660",
          "city": "Beuren"
        },
        "sources": [
          {
            "type": "osm",
            "id": "node/5893486568",
            "version": 0
          },
          {
            "type": "apple",
            "id": "6861566706792492470"
          },
          {
            "type": "gmaps",
            "id": "ChIJ9XbOvPKTmUcRGthpIiNe93k"
          }
        ],
        "created": "2026-05-28",
        "updated": "2026-07-06",
        "hours": {
          "raw": "Mo-Fr 09:00-12:30,14:30-18:00; Sa 08:30-14:00"
        },
        "tags": [
          "barrierefrei"
        ],
        "sources_by_field": {
          "name": "osm",
          "address.street": "osm",
          "address.number": "osm",
          "address.postalcode": "osm",
          "address.city": "osm",
          "hours": "apple"
        },
        "apple_attempted": "2026-05-29",
        "google_attempted": "2026-06-03",
        "payment": {}
      }
    },
    {
      "type": "Feature",
      "geometry": {
        "type": "Point",
        "coordinates": [
          9.4315225,
          48.0624652
        ]
      },
      "properties": {
        "id": "tk_bwr_osm_n5909948063",
        "name": "Netto Getränke-Discount",
        "address": {},
        "sources": [
          {
            "type": "osm",
            "id": "node/5909948063",
            "version": 0
          },
          {
            "type": "gmaps",
            "id": "ChIJ5b5mC9E3mkcRjMaKUlm_SZg"
          }
        ],
        "created": "2026-05-28",
        "updated": "2026-06-15",
        "payment": {
          "cash": "yes",
          "cards": "no",
          "contactless": "yes",
          "girocard": "yes"
        },
        "sources_by_field": {
          "name": "osm",
          "payment.cash": "osm",
          "payment.cards": "google",
          "payment.contactless": "google",
          "payment.girocard": "google",
          "hours": "google"
        },
        "apple_id_attempted": "2026-05-29",
        "google_attempted": "2026-06-03",
        "hours": {
          "raw": "Tu 07:00-20:00; Th 07:00-20:00; Fr 07:00-20:00; We 07:00-20:00; Mo 07:00-20:00; Sa 07:00-20:00"
        }
      }
    },
    {
      "type": "Feature",
      "geometry": {
        "type": "Point",
        "coordinates": [
          9.2424422,
          48.3098948
        ]
      },
      "properties": {
        "id": "tk_bwr_osm_n5961966875",
        "name": "Getränke Riedinger",
        "address": {
          "street": "Schillerstraße",
          "number": "3/1"
        },
        "sources": [
          {
            "type": "osm",
            "id": "node/5961966875",
            "version": 0
          },
          {
            "type": "gmaps",
            "id": "ChIJYUj79SwgmkcR70uN2jecFcE"
          }
        ],
        "created": "2026-05-28",
        "updated": "2026-07-06",
        "hours": {
          "raw": "Tu 08:00-12:30,13:30-18:30; Th 08:00-12:30,13:30-18:30; Fr 08:00-12:30,13:30-18:30; We 08:00-12:30; Mo 08:00-12:30,13:30-18:30; Sa 08:00-13:00"
        },
        "sources_by_field": {
          "name": "osm",
          "address.street": "osm",
          "address.number": "osm",
          "hours": "google"
        },
        "apple_id_attempted": "2026-05-29",
        "google_attempted": "2026-06-03",
        "payment": {}
      }
    },
    {
      "type": "Feature",
      "geometry": {
        "type": "Point",
        "coordinates": [
          9.1741812,
          47.6579651
        ]
      },
      "properties": {
        "id": "tk_bwr_osm_n599378166",
        "name": "Kiosk am Bodanplatz",
        "address": {
          "street": "Bodanplatz",
          "number": "2a",
          "postalcode": "78462",
          "city": "Konstanz"
        },
        "sources": [
          {
            "type": "osm",
            "id": "node/599378166",
            "version": 0
          },
          {
            "type": "apple",
            "id": "11410572725024667132"
          },
          {
            "type": "gmaps",
            "id": "ChIJZ-AubR73mkcR6AcMdKRFonc"
          }
        ],
        "created": "2026-05-28",
        "updated": "2026-07-06",
        "tags": [
          "barrierefrei"
        ],
        "sources_by_field": {
          "name": "osm",
          "address.street": "osm",
          "address.number": "osm",
          "address.postalcode": "osm",
          "address.city": "osm",
          "hours": "google",
          "payment.cards": "google",
          "payment.contactless": "google",
          "payment.girocard": "google"
        },
        "apple_attempted": "2026-05-29",
        "google_attempted": "2026-06-03",
        "hours": {
          "raw": "Tu 10:00-18:30; Th 10:00-18:30; Fr 10:00-20:30; We 10:00-18:30; Mo 10:00-18:30; Sa 10:00-20:30"
        },
        "payment": {
          "cards": "no",
          "contactless": "yes",
          "girocard": "yes"
        }
      }
    },
    {
      "type": "Feature",
      "geometry": {
        "type": "Point",
        "coordinates": [
          9.6610348,
          49.2969428
        ]
      },
      "properties": {
        "id": "tk_bwr_osm_n604121778",
        "name": "BAGeno Ingelfingen",
        "address": {
          "street": "Künzelsauer Straße",
          "number": "7",
          "city": "Ingelfingen"
        },
        "sources": [
          {
            "type": "osm",
            "id": "node/604121778",
            "version": 0
          },
          {
            "type": "apple",
            "id": "4781446655042318759"
          }
        ],
        "created": "2026-05-28",
        "updated": "2026-07-06",
        "tags": [
          "barrierefrei"
        ],
        "sources_by_field": {
          "name": "osm",
          "address.street": "osm",
          "address.number": "osm",
          "address.city": "osm",
          "hours": "apple",
          "payment.cards": "apple",
          "payment.contactless": "apple"
        },
        "apple_attempted": "2026-05-29",
        "hours": {
          "raw": "Mo-Fr 08:00-18:00; Sa 08:00-13:00"
        },
        "payment": {
          "cards": "yes",
          "contactless": "yes"
        }
      }
    },
    {
      "type": "Feature",
      "geometry": {
        "type": "Point",
        "coordinates": [
          9.564182,
          49.2899451
        ]
      },
      "properties": {
        "id": "tk_bwr_osm_n6060805052",
        "name": "MEXXs",
        "address": {
          "street": "Bahnhofstraße",
          "number": "14",
          "postalcode": "74670",
          "city": "Forchtenberg"
        },
        "sources": [
          {
            "type": "osm",
            "id": "node/6060805052",
            "version": 0
          },
          {
            "type": "gmaps",
            "id": "ChIJYTOsLAdAmEcROEXcPZfeRGo"
          }
        ],
        "created": "2026-05-28",
        "updated": "2026-07-06",
        "hours": {
          "raw": "Tu 08:00-18:00; Th 08:00-18:00; Fr 08:00-18:00; We 08:00-18:00; Mo 08:00-18:00; Sa 08:00-13:00"
        },
        "tags": [
          "barrierefrei"
        ],
        "sources_by_field": {
          "name": "osm",
          "address.street": "osm",
          "address.number": "osm",
          "address.postalcode": "osm",
          "address.city": "osm",
          "hours": "google",
          "payment.cards": "google",
          "payment.contactless": "google",
          "payment.girocard": "google"
        },
        "apple_id_attempted": "2026-05-29",
        "google_attempted": "2026-06-03",
        "payment": {
          "cards": "no",
          "contactless": "yes",
          "girocard": "yes"
        }
      }
    },
    {
      "type": "Feature",
      "geometry": {
        "type": "Point",
        "coordinates": [
          8.4148529,
          48.4629104
        ]
      },
      "properties": {
        "id": "tk_bwr_osm_n6140694690",
        "name": "W&L Easy Shop",
        "address": {},
        "sources": [
          {
            "type": "osm",
            "id": "node/6140694690",
            "version": 0
          },
          {
            "type": "gmaps",
            "id": "ChIJg-sj9f01l0cRxneH0i0t6lc"
          }
        ],
        "created": "2026-05-28",
        "updated": "2026-07-06",
        "sources_by_field": {
          "name": "osm"
        },
        "apple_id_attempted": "2026-05-29",
        "google_attempted": "2026-06-03",
        "payment": {}
      }
    },
    {
      "type": "Feature",
      "geometry": {
        "type": "Point",
        "coordinates": [
          9.2051214,
          49.3007167
        ]
      },
      "properties": {
        "id": "tk_bwr_osm_n6149542819",
        "name": "Getränke Lang",
        "address": {
          "street": "Allfelder Straße",
          "number": "31",
          "city": "Gundelsheim"
        },
        "sources": [
          {
            "type": "osm",
            "id": "node/6149542819",
            "version": 0
          },
          {
            "type": "apple",
            "id": "5569273079517551560"
          },
          {
            "type": "gmaps",
            "id": "ChIJs9WEKbQhmEcRHDF_y7kGTIk"
          }
        ],
        "created": "2026-05-28",
        "updated": "2026-07-06",
        "sources_by_field": {
          "name": "osm",
          "address.street": "osm",
          "address.number": "osm",
          "address.city": "osm",
          "hours": "google"
        },
        "apple_attempted": "2026-05-29",
        "google_attempted": "2026-06-03",
        "hours": {
          "raw": "Tu 16:00-18:30; Th 16:00-18:30; Fr 16:00-18:30; We 16:00-18:30; Mo 16:00-18:30; Sa 09:00-16:00"
        },
        "payment": {}
      }
    },
    {
      "type": "Feature",
      "geometry": {
        "type": "Point",
        "coordinates": [
          9.9477258,
          47.6759526
        ]
      },
      "properties": {
        "id": "tk_bwr_osm_n6179232210",
        "name": "Getränke Zodel",
        "address": {},
        "sources": [
          {
            "type": "osm",
            "id": "node/6179232210",
            "version": 0
          },
          {
            "type": "apple",
            "id": "14424977251875956406"
          }
        ],
        "created": "2026-05-28",
        "updated": "2026-07-06",
        "tags": [
          "barrierefrei"
        ],
        "sources_by_field": {
          "name": "osm",
          "hours": "apple",
          "payment.cards": "apple",
          "payment.contactless": "apple"
        },
        "apple_attempted": "2026-05-29",
        "hours": {
          "raw": "Mo 08:00-14:00,17:30-19:00; We-Fr 08:00-12:15,14:30-18:00; Sa 08:00-12:30"
        },
        "payment": {
          "cards": "yes",
          "contactless": "yes"
        }
      }
    },
    {
      "type": "Feature",
      "geometry": {
        "type": "Point",
        "coordinates": [
          7.940779,
          48.6655019
        ]
      },
      "properties": {
        "id": "tk_bwr_osm_n6305280921",
        "name": "Getränke Anthonj",
        "address": {
          "street": "Hauptstraße",
          "number": "23",
          "postalcode": "77866",
          "city": "Rheinau",
          "district": "Freistett"
        },
        "sources": [
          {
            "type": "osm",
            "id": "node/6305280921",
            "version": 0
          },
          {
            "type": "apple",
            "id": "17375843674439388271"
          }
        ],
        "created": "2026-05-28",
        "updated": "2026-07-06",
        "hours": {
          "raw": "Mo-Th 08:00-17:00; Fr 08:00-12:00"
        },
        "sources_by_field": {
          "name": "osm",
          "address.street": "osm",
          "address.number": "osm",
          "address.postalcode": "osm",
          "address.city": "osm",
          "address.district": "osm",
          "hours": "apple",
          "payment.cards": "apple",
          "payment.contactless": "apple"
        },
        "apple_attempted": "2026-05-29",
        "payment": {
          "cards": "yes",
          "contactless": "yes"
        }
      }
    },
    {
      "type": "Feature",
      "geometry": {
        "type": "Point",
        "coordinates": [
          10.0126032,
          47.8262538
        ]
      },
      "properties": {
        "id": "tk_bwr_osm_n6334233385",
        "name": "Getränke Wiggers",
        "address": {},
        "sources": [
          {
            "type": "osm",
            "id": "node/6334233385",
            "version": 0
          },
          {
            "type": "apple",
            "id": "13539998497726479693"
          }
        ],
        "created": "2026-05-28",
        "updated": "2026-07-06",
        "hours": {
          "raw": "Mo-Fr 09:00-12:00,14:00-18:00; Sa 08:30-12:30"
        },
        "sources_by_field": {
          "name": "osm",
          "hours": "apple",
          "payment.cards": "apple",
          "payment.contactless": "apple"
        },
        "apple_attempted": "2026-05-29",
        "payment": {
          "cards": "yes",
          "contactless": "yes"
        }
      }
    },
    {
      "type": "Feature",
      "geometry": {
        "type": "Point",
        "coordinates": [
          8.6492003,
          49.1829591
        ]
      },
      "properties": {
        "id": "tk_bwr_osm_n6401420586",
        "name": "Brauerei Prestelbräu",
        "address": {
          "street": "Obere Mühlstraße",
          "number": "2a",
          "postalcode": "76698",
          "city": "Ubstadt-Weiher",
          "district": "Stettfeld"
        },
        "sources": [
          {
            "type": "osm",
            "id": "node/6401420586",
            "version": 0
          },
          {
            "type": "gmaps",
            "id": "ChIJK0VITOeil0cRKLSd2t5by4c"
          }
        ],
        "created": "2026-05-28",
        "updated": "2026-07-06",
        "hours": {
          "raw": "Fr 17:00-19:00; We 17:00-19:00; Sa 10:00-13:00"
        },
        "sources_by_field": {
          "name": "osm",
          "address.street": "osm",
          "address.number": "osm",
          "address.postalcode": "osm",
          "address.city": "osm",
          "address.district": "osm",
          "hours": "google"
        },
        "apple_id_attempted": "2026-05-29",
        "google_attempted": "2026-06-03",
        "payment": {}
      }
    },
    {
      "type": "Feature",
      "geometry": {
        "type": "Point",
        "coordinates": [
          9.1462625,
          47.6907051
        ]
      },
      "properties": {
        "id": "tk_bwr_osm_n6433563283",
        "name": "Kiosk Ferreira",
        "address": {},
        "sources": [
          {
            "type": "osm",
            "id": "node/6433563283",
            "version": 0
          },
          {
            "type": "apple",
            "id": "15922024384001013066"
          }
        ],
        "created": "2026-05-28",
        "updated": "2026-07-06",
        "hours": {
          "raw": "Tu-Fr 08:00-12:30,14:00-18:30; Sa 08:00-14:30"
        },
        "sources_by_field": {
          "name": "osm",
          "hours": "apple",
          "payment.cards": "apple",
          "payment.contactless": "apple"
        },
        "apple_attempted": "2026-05-29",
        "payment": {
          "cards": "yes",
          "contactless": "yes"
        }
      }
    },
    {
      "type": "Feature",
      "geometry": {
        "type": "Point",
        "coordinates": [
          8.933906,
          47.8014231
        ]
      },
      "properties": {
        "id": "tk_bwr_osm_n6548537992",
        "name": "Weinmann",
        "address": {},
        "sources": [
          {
            "type": "osm",
            "id": "node/6548537992",
            "version": 0
          },
          {
            "type": "gmaps",
            "id": "ChIJNTijGZBjmkcRuwVB7tvtPZQ"
          }
        ],
        "created": "2026-05-28",
        "updated": "2026-07-06",
        "hours": {
          "raw": "Tu 09:00-12:00,14:00-18:00; Th 09:00-12:00,14:00-18:00; Fr 09:00-12:00,14:00-18:00; We 09:00-12:00; Mo 09:00-12:00,14:00-18:00; Sa 09:00-12:00"
        },
        "sources_by_field": {
          "name": "osm",
          "hours": "google",
          "payment.cards": "google",
          "payment.contactless": "google",
          "payment.girocard": "google"
        },
        "apple_id_attempted": "2026-05-29",
        "google_attempted": "2026-06-03",
        "payment": {
          "cards": "no",
          "contactless": "yes",
          "girocard": "yes"
        }
      }
    },
    {
      "type": "Feature",
      "geometry": {
        "type": "Point",
        "coordinates": [
          9.5021117,
          47.6578264
        ]
      },
      "properties": {
        "id": "tk_bwr_osm_n6582212863",
        "name": "Kiosk Kitzenwiese",
        "address": {},
        "sources": [
          {
            "type": "osm",
            "id": "node/6582212863",
            "version": 0
          },
          {
            "type": "gmaps",
            "id": "ChIJ5XAj-tgBm0cRHsvFjBEGPhM"
          }
        ],
        "created": "2026-05-28",
        "updated": "2026-07-06",
        "hours": {
          "raw": "Mo,We,Th,Fr 08:00-12:30,14:00-18:00; Tu,Sa 08:00-12:30; Su off"
        },
        "sources_by_field": {
          "name": "osm",
          "hours": "osm"
        },
        "apple_id_attempted": "2026-05-29",
        "google_attempted": "2026-06-03",
        "payment": {}
      }
    },
    {
      "type": "Feature",
      "geometry": {
        "type": "Point",
        "coordinates": [
          9.1522075,
          47.6845808
        ]
      },
      "properties": {
        "id": "tk_bwr_osm_n6586852190",
        "name": "Berchen Kiosk",
        "address": {
          "street": "Breslauer Straße",
          "number": "20",
          "postalcode": "78467",
          "city": "Konstanz"
        },
        "sources": [
          {
            "type": "osm",
            "id": "node/6586852190",
            "version": 0
          },
          {
            "type": "apple",
            "id": "12915862877528935315"
          }
        ],
        "created": "2026-05-28",
        "updated": "2026-07-06",
        "hours": {
          "raw": "Mo-Fr 07:00-18:00; Sa 08:00-16:00"
        },
        "sources_by_field": {
          "name": "osm",
          "address.street": "osm",
          "address.number": "osm",
          "address.postalcode": "osm",
          "address.city": "osm",
          "hours": "apple",
          "payment.cards": "apple",
          "payment.contactless": "apple"
        },
        "apple_attempted": "2026-05-29",
        "payment": {
          "cards": "yes",
          "contactless": "yes"
        }
      }
    },
    {
      "type": "Feature",
      "geometry": {
        "type": "Point",
        "coordinates": [
          9.1725892,
          47.6562187
        ]
      },
      "properties": {
        "id": "tk_bwr_osm_n6586966490",
        "name": "Ladenkiosk Weishaupt",
        "address": {
          "street": "Kreuzlinger Straße",
          "number": "62",
          "postalcode": "78462",
          "city": "Konstanz"
        },
        "sources": [
          {
            "type": "osm",
            "id": "node/6586966490",
            "version": 0
          },
          {
            "type": "apple",
            "id": "17480720027358128997"
          },
          {
            "type": "gmaps",
            "id": "ChIJh-GRzR_3mkcRqJUNnFVSwaM"
          }
        ],
        "created": "2026-05-28",
        "updated": "2026-07-06",
        "hours": {
          "raw": "Tu 08:00-18:00; Th 08:00-18:00; Fr 08:00-18:00; We 08:00-18:00; Mo 08:00-18:00; Sa 08:00-18:00"
        },
        "sources_by_field": {
          "name": "osm",
          "address.street": "osm",
          "address.number": "osm",
          "address.postalcode": "osm",
          "address.city": "osm",
          "hours": "google",
          "payment.cards": "google",
          "payment.contactless": "google",
          "payment.girocard": "google"
        },
        "apple_attempted": "2026-05-29",
        "google_attempted": "2026-06-03",
        "payment": {
          "cards": "no",
          "contactless": "yes",
          "girocard": "yes"
        }
      }
    },
    {
      "type": "Feature",
      "geometry": {
        "type": "Point",
        "coordinates": [
          8.8989151,
          48.3814068
        ]
      },
      "properties": {
        "id": "tk_bwr_osm_n667057168",
        "name": "Getränke Strobel",
        "address": {
          "street": "Im Hitzenried",
          "number": "10",
          "postalcode": "72414",
          "city": "Rangendingen"
        },
        "sources": [
          {
            "type": "osm",
            "id": "node/667057168",
            "version": 0
          },
          {
            "type": "apple",
            "id": "3973266954304933348"
          },
          {
            "type": "gmaps",
            "id": "ChIJiSQRtYP_mUcRevvI7BMIgt8"
          }
        ],
        "created": "2026-05-28",
        "updated": "2026-07-06",
        "tags": [
          "barrierefrei"
        ],
        "sources_by_field": {
          "name": "osm",
          "address.street": "osm",
          "address.number": "osm",
          "address.postalcode": "osm",
          "address.city": "osm",
          "hours": "google",
          "payment.cards": "google",
          "payment.contactless": "google",
          "payment.girocard": "google"
        },
        "apple_attempted": "2026-05-29",
        "google_attempted": "2026-06-03",
        "hours": {
          "raw": "Tu 09:00-12:00,14:00-18:30; Th 09:00-12:00,14:00-18:30; Fr 09:00-12:00,14:00-18:30; We 09:00-12:00,14:00-18:30; Sa 09:00-14:00"
        },
        "payment": {
          "cards": "yes",
          "contactless": "yes",
          "girocard": "yes"
        }
      }
    },
    {
      "type": "Feature",
      "geometry": {
        "type": "Point",
        "coordinates": [
          10.1207497,
          48.8551436
        ]
      },
      "properties": {
        "id": "tk_bwr_osm_n6690587142",
        "name": "Tiefer Stollen Kiosk",
        "address": {},
        "sources": [
          {
            "type": "osm",
            "id": "node/6690587142",
            "version": 0
          },
          {
            "type": "gmaps",
            "id": "ChIJT9RphhQcmUcRAkUAXkvdMgo"
          }
        ],
        "created": "2026-05-28",
        "updated": "2026-07-06",
        "sources_by_field": {
          "name": "osm",
          "hours": "google"
        },
        "apple_id_attempted": "2026-05-29",
        "google_attempted": "2026-06-03",
        "hours": {
          "raw": "Tu 09:30-16:00; Th 09:30-16:00; Fr 09:30-16:00; We 09:30-16:00; Sa 09:30-16:00; Su 09:30-16:00"
        },
        "payment": {}
      }
    },
    {
      "type": "Feature",
      "geometry": {
        "type": "Point",
        "coordinates": [
          9.2157549,
          49.211969
        ]
      },
      "properties": {
        "id": "tk_bwr_osm_n670504931",
        "name": "AQUARIN Getränkewelt",
        "address": {},
        "sources": [
          {
            "type": "osm",
            "id": "node/670504931",
            "version": 0
          },
          {
            "type": "gmaps",
            "id": "ChIJkQpBu5wmmEcRXYiWDlaONgk"
          }
        ],
        "created": "2026-05-28",
        "updated": "2026-07-06",
        "tags": [
          "barrierefrei"
        ],
        "sources_by_field": {
          "name": "osm",
          "hours": "google",
          "payment.cards": "google",
          "payment.contactless": "google",
          "payment.girocard": "google"
        },
        "apple_id_attempted": "2026-05-29",
        "google_attempted": "2026-06-03",
        "hours": {
          "raw": "Tu 09:00-18:30; Th 09:00-18:30; Fr 09:00-18:30; We 09:00-18:30; Mo 09:00-18:30; Sa 08:30-15:00"
        },
        "payment": {
          "cards": "yes",
          "contactless": "yes",
          "girocard": "yes"
        }
      }
    },
    {
      "type": "Feature",
      "geometry": {
        "type": "Point",
        "coordinates": [
          9.6235432,
          47.7697743
        ]
      },
      "properties": {
        "id": "tk_bwr_osm_n680087954",
        "name": "Weiler's Weinhof",
        "address": {
          "street": "Hinzistobler Straße",
          "number": "12",
          "postalcode": "88212"
        },
        "sources": [
          {
            "type": "osm",
            "id": "node/680087954",
            "version": 0
          },
          {
            "type": "apple",
            "id": "3920421702140863291"
          }
        ],
        "created": "2026-05-28",
        "updated": "2026-07-06",
        "hours": {
          "raw": "Mo-Fr 08:00-12:30,13:30-18:00; Sa 08:00-13:00"
        },
        "sources_by_field": {
          "name": "osm",
          "address.street": "osm",
          "address.number": "osm",
          "address.postalcode": "osm",
          "hours": "apple",
          "payment.cards": "apple",
          "payment.contactless": "apple"
        },
        "apple_attempted": "2026-05-29",
        "payment": {
          "cards": "yes",
          "contactless": "yes"
        }
      }
    },
    {
      "type": "Feature",
      "geometry": {
        "type": "Point",
        "coordinates": [
          9.2828731,
          48.3832154
        ]
      },
      "properties": {
        "id": "tk_bwr_osm_n686644306",
        "name": "Munz Service Center",
        "address": {},
        "sources": [
          {
            "type": "osm",
            "id": "node/686644306",
            "version": 0
          },
          {
            "type": "gmaps",
            "id": "ChIJRUyTwt-KmUcRUJlgww4Ahd8"
          }
        ],
        "created": "2026-05-28",
        "updated": "2026-07-06",
        "sources_by_field": {
          "name": "osm",
          "hours": "google",
          "payment.cards": "google",
          "payment.contactless": "google",
          "payment.girocard": "google"
        },
        "apple_id_attempted": "2026-05-29",
        "google_attempted": "2026-06-03",
        "hours": {
          "raw": "Tu 07:30-12:30,13:30-17:00; Th 07:30-12:30,13:30-17:00; Fr 07:30-12:30,13:30-17:00; We 07:30-12:30,13:30-17:00; Mo 07:30-12:30,13:30-17:00"
        },
        "payment": {
          "cards": "yes",
          "contactless": "yes",
          "girocard": "yes"
        }
      }
    },
    {
      "type": "Feature",
      "geometry": {
        "type": "Point",
        "coordinates": [
          9.1470952,
          49.1937518
        ]
      },
      "properties": {
        "id": "tk_bwr_osm_n697069974",
        "name": "Getränkehaus Mohr",
        "address": {
          "street": "Panoramastraße",
          "number": "30",
          "postalcode": "74078",
          "city": "Heilbronn"
        },
        "sources": [
          {
            "type": "osm",
            "id": "node/697069974",
            "version": 0
          },
          {
            "type": "gmaps",
            "id": "ChIJTwmuY7onmEcR-LT5J9NbZoA"
          }
        ],
        "created": "2026-05-28",
        "updated": "2026-07-06",
        "sources_by_field": {
          "name": "osm",
          "address.street": "osm",
          "address.number": "osm",
          "address.postalcode": "osm",
          "address.city": "osm",
          "hours": "google",
          "payment.cards": "google",
          "payment.girocard": "google"
        },
        "apple_id_attempted": "2026-05-29",
        "google_attempted": "2026-06-03",
        "hours": {
          "raw": "Tu 09:00-12:30,13:30-19:00; Th 09:00-12:30,13:30-19:00; Fr 09:00-12:30,13:30-19:00; We 09:00-12:30,13:30-19:00; Mo 09:00-12:30,13:30-19:00; Sa 08:30-16:00"
        },
        "payment": {
          "cards": "yes",
          "girocard": "yes"
        }
      }
    },
    {
      "type": "Feature",
      "geometry": {
        "type": "Point",
        "coordinates": [
          8.2094128,
          48.8589447
        ]
      },
      "properties": {
        "id": "tk_bwr_osm_n697623536",
        "name": "Kiosk 13",
        "address": {
          "street": "Bahnhofstraße",
          "number": "13",
          "postalcode": "76437",
          "city": "Rastatt"
        },
        "sources": [
          {
            "type": "osm",
            "id": "node/697623536",
            "version": 0
          },
          {
            "type": "gmaps",
            "id": "ChIJV3JPLkQdl0cRFYjqV6Orl7M"
          }
        ],
        "created": "2026-05-28",
        "updated": "2026-07-06",
        "hours": {
          "raw": "Tu 09:00-20:00; Th 09:00-20:00; Fr 09:00-22:00; We 09:00-20:00; Mo 09:00-20:00; Sa 09:00-22:00"
        },
        "sources_by_field": {
          "name": "osm",
          "address.street": "osm",
          "address.number": "osm",
          "address.postalcode": "osm",
          "address.city": "osm",
          "hours": "google",
          "payment.cards": "google",
          "payment.contactless": "google",
          "payment.girocard": "google"
        },
        "apple_id_attempted": "2026-05-29",
        "google_attempted": "2026-06-03",
        "payment": {
          "cards": "no",
          "contactless": "yes",
          "girocard": "yes"
        }
      }
    },
    {
      "type": "Feature",
      "geometry": {
        "type": "Point",
        "coordinates": [
          9.0553863,
          47.8169404
        ]
      },
      "properties": {
        "id": "tk_bwr_osm_n703548703",
        "name": "Andreas Sinner",
        "address": {
          "street": "Radolfzeller Straße",
          "number": "1",
          "postalcode": "78351",
          "city": "Bodman-Ludwigshafen",
          "district": "Ludwigshafen"
        },
        "sources": [
          {
            "type": "osm",
            "id": "node/703548703",
            "version": 0
          },
          {
            "type": "apple",
            "id": "8099986905106609152"
          }
        ],
        "created": "2026-05-28",
        "updated": "2026-07-06",
        "hours": {
          "raw": "Mo-Fr 08:00-12:00,13:00-18:00; Sa 08:30-12:00,13:00-15:00"
        },
        "sources_by_field": {
          "name": "osm",
          "address.street": "osm",
          "address.number": "osm",
          "address.postalcode": "osm",
          "address.city": "osm",
          "address.district": "osm",
          "hours": "apple"
        },
        "apple_attempted": "2026-05-29",
        "google_attempted": "2026-06-03",
        "payment": {}
      }
    },
    {
      "type": "Feature",
      "geometry": {
        "type": "Point",
        "coordinates": [
          7.9039831,
          48.4249385
        ]
      },
      "properties": {
        "id": "tk_bwr_osm_n7126400351",
        "name": "Getränke Jehle",
        "address": {
          "street": "Binzburgstraße",
          "number": "13",
          "postalcode": "77749",
          "city": "Hohberg"
        },
        "sources": [
          {
            "type": "osm",
            "id": "node/7126400351",
            "version": 0
          },
          {
            "type": "apple",
            "id": "5175876702850293398"
          }
        ],
        "created": "2026-05-28",
        "updated": "2026-07-06",
        "sources_by_field": {
          "name": "osm",
          "address.street": "osm",
          "address.number": "osm",
          "address.postalcode": "osm",
          "address.city": "osm",
          "hours": "apple",
          "payment.cards": "apple",
          "payment.contactless": "apple"
        },
        "apple_attempted": "2026-05-29",
        "hours": {
          "raw": "Mo-Th 08:00-12:30,14:00-18:00; Fr 08:00-18:00; Sa 08:00-14:00"
        },
        "payment": {
          "cards": "yes",
          "contactless": "yes"
        }
      }
    },
    {
      "type": "Feature",
      "geometry": {
        "type": "Point",
        "coordinates": [
          10.099269,
          49.0304202
        ]
      },
      "properties": {
        "id": "tk_bwr_osm_n717877785",
        "name": "Getränke Albock",
        "address": {
          "street": "An der Jagstbrücke",
          "number": "6",
          "city": "Jagstzell"
        },
        "sources": [
          {
            "type": "osm",
            "id": "node/717877785",
            "version": 0
          },
          {
            "type": "gmaps",
            "id": "ChIJXX8ZcDP7mEcR9Yc_l90DkjM"
          }
        ],
        "created": "2026-05-28",
        "updated": "2026-07-06",
        "sources_by_field": {
          "name": "osm",
          "address.street": "osm",
          "address.number": "osm",
          "address.city": "osm"
        },
        "apple_id_attempted": "2026-05-29",
        "google_attempted": "2026-06-03",
        "payment": {}
      }
    },
    {
      "type": "Feature",
      "geometry": {
        "type": "Point",
        "coordinates": [
          9.5613164,
          47.7004568
        ]
      },
      "properties": {
        "id": "tk_bwr_osm_n7192155799",
        "name": "Weinkauff Meckenbeuren",
        "address": {
          "street": "Bahnhofstraße",
          "number": "5",
          "postalcode": "88074",
          "city": "Meckenbeuren"
        },
        "sources": [
          {
            "type": "osm",
            "id": "node/7192155799",
            "version": 0
          },
          {
            "type": "apple",
            "id": "14951444461084588706"
          }
        ],
        "created": "2026-05-28",
        "updated": "2026-07-06",
        "hours": {
          "raw": "Mo-Fr 08:30-12:30,14:00-18:30; Sa 08:00-14:00"
        },
        "sources_by_field": {
          "name": "osm",
          "address.street": "osm",
          "address.number": "osm",
          "address.postalcode": "osm",
          "address.city": "osm",
          "hours": "apple",
          "payment.cards": "apple",
          "payment.contactless": "apple"
        },
        "apple_attempted": "2026-05-29",
        "payment": {
          "cards": "yes",
          "contactless": "yes"
        }
      }
    },
    {
      "type": "Feature",
      "geometry": {
        "type": "Point",
        "coordinates": [
          10.1670549,
          48.6780074
        ]
      },
      "properties": {
        "id": "tk_bwr_osm_n7208794618",
        "name": "Gauland, Künzel Getränkegroßhandel",
        "address": {},
        "sources": [
          {
            "type": "osm",
            "id": "node/7208794618",
            "version": 0
          },
          {
            "type": "gmaps",
            "id": "ChIJdfjNzA4WmUcRUoNsVZ6XDVM"
          }
        ],
        "created": "2026-05-28",
        "updated": "2026-07-06",
        "sources_by_field": {
          "name": "osm"
        },
        "apple_id_attempted": "2026-05-29",
        "google_attempted": "2026-06-19",
        "payment": {}
      }
    },
    {
      "type": "Feature",
      "geometry": {
        "type": "Point",
        "coordinates": [
          9.7854624,
          48.4087244
        ]
      },
      "properties": {
        "id": "tk_bwr_osm_n7331732699",
        "name": "Claudi's Lädle",
        "address": {
          "street": "Weilerstraße",
          "number": "41",
          "postalcode": "89143",
          "city": "Blaubeuren"
        },
        "sources": [
          {
            "type": "osm",
            "id": "node/7331732699",
            "version": 0
          },
          {
            "type": "gmaps",
            "id": "ChIJX9GQ89t7mUcRfJSkKqubPV8"
          }
        ],
        "created": "2026-05-28",
        "updated": "2026-07-06",
        "hours": {
          "raw": "Mo-Fr 09:00-18:00; Sa,Su,PH off"
        },
        "sources_by_field": {
          "name": "osm",
          "address.street": "osm",
          "address.number": "osm",
          "address.postalcode": "osm",
          "address.city": "osm",
          "hours": "osm"
        },
        "apple_id_attempted": "2026-05-29",
        "google_attempted": "2026-06-19",
        "payment": {}
      }
    },
    {
      "type": "Feature",
      "geometry": {
        "type": "Point",
        "coordinates": [
          8.9476811,
          48.4757276
        ]
      },
      "properties": {
        "id": "tk_bwr_osm_n7419279986",
        "name": "Traubs Getränkepyramide",
        "address": {
          "street": "Pfeiferstraße",
          "number": "42",
          "postalcode": "72108",
          "city": "Rottenburg am Neckar"
        },
        "sources": [
          {
            "type": "osm",
            "id": "node/7419279986",
            "version": 0
          },
          {
            "type": "apple",
            "id": "16244645423955155534"
          }
        ],
        "created": "2026-05-28",
        "updated": "2026-07-06",
        "hours": {
          "raw": "Mo-Fr 08:30-19:00; Sa 08:00-15:00"
        },
        "sources_by_field": {
          "name": "osm",
          "address.street": "osm",
          "address.number": "osm",
          "address.postalcode": "osm",
          "address.city": "osm",
          "hours": "apple",
          "payment.cards": "apple",
          "payment.contactless": "apple"
        },
        "apple_attempted": "2026-05-29",
        "payment": {
          "cards": "yes",
          "contactless": "yes"
        }
      }
    },
    {
      "type": "Feature",
      "geometry": {
        "type": "Point",
        "coordinates": [
          9.4239866,
          47.8633837
        ]
      },
      "properties": {
        "id": "tk_bwr_osm_n745781544",
        "name": "Tank-Kontor Wilhelmsdorf",
        "address": {},
        "sources": [
          {
            "type": "osm",
            "id": "node/745781544",
            "version": 0
          },
          {
            "type": "apple",
            "id": "13578957229900350985"
          }
        ],
        "created": "2026-05-28",
        "updated": "2026-07-06",
        "hours": {
          "raw": "24/7"
        },
        "payment": {
          "cash": "unknown",
          "cards": "yes",
          "contactless": "unknown",
          "girocard": "unknown"
        },
        "tags": [
          "barrierefrei"
        ],
        "sources_by_field": {
          "name": "osm",
          "hours": "osm",
          "payment.cash": "osm",
          "payment.cards": "osm",
          "payment.contactless": "osm",
          "payment.girocard": "osm"
        }
      }
    },
    {
      "type": "Feature",
      "geometry": {
        "type": "Point",
        "coordinates": [
          10.0267567,
          48.8244695
        ]
      },
      "properties": {
        "id": "tk_bwr_osm_n7501400513",
        "name": "Getränkefachhandel Meyer",
        "address": {
          "street": "Schnaitbergstraße",
          "number": "5",
          "postalcode": "73457",
          "city": "Essingen"
        },
        "sources": [
          {
            "type": "osm",
            "id": "node/7501400513",
            "version": 0
          },
          {
            "type": "apple",
            "id": "9846282000919868570"
          }
        ],
        "created": "2026-05-28",
        "updated": "2026-07-06",
        "sources_by_field": {
          "name": "osm",
          "address.street": "osm",
          "address.number": "osm",
          "address.postalcode": "osm",
          "address.city": "osm",
          "hours": "apple",
          "payment.cards": "apple",
          "payment.contactless": "apple"
        },
        "apple_attempted": "2026-05-29",
        "hours": {
          "raw": "Mo-Th 08:00-17:00; Fr 08:00-16:00"
        },
        "payment": {
          "cards": "yes",
          "contactless": "yes"
        }
      }
    },
    {
      "type": "Feature",
      "geometry": {
        "type": "Point",
        "coordinates": [
          8.6731394,
          49.1770965
        ]
      },
      "properties": {
        "id": "tk_bwr_osm_n7640317746",
        "name": "Getränke Stadler \"Mühle Dutzi\"",
        "address": {},
        "sources": [
          {
            "type": "osm",
            "id": "node/7640317746",
            "version": 0
          },
          {
            "type": "gmaps",
            "id": "ChIJra0XAZSil0cRo-2Fr73_V8Y"
          }
        ],
        "created": "2026-05-28",
        "updated": "2026-07-06",
        "sources_by_field": {
          "name": "osm",
          "payment.cards": "google",
          "payment.contactless": "google",
          "payment.girocard": "google"
        },
        "apple_id_attempted": "2026-05-29",
        "google_attempted": "2026-06-19",
        "payment": {
          "cards": "no",
          "contactless": "yes",
          "girocard": "yes"
        }
      }
    },
    {
      "type": "Feature",
      "geometry": {
        "type": "Point",
        "coordinates": [
          9.3721111,
          48.3506574
        ]
      },
      "properties": {
        "id": "tk_bwr_osm_n7773378136",
        "name": "Getränke Geckeler",
        "address": {
          "street": "An der Bleiche",
          "number": "4"
        },
        "sources": [
          {
            "type": "osm",
            "id": "node/7773378136",
            "version": 0
          },
          {
            "type": "gmaps",
            "id": "ChIJMRC5pumJmUcRJfjPcUBVeFM"
          }
        ],
        "created": "2026-05-28",
        "updated": "2026-07-06",
        "hours": {
          "raw": "Tu 08:00-12:30,13:30-18:30; Th 07:30-12:30,13:30-18:30; Fr 07:30-12:30,13:30-18:30; We 08:00-12:30,13:30-18:30; Mo 08:00-12:30,13:30-18:30; Sa 07:30-13:00"
        },
        "sources_by_field": {
          "name": "osm",
          "address.street": "osm",
          "address.number": "osm",
          "hours": "google",
          "payment.cards": "google",
          "payment.contactless": "google",
          "payment.girocard": "google"
        },
        "apple_id_attempted": "2026-05-29",
        "google_attempted": "2026-06-19",
        "payment": {
          "cards": "no",
          "contactless": "yes",
          "girocard": "yes"
        }
      }
    },
    {
      "type": "Feature",
      "geometry": {
        "type": "Point",
        "coordinates": [
          8.9350687,
          48.4766151
        ]
      },
      "properties": {
        "id": "tk_bwr_osm_n7809419906",
        "name": "Winkelgasse Kiosk and more",
        "address": {
          "street": "Metzelplatz",
          "number": "1",
          "postalcode": "72108",
          "city": "Rottenburg am Neckar"
        },
        "sources": [
          {
            "type": "osm",
            "id": "node/7809419906",
            "version": 0
          },
          {
            "type": "apple",
            "id": "5743415061549317442"
          },
          {
            "type": "gmaps",
            "id": "ChIJK3n3N2X9mUcRLJYXcPR2YsM"
          }
        ],
        "created": "2026-05-28",
        "updated": "2026-07-06",
        "sources_by_field": {
          "name": "osm",
          "address.street": "osm",
          "address.number": "osm",
          "address.postalcode": "osm",
          "address.city": "osm",
          "hours": "apple",
          "payment.cards": "google",
          "payment.contactless": "google",
          "payment.girocard": "google"
        },
        "apple_attempted": "2026-05-29",
        "google_attempted": "2026-06-03",
        "hours": {
          "raw": "Mo-Fr 10:00-18:00; Sa 10:00-16:00"
        },
        "payment": {
          "cards": "yes",
          "contactless": "yes",
          "girocard": "yes"
        }
      }
    },
    {
      "type": "Feature",
      "geometry": {
        "type": "Point",
        "coordinates": [
          7.9076719,
          48.564657
        ]
      },
      "properties": {
        "id": "tk_bwr_osm_n7873555785",
        "name": "Brennerei Günter Krieg",
        "address": {},
        "sources": [
          {
            "type": "osm",
            "id": "node/7873555785",
            "version": 0
          },
          {
            "type": "apple",
            "id": "9603679733861014798"
          }
        ],
        "created": "2026-05-28",
        "updated": "2026-07-06",
        "sources_by_field": {
          "name": "osm"
        },
        "apple_attempted": "2026-05-29",
        "google_attempted": "2026-06-03",
        "payment": {}
      }
    },
    {
      "type": "Feature",
      "geometry": {
        "type": "Point",
        "coordinates": [
          9.4739956,
          48.5504007
        ]
      },
      "properties": {
        "id": "tk_bwr_osm_n792524659",
        "name": "Getränke Lamparter",
        "address": {
          "street": "Heerweg",
          "number": "17",
          "postalcode": "73252",
          "city": "Lenningen"
        },
        "sources": [
          {
            "type": "osm",
            "id": "node/792524659",
            "version": 0
          },
          {
            "type": "gmaps",
            "id": "ChIJy6Hp-N2QmUcRGbdI__g-Y-U"
          }
        ],
        "created": "2026-05-28",
        "updated": "2026-07-06",
        "sources_by_field": {
          "name": "osm",
          "address.street": "osm",
          "address.number": "osm",
          "address.postalcode": "osm",
          "address.city": "osm"
        },
        "apple_id_attempted": "2026-05-29",
        "google_attempted": "2026-06-19",
        "payment": {}
      }
    },
    {
      "type": "Feature",
      "geometry": {
        "type": "Point",
        "coordinates": [
          8.9703181,
          48.2508425
        ]
      },
      "properties": {
        "id": "tk_bwr_osm_n7997453525",
        "name": "Getränke Biesinger",
        "address": {},
        "sources": [
          {
            "type": "osm",
            "id": "node/7997453525",
            "version": 0
          },
          {
            "type": "gmaps",
            "id": "ChIJtxZFtv0EmkcR7oMKxKz0v-U"
          }
        ],
        "created": "2026-05-28",
        "updated": "2026-07-06",
        "sources_by_field": {
          "name": "osm",
          "hours": "google",
          "payment.cards": "google",
          "payment.contactless": "google"
        },
        "apple_id_attempted": "2026-05-29",
        "google_attempted": "2026-06-19",
        "hours": {
          "raw": "Tu 09:00-12:00,14:00-18:30; Th 09:00-12:00,14:00-18:30; Fr 09:00-18:30; We 09:00-12:00,14:00-18:30; Mo 09:00-12:00,14:00-18:30; Sa 09:00-13:00"
        },
        "payment": {
          "cards": "yes",
          "contactless": "yes"
        }
      }
    },
    {
      "type": "Feature",
      "geometry": {
        "type": "Point",
        "coordinates": [
          10.0381432,
          47.6848219
        ]
      },
      "properties": {
        "id": "tk_bwr_osm_n806440688",
        "name": "Werkstattladen des Stephanuswerks",
        "address": {},
        "sources": [
          {
            "type": "osm",
            "id": "node/806440688",
            "version": 0
          },
          {
            "type": "gmaps",
            "id": "ChIJQ17zeyuDm0cRv69YUi4Gh9E"
          }
        ],
        "created": "2026-05-28",
        "updated": "2026-07-06",
        "hours": {
          "raw": "Tu 10:00-17:00; Th 10:00-17:00; Fr 10:00-16:00; We 10:00-17:00; Mo 10:00-17:00"
        },
        "tags": [
          "barrierefrei"
        ],
        "sources_by_field": {
          "name": "osm",
          "hours": "google"
        },
        "apple_id_attempted": "2026-05-29",
        "google_attempted": "2026-06-19",
        "payment": {}
      }
    },
    {
      "type": "Feature",
      "geometry": {
        "type": "Point",
        "coordinates": [
          8.1382741,
          48.6978183
        ]
      },
      "properties": {
        "id": "tk_bwr_osm_n8170958679",
        "name": "Megerle Getränke Abholmarkt",
        "address": {
          "street": "Grabenstraße",
          "number": "1",
          "postalcode": "77815",
          "city": "Bühl"
        },
        "sources": [
          {
            "type": "osm",
            "id": "node/8170958679",
            "version": 0
          },
          {
            "type": "gmaps",
            "id": "ChIJGVy7iYjgC0ERLghh8KbgoLw"
          }
        ],
        "created": "2026-05-28",
        "updated": "2026-07-06",
        "hours": {
          "raw": "Tu 14:00-18:00; Th 14:00-18:00; Fr 14:00-18:00; We 14:00-18:00; Mo 14:00-18:00; Sa 09:00-12:00"
        },
        "sources_by_field": {
          "name": "osm",
          "address.street": "osm",
          "address.number": "osm",
          "address.postalcode": "osm",
          "address.city": "osm",
          "hours": "google",
          "payment.cards": "google",
          "payment.girocard": "google"
        },
        "apple_id_attempted": "2026-05-29",
        "google_attempted": "2026-06-19",
        "payment": {
          "cards": "yes",
          "girocard": "yes"
        }
      }
    },
    {
      "type": "Feature",
      "geometry": {
        "type": "Point",
        "coordinates": [
          9.5318479,
          48.5373293
        ]
      },
      "properties": {
        "id": "tk_bwr_osm_n833192356",
        "name": "Getränke Service Allgaier",
        "address": {
          "street": "Pfulbstraße",
          "number": "32/1",
          "postalcode": "73252",
          "city": "Lenningen",
          "district": "Schopfloch"
        },
        "sources": [
          {
            "type": "osm",
            "id": "node/833192356",
            "version": 0
          },
          {
            "type": "apple",
            "id": "13485853718986618567"
          }
        ],
        "created": "2026-05-28",
        "updated": "2026-07-06",
        "hours": {
          "raw": "Mo,Tu,Th,Fr 18:00-19:00"
        },
        "sources_by_field": {
          "name": "osm",
          "address.street": "osm",
          "address.number": "osm",
          "address.postalcode": "osm",
          "address.city": "osm",
          "address.district": "osm",
          "hours": "osm"
        },
        "apple_attempted": "2026-05-29",
        "google_attempted": "2026-06-03",
        "payment": {}
      }
    },
    {
      "type": "Feature",
      "geometry": {
        "type": "Point",
        "coordinates": [
          10.1250784,
          48.8662403
        ]
      },
      "properties": {
        "id": "tk_bwr_osm_n833406513",
        "name": "Jakobs-Hütte",
        "address": {},
        "sources": [
          {
            "type": "osm",
            "id": "node/833406513",
            "version": 0
          },
          {
            "type": "gmaps",
            "id": "ChIJR2_CHDkcmUcRHicjyWe6z1g"
          }
        ],
        "created": "2026-05-28",
        "updated": "2026-07-06",
        "hours": {
          "raw": "Tu 14:00-20:00; Th-Sa 14:00-20:00; Su 10:00-20:00"
        },
        "sources_by_field": {
          "name": "osm",
          "hours": "osm"
        },
        "apple_id_attempted": "2026-05-29",
        "google_attempted": "2026-06-19",
        "payment": {}
      }
    },
    {
      "type": "Feature",
      "geometry": {
        "type": "Point",
        "coordinates": [
          10.1527872,
          48.6770829
        ]
      },
      "properties": {
        "id": "tk_bwr_osm_n839913653",
        "name": "Dürninger",
        "address": {},
        "sources": [
          {
            "type": "osm",
            "id": "node/839913653",
            "version": 0
          },
          {
            "type": "gmaps",
            "id": "ChIJ8dcGN3QWmUcR3D1LMLW48-g"
          }
        ],
        "created": "2026-05-28",
        "updated": "2026-07-06",
        "sources_by_field": {
          "name": "osm",
          "hours": "google",
          "payment.cards": "google",
          "payment.contactless": "google",
          "payment.girocard": "google"
        },
        "apple_id_attempted": "2026-05-29",
        "google_attempted": "2026-06-19",
        "hours": {
          "raw": "Tu 09:00-18:00; Th 09:00-18:00; Fr 09:00-18:00; We 09:00-18:00; Mo 09:00-18:00; Sa 09:00-14:00"
        },
        "payment": {
          "cards": "no",
          "contactless": "yes",
          "girocard": "yes"
        }
      }
    },
    {
      "type": "Feature",
      "geometry": {
        "type": "Point",
        "coordinates": [
          8.1936374,
          48.5368505
        ]
      },
      "properties": {
        "id": "tk_bwr_osm_n842549435",
        "name": "Klosterladen",
        "address": {},
        "sources": [
          {
            "type": "osm",
            "id": "node/842549435",
            "version": 0
          },
          {
            "type": "gmaps",
            "id": "ChIJUwYU5TUpl0cRYrl0zzXQcCU"
          }
        ],
        "created": "2026-05-28",
        "updated": "2026-07-06",
        "sources_by_field": {
          "name": "osm"
        },
        "apple_id_attempted": "2026-05-29",
        "google_attempted": "2026-06-19",
        "payment": {}
      }
    },
    {
      "type": "Feature",
      "geometry": {
        "type": "Point",
        "coordinates": [
          8.0814246,
          48.5287806
        ]
      },
      "properties": {
        "id": "tk_bwr_osm_n8565131662",
        "name": "Getränke Graf",
        "address": {
          "street": "Hindenburgstraße",
          "number": "7",
          "postalcode": "77704",
          "city": "Oberkirch"
        },
        "sources": [
          {
            "type": "osm",
            "id": "node/8565131662",
            "version": 0
          },
          {
            "type": "apple",
            "id": "14021669019627538020"
          }
        ],
        "created": "2026-05-28",
        "updated": "2026-07-06",
        "hours": {
          "raw": "Mo-Fr 08:00-19:00; Sa 08:00-16:00"
        },
        "sources_by_field": {
          "name": "osm",
          "address.street": "osm",
          "address.number": "osm",
          "address.postalcode": "osm",
          "address.city": "osm",
          "hours": "apple",
          "payment.cards": "apple",
          "payment.contactless": "apple"
        },
        "apple_attempted": "2026-05-29",
        "payment": {
          "cards": "yes",
          "contactless": "yes"
        }
      }
    },
    {
      "type": "Feature",
      "geometry": {
        "type": "Point",
        "coordinates": [
          8.3701015,
          48.5074946
        ]
      },
      "properties": {
        "id": "tk_bwr_osm_n8568762850",
        "name": "Gaiser Getränke",
        "address": {},
        "sources": [
          {
            "type": "osm",
            "id": "node/8568762850",
            "version": 0
          },
          {
            "type": "gmaps",
            "id": "ChIJdSS8i0Qxl0cRDarlKdmq2kM"
          }
        ],
        "created": "2026-05-28",
        "updated": "2026-07-06",
        "sources_by_field": {
          "name": "osm",
          "payment.cards": "google",
          "payment.contactless": "google",
          "payment.girocard": "google"
        },
        "apple_id_attempted": "2026-05-29",
        "google_attempted": "2026-06-19",
        "payment": {
          "cards": "no",
          "contactless": "yes",
          "girocard": "yes"
        }
      }
    },
    {
      "type": "Feature",
      "geometry": {
        "type": "Point",
        "coordinates": [
          9.3182887,
          47.6736766
        ]
      },
      "properties": {
        "id": "tk_bwr_osm_n8672825001",
        "name": "Kiosk No. 6",
        "address": {},
        "sources": [
          {
            "type": "osm",
            "id": "node/8672825001",
            "version": 0
          },
          {
            "type": "apple",
            "id": "14680572380610201709"
          }
        ],
        "created": "2026-05-28",
        "updated": "2026-07-06",
        "hours": {
          "raw": "Mo-Su 10:00-20:00"
        },
        "payment": {
          "cash": "unknown",
          "cards": "yes",
          "contactless": "yes",
          "girocard": "unknown"
        },
        "sources_by_field": {
          "name": "osm",
          "hours": "osm",
          "payment.cash": "osm",
          "payment.cards": "osm",
          "payment.contactless": "osm",
          "payment.girocard": "osm"
        }
      }
    },
    {
      "type": "Feature",
      "geometry": {
        "type": "Point",
        "coordinates": [
          8.0525232,
          48.761839
        ]
      },
      "properties": {
        "id": "tk_bwr_osm_n8754935687",
        "name": "Getränke Hörth",
        "address": {
          "street": "Herrenstraße",
          "number": "44",
          "postalcode": "77836",
          "city": "Rheinmünster",
          "district": "Stollhofen"
        },
        "sources": [
          {
            "type": "osm",
            "id": "node/8754935687",
            "version": 0
          },
          {
            "type": "gmaps",
            "id": "ChIJC_Q2cFbnlkcRqgJvz-aBXf8"
          }
        ],
        "created": "2026-05-28",
        "updated": "2026-07-06",
        "hours": {
          "raw": "Tu 15:00-18:00; Th 15:00-18:00; Fr 09:00-12:00,15:00-18:00; We 09:00-12:00; Mo 15:00-18:00; Sa 09:00-13:30"
        },
        "sources_by_field": {
          "name": "osm",
          "address.street": "osm",
          "address.number": "osm",
          "address.postalcode": "osm",
          "address.city": "osm",
          "address.district": "osm",
          "hours": "google",
          "payment.cards": "google",
          "payment.contactless": "google",
          "payment.girocard": "google"
        },
        "apple_id_attempted": "2026-05-29",
        "google_attempted": "2026-06-19",
        "payment": {
          "cards": "no",
          "contactless": "yes",
          "girocard": "yes"
        }
      }
    },
    {
      "type": "Feature",
      "geometry": {
        "type": "Point",
        "coordinates": [
          10.0912881,
          48.8370889
        ]
      },
      "properties": {
        "id": "tk_bwr_osm_n8882967494",
        "name": "Dürninger",
        "address": {
          "street": "Friedhofstraße",
          "number": "1",
          "postalcode": "73430",
          "city": "Aalen"
        },
        "sources": [
          {
            "type": "osm",
            "id": "node/8882967494",
            "version": 0
          },
          {
            "type": "gmaps",
            "id": "ChIJ65-2UoEbmUcRQG0Ej9q69Ik"
          }
        ],
        "created": "2026-05-28",
        "updated": "2026-07-06",
        "hours": {
          "raw": "Tu 08:00-18:00; Th 08:00-18:00; Fr 08:00-18:00; We 07:30-18:00; Mo 08:00-18:00; Sa 07:30-14:00"
        },
        "sources_by_field": {
          "name": "osm",
          "address.street": "osm",
          "address.number": "osm",
          "address.postalcode": "osm",
          "address.city": "osm",
          "hours": "google",
          "payment.cards": "google",
          "payment.contactless": "google",
          "payment.girocard": "google"
        },
        "apple_id_attempted": "2026-05-29",
        "google_attempted": "2026-06-19",
        "payment": {
          "cards": "no",
          "contactless": "yes",
          "girocard": "yes"
        }
      }
    },
    {
      "type": "Feature",
      "geometry": {
        "type": "Point",
        "coordinates": [
          9.1924404,
          48.0754512
        ]
      },
      "properties": {
        "id": "tk_bwr_osm_n8895035907",
        "name": "Getränke Maier",
        "address": {
          "street": "Meßkircher Straße",
          "number": "6",
          "postalcode": "72488",
          "city": "Sigmaringen",
          "district": "Laiz"
        },
        "sources": [
          {
            "type": "osm",
            "id": "node/8895035907",
            "version": 0
          },
          {
            "type": "gmaps",
            "id": "ChIJ0-YH0U0-mkcRkBkcvqaMZIA"
          }
        ],
        "created": "2026-05-28",
        "updated": "2026-07-06",
        "sources_by_field": {
          "name": "osm",
          "address.street": "osm",
          "address.number": "osm",
          "address.postalcode": "osm",
          "address.city": "osm",
          "address.district": "osm",
          "hours": "google"
        },
        "apple_id_attempted": "2026-05-29",
        "google_attempted": "2026-06-19",
        "hours": {
          "raw": "Tu 09:00-12:00,14:00-18:30; Th 09:00-12:00,14:00-18:30; Fr 09:00-12:00,14:00-18:30; We 09:00-12:00,14:00-18:30; Mo 09:00-12:00,14:00-18:30; Sa 08:30-14:00"
        },
        "payment": {}
      }
    },
    {
      "type": "Feature",
      "geometry": {
        "type": "Point",
        "coordinates": [
          9.7287476,
          48.32308
        ]
      },
      "properties": {
        "id": "tk_bwr_osm_n8975235789",
        "name": "Getränke Oase Fuchs",
        "address": {},
        "sources": [
          {
            "type": "osm",
            "id": "node/8975235789",
            "version": 0
          },
          {
            "type": "apple",
            "id": "15732566296903681315"
          },
          {
            "type": "gmaps",
            "id": "ChIJwVcjphZ-mUcRCzz7X0eiDdY"
          }
        ],
        "created": "2026-05-28",
        "updated": "2026-07-06",
        "hours": {
          "raw": "Mo-Tu,Th-Fr 09:00-12:15,14:00-18:00; We,Sa 09:00-12:15"
        },
        "sources_by_field": {
          "name": "osm",
          "hours": "apple"
        },
        "apple_attempted": "2026-05-29",
        "google_attempted": "2026-06-03",
        "payment": {}
      }
    },
    {
      "type": "Feature",
      "geometry": {
        "type": "Point",
        "coordinates": [
          8.7172148,
          48.5531016
        ]
      },
      "properties": {
        "id": "tk_bwr_osm_n9026697885",
        "name": "DIGEL-Pavillion",
        "address": {},
        "sources": [
          {
            "type": "osm",
            "id": "node/9026697885",
            "version": 0
          },
          {
            "type": "apple",
            "id": "4050428898571789505"
          },
          {
            "type": "gmaps",
            "id": "ChIJFzsxLqZal0cRH1NeCVMR3zE"
          }
        ],
        "created": "2026-05-28",
        "updated": "2026-07-06",
        "hours": {
          "raw": "Sa 14:00-18:00 \"wetterabhängig, siehe Website\"; Su,PH 11:00-17:00 \"wetterabhängig, siehe Website\""
        },
        "sources_by_field": {
          "name": "osm",
          "hours": "osm"
        },
        "apple_attempted": "2026-05-29",
        "google_attempted": "2026-06-03",
        "payment": {}
      }
    },
    {
      "type": "Feature",
      "geometry": {
        "type": "Point",
        "coordinates": [
          9.3713042,
          48.4416597
        ]
      },
      "properties": {
        "id": "tk_bwr_osm_n9079554541",
        "name": "Rauscher",
        "address": {},
        "sources": [
          {
            "type": "osm",
            "id": "node/9079554541",
            "version": 0
          },
          {
            "type": "gmaps",
            "id": "ChIJR1tDlSOMmUcRvEUGNbEQOBM"
          }
        ],
        "created": "2026-05-28",
        "updated": "2026-07-06",
        "sources_by_field": {
          "name": "osm",
          "hours": "google",
          "payment.cards": "google",
          "payment.contactless": "google",
          "payment.girocard": "google"
        },
        "apple_id_attempted": "2026-05-29",
        "google_attempted": "2026-06-19",
        "hours": {
          "raw": "Tu 10:00-19:00; Th 10:00-19:00; Fr 10:00-19:00; We 10:00-12:00; Mo 10:00-19:00; Sa 09:00-15:00"
        },
        "payment": {
          "cards": "yes",
          "contactless": "yes",
          "girocard": "yes"
        }
      }
    },
    {
      "type": "Feature",
      "geometry": {
        "type": "Point",
        "coordinates": [
          9.4443662,
          48.4687611
        ]
      },
      "properties": {
        "id": "tk_bwr_osm_n9092086511",
        "name": "Getränke Isler",
        "address": {},
        "sources": [
          {
            "type": "osm",
            "id": "node/9092086511",
            "version": 0
          },
          {
            "type": "gmaps",
            "id": "ChIJBd94R7SPmUcRBwVjt6px28o"
          }
        ],
        "created": "2026-05-28",
        "updated": "2026-07-06",
        "sources_by_field": {
          "name": "osm"
        },
        "apple_id_attempted": "2026-05-29",
        "google_attempted": "2026-06-19",
        "payment": {}
      }
    },
    {
      "type": "Feature",
      "geometry": {
        "type": "Point",
        "coordinates": [
          9.4591999,
          48.447441
        ]
      },
      "properties": {
        "id": "tk_bwr_osm_n9092291417",
        "name": "Bier Station",
        "address": {},
        "sources": [
          {
            "type": "osm",
            "id": "node/9092291417",
            "version": 0
          },
          {
            "type": "gmaps",
            "id": "ChIJc7S3bAyPmUcRtTNaPTLqMBc"
          }
        ],
        "created": "2026-05-28",
        "updated": "2026-07-06",
        "tags": [
          "draussen"
        ],
        "sources_by_field": {
          "name": "osm",
          "hours": "google"
        },
        "apple_id_attempted": "2026-05-29",
        "google_attempted": "2026-06-19",
        "hours": {
          "raw": "Tu 07:00-23:00; Th 07:00-23:00; Fr 07:00-23:30; We 07:00-23:00; Mo 07:00-23:00; Sa 07:00-23:30; Su 07:00-23:00"
        },
        "payment": {}
      }
    },
    {
      "type": "Feature",
      "geometry": {
        "type": "Point",
        "coordinates": [
          9.1496236,
          49.4733623
        ]
      },
      "properties": {
        "id": "tk_bwr_osm_n9183845218",
        "name": "Getränke & Safterei Banschbach",
        "address": {
          "street": "Hauptstraße",
          "number": "50a",
          "postalcode": "74838",
          "city": "Limbach",
          "district": "Wagenschwend"
        },
        "sources": [
          {
            "type": "osm",
            "id": "node/9183845218",
            "version": 0
          },
          {
            "type": "apple",
            "id": "1834120716841276432"
          }
        ],
        "created": "2026-05-28",
        "updated": "2026-07-06",
        "hours": {
          "raw": "Mo-Fr 13:00-19:00; Sa 08:00-18:00"
        },
        "sources_by_field": {
          "name": "osm",
          "address.street": "osm",
          "address.number": "osm",
          "address.postalcode": "osm",
          "address.city": "osm",
          "address.district": "osm",
          "hours": "apple",
          "payment.cards": "apple",
          "payment.contactless": "apple"
        },
        "apple_attempted": "2026-05-29",
        "payment": {
          "cards": "yes",
          "contactless": "yes"
        }
      }
    },
    {
      "type": "Feature",
      "geometry": {
        "type": "Point",
        "coordinates": [
          9.6873167,
          49.4260669
        ]
      },
      "properties": {
        "id": "tk_bwr_osm_n9365321118",
        "name": "Getränkehandel Bauhof",
        "address": {},
        "sources": [
          {
            "type": "osm",
            "id": "node/9365321118",
            "version": 0
          },
          {
            "type": "gmaps",
            "id": "ChIJEwnIbcBtmEcRJrbx_Gn9LDk"
          }
        ],
        "created": "2026-05-28",
        "updated": "2026-07-06",
        "sources_by_field": {
          "name": "osm",
          "hours": "google"
        },
        "apple_id_attempted": "2026-05-29",
        "google_attempted": "2026-06-19",
        "hours": {
          "raw": "Tu 16:00-18:30; Th 16:00-18:30; Fr 16:00-18:30; We 16:00-18:30; Mo 16:00-18:30; Sa 08:00-14:00"
        },
        "payment": {}
      }
    },
    {
      "type": "Feature",
      "geometry": {
        "type": "Point",
        "coordinates": [
          8.2049431,
          48.8483312
        ]
      },
      "properties": {
        "id": "tk_bwr_osm_n9389338625",
        "name": "Krell Getränkehandel OHG",
        "address": {
          "street": "Zur Leopoldfeste",
          "number": "7",
          "postalcode": "76437",
          "city": "Rastatt"
        },
        "sources": [
          {
            "type": "osm",
            "id": "node/9389338625",
            "version": 0
          },
          {
            "type": "gmaps",
            "id": "ChIJaZBtgfrilkcRJfLTlfWww_Q"
          }
        ],
        "created": "2026-05-28",
        "updated": "2026-07-06",
        "hours": {
          "raw": "Tu 08:30-18:30; Th 08:30-18:30; Fr 08:30-18:30; We 08:30-18:30; Mo 08:30-18:30; Sa 08:00-15:00"
        },
        "tags": [
          "barrierefrei"
        ],
        "sources_by_field": {
          "name": "osm",
          "address.street": "osm",
          "address.number": "osm",
          "address.postalcode": "osm",
          "address.city": "osm",
          "hours": "google",
          "payment.cards": "google",
          "payment.contactless": "google",
          "payment.girocard": "google"
        },
        "apple_id_attempted": "2026-05-29",
        "google_attempted": "2026-06-22",
        "payment": {
          "cards": "yes",
          "contactless": "yes",
          "girocard": "yes"
        }
      }
    },
    {
      "type": "Feature",
      "geometry": {
        "type": "Point",
        "coordinates": [
          10.0089932,
          48.895133
        ]
      },
      "properties": {
        "id": "tk_bwr_osm_n9435622760",
        "name": "Getränke Meyer",
        "address": {},
        "sources": [
          {
            "type": "osm",
            "id": "node/9435622760",
            "version": 0
          },
          {
            "type": "gmaps",
            "id": "ChIJbUNXdfwCmUcRpN6Yzn7gJ7U"
          }
        ],
        "created": "2026-05-28",
        "updated": "2026-07-06",
        "sources_by_field": {
          "name": "osm",
          "hours": "google",
          "payment.cards": "google",
          "payment.contactless": "google",
          "payment.girocard": "google"
        },
        "apple_id_attempted": "2026-05-29",
        "google_attempted": "2026-06-22",
        "hours": {
          "raw": "Tu 09:00-19:00; Th 09:00-19:00; Fr 09:00-19:00; We 09:00-19:00; Mo 09:00-19:00; Sa 08:00-16:00"
        },
        "payment": {
          "cards": "yes",
          "contactless": "yes",
          "girocard": "yes"
        }
      }
    },
    {
      "type": "Feature",
      "geometry": {
        "type": "Point",
        "coordinates": [
          9.0255578,
          47.8033557
        ]
      },
      "properties": {
        "id": "tk_bwr_osm_n9704877194",
        "name": "Schloßkellerei Bodman",
        "address": {
          "street": "Breite",
          "number": "5",
          "postalcode": "78351",
          "city": "Bodman-Ludwigshafen"
        },
        "sources": [
          {
            "type": "osm",
            "id": "node/9704877194",
            "version": 0
          },
          {
            "type": "apple",
            "id": "3077372278940652251"
          }
        ],
        "created": "2026-05-28",
        "updated": "2026-07-06",
        "hours": {
          "raw": "Mo-Fr 09:00-18:00; Sa 09:00-13:00"
        },
        "payment": {
          "cash": "yes",
          "cards": "yes",
          "contactless": "unknown",
          "girocard": "unknown"
        },
        "tags": [
          "barrierefrei"
        ],
        "sources_by_field": {
          "name": "osm",
          "address.street": "osm",
          "address.number": "osm",
          "address.postalcode": "osm",
          "address.city": "osm",
          "hours": "osm",
          "payment.cash": "osm",
          "payment.cards": "osm",
          "payment.contactless": "osm",
          "payment.girocard": "osm"
        }
      }
    },
    {
      "type": "Feature",
      "geometry": {
        "type": "Point",
        "coordinates": [
          8.7236736,
          48.5504703
        ]
      },
      "properties": {
        "id": "tk_bwr_osm_n9718925021",
        "name": "Tabaklädle",
        "address": {},
        "sources": [
          {
            "type": "osm",
            "id": "node/9718925021",
            "version": 0
          },
          {
            "type": "gmaps",
            "id": "ChIJAc7AlaBal0cRj4LXew7jY8g"
          }
        ],
        "created": "2026-05-28",
        "updated": "2026-07-06",
        "hours": {
          "raw": "Tu 09:00-18:00; Th 09:00-18:00; Fr 09:00-18:00; We 09:00-18:00; Sa 08:00-14:00"
        },
        "sources_by_field": {
          "name": "osm",
          "hours": "google",
          "payment.cards": "google",
          "payment.contactless": "google",
          "payment.girocard": "google"
        },
        "apple_id_attempted": "2026-05-29",
        "google_attempted": "2026-06-22",
        "payment": {
          "cards": "yes",
          "contactless": "yes",
          "girocard": "yes"
        }
      }
    },
    {
      "type": "Feature",
      "geometry": {
        "type": "Point",
        "coordinates": [
          10.0606924,
          48.6915836
        ]
      },
      "properties": {
        "id": "tk_bwr_osm_n9757760923",
        "name": "Getränke Reitschuster",
        "address": {
          "street": "Hauptstraße",
          "number": "61",
          "postalcode": "89555",
          "city": "Steinheim am Albuch"
        },
        "sources": [
          {
            "type": "osm",
            "id": "node/9757760923",
            "version": 0
          },
          {
            "type": "gmaps",
            "id": "ChIJFQ7rO10RmUcRI0BepBEOExM"
          }
        ],
        "created": "2026-05-28",
        "updated": "2026-07-06",
        "hours": {
          "raw": "Tu 08:30-12:30,14:00-18:00; Th 08:30-12:30,14:00-18:00; Fr 08:30-12:30,14:00-18:00; We 08:30-12:30,14:00-18:00; Mo 08:30-12:30,14:00-18:00; Sa 08:00-12:30"
        },
        "tags": [
          "barrierefrei"
        ],
        "sources_by_field": {
          "name": "osm",
          "address.street": "osm",
          "address.number": "osm",
          "address.postalcode": "osm",
          "address.city": "osm",
          "hours": "google",
          "payment.cards": "google",
          "payment.contactless": "google",
          "payment.girocard": "google"
        },
        "apple_id_attempted": "2026-05-29",
        "google_attempted": "2026-06-22",
        "payment": {
          "cards": "yes",
          "contactless": "yes",
          "girocard": "yes"
        }
      }
    },
    {
      "type": "Feature",
      "geometry": {
        "type": "Point",
        "coordinates": [
          7.9829514,
          48.4739013
        ]
      },
      "properties": {
        "id": "tk_bwr_osm_n9840011088",
        "name": "Connys Toto Lotto",
        "address": {},
        "sources": [
          {
            "type": "osm",
            "id": "node/9840011088",
            "version": 0
          },
          {
            "type": "apple",
            "id": "9571312579638015923"
          }
        ],
        "created": "2026-05-28",
        "updated": "2026-07-06",
        "sources_by_field": {
          "name": "osm",
          "hours": "apple",
          "payment.cards": "apple",
          "payment.contactless": "apple"
        },
        "apple_attempted": "2026-05-29",
        "hours": {
          "raw": "Mo-Tu,Th 07:00-12:00; We 07:00-12:00,14:30-18:00; Fr 07:00-12:00,14:00-18:00; Sa 08:00-12:00"
        },
        "payment": {
          "cards": "yes",
          "contactless": "yes"
        }
      }
    },
    {
      "type": "Feature",
      "geometry": {
        "type": "Point",
        "coordinates": [
          9.3887226,
          47.720754
        ]
      },
      "properties": {
        "id": "tk_bwr_osm_n9950012092",
        "name": "Lake Night Späti",
        "address": {
          "street": "Poststraße",
          "number": "11",
          "postalcode": "88677",
          "city": "Markdorf"
        },
        "sources": [
          {
            "type": "osm",
            "id": "node/9950012092",
            "version": 0
          },
          {
            "type": "gmaps",
            "id": "ChIJD8PL8d9VmkcRDcz8SGKQ-9I"
          }
        ],
        "created": "2026-05-28",
        "updated": "2026-07-06",
        "hours": {
          "raw": "Tu 12:00-00:00; Th 12:00-00:00; Fr 12:00-01:00; We 12:00-00:00; Mo 12:00-00:00; Sa 12:00-01:00"
        },
        "tags": [
          "barrierefrei"
        ],
        "sources_by_field": {
          "name": "osm",
          "address.street": "osm",
          "address.number": "osm",
          "address.postalcode": "osm",
          "address.city": "osm",
          "hours": "google",
          "payment.cards": "google",
          "payment.contactless": "google",
          "payment.girocard": "google"
        },
        "apple_id_attempted": "2026-05-29",
        "google_attempted": "2026-06-22",
        "payment": {
          "cards": "yes",
          "contactless": "yes",
          "girocard": "yes"
        }
      }
    },
    {
      "type": "Feature",
      "geometry": {
        "type": "Point",
        "coordinates": [
          8.312838,
          48.5229997
        ]
      },
      "properties": {
        "id": "tk_bwr_osm_w101261590",
        "name": "Finkbeiner",
        "address": {
          "street": "Max-Eyth-Straße",
          "number": "19",
          "postalcode": "72270",
          "city": "Baiersbronn"
        },
        "sources": [
          {
            "type": "osm",
            "id": "way/101261590",
            "version": 0
          },
          {
            "type": "gmaps",
            "id": "ChIJ94FnEMExl0cRW-kxexkLjaI"
          }
        ],
        "created": "2026-05-28",
        "updated": "2026-07-06",
        "tags": [
          "barrierefrei"
        ],
        "sources_by_field": {
          "name": "osm",
          "address.street": "osm",
          "address.number": "osm",
          "address.postalcode": "osm",
          "address.city": "osm",
          "hours": "google",
          "payment.cards": "google",
          "payment.contactless": "google",
          "payment.girocard": "google"
        },
        "apple_id_attempted": "2026-05-29",
        "google_attempted": "2026-06-22",
        "hours": {
          "raw": "Tu 08:00-12:15,13:30-18:00; Th 08:00-12:15,13:30-18:00; Fr 08:00-12:15,13:30-18:00; We 08:00-12:15; Mo 08:00-12:15,13:30-18:00; Sa 08:00-13:00"
        },
        "payment": {
          "cards": "yes",
          "contactless": "yes",
          "girocard": "yes"
        }
      }
    },
    {
      "type": "Feature",
      "geometry": {
        "type": "Point",
        "coordinates": [
          9.7823796,
          48.0964848
        ]
      },
      "properties": {
        "id": "tk_bwr_osm_w103226601",
        "name": "Gebrüder Zell zum Pflug",
        "address": {
          "street": "Hardtsteigstraße",
          "number": "2",
          "postalcode": "88400",
          "city": "Biberach an der Riß"
        },
        "sources": [
          {
            "type": "osm",
            "id": "way/103226601",
            "version": 0
          },
          {
            "type": "apple",
            "id": "12020971830227086764"
          }
        ],
        "created": "2026-05-28",
        "updated": "2026-07-06",
        "hours": {
          "raw": "Mo,We,Fr 09:00-12:00,14:00-18:00; Tu,Th,Sa 09:00-12:00"
        },
        "sources_by_field": {
          "name": "osm",
          "address.street": "osm",
          "address.number": "osm",
          "address.postalcode": "osm",
          "address.city": "osm",
          "hours": "apple",
          "payment.cards": "apple",
          "payment.contactless": "apple"
        },
        "apple_attempted": "2026-05-29",
        "payment": {
          "cards": "yes",
          "contactless": "yes"
        }
      }
    },
    {
      "type": "Feature",
      "geometry": {
        "type": "Point",
        "coordinates": [
          8.168697,
          48.7712212
        ]
      },
      "properties": {
        "id": "tk_bwr_osm_w104709647",
        "name": "Getränke-Huck",
        "address": {
          "street": "Am Tiefen Weg",
          "number": "12",
          "postalcode": "76547",
          "city": "Sinzheim",
          "district": "Kartung"
        },
        "sources": [
          {
            "type": "osm",
            "id": "way/104709647",
            "version": 0
          },
          {
            "type": "gmaps",
            "id": "ChIJH2tcsOAfl0cRZ3_gFbwzXBM"
          }
        ],
        "created": "2026-05-28",
        "updated": "2026-07-06",
        "hours": {
          "raw": "Mo-Fr 08:00-12:00; 14:00-18:00; Sa 08:00-12:30"
        },
        "sources_by_field": {
          "name": "osm",
          "address.street": "osm",
          "address.number": "osm",
          "address.postalcode": "osm",
          "address.city": "osm",
          "address.district": "osm",
          "hours": "osm"
        },
        "apple_id_attempted": "2026-05-29",
        "google_attempted": "2026-06-22",
        "payment": {}
      }
    },
    {
      "type": "Feature",
      "geometry": {
        "type": "Point",
        "coordinates": [
          7.9973699,
          48.5217284
        ]
      },
      "properties": {
        "id": "tk_bwr_osm_w107153036",
        "name": "Getränke Lott",
        "address": {
          "street": "Im Winkel",
          "number": "8",
          "postalcode": "77767",
          "city": "Appenweier",
          "district": "Nesselried"
        },
        "sources": [
          {
            "type": "osm",
            "id": "way/107153036",
            "version": 0
          },
          {
            "type": "apple",
            "id": "17172700813173898750"
          }
        ],
        "created": "2026-05-28",
        "updated": "2026-07-06",
        "sources_by_field": {
          "name": "osm",
          "address.street": "osm",
          "address.number": "osm",
          "address.postalcode": "osm",
          "address.city": "osm",
          "address.district": "osm",
          "hours": "apple",
          "payment.cards": "apple",
          "payment.contactless": "apple"
        },
        "apple_attempted": "2026-05-29",
        "hours": {
          "raw": "Mo-Tu,Fr 08:30-12:30,13:30-18:00; We 08:30-12:30; Th 08:30-12:30,13:30-17:00; Sa 08:30-14:00"
        },
        "payment": {
          "cards": "yes",
          "contactless": "yes"
        }
      }
    },
    {
      "type": "Feature",
      "geometry": {
        "type": "Point",
        "coordinates": [
          9.1681504,
          47.6796934
        ]
      },
      "properties": {
        "id": "tk_bwr_osm_w116135247",
        "name": "Zaki Getränke Tabak",
        "address": {
          "street": "Wollmatinger Straße",
          "number": "92",
          "postalcode": "78467",
          "city": "Konstanz"
        },
        "sources": [
          {
            "type": "osm",
            "id": "way/116135247",
            "version": 0
          },
          {
            "type": "gmaps",
            "id": "ChIJtS_EsFD2mkcRhJ3d7TNShJo"
          }
        ],
        "created": "2026-05-28",
        "updated": "2026-07-06",
        "sources_by_field": {
          "name": "osm",
          "address.street": "osm",
          "address.number": "osm",
          "address.postalcode": "osm",
          "address.city": "osm",
          "hours": "google",
          "payment.cards": "google",
          "payment.contactless": "google",
          "payment.girocard": "google"
        },
        "apple_id_attempted": "2026-05-29",
        "google_attempted": "2026-06-22",
        "hours": {
          "raw": "Tu 07:00-18:00; Th 07:00-18:00; Fr 07:00-18:00; We 07:00-18:00; Mo 07:00-18:00; Sa 08:00-14:00"
        },
        "payment": {
          "cards": "yes",
          "contactless": "yes",
          "girocard": "yes"
        }
      }
    },
    {
      "type": "Feature",
      "geometry": {
        "type": "Point",
        "coordinates": [
          10.1072204,
          48.8444743
        ]
      },
      "properties": {
        "id": "tk_bwr_osm_w1162475797",
        "name": "Hirschbachbad Aalen",
        "address": {
          "street": "Hirschbachstraße",
          "number": "68",
          "postalcode": "73431",
          "city": "Aalen"
        },
        "sources": [
          {
            "type": "osm",
            "id": "way/1162475797",
            "version": 0
          },
          {
            "type": "apple",
            "id": "12019596822241996864"
          }
        ],
        "created": "2026-05-28",
        "updated": "2026-07-06",
        "hours": {
          "raw": "Mo 10:00-21:00, Di-Fr 06:15-21:00, Sa,So,Feiertag 08:00-20:00"
        },
        "payment": {
          "cash": "yes",
          "cards": "yes",
          "contactless": "yes",
          "girocard": "yes"
        },
        "tags": [
          "barrierefrei",
          "wc"
        ],
        "sources_by_field": {
          "name": "osm",
          "address.street": "osm",
          "address.number": "osm",
          "address.postalcode": "osm",
          "address.city": "osm",
          "hours": "osm",
          "payment.cash": "osm",
          "payment.cards": "osm",
          "payment.contactless": "osm",
          "payment.girocard": "osm"
        }
      }
    },
    {
      "type": "Feature",
      "geometry": {
        "type": "Point",
        "coordinates": [
          8.7751871,
          47.7653181
        ]
      },
      "properties": {
        "id": "tk_bwr_osm_w120059377",
        "name": "Kiosk im Freibad Hilzingen",
        "address": {
          "street": "Riedheimer Straße",
          "number": "13",
          "postalcode": "78247",
          "city": "Hilzingen"
        },
        "sources": [
          {
            "type": "osm",
            "id": "way/120059377",
            "version": 0
          },
          {
            "type": "gmaps",
            "id": "ChIJcwcekMJ9mkcRaKCzTuaQ8yM"
          }
        ],
        "created": "2026-06-01",
        "updated": "2026-07-06",
        "sources_by_field": {
          "name": "osm",
          "address.street": "osm",
          "address.number": "osm",
          "address.postalcode": "osm",
          "address.city": "osm",
          "hours": "google"
        },
        "apple_id_attempted": "2026-06-03",
        "google_attempted": "2026-06-22",
        "hours": {
          "raw": "Tu 09:00-20:00; Th 09:00-20:00; Fr 09:00-20:00; We 08:00-20:00; Mo 09:00-20:00; Sa 06:00-20:00; Su 06:00-20:00"
        },
        "payment": {}
      }
    },
    {
      "type": "Feature",
      "geometry": {
        "type": "Point",
        "coordinates": [
          8.8194304,
          48.4984159
        ]
      },
      "properties": {
        "id": "tk_bwr_osm_w120357403",
        "name": "Getränke Grammer",
        "address": {},
        "sources": [
          {
            "type": "osm",
            "id": "way/120357403",
            "version": 0
          },
          {
            "type": "apple",
            "id": "18408849034492152003"
          }
        ],
        "created": "2026-05-28",
        "updated": "2026-07-06",
        "tags": [
          "barrierefrei"
        ],
        "sources_by_field": {
          "name": "osm",
          "hours": "apple",
          "payment.cards": "apple",
          "payment.contactless": "apple"
        },
        "apple_attempted": "2026-05-29",
        "hours": {
          "raw": "Mo-Fr 09:00-18:30; Sa 09:00-16:00"
        },
        "payment": {
          "cards": "yes",
          "contactless": "yes"
        }
      }
    },
    {
      "type": "Feature",
      "geometry": {
        "type": "Point",
        "coordinates": [
          9.1694136,
          47.6584562
        ]
      },
      "properties": {
        "id": "tk_bwr_osm_w126794656",
        "name": "Imbiss am Döbele",
        "address": {
          "street": "Döbelestraße",
          "number": "1",
          "postalcode": "78462",
          "city": "Konstanz"
        },
        "sources": [
          {
            "type": "osm",
            "id": "way/126794656",
            "version": 0
          },
          {
            "type": "apple",
            "id": "18106306847662878382"
          }
        ],
        "created": "2026-05-28",
        "updated": "2026-07-06",
        "hours": {
          "raw": "Mo-Sa 07:00-18:30"
        },
        "tags": [
          "barrierefrei",
          "draussen"
        ],
        "sources_by_field": {
          "name": "osm",
          "address.street": "osm",
          "address.number": "osm",
          "address.postalcode": "osm",
          "address.city": "osm",
          "hours": "apple",
          "payment.cards": "apple",
          "payment.contactless": "apple"
        },
        "apple_attempted": "2026-05-29",
        "payment": {
          "cards": "yes",
          "contactless": "yes"
        }
      }
    },
    {
      "type": "Feature",
      "geometry": {
        "type": "Point",
        "coordinates": [
          8.6016582,
          48.1102857
        ]
      },
      "properties": {
        "id": "tk_bwr_osm_w129325058",
        "name": "Hengstler Getränke-Fachmarkt",
        "address": {
          "street": "Kurze Straße",
          "number": "8",
          "postalcode": "78652",
          "city": "Deißlingen"
        },
        "sources": [
          {
            "type": "osm",
            "id": "way/129325058",
            "version": 0
          },
          {
            "type": "apple",
            "id": "10991508109449480403"
          },
          {
            "type": "gmaps",
            "id": "ChIJE7d1tT_-CEER9OLE8OVoRTQ"
          }
        ],
        "created": "2026-05-28",
        "updated": "2026-07-06",
        "tags": [
          "barrierefrei"
        ],
        "sources_by_field": {
          "name": "osm",
          "address.street": "osm",
          "address.number": "osm",
          "address.postalcode": "osm",
          "address.city": "osm",
          "hours": "google",
          "payment.cards": "google",
          "payment.contactless": "google",
          "payment.girocard": "google"
        },
        "apple_attempted": "2026-05-29",
        "google_attempted": "2026-06-03",
        "hours": {
          "raw": "Tu 08:30-12:30,14:00-18:30; Th 08:30-12:30,14:00-18:30; Fr 08:30-12:30,14:00-18:30; We 08:30-12:30; Sa 08:00-16:00"
        },
        "payment": {
          "cards": "yes",
          "contactless": "yes",
          "girocard": "yes"
        }
      }
    },
    {
      "type": "Feature",
      "geometry": {
        "type": "Point",
        "coordinates": [
          9.0543143,
          47.6902766
        ]
      },
      "properties": {
        "id": "tk_bwr_osm_w129778536",
        "name": "Stedi Reichenau",
        "address": {
          "street": "An der Schiffslände",
          "number": "1",
          "postalcode": "78479",
          "city": "Reichenau"
        },
        "sources": [
          {
            "type": "osm",
            "id": "way/129778536",
            "version": 0
          },
          {
            "type": "apple",
            "id": "14305244513516021511"
          }
        ],
        "created": "2026-05-28",
        "updated": "2026-07-06",
        "sources_by_field": {
          "name": "osm",
          "address.street": "osm",
          "address.number": "osm",
          "address.postalcode": "osm",
          "address.city": "osm",
          "hours": "apple",
          "payment.cards": "apple",
          "payment.contactless": "apple"
        },
        "apple_attempted": "2026-05-29",
        "hours": {
          "raw": "Mo-Su 10:00-22:00"
        },
        "payment": {
          "cards": "yes",
          "contactless": "yes"
        }
      }
    },
    {
      "type": "Feature",
      "geometry": {
        "type": "Point",
        "coordinates": [
          9.1519515,
          47.6745366
        ]
      },
      "properties": {
        "id": "tk_bwr_osm_w137314139",
        "name": "Getränke Lüber",
        "address": {
          "street": "Reichenaustraße",
          "number": "83a",
          "postalcode": "78467",
          "city": "Konstanz"
        },
        "sources": [
          {
            "type": "osm",
            "id": "way/137314139",
            "version": 0
          },
          {
            "type": "apple",
            "id": "16045582954173173764"
          }
        ],
        "created": "2026-05-28",
        "updated": "2026-07-06",
        "sources_by_field": {
          "name": "osm",
          "address.street": "osm",
          "address.number": "osm",
          "address.postalcode": "osm",
          "address.city": "osm",
          "hours": "apple",
          "payment.cards": "apple",
          "payment.contactless": "apple"
        },
        "apple_attempted": "2026-05-29",
        "hours": {
          "raw": "Mo-Fr 08:30-12:30,13:30-17:00"
        },
        "payment": {
          "cards": "yes",
          "contactless": "yes"
        }
      }
    },
    {
      "type": "Feature",
      "geometry": {
        "type": "Point",
        "coordinates": [
          8.5711924,
          49.1578246
        ]
      },
      "properties": {
        "id": "tk_bwr_osm_w147609708",
        "name": "Getränke Duhm",
        "address": {
          "street": "Graf-Zeppelin-Straße",
          "number": "1",
          "postalcode": "76694",
          "city": "Forst"
        },
        "sources": [
          {
            "type": "osm",
            "id": "way/147609708",
            "version": 0
          },
          {
            "type": "apple",
            "id": "4478706926357164255"
          },
          {
            "type": "gmaps",
            "id": "ChIJT82CF3Ckl0cRzX9P1ou4vfY"
          }
        ],
        "created": "2026-05-28",
        "updated": "2026-07-06",
        "sources_by_field": {
          "name": "osm",
          "address.street": "osm",
          "address.number": "osm",
          "address.postalcode": "osm",
          "address.city": "osm",
          "hours": "google",
          "payment.cards": "apple",
          "payment.contactless": "apple",
          "payment.girocard": "google"
        },
        "apple_attempted": "2026-05-29",
        "google_attempted": "2026-06-03",
        "hours": {
          "raw": "Tu 09:00-13:00,14:00-18:00; Th 09:00-13:00,14:00-18:00; Fr 09:00-13:00,14:00-18:00; We 09:00-13:00,14:00-18:00; Mo 09:00-13:00,14:00-18:00; Sa 09:00-13:00"
        },
        "payment": {
          "cards": "yes",
          "contactless": "yes",
          "girocard": "yes"
        }
      }
    },
    {
      "type": "Feature",
      "geometry": {
        "type": "Point",
        "coordinates": [
          8.0633596,
          48.5208521
        ]
      },
      "properties": {
        "id": "tk_bwr_osm_w1494202517",
        "name": "Klingelbergerhütte",
        "address": {},
        "sources": [
          {
            "type": "osm",
            "id": "way/1494202517",
            "version": 0
          },
          {
            "type": "apple",
            "id": "5289102559923782733"
          },
          {
            "type": "gmaps",
            "id": "ChIJTdYyibbXlkcR3q9yd4GOEHA"
          }
        ],
        "created": "2026-05-28",
        "updated": "2026-07-06",
        "payment": {
          "cash": "yes",
          "cards": "unknown",
          "contactless": "unknown",
          "girocard": "unknown"
        },
        "sources_by_field": {
          "name": "osm",
          "payment.cash": "osm",
          "payment.cards": "osm",
          "payment.contactless": "osm",
          "payment.girocard": "osm"
        },
        "apple_attempted": "2026-05-29",
        "google_attempted": "2026-06-03"
      }
    },
    {
      "type": "Feature",
      "geometry": {
        "type": "Point",
        "coordinates": [
          9.3358885,
          49.4440146
        ]
      },
      "properties": {
        "id": "tk_bwr_osm_w184259043",
        "name": "Getränke Göttlicher",
        "address": {
          "street": "Bahnhofstraße",
          "number": "34",
          "postalcode": "74743",
          "city": "Seckach"
        },
        "sources": [
          {
            "type": "osm",
            "id": "way/184259043",
            "version": 0
          },
          {
            "type": "apple",
            "id": "4358454676649592818"
          },
          {
            "type": "gmaps",
            "id": "ChIJ37_Ycg8bmEcRwSF-BYrD2UA"
          }
        ],
        "created": "2026-05-28",
        "updated": "2026-07-06",
        "sources_by_field": {
          "name": "osm",
          "address.street": "osm",
          "address.number": "osm",
          "address.postalcode": "osm",
          "address.city": "osm"
        },
        "apple_attempted": "2026-05-29",
        "google_attempted": "2026-06-03",
        "payment": {}
      }
    },
    {
      "type": "Feature",
      "geometry": {
        "type": "Point",
        "coordinates": [
          9.1823675,
          48.3939606
        ]
      },
      "properties": {
        "id": "tk_bwr_osm_w194008316",
        "name": "Getränke Maier",
        "address": {
          "street": "Am Genkinger Weg",
          "number": "3/1",
          "postalcode": "72820",
          "city": "Sonnenbühl",
          "district": "Undingen"
        },
        "sources": [
          {
            "type": "osm",
            "id": "way/194008316",
            "version": 0
          },
          {
            "type": "apple",
            "id": "9331379656023607926"
          }
        ],
        "created": "2026-05-28",
        "updated": "2026-07-06",
        "hours": {
          "raw": "Mo-Fr 08:30-19:00; Sa 08:00-16:00"
        },
        "sources_by_field": {
          "name": "osm",
          "address.street": "osm",
          "address.number": "osm",
          "address.postalcode": "osm",
          "address.city": "osm",
          "address.district": "osm",
          "hours": "apple",
          "payment.cards": "apple",
          "payment.contactless": "apple"
        },
        "apple_attempted": "2026-05-29",
        "payment": {
          "cards": "yes",
          "contactless": "yes"
        }
      }
    },
    {
      "type": "Feature",
      "geometry": {
        "type": "Point",
        "coordinates": [
          9.8955838,
          48.7917492
        ]
      },
      "properties": {
        "id": "tk_bwr_osm_w200802057",
        "name": "Getränke Munser",
        "address": {
          "street": "Bucher Weg",
          "number": "6",
          "postalcode": "73529",
          "city": "Schwäbisch Gmünd",
          "district": "Bargau"
        },
        "sources": [
          {
            "type": "osm",
            "id": "way/200802057",
            "version": 0
          },
          {
            "type": "apple",
            "id": "7239795015657519298"
          },
          {
            "type": "gmaps",
            "id": "ChIJd-lQdREGmUcRpUbO6ftZUCU"
          }
        ],
        "created": "2026-05-28",
        "updated": "2026-07-06",
        "hours": {
          "raw": "Mo-Fr 09:30-18:00; Sa 09:00-12:00"
        },
        "sources_by_field": {
          "name": "osm",
          "address.street": "osm",
          "address.number": "osm",
          "address.postalcode": "osm",
          "address.city": "osm",
          "address.district": "osm",
          "hours": "osm"
        },
        "apple_attempted": "2026-05-29",
        "google_attempted": "2026-06-03",
        "payment": {}
      }
    },
    {
      "type": "Feature",
      "geometry": {
        "type": "Point",
        "coordinates": [
          7.8181954,
          48.5771155
        ]
      },
      "properties": {
        "id": "tk_bwr_osm_w202758208",
        "name": "Getränke Roth",
        "address": {
          "street": "Königsberger Straße",
          "number": "18",
          "postalcode": "77694",
          "city": "Kehl"
        },
        "sources": [
          {
            "type": "osm",
            "id": "way/202758208",
            "version": 0
          },
          {
            "type": "apple",
            "id": "16817527195245793401"
          }
        ],
        "created": "2026-05-28",
        "updated": "2026-07-06",
        "hours": {
          "raw": "Mo-Fr 09:00-19:00; Sa 08:00-18:00"
        },
        "tags": [
          "barrierefrei"
        ],
        "sources_by_field": {
          "name": "osm",
          "address.street": "osm",
          "address.number": "osm",
          "address.postalcode": "osm",
          "address.city": "osm",
          "hours": "apple",
          "payment.cards": "apple",
          "payment.contactless": "apple"
        },
        "apple_attempted": "2026-05-29",
        "payment": {
          "cards": "yes",
          "contactless": "yes"
        }
      }
    },
    {
      "type": "Feature",
      "geometry": {
        "type": "Point",
        "coordinates": [
          9.606882,
          47.8189418
        ]
      },
      "properties": {
        "id": "tk_bwr_osm_w207910400",
        "name": "Getränke Pohl",
        "address": {
          "street": "Ziegelwiese",
          "number": "4",
          "postalcode": "88276",
          "city": "Berg"
        },
        "sources": [
          {
            "type": "osm",
            "id": "way/207910400",
            "version": 0
          },
          {
            "type": "apple",
            "id": "6696411656308761068"
          }
        ],
        "created": "2026-05-28",
        "updated": "2026-07-06",
        "hours": {
          "raw": "Mo-Tu,Th-Fr 09:00-12:00,15:00-18:00; We 09:00-12:00; Sa 08:00-13:00"
        },
        "sources_by_field": {
          "name": "osm",
          "address.street": "osm",
          "address.number": "osm",
          "address.postalcode": "osm",
          "address.city": "osm",
          "hours": "apple",
          "payment.cards": "apple",
          "payment.contactless": "apple"
        },
        "apple_attempted": "2026-05-29",
        "payment": {
          "cards": "yes",
          "contactless": "yes"
        }
      }
    },
    {
      "type": "Feature",
      "geometry": {
        "type": "Point",
        "coordinates": [
          8.4084318,
          49.1586964
        ]
      },
      "properties": {
        "id": "tk_bwr_osm_w221333165",
        "name": "Getränkeoase Wild",
        "address": {
          "street": "Krautstückerweg",
          "number": "10",
          "postalcode": "76706",
          "city": "Dettenheim"
        },
        "sources": [
          {
            "type": "osm",
            "id": "way/221333165",
            "version": 0
          },
          {
            "type": "apple",
            "id": "4251511991031493914"
          }
        ],
        "created": "2026-05-28",
        "updated": "2026-07-06",
        "sources_by_field": {
          "name": "osm",
          "address.street": "osm",
          "address.number": "osm",
          "address.postalcode": "osm",
          "address.city": "osm",
          "hours": "apple",
          "payment.cards": "apple",
          "payment.contactless": "apple"
        },
        "apple_attempted": "2026-05-29",
        "hours": {
          "raw": "Mo-Tu,Th 09:00-12:00,14:30-18:00; We 09:00-12:00; Fr 09:00-18:00; Sa 08:00-14:00"
        },
        "payment": {
          "cards": "yes",
          "contactless": "yes"
        }
      }
    },
    {
      "type": "Feature",
      "geometry": {
        "type": "Point",
        "coordinates": [
          8.1885891,
          48.866749
        ]
      },
      "properties": {
        "id": "tk_bwr_osm_w221950978",
        "name": "Streb Getränkecenter",
        "address": {
          "street": "Gutenbergstraße",
          "number": "5",
          "postalcode": "76437",
          "city": "Rastatt"
        },
        "sources": [
          {
            "type": "osm",
            "id": "way/221950978",
            "version": 0
          },
          {
            "type": "apple",
            "id": "8074251957185248564"
          }
        ],
        "created": "2026-05-28",
        "updated": "2026-07-06",
        "hours": {
          "raw": "Mo-Fr 08:00-19:00; Sa 08:00-18:00"
        },
        "tags": [
          "barrierefrei"
        ],
        "sources_by_field": {
          "name": "osm",
          "address.street": "osm",
          "address.number": "osm",
          "address.postalcode": "osm",
          "address.city": "osm",
          "hours": "apple",
          "payment.cards": "apple",
          "payment.contactless": "apple"
        },
        "apple_attempted": "2026-05-29",
        "payment": {
          "cards": "yes",
          "contactless": "yes"
        }
      }
    },
    {
      "type": "Feature",
      "geometry": {
        "type": "Point",
        "coordinates": [
          9.3915358,
          48.4934633
        ]
      },
      "properties": {
        "id": "tk_bwr_osm_w225588953",
        "name": "Getränke Götz",
        "address": {
          "street": "Metzinger Weg",
          "number": "11",
          "postalcode": "72574",
          "city": "Bad Urach"
        },
        "sources": [
          {
            "type": "osm",
            "id": "way/225588953",
            "version": 0
          },
          {
            "type": "apple",
            "id": "1645467478389158948"
          },
          {
            "type": "gmaps",
            "id": "ChIJd-E1xf6NmUcREDPfGbnzVv0"
          }
        ],
        "created": "2026-05-28",
        "updated": "2026-07-06",
        "hours": {
          "raw": "Tu 09:00-12:30,14:30-18:30; Th 09:00-12:30,14:30-18:30; Fr 09:00-12:30,14:30-18:30; We 09:00-12:30; Mo 09:00-12:30; Sa 09:00-12:30"
        },
        "sources_by_field": {
          "name": "osm",
          "address.street": "osm",
          "address.number": "osm",
          "address.postalcode": "osm",
          "address.city": "osm",
          "hours": "google",
          "payment.cards": "google",
          "payment.contactless": "google",
          "payment.girocard": "google"
        },
        "apple_attempted": "2026-05-29",
        "google_attempted": "2026-06-03",
        "payment": {
          "cards": "yes",
          "contactless": "yes",
          "girocard": "yes"
        }
      }
    },
    {
      "type": "Feature",
      "geometry": {
        "type": "Point",
        "coordinates": [
          7.922002,
          48.4834809
        ]
      },
      "properties": {
        "id": "tk_bwr_osm_w226998153",
        "name": "Oelke Getränke-Abholmarkt",
        "address": {
          "street": "Hanns-Martin-Schleyer-Straße",
          "number": "11a",
          "postalcode": "77656",
          "city": "Offenburg"
        },
        "sources": [
          {
            "type": "osm",
            "id": "way/226998153",
            "version": 0
          },
          {
            "type": "apple",
            "id": "2529211915063885817"
          }
        ],
        "created": "2026-05-28",
        "updated": "2026-07-06",
        "sources_by_field": {
          "name": "osm",
          "address.street": "osm",
          "address.number": "osm",
          "address.postalcode": "osm",
          "address.city": "osm",
          "hours": "apple",
          "payment.cards": "apple",
          "payment.contactless": "apple"
        },
        "apple_attempted": "2026-05-29",
        "hours": {
          "raw": "Mo-Th 13:30-18:30; Fr 09:00-12:00,13:30-18:30; Sa 08:00-14:00"
        },
        "payment": {
          "cards": "yes",
          "contactless": "yes"
        }
      }
    },
    {
      "type": "Feature",
      "geometry": {
        "type": "Point",
        "coordinates": [
          9.9347066,
          48.2369719
        ]
      },
      "properties": {
        "id": "tk_bwr_osm_w242821015",
        "name": "Getränke-Service Bailer",
        "address": {
          "street": "Rathausplatz",
          "number": "3"
        },
        "sources": [
          {
            "type": "osm",
            "id": "way/242821015",
            "version": 0
          },
          {
            "type": "apple",
            "id": "9293450721793034650"
          }
        ],
        "created": "2026-05-28",
        "updated": "2026-07-06",
        "hours": {
          "raw": "Mo-Tu,Th-Fr 09:00-12:30,14:00-18:00; We,Sa 09:00-12:30"
        },
        "tags": [
          "barrierefrei"
        ],
        "sources_by_field": {
          "name": "osm",
          "address.street": "osm",
          "address.number": "osm",
          "hours": "apple",
          "payment.cards": "apple",
          "payment.contactless": "apple"
        },
        "apple_attempted": "2026-05-29",
        "payment": {
          "cards": "yes",
          "contactless": "yes"
        }
      }
    },
    {
      "type": "Feature",
      "geometry": {
        "type": "Point",
        "coordinates": [
          10.1209423,
          48.8246006
        ]
      },
      "properties": {
        "id": "tk_bwr_osm_w255703666",
        "name": "Jimbo-Tank",
        "address": {
          "street": "Pfromäckerstraße",
          "number": "1",
          "postalcode": "73432",
          "city": "Aalen",
          "district": "Unterkochen"
        },
        "sources": [
          {
            "type": "osm",
            "id": "way/255703666",
            "version": 0
          },
          {
            "type": "apple",
            "id": "14492297685935075259"
          }
        ],
        "created": "2026-05-28",
        "updated": "2026-07-06",
        "hours": {
          "raw": "Mo-Fr 08:00-18:00; Sa 08:00-17:00"
        },
        "sources_by_field": {
          "name": "osm",
          "address.street": "osm",
          "address.number": "osm",
          "address.postalcode": "osm",
          "address.city": "osm",
          "address.district": "osm",
          "hours": "apple"
        },
        "apple_attempted": "2026-05-29",
        "google_attempted": "2026-06-03",
        "payment": {}
      }
    },
    {
      "type": "Feature",
      "geometry": {
        "type": "Point",
        "coordinates": [
          9.7453968,
          49.5077561
        ]
      },
      "properties": {
        "id": "tk_bwr_osm_w256905525",
        "name": "Getränke Blumenstock",
        "address": {
          "street": "Wilhelm-Frank-Straße",
          "number": "32",
          "city": "Bad Mergentheim"
        },
        "sources": [
          {
            "type": "osm",
            "id": "way/256905525",
            "version": 0
          },
          {
            "type": "apple",
            "id": "224849566621484149"
          },
          {
            "type": "gmaps",
            "id": "ChIJk5J7qV9xmEcRLtXxjznjVyw"
          }
        ],
        "created": "2026-05-28",
        "updated": "2026-07-06",
        "sources_by_field": {
          "name": "osm",
          "address.street": "osm",
          "address.number": "osm",
          "address.city": "osm",
          "hours": "google",
          "payment.cards": "google",
          "payment.girocard": "google"
        },
        "apple_attempted": "2026-05-29",
        "google_attempted": "2026-06-03",
        "hours": {
          "raw": "Tu 07:30-16:00; Th 07:30-16:00; Fr 07:30-14:00; We 07:30-16:00; Mo 07:30-16:00"
        },
        "payment": {
          "cards": "yes",
          "girocard": "yes"
        }
      }
    },
    {
      "type": "Feature",
      "geometry": {
        "type": "Point",
        "coordinates": [
          8.1346941,
          48.6960662
        ]
      },
      "properties": {
        "id": "tk_bwr_osm_w258203319",
        "name": "Kiosk am Kirchplatz",
        "address": {
          "street": "Eisenbahnstraße",
          "number": "1a",
          "postalcode": "77815",
          "city": "Bühl"
        },
        "sources": [
          {
            "type": "osm",
            "id": "way/258203319",
            "version": 0
          },
          {
            "type": "apple",
            "id": "15461186295627139273"
          }
        ],
        "created": "2026-05-28",
        "updated": "2026-07-06",
        "hours": {
          "raw": "Mo-Su 00:00-24:00"
        },
        "sources_by_field": {
          "name": "osm",
          "address.street": "osm",
          "address.number": "osm",
          "address.postalcode": "osm",
          "address.city": "osm",
          "hours": "apple",
          "payment.cards": "apple",
          "payment.contactless": "apple"
        },
        "apple_attempted": "2026-05-29",
        "payment": {
          "cards": "yes",
          "contactless": "yes"
        }
      }
    },
    {
      "type": "Feature",
      "geometry": {
        "type": "Point",
        "coordinates": [
          9.1497217,
          47.6755677
        ]
      },
      "properties": {
        "id": "tk_bwr_osm_w27015205",
        "name": "primavino",
        "address": {
          "street": "Carl-Benz-Straße",
          "number": "14",
          "postalcode": "78467",
          "city": "Konstanz",
          "district": "Industriegebiet"
        },
        "sources": [
          {
            "type": "osm",
            "id": "way/27015205",
            "version": 0
          },
          {
            "type": "apple",
            "id": "14422678100446581240"
          },
          {
            "type": "gmaps",
            "id": "ChIJO4z5eIr2mkcR8H6NYYHNCtE"
          }
        ],
        "created": "2026-05-28",
        "updated": "2026-07-06",
        "hours": {
          "raw": "Tu 12:30-13:30; Th 12:30-13:30; Fr 12:30-13:30; We 12:30-13:30; Mo 12:30-13:30; Sa 10:00-15:00"
        },
        "tags": [
          "barrierefrei"
        ],
        "sources_by_field": {
          "name": "osm",
          "address.street": "osm",
          "address.number": "osm",
          "address.postalcode": "osm",
          "address.city": "osm",
          "address.district": "osm",
          "hours": "google",
          "payment.cards": "google",
          "payment.contactless": "google",
          "payment.girocard": "google"
        },
        "apple_attempted": "2026-05-29",
        "google_attempted": "2026-06-03",
        "payment": {
          "cards": "no",
          "contactless": "yes",
          "girocard": "yes"
        }
      }
    },
    {
      "type": "Feature",
      "geometry": {
        "type": "Point",
        "coordinates": [
          9.4739496,
          49.4577298
        ]
      },
      "properties": {
        "id": "tk_bwr_osm_w272988212",
        "name": "Getränke Volk",
        "address": {
          "street": "Hauptstraße",
          "number": "17",
          "postalcode": "74749",
          "city": "Rosenberg"
        },
        "sources": [
          {
            "type": "osm",
            "id": "way/272988212",
            "version": 0
          },
          {
            "type": "apple",
            "id": "15616523137106962423"
          },
          {
            "type": "gmaps",
            "id": "ChIJVaKRwA2fDEERwwCcln7hYPU"
          }
        ],
        "created": "2026-05-28",
        "updated": "2026-07-06",
        "hours": {
          "raw": "Tu 08:00-12:00,14:00-18:00; Th 08:00-12:00,14:00-18:00; Fr 08:00-12:00,14:00-18:00; Mo 08:00-12:00,14:00-18:00; Sa 08:00-12:30"
        },
        "sources_by_field": {
          "name": "osm",
          "address.street": "osm",
          "address.number": "osm",
          "address.postalcode": "osm",
          "address.city": "osm",
          "hours": "google"
        },
        "apple_attempted": "2026-05-29",
        "google_attempted": "2026-06-03",
        "payment": {}
      }
    },
    {
      "type": "Feature",
      "geometry": {
        "type": "Point",
        "coordinates": [
          9.5910734,
          47.7846401
        ]
      },
      "properties": {
        "id": "tk_bwr_osm_w284160431",
        "name": "Weinkellerei Zum Muke",
        "address": {
          "street": "Höll",
          "number": "2",
          "postalcode": "88212",
          "city": "Ravensburg"
        },
        "sources": [
          {
            "type": "osm",
            "id": "way/284160431",
            "version": 0
          },
          {
            "type": "apple",
            "id": "4417402921888877046"
          }
        ],
        "created": "2026-05-28",
        "updated": "2026-07-06",
        "hours": {
          "raw": "Tu,Th-Fr 10:00-12:30,14:30-18:30; Sa 10:00-14:00"
        },
        "sources_by_field": {
          "name": "osm",
          "address.street": "osm",
          "address.number": "osm",
          "address.postalcode": "osm",
          "address.city": "osm",
          "hours": "apple",
          "payment.cards": "apple",
          "payment.contactless": "apple"
        },
        "apple_attempted": "2026-05-29",
        "payment": {
          "cards": "yes",
          "contactless": "yes"
        }
      }
    },
    {
      "type": "Feature",
      "geometry": {
        "type": "Point",
        "coordinates": [
          8.2047647,
          48.7816948
        ]
      },
      "properties": {
        "id": "tk_bwr_osm_w284189095",
        "name": "Bier Wurz",
        "address": {
          "street": "Hubertusstraße",
          "number": "11",
          "postalcode": "76532",
          "city": "Baden-Baden"
        },
        "sources": [
          {
            "type": "osm",
            "id": "way/284189095",
            "version": 0
          },
          {
            "type": "apple",
            "id": "11045370725796380794"
          }
        ],
        "created": "2026-05-28",
        "updated": "2026-07-06",
        "hours": {
          "raw": "Mo-Fr 07:30-18:00; Sa 08:00-13:00"
        },
        "sources_by_field": {
          "name": "osm",
          "address.street": "osm",
          "address.number": "osm",
          "address.postalcode": "osm",
          "address.city": "osm",
          "hours": "apple",
          "payment.cards": "apple",
          "payment.contactless": "apple"
        },
        "apple_attempted": "2026-05-29",
        "payment": {
          "cards": "yes",
          "contactless": "yes"
        }
      }
    },
    {
      "type": "Feature",
      "geometry": {
        "type": "Point",
        "coordinates": [
          9.1089687,
          49.3525909
        ]
      },
      "properties": {
        "id": "tk_bwr_osm_w294762429",
        "name": "Oess & Bulling Getränke Fachgroßhandel",
        "address": {
          "street": "Steige",
          "number": "51",
          "postalcode": "74821",
          "city": "Mosbach",
          "district": "Diedesheim"
        },
        "sources": [
          {
            "type": "osm",
            "id": "way/294762429",
            "version": 0
          },
          {
            "type": "apple",
            "id": "15783854577060561514"
          }
        ],
        "created": "2026-05-28",
        "updated": "2026-07-06",
        "sources_by_field": {
          "name": "osm",
          "address.street": "osm",
          "address.number": "osm",
          "address.postalcode": "osm",
          "address.city": "osm",
          "address.district": "osm",
          "hours": "apple",
          "payment.cards": "apple",
          "payment.contactless": "apple"
        },
        "apple_attempted": "2026-05-29",
        "hours": {
          "raw": "Mo-Sa 08:00-20:00"
        },
        "payment": {
          "cards": "yes",
          "contactless": "yes"
        }
      }
    },
    {
      "type": "Feature",
      "geometry": {
        "type": "Point",
        "coordinates": [
          9.3647929,
          49.58353
        ]
      },
      "properties": {
        "id": "tk_bwr_osm_w304532445",
        "name": "Getränke Löhr",
        "address": {
          "street": "Obere Vorstadtstraße",
          "number": "50",
          "postalcode": "74731",
          "city": "Walldürn"
        },
        "sources": [
          {
            "type": "osm",
            "id": "way/304532445",
            "version": 0
          },
          {
            "type": "apple",
            "id": "6840025228951979109"
          }
        ],
        "created": "2026-05-28",
        "updated": "2026-07-06",
        "tags": [
          "barrierefrei"
        ],
        "sources_by_field": {
          "name": "osm",
          "address.street": "osm",
          "address.number": "osm",
          "address.postalcode": "osm",
          "address.city": "osm",
          "hours": "apple",
          "payment.cards": "apple",
          "payment.contactless": "apple"
        },
        "apple_attempted": "2026-05-29",
        "hours": {
          "raw": "Mo-Fr 08:30-18:00; Sa 08:30-13:30"
        },
        "payment": {
          "cards": "yes",
          "contactless": "yes"
        }
      }
    },
    {
      "type": "Feature",
      "geometry": {
        "type": "Point",
        "coordinates": [
          9.8933042,
          48.7020933
        ]
      },
      "properties": {
        "id": "tk_bwr_osm_w313314438",
        "name": "Auer Fruchtsäfte",
        "address": {},
        "sources": [
          {
            "type": "osm",
            "id": "way/313314438",
            "version": 0
          },
          {
            "type": "apple",
            "id": "15892235035832027580"
          }
        ],
        "created": "2026-05-28",
        "updated": "2026-07-06",
        "sources_by_field": {
          "name": "osm",
          "hours": "apple",
          "payment.cards": "apple",
          "payment.contactless": "apple"
        },
        "apple_attempted": "2026-05-29",
        "hours": {
          "raw": "Mo-Fr 09:00-12:00,14:00-18:00; Sa 09:00-13:00"
        },
        "payment": {
          "cards": "yes",
          "contactless": "yes"
        }
      }
    },
    {
      "type": "Feature",
      "geometry": {
        "type": "Point",
        "coordinates": [
          9.5435762,
          47.5950263
        ]
      },
      "properties": {
        "id": "tk_bwr_osm_w320411620",
        "name": "Kiosk Dolomiti",
        "address": {
          "street": "Obere Seestraße",
          "number": "36",
          "postalcode": "88085",
          "city": "Langenargen"
        },
        "sources": [
          {
            "type": "osm",
            "id": "way/320411620",
            "version": 0
          },
          {
            "type": "apple",
            "id": "18355483024210652198"
          },
          {
            "type": "gmaps",
            "id": "ChIJC2HWdC4Em0cRedE_x6wMGCg"
          }
        ],
        "created": "2026-05-28",
        "updated": "2026-05-28",
        "tags": [
          "barrierefrei"
        ],
        "sources_by_field": {
          "name": "osm",
          "address.street": "osm",
          "address.number": "osm",
          "address.postalcode": "osm",
          "address.city": "osm"
        },
        "apple_attempted": "2026-05-29",
        "google_attempted": "2026-06-03"
      }
    },
    {
      "type": "Feature",
      "geometry": {
        "type": "Point",
        "coordinates": [
          8.6661333,
          48.340058
        ]
      },
      "properties": {
        "id": "tk_bwr_osm_w356798227",
        "name": "Getränke Schmid",
        "address": {
          "street": "Dieselstraße",
          "number": "7",
          "postalcode": "72189",
          "city": "Vöhringen"
        },
        "sources": [
          {
            "type": "osm",
            "id": "way/356798227",
            "version": 0
          },
          {
            "type": "apple",
            "id": "15094746809906105901"
          }
        ],
        "created": "2026-05-28",
        "updated": "2026-07-06",
        "hours": {
          "raw": "Mo 13:00-19:00; Tu-Fr 10:00-19:00; Sa 09:00-16:00"
        },
        "sources_by_field": {
          "name": "osm",
          "address.street": "osm",
          "address.number": "osm",
          "address.postalcode": "osm",
          "address.city": "osm",
          "hours": "apple",
          "payment.cards": "apple",
          "payment.contactless": "apple"
        },
        "apple_attempted": "2026-05-29",
        "payment": {
          "cards": "yes",
          "contactless": "yes"
        }
      }
    },
    {
      "type": "Feature",
      "geometry": {
        "type": "Point",
        "coordinates": [
          7.82025,
          48.4990421
        ]
      },
      "properties": {
        "id": "tk_bwr_osm_w372369580",
        "name": "Getränke Kopf",
        "address": {
          "street": "Waseneckstraße",
          "number": "9",
          "postalcode": "77694",
          "city": "Kehl"
        },
        "sources": [
          {
            "type": "osm",
            "id": "way/372369580",
            "version": 0
          },
          {
            "type": "apple",
            "id": "16763287405842260904"
          }
        ],
        "created": "2026-05-28",
        "updated": "2026-07-06",
        "hours": {
          "raw": "Mo-Fr 08:30-18:30; Sa 08:30-15:00"
        },
        "sources_by_field": {
          "name": "osm",
          "address.street": "osm",
          "address.number": "osm",
          "address.postalcode": "osm",
          "address.city": "osm",
          "hours": "apple",
          "payment.cards": "apple",
          "payment.contactless": "apple"
        },
        "apple_attempted": "2026-05-29",
        "payment": {
          "cards": "yes",
          "contactless": "yes"
        }
      }
    },
    {
      "type": "Feature",
      "geometry": {
        "type": "Point",
        "coordinates": [
          8.0102071,
          48.4048897
        ]
      },
      "properties": {
        "id": "tk_bwr_osm_w380194190",
        "name": "Nikolai's Schwarzwaldbahn-Stüble",
        "address": {
          "street": "Bahnhofstraße",
          "number": "5",
          "postalcode": "77723",
          "city": "Gengenbach"
        },
        "sources": [
          {
            "type": "osm",
            "id": "way/380194190",
            "version": 0
          },
          {
            "type": "apple",
            "id": "2359708019742708929"
          },
          {
            "type": "gmaps",
            "id": "ChIJ5Skld_4qkUcRF9WhZglHRyo"
          }
        ],
        "created": "2026-05-28",
        "updated": "2026-07-06",
        "tags": [
          "draussen"
        ],
        "sources_by_field": {
          "name": "osm",
          "address.street": "osm",
          "address.number": "osm",
          "address.postalcode": "osm",
          "address.city": "osm",
          "hours": "google"
        },
        "apple_attempted": "2026-05-29",
        "google_attempted": "2026-06-03",
        "hours": {
          "raw": "Tu 10:00-21:00; Fr 10:00-21:00; We 10:00-21:00; Mo 10:00-21:00; Sa 11:00-22:00; Su 10:00-21:00"
        },
        "payment": {}
      }
    },
    {
      "type": "Feature",
      "geometry": {
        "type": "Point",
        "coordinates": [
          9.5972719,
          47.6043354
        ]
      },
      "properties": {
        "id": "tk_bwr_osm_w40697217",
        "name": "Steinhauser GmbH - Alte Bodensee Hausbrennerei & Weinkellerei",
        "address": {
          "street": "Raiffeisenstraße",
          "number": "23",
          "postalcode": "88079",
          "city": "Kressbronn am Bodensee"
        },
        "sources": [
          {
            "type": "osm",
            "id": "way/40697217",
            "version": 0
          },
          {
            "type": "apple",
            "id": "6559716217318560230"
          }
        ],
        "created": "2026-05-28",
        "updated": "2026-07-06",
        "sources_by_field": {
          "name": "osm",
          "address.street": "osm",
          "address.number": "osm",
          "address.postalcode": "osm",
          "address.city": "osm",
          "hours": "apple",
          "payment.cards": "apple",
          "payment.contactless": "apple"
        },
        "apple_attempted": "2026-05-29",
        "hours": {
          "raw": "Mo-Fr 08:00-12:00,14:00-18:00; Sa 08:30-12:30"
        },
        "payment": {
          "cards": "yes",
          "contactless": "yes"
        }
      }
    },
    {
      "type": "Feature",
      "geometry": {
        "type": "Point",
        "coordinates": [
          7.9229194,
          48.6740815
        ]
      },
      "properties": {
        "id": "tk_bwr_osm_w59228643",
        "name": "Getränke Hetz",
        "address": {
          "street": "Im Kirchkopf",
          "number": "1",
          "postalcode": "77866",
          "city": "Rheinau",
          "district": "Freistett"
        },
        "sources": [
          {
            "type": "osm",
            "id": "way/59228643",
            "version": 0
          },
          {
            "type": "apple",
            "id": "10884330221160024298"
          }
        ],
        "created": "2026-05-28",
        "updated": "2026-07-06",
        "hours": {
          "raw": "Mo-Sa 08:00-20:00"
        },
        "sources_by_field": {
          "name": "osm",
          "address.street": "osm",
          "address.number": "osm",
          "address.postalcode": "osm",
          "address.city": "osm",
          "address.district": "osm",
          "hours": "apple",
          "payment.cards": "apple",
          "payment.contactless": "apple"
        },
        "apple_attempted": "2026-05-29",
        "payment": {
          "cards": "yes",
          "contactless": "yes"
        }
      }
    },
    {
      "type": "Feature",
      "geometry": {
        "type": "Point",
        "coordinates": [
          7.919526,
          48.5355626
        ]
      },
      "properties": {
        "id": "tk_bwr_osm_w90839238",
        "name": "Tankhof Grün",
        "address": {
          "street": "Obere Landstraße",
          "number": "13-15",
          "postalcode": "77731",
          "city": "Willstätt",
          "district": "Sand"
        },
        "sources": [
          {
            "type": "osm",
            "id": "way/90839238",
            "version": 0
          },
          {
            "type": "apple",
            "id": "7756031620191620058"
          }
        ],
        "created": "2026-05-28",
        "updated": "2026-07-06",
        "hours": {
          "raw": "Su 08:00-22:00; Mo-Fr 06:00-22:00; Sa 07:30-22:00"
        },
        "tags": [
          "barrierefrei"
        ],
        "sources_by_field": {
          "name": "osm",
          "address.street": "osm",
          "address.number": "osm",
          "address.postalcode": "osm",
          "address.city": "osm",
          "address.district": "osm",
          "hours": "apple",
          "payment.cards": "apple",
          "payment.contactless": "apple"
        },
        "apple_attempted": "2026-05-29",
        "payment": {
          "cards": "yes",
          "contactless": "yes"
        }
      }
    },
    {
      "type": "Feature",
      "geometry": {
        "type": "Point",
        "coordinates": [
          8.6298554,
          48.071735
        ]
      },
      "properties": {
        "id": "tk_bwr_osm_w927307703",
        "name": "Weinkauff GEFAKO",
        "address": {
          "street": "Christian-Messner-Straße",
          "number": "13",
          "postalcode": "78647",
          "city": "Trossingen"
        },
        "sources": [
          {
            "type": "osm",
            "id": "way/927307703",
            "version": 0
          },
          {
            "type": "apple",
            "id": "16853209367194509379"
          }
        ],
        "created": "2026-05-28",
        "updated": "2026-07-06",
        "hours": {
          "raw": "Mo-Fr 08:30-19:00; Sa 08:00-16:00; Su,PH off"
        },
        "payment": {
          "cash": "yes",
          "cards": "unknown",
          "contactless": "unknown",
          "girocard": "yes"
        },
        "tags": [
          "barrierefrei"
        ],
        "sources_by_field": {
          "name": "osm",
          "address.street": "osm",
          "address.number": "osm",
          "address.postalcode": "osm",
          "address.city": "osm",
          "hours": "osm",
          "payment.cash": "osm",
          "payment.cards": "osm",
          "payment.contactless": "osm",
          "payment.girocard": "osm"
        }
      }
    },
    {
      "type": "Feature",
      "geometry": {
        "type": "Point",
        "coordinates": [
          9.3117254,
          49.1910126
        ]
      },
      "properties": {
        "id": "tk_bwr_osm_w93526219",
        "name": "Eberstädter Mineralbrunnen",
        "address": {
          "street": "Buchhorner Landstraße",
          "number": "20",
          "postalcode": "74246",
          "city": "Eberstadt"
        },
        "sources": [
          {
            "type": "osm",
            "id": "way/93526219",
            "version": 0
          },
          {
            "type": "apple",
            "id": "2275603526443033812"
          },
          {
            "type": "gmaps",
            "id": "ChIJfQwZhSklmEcROan1bS7bzqQ"
          }
        ],
        "created": "2026-05-28",
        "updated": "2026-07-06",
        "tags": [
          "barrierefrei"
        ],
        "sources_by_field": {
          "name": "osm",
          "address.street": "osm",
          "address.number": "osm",
          "address.postalcode": "osm",
          "address.city": "osm",
          "hours": "google"
        },
        "apple_attempted": "2026-05-29",
        "google_attempted": "2026-06-03",
        "hours": {
          "raw": "Tu 08:00-12:30,14:00-18:00; Th 08:00-12:30,14:00-18:00; Fr 08:00-12:30,14:00-18:00; We 08:00-12:30,14:00-18:00; Mo 08:00-12:30,14:00-18:00; Sa 08:00-14:00"
        },
        "payment": {}
      }
    },
    {
      "type": "Feature",
      "geometry": {
        "type": "Point",
        "coordinates": [
          9.7046102,
          47.6573789
        ]
      },
      "properties": {
        "id": "tk_bwr_osm_n10107621537",
        "name": "Lotto",
        "address": {},
        "sources": [
          {
            "type": "osm",
            "id": "node/10107621537",
            "version": 0
          }
        ],
        "created": "2026-05-28",
        "updated": "2026-07-06",
        "hours": {
          "raw": "Mo-Tu,Th-Fr 08:30-12:00,14:30-18:00; We 08:30-13:00; PH closed; Mo 06:00-20:00"
        },
        "sources_by_field": {
          "name": "osm",
          "hours": "osm"
        },
        "apple_id_attempted": "2026-05-29",
        "google_attempted": "2026-05-29",
        "payment": {}
      }
    },
    {
      "type": "Feature",
      "geometry": {
        "type": "Point",
        "coordinates": [
          7.9769755,
          48.5420858
        ]
      },
      "properties": {
        "id": "tk_bwr_osm_n10278297810",
        "name": "Durst in Hesselhurst",
        "address": {},
        "sources": [
          {
            "type": "osm",
            "id": "node/10278297810",
            "version": 0
          }
        ],
        "created": "2026-05-28",
        "updated": "2026-07-06",
        "hours": {
          "raw": "Mo-Fr 09:20-15:55"
        },
        "sources_by_field": {
          "name": "osm",
          "hours": "osm"
        },
        "apple_id_attempted": "2026-05-29",
        "google_attempted": "2026-05-29",
        "payment": {}
      }
    },
    {
      "type": "Feature",
      "geometry": {
        "type": "Point",
        "coordinates": [
          9.5785331,
          47.9554375
        ]
      },
      "properties": {
        "id": "tk_bwr_osm_n1030662943",
        "name": "Getränke Geng",
        "address": {},
        "sources": [
          {
            "type": "osm",
            "id": "node/1030662943",
            "version": 0
          }
        ],
        "created": "2026-05-28",
        "updated": "2026-07-06",
        "sources_by_field": {
          "name": "osm"
        },
        "apple_id_attempted": "2026-05-29",
        "google_attempted": "2026-05-29",
        "payment": {}
      }
    },
    {
      "type": "Feature",
      "geometry": {
        "type": "Point",
        "coordinates": [
          8.3597708,
          48.675591
        ]
      },
      "properties": {
        "id": "tk_bwr_osm_n10309636590",
        "name": "Getränke Blessing",
        "address": {
          "street": "Eckstraße",
          "number": "3",
          "postalcode": "76596",
          "city": "Forbach"
        },
        "sources": [
          {
            "type": "osm",
            "id": "node/10309636590",
            "version": 0
          }
        ],
        "created": "2026-05-28",
        "updated": "2026-07-06",
        "hours": {
          "raw": "Mo-Fr 08:00-12:30, 14:00-18:30; Sa 08:00-13:00"
        },
        "sources_by_field": {
          "name": "osm",
          "address.street": "osm",
          "address.number": "osm",
          "address.postalcode": "osm",
          "address.city": "osm",
          "hours": "osm"
        },
        "apple_id_attempted": "2026-05-29",
        "google_attempted": "2026-05-29",
        "payment": {}
      }
    },
    {
      "type": "Feature",
      "geometry": {
        "type": "Point",
        "coordinates": [
          9.2965554,
          47.756464
        ]
      },
      "properties": {
        "id": "tk_bwr_osm_n11012530986",
        "name": "Dekodray GmbH",
        "address": {},
        "sources": [
          {
            "type": "osm",
            "id": "node/11012530986",
            "version": 0
          }
        ],
        "created": "2026-05-28",
        "updated": "2026-07-06",
        "hours": {
          "raw": "Mo-Fr 08:00-18:00; Sa 08:00-15:00; Su off"
        },
        "sources_by_field": {
          "name": "osm",
          "hours": "osm"
        },
        "apple_id_attempted": "2026-05-29",
        "google_attempted": "2026-05-29",
        "payment": {}
      }
    },
    {
      "type": "Feature",
      "geometry": {
        "type": "Point",
        "coordinates": [
          8.921755,
          48.0194349
        ]
      },
      "properties": {
        "id": "tk_bwr_osm_n1139494405",
        "name": "Netto Getränke-Discount",
        "address": {
          "street": "Michael-Dießle-Straße",
          "number": "32",
          "postalcode": "78567",
          "city": "Fridingen an der Donau"
        },
        "sources": [
          {
            "type": "osm",
            "id": "node/1139494405",
            "version": 0
          }
        ],
        "created": "2026-05-28",
        "updated": "2026-06-15",
        "hours": {
          "raw": "Mo-Sa 07:00-21:00"
        },
        "sources_by_field": {
          "name": "osm",
          "address.street": "osm",
          "address.number": "osm",
          "address.postalcode": "osm",
          "address.city": "osm",
          "hours": "osm"
        },
        "apple_id_attempted": "2026-05-29",
        "google_attempted": "2026-05-29",
        "payment": {},
        "osm_removed": true
      }
    },
    {
      "type": "Feature",
      "geometry": {
        "type": "Point",
        "coordinates": [
          8.5476134,
          49.242413
        ]
      },
      "properties": {
        "id": "tk_bwr_osm_n11510778305",
        "name": "Lotto",
        "address": {},
        "sources": [
          {
            "type": "osm",
            "id": "node/11510778305",
            "version": 0
          }
        ],
        "created": "2026-05-28",
        "updated": "2026-07-06",
        "hours": {
          "raw": "Mo-Sa 09:00-12:30, Mo,Tu,Th,Fr 14:00-18:00"
        },
        "sources_by_field": {
          "name": "osm",
          "hours": "osm"
        },
        "apple_id_attempted": "2026-05-29",
        "google_attempted": "2026-05-29",
        "payment": {}
      }
    },
    {
      "type": "Feature",
      "geometry": {
        "type": "Point",
        "coordinates": [
          8.2915382,
          48.5333443
        ]
      },
      "properties": {
        "id": "tk_bwr_osm_n1168825142",
        "name": "Getränke Giesel",
        "address": {},
        "sources": [
          {
            "type": "osm",
            "id": "node/1168825142",
            "version": 0
          }
        ],
        "created": "2026-05-28",
        "updated": "2026-07-06",
        "hours": {
          "raw": "Mo-Fr 14:00-19:00"
        },
        "tags": [
          "barrierefrei"
        ],
        "sources_by_field": {
          "name": "osm",
          "hours": "osm"
        },
        "apple_id_attempted": "2026-05-29",
        "google_attempted": "2026-05-29",
        "payment": {}
      }
    },
    {
      "type": "Feature",
      "geometry": {
        "type": "Point",
        "coordinates": [
          9.89171,
          48.2379572
        ]
      },
      "properties": {
        "id": "tk_bwr_osm_n11892028069",
        "name": "Finkbeiner Getränke-Fachmarkt",
        "address": {
          "number": "5",
          "postalcode": "88471"
        },
        "sources": [
          {
            "type": "osm",
            "id": "node/11892028069",
            "version": 0
          }
        ],
        "created": "2026-05-28",
        "updated": "2026-07-06",
        "hours": {
          "raw": "Mo-Fr 08:30-13:00, 14:00-19:00;\nSa 08:00-14:00"
        },
        "sources_by_field": {
          "name": "osm",
          "address.number": "osm",
          "address.postalcode": "osm",
          "hours": "osm"
        },
        "apple_id_attempted": "2026-05-29",
        "google_attempted": "2026-05-29",
        "payment": {}
      }
    },
    {
      "type": "Feature",
      "geometry": {
        "type": "Point",
        "coordinates": [
          8.8417565,
          49.1716965
        ]
      },
      "properties": {
        "id": "tk_bwr_osm_n1200018316",
        "name": "Hofgut Benz",
        "address": {},
        "sources": [
          {
            "type": "osm",
            "id": "node/1200018316",
            "version": 0
          }
        ],
        "created": "2026-05-28",
        "updated": "2026-07-06",
        "tags": [
          "barrierefrei"
        ],
        "sources_by_field": {
          "name": "osm"
        },
        "apple_id_attempted": "2026-05-29",
        "google_attempted": "2026-05-29",
        "payment": {}
      }
    },
    {
      "type": "Feature",
      "geometry": {
        "type": "Point",
        "coordinates": [
          8.0880312,
          48.7784814
        ]
      },
      "properties": {
        "id": "tk_bwr_osm_n1207448370",
        "name": "Box",
        "address": {
          "street": "Halifax Avenue B",
          "number": "420",
          "postalcode": "77836",
          "city": "Rheinmünster"
        },
        "sources": [
          {
            "type": "osm",
            "id": "node/1207448370",
            "version": 0
          }
        ],
        "created": "2026-05-28",
        "updated": "2026-07-06",
        "payment": {
          "cash": "unknown",
          "cards": "yes",
          "contactless": "unknown",
          "girocard": "unknown"
        },
        "tags": [
          "barrierefrei"
        ],
        "sources_by_field": {
          "name": "osm",
          "address.street": "osm",
          "address.number": "osm",
          "address.postalcode": "osm",
          "address.city": "osm",
          "payment.cash": "osm",
          "payment.cards": "osm",
          "payment.contactless": "osm",
          "payment.girocard": "osm"
        },
        "apple_id_attempted": "2026-05-29",
        "google_attempted": "2026-05-29"
      }
    },
    {
      "type": "Feature",
      "geometry": {
        "type": "Point",
        "coordinates": [
          9.2758957,
          47.6913828
        ]
      },
      "properties": {
        "id": "tk_bwr_osm_n12115836019",
        "name": "Minigolf Meersburg",
        "address": {},
        "sources": [
          {
            "type": "osm",
            "id": "node/12115836019",
            "version": 0
          }
        ],
        "created": "2026-05-28",
        "updated": "2026-07-06",
        "hours": {
          "raw": "Mo-Su,PH 10:00-22:00"
        },
        "payment": {
          "cash": "yes",
          "cards": "no",
          "contactless": "unknown",
          "girocard": "unknown"
        },
        "tags": [
          "wc"
        ],
        "kind": "vending_machine",
        "sources_by_field": {
          "name": "osm",
          "hours": "osm",
          "payment.cash": "osm",
          "payment.cards": "osm",
          "payment.contactless": "osm",
          "payment.girocard": "osm"
        }
      }
    },
    {
      "type": "Feature",
      "geometry": {
        "type": "Point",
        "coordinates": [
          9.439913,
          49.5208185
        ]
      },
      "properties": {
        "id": "tk_bwr_osm_n12292531480",
        "name": "Getränke Lauer",
        "address": {},
        "sources": [
          {
            "type": "osm",
            "id": "node/12292531480",
            "version": 0
          }
        ],
        "created": "2026-05-28",
        "updated": "2026-07-06",
        "sources_by_field": {
          "name": "osm"
        },
        "apple_id_attempted": "2026-05-29",
        "google_attempted": "2026-05-29",
        "payment": {}
      }
    },
    {
      "type": "Feature",
      "geometry": {
        "type": "Point",
        "coordinates": [
          7.9344209,
          48.4743528
        ]
      },
      "properties": {
        "id": "tk_bwr_osm_n12318977254",
        "name": "Getränke Graf",
        "address": {
          "street": "Freiburger Straße",
          "number": "24",
          "postalcode": "77652",
          "city": "Offenburg"
        },
        "sources": [
          {
            "type": "osm",
            "id": "node/12318977254",
            "version": 0
          }
        ],
        "created": "2026-05-28",
        "updated": "2026-07-06",
        "hours": {
          "raw": "Mo-Fr 08:00-19:00; Sa 08:00-16:00"
        },
        "payment": {
          "cash": "yes",
          "cards": "unknown",
          "contactless": "unknown",
          "girocard": "unknown"
        },
        "sources_by_field": {
          "name": "osm",
          "address.street": "osm",
          "address.number": "osm",
          "address.postalcode": "osm",
          "address.city": "osm",
          "hours": "osm",
          "payment.cash": "osm",
          "payment.cards": "osm",
          "payment.contactless": "osm",
          "payment.girocard": "osm"
        },
        "apple_id_attempted": "2026-05-29"
      }
    },
    {
      "type": "Feature",
      "geometry": {
        "type": "Point",
        "coordinates": [
          9.4914232,
          47.6700598
        ]
      },
      "properties": {
        "id": "tk_bwr_osm_n12323678890",
        "name": "Getränkewelt",
        "address": {},
        "sources": [
          {
            "type": "osm",
            "id": "node/12323678890",
            "version": 0
          }
        ],
        "created": "2026-05-28",
        "updated": "2026-06-15",
        "hours": {
          "raw": "Mo-Sa 08:00-22:00; Su,PH off"
        },
        "payment": {
          "cash": "unknown",
          "cards": "yes",
          "contactless": "unknown",
          "girocard": "unknown"
        },
        "tags": [
          "barrierefrei"
        ],
        "sources_by_field": {
          "name": "osm",
          "hours": "osm",
          "payment.cash": "osm",
          "payment.cards": "osm",
          "payment.contactless": "osm",
          "payment.girocard": "osm"
        },
        "apple_id_attempted": "2026-05-29",
        "osm_removed": true
      }
    },
    {
      "type": "Feature",
      "geometry": {
        "type": "Point",
        "coordinates": [
          9.3965233,
          47.7192656
        ]
      },
      "properties": {
        "id": "tk_bwr_osm_n12552167126",
        "name": "Esso",
        "address": {
          "street": "Ravensburger Straße",
          "number": "37",
          "postalcode": "88677",
          "city": "Markdorf"
        },
        "sources": [
          {
            "type": "osm",
            "id": "node/12552167126",
            "version": 0
          }
        ],
        "created": "2026-05-28",
        "updated": "2026-07-06",
        "hours": {
          "raw": "Mo-Sa 06:00-22:00; Su 07:00-21:00"
        },
        "tags": [
          "barrierefrei",
          "wc"
        ],
        "sources_by_field": {
          "name": "osm",
          "address.street": "osm",
          "address.number": "osm",
          "address.postalcode": "osm",
          "address.city": "osm",
          "hours": "osm"
        },
        "apple_id_attempted": "2026-05-29",
        "google_attempted": "2026-05-29",
        "payment": {}
      }
    },
    {
      "type": "Feature",
      "geometry": {
        "type": "Point",
        "coordinates": [
          9.1902903,
          47.776205
        ]
      },
      "properties": {
        "id": "tk_bwr_osm_n12554445724",
        "name": "Toto-Lotto-Zeitschriften",
        "address": {},
        "sources": [
          {
            "type": "osm",
            "id": "node/12554445724",
            "version": 0
          }
        ],
        "created": "2026-05-28",
        "updated": "2026-07-06",
        "payment": {
          "cash": "unknown",
          "cards": "yes",
          "contactless": "unknown",
          "girocard": "unknown"
        },
        "tags": [
          "barrierefrei"
        ],
        "sources_by_field": {
          "name": "osm",
          "payment.cash": "osm",
          "payment.cards": "osm",
          "payment.contactless": "osm",
          "payment.girocard": "osm"
        },
        "apple_id_attempted": "2026-05-29",
        "google_attempted": "2026-05-29"
      }
    },
    {
      "type": "Feature",
      "geometry": {
        "type": "Point",
        "coordinates": [
          9.5942938,
          48.0608555
        ]
      },
      "properties": {
        "id": "tk_bwr_osm_n12641775313",
        "name": "Netto Getränke-Discount",
        "address": {},
        "sources": [
          {
            "type": "osm",
            "id": "node/12641775313",
            "version": 0
          }
        ],
        "created": "2026-05-28",
        "updated": "2026-06-15",
        "hours": {
          "raw": "Mo-Sa 07:00-21:00; Su, PH off"
        },
        "sources_by_field": {
          "name": "osm",
          "hours": "osm"
        },
        "apple_id_attempted": "2026-05-29",
        "google_attempted": "2026-05-29",
        "payment": {},
        "osm_removed": true
      }
    },
    {
      "type": "Feature",
      "geometry": {
        "type": "Point",
        "coordinates": [
          8.7709981,
          48.4047381
        ]
      },
      "properties": {
        "id": "tk_bwr_osm_n12747441689",
        "name": "Fabrikverkauf der Imnauer Mineralquellen",
        "address": {
          "street": "Quellenstraße",
          "number": "35",
          "postalcode": "72401",
          "city": "Bad Imnau"
        },
        "sources": [
          {
            "type": "osm",
            "id": "node/12747441689",
            "version": 0
          }
        ],
        "created": "2026-05-28",
        "updated": "2026-07-06",
        "hours": {
          "raw": "Mo-Tu 13:30-18:00; Th-Fr 13:30-18:00; Sa 09:00-12:00"
        },
        "payment": {
          "cash": "yes",
          "cards": "unknown",
          "contactless": "unknown",
          "girocard": "unknown"
        },
        "sources_by_field": {
          "name": "osm",
          "address.street": "osm",
          "address.number": "osm",
          "address.postalcode": "osm",
          "address.city": "osm",
          "hours": "osm",
          "payment.cash": "osm",
          "payment.cards": "osm",
          "payment.contactless": "osm",
          "payment.girocard": "osm"
        },
        "apple_id_attempted": "2026-05-29"
      }
    },
    {
      "type": "Feature",
      "geometry": {
        "type": "Point",
        "coordinates": [
          8.893538,
          47.7616403
        ]
      },
      "properties": {
        "id": "tk_bwr_osm_n1286296011",
        "name": "EKZ",
        "address": {},
        "sources": [
          {
            "type": "osm",
            "id": "node/1286296011",
            "version": 0
          }
        ],
        "created": "2026-05-28",
        "updated": "2026-07-06",
        "tags": [
          "barrierefrei"
        ],
        "sources_by_field": {
          "name": "osm"
        },
        "apple_id_attempted": "2026-05-29",
        "google_attempted": "2026-05-29",
        "payment": {}
      }
    },
    {
      "type": "Feature",
      "geometry": {
        "type": "Point",
        "coordinates": [
          8.1092359,
          48.724544
        ]
      },
      "properties": {
        "id": "tk_bwr_osm_n12863076902",
        "name": "Box",
        "address": {
          "street": "Vimbucher Straße",
          "number": "75",
          "postalcode": "77815",
          "city": "Bühl"
        },
        "sources": [
          {
            "type": "osm",
            "id": "node/12863076902",
            "version": 0
          }
        ],
        "created": "2026-05-28",
        "updated": "2026-07-06",
        "hours": {
          "raw": "Mo-Sa 10:00-18:00; Su,PH off"
        },
        "sources_by_field": {
          "name": "osm",
          "address.street": "osm",
          "address.number": "osm",
          "address.postalcode": "osm",
          "address.city": "osm",
          "hours": "osm"
        },
        "apple_id_attempted": "2026-05-29",
        "google_attempted": "2026-05-29",
        "payment": {}
      }
    },
    {
      "type": "Feature",
      "geometry": {
        "type": "Point",
        "coordinates": [
          9.7252642,
          48.1794123
        ]
      },
      "properties": {
        "id": "tk_bwr_osm_n12875609971",
        "name": "Adlerbrauerei Moosbeuren",
        "address": {
          "street": "Biberacher Straße",
          "number": "17",
          "postalcode": "89613",
          "city": "Oberstadion"
        },
        "sources": [
          {
            "type": "osm",
            "id": "node/12875609971",
            "version": 0
          }
        ],
        "created": "2026-05-28",
        "updated": "2026-07-06",
        "hours": {
          "raw": "Mo-Su 09:00-21:00"
        },
        "payment": {
          "cash": "yes",
          "cards": "unknown",
          "contactless": "unknown",
          "girocard": "unknown"
        },
        "sources_by_field": {
          "name": "osm",
          "address.street": "osm",
          "address.number": "osm",
          "address.postalcode": "osm",
          "address.city": "osm",
          "hours": "osm",
          "payment.cash": "osm",
          "payment.cards": "osm",
          "payment.contactless": "osm",
          "payment.girocard": "osm"
        },
        "apple_id_attempted": "2026-05-29"
      }
    },
    {
      "type": "Feature",
      "geometry": {
        "type": "Point",
        "coordinates": [
          9.7969311,
          49.467826
        ]
      },
      "properties": {
        "id": "tk_bwr_osm_n13006666253",
        "name": "Kiosk",
        "address": {},
        "sources": [
          {
            "type": "osm",
            "id": "node/13006666253",
            "version": 0
          }
        ],
        "created": "2026-05-28",
        "updated": "2026-07-06",
        "payment": {
          "cash": "yes",
          "cards": "yes",
          "contactless": "unknown",
          "girocard": "unknown"
        },
        "sources_by_field": {
          "name": "osm",
          "payment.cash": "osm",
          "payment.cards": "osm",
          "payment.contactless": "osm",
          "payment.girocard": "osm"
        },
        "apple_id_attempted": "2026-05-29",
        "google_attempted": "2026-05-29"
      }
    },
    {
      "type": "Feature",
      "geometry": {
        "type": "Point",
        "coordinates": [
          9.8596741,
          49.1705243
        ]
      },
      "properties": {
        "id": "tk_bwr_osm_n13076750501",
        "name": "TotalEnergies",
        "address": {
          "street": "Süßwiesenstraße",
          "number": "2",
          "postalcode": "74549",
          "city": "Wolpertshausen"
        },
        "sources": [
          {
            "type": "osm",
            "id": "node/13076750501",
            "version": 0
          }
        ],
        "created": "2026-05-28",
        "updated": "2026-07-06",
        "hours": {
          "raw": "24/7"
        },
        "payment": {
          "cash": "yes",
          "cards": "unknown",
          "contactless": "yes",
          "girocard": "yes"
        },
        "sources_by_field": {
          "name": "osm",
          "address.street": "osm",
          "address.number": "osm",
          "address.postalcode": "osm",
          "address.city": "osm",
          "hours": "osm",
          "payment.cash": "osm",
          "payment.cards": "osm",
          "payment.contactless": "osm",
          "payment.girocard": "osm"
        },
        "apple_id_attempted": "2026-05-29",
        "google_attempted": "2026-05-29"
      }
    },
    {
      "type": "Feature",
      "geometry": {
        "type": "Point",
        "coordinates": [
          8.6894727,
          48.6884761
        ]
      },
      "properties": {
        "id": "tk_bwr_osm_n13272496441",
        "name": "Rentschler",
        "address": {},
        "sources": [
          {
            "type": "osm",
            "id": "node/13272496441",
            "version": 0
          }
        ],
        "created": "2026-05-28",
        "updated": "2026-07-06",
        "sources_by_field": {
          "name": "osm"
        },
        "apple_id_attempted": "2026-05-29",
        "google_attempted": "2026-05-29",
        "payment": {}
      }
    },
    {
      "type": "Feature",
      "geometry": {
        "type": "Point",
        "coordinates": [
          9.1743928,
          47.7719123
        ]
      },
      "properties": {
        "id": "tk_bwr_osm_n1330476469",
        "name": "Puccia",
        "address": {},
        "sources": [
          {
            "type": "osm",
            "id": "node/1330476469",
            "version": 0
          }
        ],
        "created": "2026-05-28",
        "updated": "2026-07-06",
        "sources_by_field": {
          "name": "osm"
        },
        "apple_id_attempted": "2026-05-29",
        "google_attempted": "2026-05-29",
        "payment": {}
      }
    },
    {
      "type": "Feature",
      "geometry": {
        "type": "Point",
        "coordinates": [
          9.8017731,
          48.1276844
        ]
      },
      "properties": {
        "id": "tk_bwr_osm_n13320165977",
        "name": "k kiosk",
        "address": {},
        "sources": [
          {
            "type": "osm",
            "id": "node/13320165977",
            "version": 0
          }
        ],
        "created": "2026-05-28",
        "updated": "2026-07-06",
        "sources_by_field": {
          "name": "osm"
        },
        "apple_id_attempted": "2026-05-29",
        "google_attempted": "2026-05-29",
        "payment": {}
      }
    },
    {
      "type": "Feature",
      "geometry": {
        "type": "Point",
        "coordinates": [
          8.7489952,
          48.1509004
        ]
      },
      "properties": {
        "id": "tk_bwr_osm_n13392757438",
        "name": "Getränke Ecke",
        "address": {},
        "sources": [
          {
            "type": "osm",
            "id": "node/13392757438",
            "version": 0
          }
        ],
        "created": "2026-05-28",
        "updated": "2026-07-06",
        "payment": {
          "cash": "yes",
          "cards": "unknown",
          "contactless": "unknown",
          "girocard": "unknown"
        },
        "kind": "vending_machine",
        "sources_by_field": {
          "name": "osm",
          "payment.cash": "osm",
          "payment.cards": "osm",
          "payment.contactless": "osm",
          "payment.girocard": "osm"
        }
      }
    },
    {
      "type": "Feature",
      "geometry": {
        "type": "Point",
        "coordinates": [
          9.250755,
          48.0182954
        ]
      },
      "properties": {
        "id": "tk_bwr_osm_n1343106661",
        "name": "Tabak- und Lotto-Ecke",
        "address": {},
        "sources": [
          {
            "type": "osm",
            "id": "node/1343106661",
            "version": 0
          }
        ],
        "created": "2026-05-28",
        "updated": "2026-07-06",
        "tags": [
          "barrierefrei"
        ],
        "sources_by_field": {
          "name": "osm"
        },
        "apple_id_attempted": "2026-05-29",
        "google_attempted": "2026-05-29",
        "payment": {}
      }
    },
    {
      "type": "Feature",
      "geometry": {
        "type": "Point",
        "coordinates": [
          8.2118249,
          48.9284985
        ]
      },
      "properties": {
        "id": "tk_bwr_osm_n1347647603",
        "name": "Zeitung-Zigaretten",
        "address": {},
        "sources": [
          {
            "type": "osm",
            "id": "node/1347647603",
            "version": 0
          }
        ],
        "created": "2026-05-28",
        "updated": "2026-07-06",
        "sources_by_field": {
          "name": "osm"
        },
        "apple_id_attempted": "2026-05-29",
        "google_attempted": "2026-05-29",
        "payment": {}
      }
    },
    {
      "type": "Feature",
      "geometry": {
        "type": "Point",
        "coordinates": [
          10.1234724,
          48.6791532
        ]
      },
      "properties": {
        "id": "tk_bwr_osm_n1368663057",
        "name": "Finkbeiner",
        "address": {
          "street": "Steinheimer Straße",
          "number": "11",
          "postalcode": "89518",
          "city": "Heidenheim an der Brenz"
        },
        "sources": [
          {
            "type": "osm",
            "id": "node/1368663057",
            "version": 0
          }
        ],
        "created": "2026-05-28",
        "updated": "2026-06-15",
        "sources_by_field": {
          "name": "osm",
          "address.street": "osm",
          "address.number": "osm",
          "address.postalcode": "osm",
          "address.city": "osm"
        },
        "apple_id_attempted": "2026-05-29",
        "google_attempted": "2026-05-29",
        "payment": {},
        "osm_removed": true
      }
    },
    {
      "type": "Feature",
      "geometry": {
        "type": "Point",
        "coordinates": [
          8.8526881,
          48.275144
        ]
      },
      "properties": {
        "id": "tk_bwr_osm_n13755469776",
        "name": "Wolke 7",
        "address": {
          "street": "Alter Markt",
          "number": "13",
          "postalcode": "72336",
          "city": "Balingen"
        },
        "sources": [
          {
            "type": "osm",
            "id": "node/13755469776",
            "version": 0
          }
        ],
        "created": "2026-05-28",
        "updated": "2026-07-06",
        "hours": {
          "raw": "Mo-Th 10:00-19:00, Fr-Sa 09:30-19:00"
        },
        "sources_by_field": {
          "name": "osm",
          "address.street": "osm",
          "address.number": "osm",
          "address.postalcode": "osm",
          "address.city": "osm",
          "hours": "osm"
        },
        "apple_id_attempted": "2026-05-29",
        "google_attempted": "2026-05-29",
        "payment": {}
      }
    },
    {
      "type": "Feature",
      "geometry": {
        "type": "Point",
        "coordinates": [
          9.4850241,
          48.1497783
        ]
      },
      "properties": {
        "id": "tk_bwr_osm_n13899910346",
        "name": "24/7 Snack Drinks & More",
        "address": {},
        "sources": [
          {
            "type": "osm",
            "id": "node/13899910346",
            "version": 0
          }
        ],
        "created": "2026-06-01",
        "updated": "2026-07-06",
        "hours": {
          "raw": "24/7"
        },
        "sources_by_field": {
          "name": "osm",
          "hours": "osm"
        },
        "apple_id_attempted": "2026-06-03",
        "google_attempted": "2026-06-19",
        "payment": {}
      }
    },
    {
      "type": "Feature",
      "geometry": {
        "type": "Point",
        "coordinates": [
          8.218781,
          48.7772019
        ]
      },
      "properties": {
        "id": "tk_bwr_osm_n13989013798",
        "name": "Nickis",
        "address": {
          "street": "Rheinstraße",
          "number": "67",
          "postalcode": "76532",
          "city": "Baden-Baden"
        },
        "sources": [
          {
            "type": "osm",
            "id": "node/13989013798",
            "version": 0
          }
        ],
        "created": "2026-07-06",
        "updated": "2026-07-06",
        "sources_by_field": {
          "name": "osm",
          "address.street": "osm",
          "address.number": "osm",
          "address.postalcode": "osm",
          "address.city": "osm"
        }
      }
    },
    {
      "type": "Feature",
      "geometry": {
        "type": "Point",
        "coordinates": [
          10.0757822,
          48.2103962
        ]
      },
      "properties": {
        "id": "tk_bwr_osm_n1413918296",
        "name": "Finkbeiner",
        "address": {},
        "sources": [
          {
            "type": "osm",
            "id": "node/1413918296",
            "version": 0
          }
        ],
        "created": "2026-05-28",
        "updated": "2026-07-06",
        "sources_by_field": {
          "name": "osm"
        },
        "apple_id_attempted": "2026-05-29",
        "google_attempted": "2026-05-29",
        "payment": {}
      }
    },
    {
      "type": "Feature",
      "geometry": {
        "type": "Point",
        "coordinates": [
          8.7263667,
          48.3881158
        ]
      },
      "properties": {
        "id": "tk_bwr_osm_n1428135258",
        "name": "Finkbeiner",
        "address": {
          "street": "Robert-Bosch-Straße",
          "number": "27",
          "postalcode": "72186",
          "city": "Empfingen"
        },
        "sources": [
          {
            "type": "osm",
            "id": "node/1428135258",
            "version": 0
          }
        ],
        "created": "2026-05-28",
        "updated": "2026-06-15",
        "tags": [
          "barrierefrei"
        ],
        "sources_by_field": {
          "name": "osm",
          "address.street": "osm",
          "address.number": "osm",
          "address.postalcode": "osm",
          "address.city": "osm"
        },
        "apple_id_attempted": "2026-05-29",
        "google_attempted": "2026-05-29",
        "payment": {},
        "osm_removed": true
      }
    },
    {
      "type": "Feature",
      "geometry": {
        "type": "Point",
        "coordinates": [
          9.9622177,
          49.1715375
        ]
      },
      "properties": {
        "id": "tk_bwr_osm_n1607651687",
        "name": "Shell",
        "address": {
          "street": "Im Seefeld",
          "number": "2",
          "postalcode": "74592",
          "city": "Kirchberg an der Jagst"
        },
        "sources": [
          {
            "type": "osm",
            "id": "node/1607651687",
            "version": 0
          }
        ],
        "created": "2026-05-28",
        "updated": "2026-07-06",
        "hours": {
          "raw": "24/7"
        },
        "payment": {
          "cash": "unknown",
          "cards": "yes",
          "contactless": "unknown",
          "girocard": "unknown"
        },
        "tags": [
          "barrierefrei"
        ],
        "sources_by_field": {
          "name": "osm",
          "address.street": "osm",
          "address.number": "osm",
          "address.postalcode": "osm",
          "address.city": "osm",
          "hours": "osm",
          "payment.cash": "osm",
          "payment.cards": "osm",
          "payment.contactless": "osm",
          "payment.girocard": "osm"
        },
        "apple_id_attempted": "2026-05-29"
      }
    },
    {
      "type": "Feature",
      "geometry": {
        "type": "Point",
        "coordinates": [
          8.7701999,
          47.8538556
        ]
      },
      "properties": {
        "id": "tk_bwr_osm_n1625504331",
        "name": "Getränkeabholmarkt",
        "address": {},
        "sources": [
          {
            "type": "osm",
            "id": "node/1625504331",
            "version": 0
          }
        ],
        "created": "2026-05-28",
        "updated": "2026-07-06",
        "sources_by_field": {
          "name": "osm"
        },
        "apple_id_attempted": "2026-05-29",
        "google_attempted": "2026-05-29",
        "payment": {}
      }
    },
    {
      "type": "Feature",
      "geometry": {
        "type": "Point",
        "coordinates": [
          9.1127267,
          49.3485933
        ]
      },
      "properties": {
        "id": "tk_bwr_osm_n1664042744",
        "name": "ServiceStore DB",
        "address": {},
        "sources": [
          {
            "type": "osm",
            "id": "node/1664042744",
            "version": 0
          }
        ],
        "created": "2026-05-28",
        "updated": "2026-07-06",
        "hours": {
          "raw": "Mo-Fr 06:31-19:30; Sa 07:00-19:00; Su 08:00-19:00"
        },
        "tags": [
          "barrierefrei"
        ],
        "sources_by_field": {
          "name": "osm",
          "hours": "osm"
        },
        "apple_id_attempted": "2026-05-29",
        "google_attempted": "2026-05-29",
        "payment": {}
      }
    },
    {
      "type": "Feature",
      "geometry": {
        "type": "Point",
        "coordinates": [
          8.6375748,
          49.2597574
        ]
      },
      "properties": {
        "id": "tk_bwr_osm_n1759651457",
        "name": "SB Tank",
        "address": {},
        "sources": [
          {
            "type": "osm",
            "id": "node/1759651457",
            "version": 0
          }
        ],
        "created": "2026-05-28",
        "updated": "2026-07-06",
        "sources_by_field": {
          "name": "osm"
        },
        "apple_id_attempted": "2026-05-29",
        "google_attempted": "2026-05-29",
        "payment": {}
      }
    },
    {
      "type": "Feature",
      "geometry": {
        "type": "Point",
        "coordinates": [
          9.473314,
          47.653007
        ]
      },
      "properties": {
        "id": "tk_bwr_osm_n1767546643",
        "name": "Yorma's",
        "address": {},
        "sources": [
          {
            "type": "osm",
            "id": "node/1767546643",
            "version": 0
          }
        ],
        "created": "2026-05-28",
        "updated": "2026-07-06",
        "hours": {
          "raw": "Mo-Fr 06:00-19:00; Sa 08:00-19:00; Su,PH 08:00-20:00"
        },
        "tags": [
          "barrierefrei"
        ],
        "sources_by_field": {
          "name": "osm",
          "hours": "osm"
        },
        "apple_id_attempted": "2026-05-29",
        "google_attempted": "2026-05-29",
        "payment": {}
      }
    },
    {
      "type": "Feature",
      "geometry": {
        "type": "Point",
        "coordinates": [
          8.8753492,
          49.2504831
        ]
      },
      "properties": {
        "id": "tk_bwr_osm_n1778590595",
        "name": "Schmitt & Hahn Buch und Presse",
        "address": {
          "street": "Friedrichstraße",
          "number": "25",
          "postalcode": "74889",
          "city": "Sinsheim"
        },
        "sources": [
          {
            "type": "osm",
            "id": "node/1778590595",
            "version": 0
          }
        ],
        "created": "2026-05-28",
        "updated": "2026-07-06",
        "hours": {
          "raw": "Mo-Fr 05:30-19:00; Sa 07:30-19:00; Su,PH 08:00-19:00"
        },
        "payment": {
          "cash": "yes",
          "cards": "yes",
          "contactless": "unknown",
          "girocard": "unknown"
        },
        "sources_by_field": {
          "name": "osm",
          "address.street": "osm",
          "address.number": "osm",
          "address.postalcode": "osm",
          "address.city": "osm",
          "hours": "osm",
          "payment.cash": "osm",
          "payment.cards": "osm",
          "payment.contactless": "osm",
          "payment.girocard": "osm"
        },
        "apple_id_attempted": "2026-05-29"
      }
    },
    {
      "type": "Feature",
      "geometry": {
        "type": "Point",
        "coordinates": [
          10.0674714,
          49.2146858
        ]
      },
      "properties": {
        "id": "tk_bwr_osm_n1879177837",
        "name": "Eico Werksverkauf",
        "address": {},
        "sources": [
          {
            "type": "osm",
            "id": "node/1879177837",
            "version": 0
          }
        ],
        "created": "2026-05-28",
        "updated": "2026-07-06",
        "sources_by_field": {
          "name": "osm"
        },
        "apple_id_attempted": "2026-05-29",
        "google_attempted": "2026-05-29",
        "payment": {}
      }
    },
    {
      "type": "Feature",
      "geometry": {
        "type": "Point",
        "coordinates": [
          8.1257962,
          48.3732451
        ]
      },
      "properties": {
        "id": "tk_bwr_osm_n2036145197",
        "name": "Getränkehandel Hug",
        "address": {},
        "sources": [
          {
            "type": "osm",
            "id": "node/2036145197",
            "version": 0
          }
        ],
        "created": "2026-05-28",
        "updated": "2026-07-06",
        "hours": {
          "raw": "\"Telefonisch bestellen oder klingeln\""
        },
        "tags": [
          "barrierefrei"
        ],
        "sources_by_field": {
          "name": "osm",
          "hours": "osm"
        },
        "apple_id_attempted": "2026-05-29",
        "google_attempted": "2026-05-29",
        "payment": {}
      }
    },
    {
      "type": "Feature",
      "geometry": {
        "type": "Point",
        "coordinates": [
          9.3922243,
          48.5555799
        ]
      },
      "properties": {
        "id": "tk_bwr_osm_n2080471713",
        "name": "Burgkiosk",
        "address": {},
        "sources": [
          {
            "type": "osm",
            "id": "node/2080471713",
            "version": 0
          }
        ],
        "created": "2026-05-28",
        "updated": "2026-07-06",
        "hours": {
          "raw": "Mo,Tu 10:00-16:00; We-Su 09:00-20:00+"
        },
        "sources_by_field": {
          "name": "osm",
          "hours": "osm"
        },
        "apple_id_attempted": "2026-05-29",
        "google_attempted": "2026-05-29",
        "payment": {}
      }
    },
    {
      "type": "Feature",
      "geometry": {
        "type": "Point",
        "coordinates": [
          9.6383948,
          47.9530924
        ]
      },
      "properties": {
        "id": "tk_bwr_osm_n2180019312",
        "name": "Getränke Vogel",
        "address": {},
        "sources": [
          {
            "type": "osm",
            "id": "node/2180019312",
            "version": 0
          }
        ],
        "created": "2026-05-28",
        "updated": "2026-07-06",
        "hours": {
          "raw": "Mo-Fr 08:00-12:30, 14:00-18:30; Sa 07:30-13:00; PH off"
        },
        "sources_by_field": {
          "name": "osm",
          "hours": "osm"
        },
        "apple_id_attempted": "2026-05-29",
        "google_attempted": "2026-05-29",
        "payment": {}
      }
    },
    {
      "type": "Feature",
      "geometry": {
        "type": "Point",
        "coordinates": [
          8.1909719,
          48.7894781
        ]
      },
      "properties": {
        "id": "tk_bwr_osm_n2229631103",
        "name": "Kiosk am Bahnhof",
        "address": {},
        "sources": [
          {
            "type": "osm",
            "id": "node/2229631103",
            "version": 0
          }
        ],
        "created": "2026-05-28",
        "updated": "2026-07-06",
        "hours": {
          "raw": "Mo-Fr 06:00-18:30; Sa 07:00-16:00"
        },
        "payment": {
          "cash": "unknown",
          "cards": "yes",
          "contactless": "unknown",
          "girocard": "unknown"
        },
        "tags": [
          "barrierefrei"
        ],
        "sources_by_field": {
          "name": "osm",
          "hours": "osm",
          "payment.cash": "osm",
          "payment.cards": "osm",
          "payment.contactless": "osm",
          "payment.girocard": "osm"
        },
        "apple_id_attempted": "2026-05-29"
      }
    },
    {
      "type": "Feature",
      "geometry": {
        "type": "Point",
        "coordinates": [
          8.4081397,
          49.2337043
        ]
      },
      "properties": {
        "id": "tk_bwr_osm_n2264294030",
        "name": "Getränkehandel Zimmermann",
        "address": {},
        "sources": [
          {
            "type": "osm",
            "id": "node/2264294030",
            "version": 0
          }
        ],
        "created": "2026-05-28",
        "updated": "2026-07-06",
        "sources_by_field": {
          "name": "osm"
        },
        "apple_id_attempted": "2026-05-29",
        "google_attempted": "2026-05-29",
        "payment": {}
      }
    },
    {
      "type": "Feature",
      "geometry": {
        "type": "Point",
        "coordinates": [
          9.0703607,
          49.4004537
        ]
      },
      "properties": {
        "id": "tk_bwr_osm_n2378780210",
        "name": "Gefako",
        "address": {},
        "sources": [
          {
            "type": "osm",
            "id": "node/2378780210",
            "version": 0
          }
        ],
        "created": "2026-05-28",
        "updated": "2026-07-06",
        "hours": {
          "raw": "Mo 09:00-12:00,15:00-18:00; Tu-Th 15:00-18:00; Fr 09:00-12:00,15:00-18:00; Sa 08:00-13:00"
        },
        "tags": [
          "barrierefrei"
        ],
        "sources_by_field": {
          "name": "osm",
          "hours": "osm"
        },
        "apple_id_attempted": "2026-05-29",
        "google_attempted": "2026-05-29",
        "payment": {}
      }
    },
    {
      "type": "Feature",
      "geometry": {
        "type": "Point",
        "coordinates": [
          8.639567,
          48.1649641
        ]
      },
      "properties": {
        "id": "tk_bwr_osm_n2395016145",
        "name": "Kiosk Heine",
        "address": {},
        "sources": [
          {
            "type": "osm",
            "id": "node/2395016145",
            "version": 0
          }
        ],
        "created": "2026-05-28",
        "updated": "2026-07-06",
        "sources_by_field": {
          "name": "osm"
        },
        "apple_id_attempted": "2026-05-29",
        "google_attempted": "2026-05-29",
        "payment": {}
      }
    },
    {
      "type": "Feature",
      "geometry": {
        "type": "Point",
        "coordinates": [
          9.880154,
          48.8563934
        ]
      },
      "properties": {
        "id": "tk_bwr_osm_n2436748093",
        "name": "Göbel",
        "address": {},
        "sources": [
          {
            "type": "osm",
            "id": "node/2436748093",
            "version": 0
          }
        ],
        "created": "2026-05-28",
        "updated": "2026-07-06",
        "sources_by_field": {
          "name": "osm"
        },
        "apple_id_attempted": "2026-05-29",
        "google_attempted": "2026-05-29",
        "payment": {}
      }
    },
    {
      "type": "Feature",
      "geometry": {
        "type": "Point",
        "coordinates": [
          9.7610037,
          48.4645781
        ]
      },
      "properties": {
        "id": "tk_bwr_osm_n2438302541",
        "name": "Fuchs",
        "address": {
          "street": "Meergäßle",
          "number": "8",
          "postalcode": "89180",
          "city": "Berghülen"
        },
        "sources": [
          {
            "type": "osm",
            "id": "node/2438302541",
            "version": 0
          }
        ],
        "created": "2026-05-28",
        "updated": "2026-07-06",
        "hours": {
          "raw": "Mo-Fr 09:00-12:00,15:00-18:00; Sa 09:00-12:30"
        },
        "sources_by_field": {
          "name": "osm",
          "address.street": "osm",
          "address.number": "osm",
          "address.postalcode": "osm",
          "address.city": "osm",
          "hours": "osm"
        },
        "apple_id_attempted": "2026-05-29",
        "google_attempted": "2026-05-29",
        "payment": {}
      }
    },
    {
      "type": "Feature",
      "geometry": {
        "type": "Point",
        "coordinates": [
          8.8380179,
          47.7629318
        ]
      },
      "properties": {
        "id": "tk_bwr_osm_n2552496485",
        "name": "City Kiosk",
        "address": {
          "street": "Heinrich-Weber-Platz",
          "number": "3",
          "postalcode": "78224",
          "city": "Singen (Hohentwiel)"
        },
        "sources": [
          {
            "type": "osm",
            "id": "node/2552496485",
            "version": 0
          }
        ],
        "created": "2026-05-28",
        "updated": "2026-07-06",
        "sources_by_field": {
          "name": "osm",
          "address.street": "osm",
          "address.number": "osm",
          "address.postalcode": "osm",
          "address.city": "osm"
        },
        "apple_id_attempted": "2026-05-29",
        "google_attempted": "2026-05-29",
        "payment": {}
      }
    },
    {
      "type": "Feature",
      "geometry": {
        "type": "Point",
        "coordinates": [
          9.8326285,
          48.0635115
        ]
      },
      "properties": {
        "id": "tk_bwr_osm_n2600964553",
        "name": "Brauerei Kontor",
        "address": {
          "street": "Bachstraße",
          "number": "10",
          "postalcode": "88444",
          "city": "Ummendorf"
        },
        "sources": [
          {
            "type": "osm",
            "id": "node/2600964553",
            "version": 0
          }
        ],
        "created": "2026-05-28",
        "updated": "2026-07-06",
        "hours": {
          "raw": "Mo-Fr 09:00-12:00; Sa 09:00-13:00; Su,PH off"
        },
        "tags": [
          "barrierefrei"
        ],
        "sources_by_field": {
          "name": "osm",
          "address.street": "osm",
          "address.number": "osm",
          "address.postalcode": "osm",
          "address.city": "osm",
          "hours": "osm"
        },
        "apple_id_attempted": "2026-05-29",
        "google_attempted": "2026-05-29",
        "payment": {}
      }
    },
    {
      "type": "Feature",
      "geometry": {
        "type": "Point",
        "coordinates": [
          9.8606081,
          48.1731241
        ]
      },
      "properties": {
        "id": "tk_bwr_osm_n268662269",
        "name": "1A",
        "address": {},
        "sources": [
          {
            "type": "osm",
            "id": "node/268662269",
            "version": 0
          }
        ],
        "created": "2026-05-28",
        "updated": "2026-07-06",
        "hours": {
          "raw": "Mo-Fr 06:30-18:30; Sa 07:30-13:30"
        },
        "sources_by_field": {
          "name": "osm",
          "hours": "osm"
        },
        "payment": {}
      }
    },
    {
      "type": "Feature",
      "geometry": {
        "type": "Point",
        "coordinates": [
          9.8316719,
          48.2662638
        ]
      },
      "properties": {
        "id": "tk_bwr_osm_n2737102924",
        "name": "Thommy‘s Getränkewelt",
        "address": {
          "street": "Rißstraße",
          "number": "2",
          "postalcode": "89584",
          "city": "Ehingen (Donau)",
          "district": "Rißtissen"
        },
        "sources": [
          {
            "type": "osm",
            "id": "node/2737102924",
            "version": 0
          }
        ],
        "created": "2026-05-28",
        "updated": "2026-07-06",
        "hours": {
          "raw": "Mo,We-Fr 09:30-12:00,14:00-18:00; Tu 09:30-12:00; Sa 09:00-13:00"
        },
        "payment": {
          "cash": "yes",
          "cards": "unknown",
          "contactless": "unknown",
          "girocard": "unknown"
        },
        "sources_by_field": {
          "name": "osm",
          "address.street": "osm",
          "address.number": "osm",
          "address.postalcode": "osm",
          "address.city": "osm",
          "address.district": "osm",
          "hours": "osm",
          "payment.cash": "osm",
          "payment.cards": "osm",
          "payment.contactless": "osm",
          "payment.girocard": "osm"
        },
        "apple_id_attempted": "2026-05-29"
      }
    },
    {
      "type": "Feature",
      "geometry": {
        "type": "Point",
        "coordinates": [
          9.3746656,
          48.5613805
        ]
      },
      "properties": {
        "id": "tk_bwr_osm_n2851092029",
        "name": "Getränke Galerie",
        "address": {},
        "sources": [
          {
            "type": "osm",
            "id": "node/2851092029",
            "version": 0
          }
        ],
        "created": "2026-05-28",
        "updated": "2026-07-06",
        "hours": {
          "raw": "Mo-Fr 09:00-12:30,14:00-18:30; Sa 08:00-13:00"
        },
        "tags": [
          "barrierefrei"
        ],
        "sources_by_field": {
          "name": "osm",
          "hours": "osm"
        },
        "apple_id_attempted": "2026-05-29",
        "google_attempted": "2026-05-29",
        "payment": {}
      }
    },
    {
      "type": "Feature",
      "geometry": {
        "type": "Point",
        "coordinates": [
          9.3339987,
          49.3006106
        ]
      },
      "properties": {
        "id": "tk_bwr_osm_n2858568438",
        "name": "Avia",
        "address": {},
        "sources": [
          {
            "type": "osm",
            "id": "node/2858568438",
            "version": 0
          }
        ],
        "created": "2026-05-28",
        "updated": "2026-07-06",
        "tags": [
          "barrierefrei"
        ],
        "sources_by_field": {
          "name": "osm"
        },
        "apple_id_attempted": "2026-05-29",
        "google_attempted": "2026-05-29",
        "payment": {}
      }
    },
    {
      "type": "Feature",
      "geometry": {
        "type": "Point",
        "coordinates": [
          8.9870422,
          49.2085244
        ]
      },
      "properties": {
        "id": "tk_bwr_osm_n2950380190",
        "name": "Trinkparadies",
        "address": {},
        "sources": [
          {
            "type": "osm",
            "id": "node/2950380190",
            "version": 0
          }
        ],
        "created": "2026-05-28",
        "updated": "2026-07-06",
        "hours": {
          "raw": "Mo-Th 08:30-18:30; Fr 08:30-19:00; Sa 08:00-18:00"
        },
        "sources_by_field": {
          "name": "osm",
          "hours": "osm"
        },
        "apple_id_attempted": "2026-05-29",
        "google_attempted": "2026-05-29",
        "payment": {}
      }
    },
    {
      "type": "Feature",
      "geometry": {
        "type": "Point",
        "coordinates": [
          8.863207,
          49.2505579
        ]
      },
      "properties": {
        "id": "tk_bwr_osm_n2950380191",
        "name": "MEXXs",
        "address": {
          "street": "Carl-Benz-Straße",
          "number": "1",
          "postalcode": "74889",
          "city": "Sinsheim"
        },
        "sources": [
          {
            "type": "osm",
            "id": "node/2950380191",
            "version": 0
          }
        ],
        "created": "2026-05-28",
        "updated": "2026-07-06",
        "hours": {
          "raw": "Mo-Fr 09:00-19:00; Sa 08:00-18:00"
        },
        "sources_by_field": {
          "name": "osm",
          "address.street": "osm",
          "address.number": "osm",
          "address.postalcode": "osm",
          "address.city": "osm",
          "hours": "osm"
        },
        "apple_id_attempted": "2026-05-29",
        "google_attempted": "2026-05-29",
        "payment": {}
      }
    },
    {
      "type": "Feature",
      "geometry": {
        "type": "Point",
        "coordinates": [
          8.967419,
          48.3236953
        ]
      },
      "properties": {
        "id": "tk_bwr_osm_n3004373948",
        "name": "Burgshop",
        "address": {
          "postalcode": "72379",
          "city": "Burg Hohenzollern"
        },
        "sources": [
          {
            "type": "osm",
            "id": "node/3004373948",
            "version": 0
          }
        ],
        "created": "2026-05-28",
        "updated": "2026-07-06",
        "sources_by_field": {
          "name": "osm",
          "address.postalcode": "osm",
          "address.city": "osm"
        },
        "apple_id_attempted": "2026-05-29",
        "google_attempted": "2026-05-29",
        "payment": {}
      }
    },
    {
      "type": "Feature",
      "geometry": {
        "type": "Point",
        "coordinates": [
          9.2307717,
          47.7227509
        ]
      },
      "properties": {
        "id": "tk_bwr_osm_n301620964",
        "name": "Geiger",
        "address": {},
        "sources": [
          {
            "type": "osm",
            "id": "node/301620964",
            "version": 0
          }
        ],
        "created": "2026-05-28",
        "updated": "2026-07-06",
        "sources_by_field": {
          "name": "osm"
        },
        "apple_id_attempted": "2026-05-29",
        "google_attempted": "2026-05-29",
        "payment": {}
      }
    },
    {
      "type": "Feature",
      "geometry": {
        "type": "Point",
        "coordinates": [
          8.1167239,
          48.6878418
        ]
      },
      "properties": {
        "id": "tk_bwr_osm_n302272534",
        "name": "Getränke Maushardt",
        "address": {
          "street": "Robert-Bosch-Straße",
          "number": "3",
          "city": "Bühl"
        },
        "sources": [
          {
            "type": "osm",
            "id": "node/302272534",
            "version": 0
          }
        ],
        "created": "2026-05-28",
        "updated": "2026-07-06",
        "sources_by_field": {
          "name": "osm",
          "address.street": "osm",
          "address.number": "osm",
          "address.city": "osm"
        },
        "apple_id_attempted": "2026-05-29",
        "google_attempted": "2026-05-29",
        "payment": {}
      }
    },
    {
      "type": "Feature",
      "geometry": {
        "type": "Point",
        "coordinates": [
          10.1179802,
          48.9540649
        ]
      },
      "properties": {
        "id": "tk_bwr_osm_n313713705",
        "name": "BAG",
        "address": {
          "street": "In der Au",
          "number": "4",
          "postalcode": "73479",
          "city": "Ellwangen (Jagst)"
        },
        "sources": [
          {
            "type": "osm",
            "id": "node/313713705",
            "version": 0
          }
        ],
        "created": "2026-05-28",
        "updated": "2026-07-06",
        "hours": {
          "raw": "24/7"
        },
        "tags": [
          "barrierefrei"
        ],
        "sources_by_field": {
          "name": "osm",
          "address.street": "osm",
          "address.number": "osm",
          "address.postalcode": "osm",
          "address.city": "osm",
          "hours": "osm"
        },
        "apple_id_attempted": "2026-05-29",
        "google_attempted": "2026-05-29",
        "payment": {}
      }
    },
    {
      "type": "Feature",
      "geometry": {
        "type": "Point",
        "coordinates": [
          9.4973253,
          48.1556403
        ]
      },
      "properties": {
        "id": "tk_bwr_osm_n315496253",
        "name": "Finkbeiner",
        "address": {},
        "sources": [
          {
            "type": "osm",
            "id": "node/315496253",
            "version": 0
          }
        ],
        "created": "2026-05-28",
        "updated": "2026-06-15",
        "tags": [
          "barrierefrei"
        ],
        "sources_by_field": {
          "name": "osm"
        },
        "apple_id_attempted": "2026-05-29",
        "google_attempted": "2026-05-29",
        "payment": {},
        "osm_removed": true
      }
    },
    {
      "type": "Feature",
      "geometry": {
        "type": "Point",
        "coordinates": [
          8.5451506,
          49.1861202
        ]
      },
      "properties": {
        "id": "tk_bwr_osm_n316148927",
        "name": "Presse Edi",
        "address": {},
        "sources": [
          {
            "type": "osm",
            "id": "node/316148927",
            "version": 0
          }
        ],
        "created": "2026-05-28",
        "updated": "2026-07-06",
        "sources_by_field": {
          "name": "osm"
        },
        "apple_id_attempted": "2026-05-29",
        "google_attempted": "2026-05-29",
        "payment": {}
      }
    },
    {
      "type": "Feature",
      "geometry": {
        "type": "Point",
        "coordinates": [
          9.8729098,
          49.4705006
        ]
      },
      "properties": {
        "id": "tk_bwr_osm_n334638829",
        "name": "Getränke Bokmeier",
        "address": {},
        "sources": [
          {
            "type": "osm",
            "id": "node/334638829",
            "version": 0
          }
        ],
        "created": "2026-05-28",
        "updated": "2026-07-06",
        "sources_by_field": {
          "name": "osm"
        },
        "apple_id_attempted": "2026-05-29",
        "google_attempted": "2026-05-29",
        "payment": {}
      }
    },
    {
      "type": "Feature",
      "geometry": {
        "type": "Point",
        "coordinates": [
          8.8783451,
          49.2409902
        ]
      },
      "properties": {
        "id": "tk_bwr_osm_n3442410792",
        "name": "Serways",
        "address": {},
        "sources": [
          {
            "type": "osm",
            "id": "node/3442410792",
            "version": 0
          }
        ],
        "created": "2026-05-28",
        "updated": "2026-07-06",
        "hours": {
          "raw": "24/7"
        },
        "tags": [
          "barrierefrei"
        ],
        "sources_by_field": {
          "name": "osm",
          "hours": "osm"
        },
        "apple_id_attempted": "2026-05-29",
        "google_attempted": "2026-05-29",
        "payment": {}
      }
    },
    {
      "type": "Feature",
      "geometry": {
        "type": "Point",
        "coordinates": [
          9.730384,
          49.5489012
        ]
      },
      "properties": {
        "id": "tk_bwr_osm_n344486894",
        "name": "HERM",
        "address": {},
        "sources": [
          {
            "type": "osm",
            "id": "node/344486894",
            "version": 0
          }
        ],
        "created": "2026-05-28",
        "updated": "2026-07-06",
        "hours": {
          "raw": "Mo-Su 06:00-22:00"
        },
        "sources_by_field": {
          "name": "osm",
          "hours": "osm"
        },
        "apple_id_attempted": "2026-05-29",
        "google_attempted": "2026-05-29",
        "payment": {}
      }
    },
    {
      "type": "Feature",
      "geometry": {
        "type": "Point",
        "coordinates": [
          10.2363439,
          48.6291675
        ]
      },
      "properties": {
        "id": "tk_bwr_osm_n3504684227",
        "name": "Getränke Göbel",
        "address": {
          "street": "Bolzstraße",
          "number": "2/1",
          "postalcode": "89537",
          "city": "Giengen an der Brenz"
        },
        "sources": [
          {
            "type": "osm",
            "id": "node/3504684227",
            "version": 0
          }
        ],
        "created": "2026-05-28",
        "updated": "2026-07-06",
        "hours": {
          "raw": "Mo-Fr08:00-19:00; Sa 08:00-16:00; PH off"
        },
        "sources_by_field": {
          "name": "osm",
          "address.street": "osm",
          "address.number": "osm",
          "address.postalcode": "osm",
          "address.city": "osm",
          "hours": "osm"
        },
        "apple_id_attempted": "2026-05-29",
        "google_attempted": "2026-05-29",
        "payment": {}
      }
    },
    {
      "type": "Feature",
      "geometry": {
        "type": "Point",
        "coordinates": [
          9.1829798,
          47.6726366
        ]
      },
      "properties": {
        "id": "tk_bwr_osm_n3517101324",
        "name": "Barbarino",
        "address": {
          "street": "Zähringerplatz",
          "number": "9",
          "postalcode": "78464",
          "city": "Konstanz"
        },
        "sources": [
          {
            "type": "osm",
            "id": "node/3517101324",
            "version": 0
          }
        ],
        "created": "2026-05-28",
        "updated": "2026-07-06",
        "hours": {
          "raw": "Mo-Sa 08:00-20:00"
        },
        "tags": [
          "barrierefrei"
        ],
        "sources_by_field": {
          "name": "osm",
          "address.street": "osm",
          "address.number": "osm",
          "address.postalcode": "osm",
          "address.city": "osm",
          "hours": "osm"
        },
        "apple_id_attempted": "2026-05-29",
        "google_attempted": "2026-05-29",
        "payment": {}
      }
    },
    {
      "type": "Feature",
      "geometry": {
        "type": "Point",
        "coordinates": [
          10.1674077,
          48.6254123
        ]
      },
      "properties": {
        "id": "tk_bwr_osm_n3522535516",
        "name": "Finkbeiner",
        "address": {},
        "sources": [
          {
            "type": "osm",
            "id": "node/3522535516",
            "version": 0
          }
        ],
        "created": "2026-05-28",
        "updated": "2026-06-15",
        "hours": {
          "raw": "Mo-Sa 08:00-20:00; ph off"
        },
        "tags": [
          "barrierefrei"
        ],
        "sources_by_field": {
          "name": "osm",
          "hours": "osm"
        },
        "apple_id_attempted": "2026-05-29",
        "google_attempted": "2026-05-29",
        "payment": {},
        "osm_removed": true
      }
    },
    {
      "type": "Feature",
      "geometry": {
        "type": "Point",
        "coordinates": [
          9.2858182,
          47.7646385
        ]
      },
      "properties": {
        "id": "tk_bwr_osm_n360322329",
        "name": "Getränkehandel",
        "address": {},
        "sources": [
          {
            "type": "osm",
            "id": "node/360322329",
            "version": 0
          }
        ],
        "created": "2026-05-28",
        "updated": "2026-07-06",
        "sources_by_field": {
          "name": "osm"
        },
        "apple_id_attempted": "2026-05-29",
        "google_attempted": "2026-05-29",
        "payment": {}
      }
    },
    {
      "type": "Feature",
      "geometry": {
        "type": "Point",
        "coordinates": [
          10.1299139,
          48.9638427
        ]
      },
      "properties": {
        "id": "tk_bwr_osm_n3635208081",
        "name": "Berlin Kiosk",
        "address": {},
        "sources": [
          {
            "type": "osm",
            "id": "node/3635208081",
            "version": 0
          }
        ],
        "created": "2026-05-28",
        "updated": "2026-07-06",
        "tags": [
          "barrierefrei"
        ],
        "sources_by_field": {
          "name": "osm"
        },
        "apple_id_attempted": "2026-05-29",
        "google_attempted": "2026-05-29",
        "payment": {}
      }
    },
    {
      "type": "Feature",
      "geometry": {
        "type": "Point",
        "coordinates": [
          8.776825,
          47.735259
        ]
      },
      "properties": {
        "id": "tk_bwr_osm_n367445352",
        "name": "Kiosk Mock",
        "address": {
          "street": "Bahnhofstraße",
          "number": "2",
          "postalcode": "78244",
          "city": "Gottmadingen"
        },
        "sources": [
          {
            "type": "osm",
            "id": "node/367445352",
            "version": 0
          }
        ],
        "created": "2026-05-28",
        "updated": "2026-07-06",
        "sources_by_field": {
          "name": "osm",
          "address.street": "osm",
          "address.number": "osm",
          "address.postalcode": "osm",
          "address.city": "osm"
        },
        "apple_id_attempted": "2026-05-29",
        "google_attempted": "2026-05-29",
        "payment": {}
      }
    },
    {
      "type": "Feature",
      "geometry": {
        "type": "Point",
        "coordinates": [
          8.1970119,
          48.7859277
        ]
      },
      "properties": {
        "id": "tk_bwr_osm_n36798406",
        "name": "azur",
        "address": {
          "street": "Ooser Bahnhofstraße",
          "number": "53",
          "postalcode": "76532",
          "city": "Baden-Baden"
        },
        "sources": [
          {
            "type": "osm",
            "id": "node/36798406",
            "version": 0
          }
        ],
        "created": "2026-05-28",
        "updated": "2026-07-06",
        "tags": [
          "barrierefrei"
        ],
        "sources_by_field": {
          "name": "osm",
          "address.street": "osm",
          "address.number": "osm",
          "address.postalcode": "osm",
          "address.city": "osm"
        },
        "apple_id_attempted": "2026-05-29",
        "google_attempted": "2026-05-29",
        "payment": {}
      }
    },
    {
      "type": "Feature",
      "geometry": {
        "type": "Point",
        "coordinates": [
          8.7923321,
          47.7611058
        ]
      },
      "properties": {
        "id": "tk_bwr_osm_n3807925688",
        "name": "Tank in",
        "address": {
          "street": "Gewerbestraße",
          "number": "1",
          "postalcode": "78247",
          "city": "Hilzingen"
        },
        "sources": [
          {
            "type": "osm",
            "id": "node/3807925688",
            "version": 0
          }
        ],
        "created": "2026-05-28",
        "updated": "2026-07-06",
        "hours": {
          "raw": "Mo-Fr 06:30-22:00; Sa,Su 07:30-22:00"
        },
        "tags": [
          "barrierefrei"
        ],
        "sources_by_field": {
          "name": "osm",
          "address.street": "osm",
          "address.number": "osm",
          "address.postalcode": "osm",
          "address.city": "osm",
          "hours": "osm"
        },
        "apple_id_attempted": "2026-05-29",
        "google_attempted": "2026-05-29",
        "payment": {}
      }
    },
    {
      "type": "Feature",
      "geometry": {
        "type": "Point",
        "coordinates": [
          9.376871,
          48.5040378
        ]
      },
      "properties": {
        "id": "tk_bwr_osm_n3808151560",
        "name": "Klinik-Kiosk Hohenurach 1",
        "address": {
          "street": "Immanuel-Kant-Straße",
          "number": "33",
          "postalcode": "72574",
          "city": "Bad Urach"
        },
        "sources": [
          {
            "type": "osm",
            "id": "node/3808151560",
            "version": 0
          }
        ],
        "created": "2026-05-28",
        "updated": "2026-07-06",
        "tags": [
          "barrierefrei"
        ],
        "sources_by_field": {
          "name": "osm",
          "address.street": "osm",
          "address.number": "osm",
          "address.postalcode": "osm",
          "address.city": "osm"
        },
        "apple_id_attempted": "2026-05-29",
        "google_attempted": "2026-05-29",
        "payment": {}
      }
    },
    {
      "type": "Feature",
      "geometry": {
        "type": "Point",
        "coordinates": [
          10.059969,
          48.8415065
        ]
      },
      "properties": {
        "id": "tk_bwr_osm_n385330000",
        "name": "Getränke Angstenberger",
        "address": {},
        "sources": [
          {
            "type": "osm",
            "id": "node/385330000",
            "version": 0
          }
        ],
        "created": "2026-05-28",
        "updated": "2026-07-06",
        "sources_by_field": {
          "name": "osm"
        },
        "apple_id_attempted": "2026-05-29",
        "google_attempted": "2026-05-29",
        "payment": {}
      }
    },
    {
      "type": "Feature",
      "geometry": {
        "type": "Point",
        "coordinates": [
          9.7950276,
          48.599722
        ]
      },
      "properties": {
        "id": "tk_bwr_osm_n3856970803",
        "name": "fresh-up",
        "address": {},
        "sources": [
          {
            "type": "osm",
            "id": "node/3856970803",
            "version": 0
          }
        ],
        "created": "2026-05-28",
        "updated": "2026-07-06",
        "sources_by_field": {
          "name": "osm"
        },
        "apple_id_attempted": "2026-05-29",
        "google_attempted": "2026-05-29",
        "payment": {}
      }
    },
    {
      "type": "Feature",
      "geometry": {
        "type": "Point",
        "coordinates": [
          9.3588739,
          47.665083
        ]
      },
      "properties": {
        "id": "tk_bwr_osm_n3933429358",
        "name": "Getränke Weissenbacher",
        "address": {},
        "sources": [
          {
            "type": "osm",
            "id": "node/3933429358",
            "version": 0
          }
        ],
        "created": "2026-05-28",
        "updated": "2026-07-06",
        "hours": {
          "raw": "Mo-Fr 09:00-12:30,14:00-18:30; Sa 09:00-13:00"
        },
        "tags": [
          "barrierefrei"
        ],
        "sources_by_field": {
          "name": "osm",
          "hours": "osm"
        },
        "apple_id_attempted": "2026-05-29",
        "google_attempted": "2026-05-29",
        "payment": {}
      }
    },
    {
      "type": "Feature",
      "geometry": {
        "type": "Point",
        "coordinates": [
          9.1683318,
          47.6718955
        ]
      },
      "properties": {
        "id": "tk_bwr_osm_n3936209129",
        "name": "Tabac Café Presse",
        "address": {},
        "sources": [
          {
            "type": "osm",
            "id": "node/3936209129",
            "version": 0
          }
        ],
        "created": "2026-05-28",
        "updated": "2026-07-06",
        "hours": {
          "raw": "Mo-Sa 07:00-22:00"
        },
        "payment": {
          "cash": "unknown",
          "cards": "yes",
          "contactless": "unknown",
          "girocard": "unknown"
        },
        "tags": [
          "barrierefrei"
        ],
        "sources_by_field": {
          "name": "osm",
          "hours": "osm",
          "payment.cash": "osm",
          "payment.cards": "osm",
          "payment.contactless": "osm",
          "payment.girocard": "osm"
        },
        "apple_id_attempted": "2026-05-29",
        "google_attempted": "2026-05-29"
      }
    },
    {
      "type": "Feature",
      "geometry": {
        "type": "Point",
        "coordinates": [
          9.069867,
          49.2107739
        ]
      },
      "properties": {
        "id": "tk_bwr_osm_n4092185991",
        "name": "Aral-Shop",
        "address": {},
        "sources": [
          {
            "type": "osm",
            "id": "node/4092185991",
            "version": 0
          }
        ],
        "created": "2026-05-28",
        "updated": "2026-07-06",
        "sources_by_field": {
          "name": "osm"
        },
        "apple_id_attempted": "2026-05-29",
        "google_attempted": "2026-05-29",
        "payment": {}
      }
    },
    {
      "type": "Feature",
      "geometry": {
        "type": "Point",
        "coordinates": [
          9.1635745,
          49.2443725
        ]
      },
      "properties": {
        "id": "tk_bwr_osm_n409492476",
        "name": "GEDIG Getränke Lang",
        "address": {
          "street": "Hauptstraße",
          "number": "3",
          "postalcode": "74254",
          "city": "Offenau"
        },
        "sources": [
          {
            "type": "osm",
            "id": "node/409492476",
            "version": 0
          }
        ],
        "created": "2026-05-28",
        "updated": "2026-07-06",
        "hours": {
          "raw": "Mo-Tu 09:00-12:30,14:30-18:00; We 09:00-12:30; Th-Fr 09:00-12:30,14:30-18:00; Sa 08:30-13:00"
        },
        "payment": {
          "cash": "yes",
          "cards": "unknown",
          "contactless": "unknown",
          "girocard": "unknown"
        },
        "sources_by_field": {
          "name": "osm",
          "address.street": "osm",
          "address.number": "osm",
          "address.postalcode": "osm",
          "address.city": "osm",
          "hours": "osm",
          "payment.cash": "osm",
          "payment.cards": "osm",
          "payment.contactless": "osm",
          "payment.girocard": "osm"
        },
        "apple_id_attempted": "2026-05-29"
      }
    },
    {
      "type": "Feature",
      "geometry": {
        "type": "Point",
        "coordinates": [
          10.0772492,
          49.1308115
        ]
      },
      "properties": {
        "id": "tk_bwr_osm_n411683525",
        "name": "JET",
        "address": {},
        "sources": [
          {
            "type": "osm",
            "id": "node/411683525",
            "version": 0
          }
        ],
        "created": "2026-05-28",
        "updated": "2026-07-06",
        "sources_by_field": {
          "name": "osm"
        },
        "apple_id_attempted": "2026-05-29",
        "google_attempted": "2026-05-29",
        "payment": {}
      }
    },
    {
      "type": "Feature",
      "geometry": {
        "type": "Point",
        "coordinates": [
          10.1311241,
          48.7319697
        ]
      },
      "properties": {
        "id": "tk_bwr_osm_n415504885",
        "name": "Kiosk am Itzelberger See",
        "address": {
          "street": "Uferstraße",
          "number": "56",
          "postalcode": "89551",
          "city": "Königsbronn"
        },
        "sources": [
          {
            "type": "osm",
            "id": "node/415504885",
            "version": 0
          }
        ],
        "created": "2026-05-28",
        "updated": "2026-07-06",
        "hours": {
          "raw": "Mar-Apr 12:00-18:00; May-Aug 10:00-21:00; Sep 15-Feb 29 12:00-18:00"
        },
        "tags": [
          "barrierefrei",
          "draussen"
        ],
        "sources_by_field": {
          "name": "osm",
          "address.street": "osm",
          "address.number": "osm",
          "address.postalcode": "osm",
          "address.city": "osm",
          "hours": "osm"
        },
        "apple_id_attempted": "2026-05-29",
        "google_attempted": "2026-05-29",
        "payment": {}
      }
    },
    {
      "type": "Feature",
      "geometry": {
        "type": "Point",
        "coordinates": [
          8.5689843,
          49.1631697
        ]
      },
      "properties": {
        "id": "tk_bwr_osm_n415916661",
        "name": "Shell",
        "address": {
          "street": "An der A5",
          "postalcode": "76694",
          "city": "Forst"
        },
        "sources": [
          {
            "type": "osm",
            "id": "node/415916661",
            "version": 0
          }
        ],
        "created": "2026-05-28",
        "updated": "2026-07-06",
        "hours": {
          "raw": "24/7"
        },
        "tags": [
          "barrierefrei"
        ],
        "sources_by_field": {
          "name": "osm",
          "address.street": "osm",
          "address.postalcode": "osm",
          "address.city": "osm",
          "hours": "osm"
        },
        "apple_id_attempted": "2026-05-29",
        "google_attempted": "2026-05-29",
        "payment": {}
      }
    },
    {
      "type": "Feature",
      "geometry": {
        "type": "Point",
        "coordinates": [
          10.0644137,
          49.1389515
        ]
      },
      "properties": {
        "id": "tk_bwr_osm_n417798068",
        "name": "Kiosk",
        "address": {},
        "sources": [
          {
            "type": "osm",
            "id": "node/417798068",
            "version": 0
          }
        ],
        "created": "2026-05-28",
        "updated": "2026-07-06",
        "hours": {
          "raw": "Su,PH 07:30-19:00; Mo-Fr 06:30-18:00; Sa 06:30-19:00"
        },
        "sources_by_field": {
          "name": "osm",
          "hours": "osm"
        },
        "apple_id_attempted": "2026-05-29",
        "google_attempted": "2026-05-29",
        "payment": {}
      }
    },
    {
      "type": "Feature",
      "geometry": {
        "type": "Point",
        "coordinates": [
          10.0625167,
          49.2107757
        ]
      },
      "properties": {
        "id": "tk_bwr_osm_n4182652157",
        "name": "Ley Getränke",
        "address": {},
        "sources": [
          {
            "type": "osm",
            "id": "node/4182652157",
            "version": 0
          }
        ],
        "created": "2026-05-28",
        "updated": "2026-07-06",
        "sources_by_field": {
          "name": "osm"
        },
        "apple_id_attempted": "2026-05-29",
        "google_attempted": "2026-05-29",
        "payment": {}
      }
    },
    {
      "type": "Feature",
      "geometry": {
        "type": "Point",
        "coordinates": [
          8.4153223,
          48.4698221
        ]
      },
      "properties": {
        "id": "tk_bwr_osm_n4237364107",
        "name": "BOX",
        "address": {},
        "sources": [
          {
            "type": "osm",
            "id": "node/4237364107",
            "version": 0
          }
        ],
        "created": "2026-05-28",
        "updated": "2026-07-06",
        "hours": {
          "raw": "Mo-Fr 09:00-20:00; Sa 09:00-18:00"
        },
        "sources_by_field": {
          "name": "osm",
          "hours": "osm"
        },
        "apple_id_attempted": "2026-05-29",
        "google_attempted": "2026-05-29",
        "payment": {}
      }
    },
    {
      "type": "Feature",
      "geometry": {
        "type": "Point",
        "coordinates": [
          8.5871113,
          48.2845755
        ]
      },
      "properties": {
        "id": "tk_bwr_osm_n429533768",
        "name": "Minigolf",
        "address": {},
        "sources": [
          {
            "type": "osm",
            "id": "node/429533768",
            "version": 0
          }
        ],
        "created": "2026-05-28",
        "updated": "2026-07-06",
        "hours": {
          "raw": "Mo-Fr 14:30-20:00;Sa,Su 12:00-20:00"
        },
        "sources_by_field": {
          "name": "osm",
          "hours": "osm"
        },
        "apple_id_attempted": "2026-05-29",
        "google_attempted": "2026-05-29",
        "payment": {}
      }
    },
    {
      "type": "Feature",
      "geometry": {
        "type": "Point",
        "coordinates": [
          9.8578446,
          49.2549492
        ]
      },
      "properties": {
        "id": "tk_bwr_osm_n4339504596",
        "name": "Kurt Mohr Fruchtsäfte GmbH",
        "address": {
          "street": "Hauptstraße",
          "number": "149",
          "postalcode": "74595",
          "city": "Langenburg"
        },
        "sources": [
          {
            "type": "osm",
            "id": "node/4339504596",
            "version": 0
          }
        ],
        "created": "2026-05-28",
        "updated": "2026-07-06",
        "sources_by_field": {
          "name": "osm",
          "address.street": "osm",
          "address.number": "osm",
          "address.postalcode": "osm",
          "address.city": "osm"
        },
        "apple_id_attempted": "2026-05-29",
        "google_attempted": "2026-05-29",
        "payment": {}
      }
    },
    {
      "type": "Feature",
      "geometry": {
        "type": "Point",
        "coordinates": [
          8.5651569,
          48.5239937
        ]
      },
      "properties": {
        "id": "tk_bwr_osm_n4374280482",
        "name": "Freizeitbadkiosk",
        "address": {},
        "sources": [
          {
            "type": "osm",
            "id": "node/4374280482",
            "version": 0
          }
        ],
        "created": "2026-05-28",
        "updated": "2026-07-06",
        "tags": [
          "barrierefrei"
        ],
        "sources_by_field": {
          "name": "osm"
        },
        "apple_id_attempted": "2026-05-29",
        "google_attempted": "2026-05-29",
        "payment": {}
      }
    },
    {
      "type": "Feature",
      "geometry": {
        "type": "Point",
        "coordinates": [
          9.7597858,
          47.6406037
        ]
      },
      "properties": {
        "id": "tk_bwr_osm_n4376086692",
        "name": "Weinkauf Getränkefachmarkt",
        "address": {
          "street": "Im Argental",
          "number": "6",
          "postalcode": "88239",
          "city": "Wangen im Allgäu",
          "district": "Neuravensburg"
        },
        "sources": [
          {
            "type": "osm",
            "id": "node/4376086692",
            "version": 0
          }
        ],
        "created": "2026-05-28",
        "updated": "2026-07-06",
        "hours": {
          "raw": "Mo-Fr 09:00-12:00, 14:00-18:00; Sa 08:00-12:30"
        },
        "payment": {
          "cash": "yes",
          "cards": "unknown",
          "contactless": "unknown",
          "girocard": "unknown"
        },
        "sources_by_field": {
          "name": "osm",
          "address.street": "osm",
          "address.number": "osm",
          "address.postalcode": "osm",
          "address.city": "osm",
          "address.district": "osm",
          "hours": "osm",
          "payment.cash": "osm",
          "payment.cards": "osm",
          "payment.contactless": "osm",
          "payment.girocard": "osm"
        },
        "apple_id_attempted": "2026-05-29"
      }
    },
    {
      "type": "Feature",
      "geometry": {
        "type": "Point",
        "coordinates": [
          8.5773134,
          47.8192276
        ]
      },
      "properties": {
        "id": "tk_bwr_osm_n440281281",
        "name": "Getränke Abholmarkt Gleichauf",
        "address": {},
        "sources": [
          {
            "type": "osm",
            "id": "node/440281281",
            "version": 0
          }
        ],
        "created": "2026-05-28",
        "updated": "2026-07-06",
        "sources_by_field": {
          "name": "osm"
        },
        "apple_id_attempted": "2026-05-29",
        "google_attempted": "2026-05-29",
        "payment": {}
      }
    },
    {
      "type": "Feature",
      "geometry": {
        "type": "Point",
        "coordinates": [
          8.7638697,
          48.5362071
        ]
      },
      "properties": {
        "id": "tk_bwr_osm_n4561831390",
        "name": "Luginsland",
        "address": {
          "street": "Zeppelinstraße",
          "number": "16",
          "postalcode": "71159",
          "city": "Mötzingen"
        },
        "sources": [
          {
            "type": "osm",
            "id": "node/4561831390",
            "version": 0
          }
        ],
        "created": "2026-05-28",
        "updated": "2026-07-06",
        "tags": [
          "barrierefrei"
        ],
        "sources_by_field": {
          "name": "osm",
          "address.street": "osm",
          "address.number": "osm",
          "address.postalcode": "osm",
          "address.city": "osm"
        },
        "apple_id_attempted": "2026-05-29",
        "google_attempted": "2026-05-29",
        "payment": {}
      }
    },
    {
      "type": "Feature",
      "geometry": {
        "type": "Point",
        "coordinates": [
          9.6789622,
          48.5734
        ]
      },
      "properties": {
        "id": "tk_bwr_osm_n474363787",
        "name": "Gefako Getränke Reinert",
        "address": {},
        "sources": [
          {
            "type": "osm",
            "id": "node/474363787",
            "version": 0
          }
        ],
        "created": "2026-05-28",
        "updated": "2026-07-06",
        "sources_by_field": {
          "name": "osm"
        },
        "apple_id_attempted": "2026-05-29",
        "google_attempted": "2026-05-29",
        "payment": {}
      }
    },
    {
      "type": "Feature",
      "geometry": {
        "type": "Point",
        "coordinates": [
          8.5769126,
          48.1711325
        ]
      },
      "properties": {
        "id": "tk_bwr_osm_n4842363951",
        "name": "Im Kaufland",
        "address": {},
        "sources": [
          {
            "type": "osm",
            "id": "node/4842363951",
            "version": 0
          }
        ],
        "created": "2026-05-28",
        "updated": "2026-07-06",
        "sources_by_field": {
          "name": "osm"
        },
        "apple_id_attempted": "2026-05-29",
        "google_attempted": "2026-05-29",
        "payment": {}
      }
    },
    {
      "type": "Feature",
      "geometry": {
        "type": "Point",
        "coordinates": [
          9.2229372,
          49.1712841
        ]
      },
      "properties": {
        "id": "tk_bwr_osm_n4872400297",
        "name": "Zeitungskiosk",
        "address": {},
        "sources": [
          {
            "type": "osm",
            "id": "node/4872400297",
            "version": 0
          }
        ],
        "created": "2026-05-28",
        "updated": "2026-07-06",
        "tags": [
          "barrierefrei"
        ],
        "sources_by_field": {
          "name": "osm"
        },
        "apple_id_attempted": "2026-05-29",
        "google_attempted": "2026-05-29",
        "payment": {}
      }
    },
    {
      "type": "Feature",
      "geometry": {
        "type": "Point",
        "coordinates": [
          9.1687084,
          47.8624436
        ]
      },
      "properties": {
        "id": "tk_bwr_osm_n4915193287",
        "name": "Schmid Helmut Getränke",
        "address": {
          "street": "Bodenseestraße",
          "number": "25",
          "postalcode": "88634",
          "city": "Herdwangen-Schönach"
        },
        "sources": [
          {
            "type": "osm",
            "id": "node/4915193287",
            "version": 0
          }
        ],
        "created": "2026-05-28",
        "updated": "2026-07-06",
        "hours": {
          "raw": "We-Th 08:00-12:30,15:00-19:00, Fr 08:00-12:30,15:00-19:00, Sa 08:00-16:30"
        },
        "sources_by_field": {
          "name": "osm",
          "address.street": "osm",
          "address.number": "osm",
          "address.postalcode": "osm",
          "address.city": "osm",
          "hours": "osm"
        },
        "apple_id_attempted": "2026-05-29",
        "google_attempted": "2026-05-29",
        "payment": {}
      }
    },
    {
      "type": "Feature",
      "geometry": {
        "type": "Point",
        "coordinates": [
          9.8316827,
          47.6865387
        ]
      },
      "properties": {
        "id": "tk_bwr_osm_n5001737640",
        "name": "Kiosk an der Tiefgarage",
        "address": {},
        "sources": [
          {
            "type": "osm",
            "id": "node/5001737640",
            "version": 0
          }
        ],
        "created": "2026-05-28",
        "updated": "2026-07-06",
        "hours": {
          "raw": "Mo-Fr 08:30-21:00; PH,Sa,Su 09:00-14:00"
        },
        "sources_by_field": {
          "name": "osm",
          "hours": "osm"
        },
        "apple_id_attempted": "2026-05-29",
        "google_attempted": "2026-05-29",
        "payment": {}
      }
    },
    {
      "type": "Feature",
      "geometry": {
        "type": "Point",
        "coordinates": [
          9.244594,
          49.2135261
        ]
      },
      "properties": {
        "id": "tk_bwr_osm_n503068686",
        "name": "Heilbronner Weinmarkt",
        "address": {},
        "sources": [
          {
            "type": "osm",
            "id": "node/503068686",
            "version": 0
          }
        ],
        "created": "2026-05-28",
        "updated": "2026-07-06",
        "sources_by_field": {
          "name": "osm"
        },
        "apple_id_attempted": "2026-05-29",
        "google_attempted": "2026-05-29",
        "payment": {}
      }
    },
    {
      "type": "Feature",
      "geometry": {
        "type": "Point",
        "coordinates": [
          7.807087,
          48.5749381
        ]
      },
      "properties": {
        "id": "tk_bwr_osm_n5071267723",
        "name": "zum Schorsch",
        "address": {
          "street": "Hauptstraße",
          "number": "11a",
          "postalcode": "77694",
          "city": "Kehl"
        },
        "sources": [
          {
            "type": "osm",
            "id": "node/5071267723",
            "version": 0
          }
        ],
        "created": "2026-05-28",
        "updated": "2026-07-06",
        "hours": {
          "raw": "Mo-Su,PH 08:00-22:00"
        },
        "sources_by_field": {
          "name": "osm",
          "address.street": "osm",
          "address.number": "osm",
          "address.postalcode": "osm",
          "address.city": "osm",
          "hours": "osm"
        },
        "apple_id_attempted": "2026-05-29",
        "google_attempted": "2026-05-29",
        "payment": {}
      }
    },
    {
      "type": "Feature",
      "geometry": {
        "type": "Point",
        "coordinates": [
          9.9804905,
          49.3429898
        ]
      },
      "properties": {
        "id": "tk_bwr_osm_n507253686",
        "name": "Getränke Stiebeiner",
        "address": {},
        "sources": [
          {
            "type": "osm",
            "id": "node/507253686",
            "version": 0
          }
        ],
        "created": "2026-05-28",
        "updated": "2026-07-06",
        "sources_by_field": {
          "name": "osm"
        },
        "apple_id_attempted": "2026-05-29",
        "google_attempted": "2026-05-29",
        "payment": {}
      }
    },
    {
      "type": "Feature",
      "geometry": {
        "type": "Point",
        "coordinates": [
          7.8262353,
          48.5662815
        ]
      },
      "properties": {
        "id": "tk_bwr_osm_n5088519022",
        "name": "Fahrzeugpflege Kiosk",
        "address": {
          "street": "Hauptstraße",
          "number": "208",
          "postalcode": "77694",
          "city": "Kehl"
        },
        "sources": [
          {
            "type": "osm",
            "id": "node/5088519022",
            "version": 0
          }
        ],
        "created": "2026-05-28",
        "updated": "2026-07-06",
        "tags": [
          "barrierefrei"
        ],
        "sources_by_field": {
          "name": "osm",
          "address.street": "osm",
          "address.number": "osm",
          "address.postalcode": "osm",
          "address.city": "osm"
        },
        "apple_id_attempted": "2026-05-29",
        "google_attempted": "2026-05-29",
        "payment": {}
      }
    },
    {
      "type": "Feature",
      "geometry": {
        "type": "Point",
        "coordinates": [
          9.3831905,
          48.4972186
        ]
      },
      "properties": {
        "id": "tk_bwr_osm_n5095356649",
        "name": "JET",
        "address": {
          "street": "Stuttgarter Straße",
          "number": "141",
          "postalcode": "72574",
          "city": "Bad Urach"
        },
        "sources": [
          {
            "type": "osm",
            "id": "node/5095356649",
            "version": 0
          }
        ],
        "created": "2026-05-28",
        "updated": "2026-07-06",
        "hours": {
          "raw": "Mo-Fr 06:00-23:00, Sa-Su 07:00-23:00; PH 07:00-23:00"
        },
        "payment": {
          "cash": "yes",
          "cards": "unknown",
          "contactless": "unknown",
          "girocard": "yes"
        },
        "sources_by_field": {
          "name": "osm",
          "address.street": "osm",
          "address.number": "osm",
          "address.postalcode": "osm",
          "address.city": "osm",
          "hours": "osm",
          "payment.cash": "osm",
          "payment.cards": "osm",
          "payment.contactless": "osm",
          "payment.girocard": "osm"
        },
        "apple_id_attempted": "2026-05-29"
      }
    },
    {
      "type": "Feature",
      "geometry": {
        "type": "Point",
        "coordinates": [
          9.2277485,
          49.1900175
        ]
      },
      "properties": {
        "id": "tk_bwr_osm_n517348481",
        "name": "Beil",
        "address": {
          "street": "Bleichstraße",
          "number": "4",
          "postalcode": "74172",
          "city": "Neckarsulm"
        },
        "sources": [
          {
            "type": "osm",
            "id": "node/517348481",
            "version": 0
          }
        ],
        "created": "2026-05-28",
        "updated": "2026-07-06",
        "hours": {
          "raw": "Mo-Fr 08:30-12:30, 14:00-18:00; Sa 08:00-13:00; PH off"
        },
        "sources_by_field": {
          "name": "osm",
          "address.street": "osm",
          "address.number": "osm",
          "address.postalcode": "osm",
          "address.city": "osm",
          "hours": "osm"
        },
        "apple_id_attempted": "2026-05-29",
        "google_attempted": "2026-05-29",
        "payment": {}
      }
    },
    {
      "type": "Feature",
      "geometry": {
        "type": "Point",
        "coordinates": [
          8.6834686,
          49.2462041
        ]
      },
      "properties": {
        "id": "tk_bwr_osm_n5205852754",
        "name": "Getränke-Abholmarkt Erhard",
        "address": {},
        "sources": [
          {
            "type": "osm",
            "id": "node/5205852754",
            "version": 0
          }
        ],
        "created": "2026-05-28",
        "updated": "2026-07-06",
        "sources_by_field": {
          "name": "osm"
        },
        "apple_id_attempted": "2026-05-29",
        "google_attempted": "2026-05-29",
        "payment": {}
      }
    },
    {
      "type": "Feature",
      "geometry": {
        "type": "Point",
        "coordinates": [
          10.03462,
          49.2742563
        ]
      },
      "properties": {
        "id": "tk_bwr_osm_n5342942021",
        "name": "Endt",
        "address": {},
        "sources": [
          {
            "type": "osm",
            "id": "node/5342942021",
            "version": 0
          }
        ],
        "created": "2026-05-28",
        "updated": "2026-07-06",
        "sources_by_field": {
          "name": "osm"
        },
        "apple_id_attempted": "2026-05-29",
        "google_attempted": "2026-05-29",
        "payment": {}
      }
    },
    {
      "type": "Feature",
      "geometry": {
        "type": "Point",
        "coordinates": [
          9.1759563,
          47.6601853
        ]
      },
      "properties": {
        "id": "tk_bwr_osm_n5407494418",
        "name": "Barbarino",
        "address": {},
        "sources": [
          {
            "type": "osm",
            "id": "node/5407494418",
            "version": 0
          }
        ],
        "created": "2026-05-28",
        "updated": "2026-07-06",
        "hours": {
          "raw": "Mo-We 08:00-18:30; Th,Fr 08:00-19:00; Sa 08:00-18:00"
        },
        "tags": [
          "barrierefrei"
        ],
        "sources_by_field": {
          "name": "osm",
          "hours": "osm"
        },
        "apple_id_attempted": "2026-05-29",
        "google_attempted": "2026-05-29",
        "payment": {}
      }
    },
    {
      "type": "Feature",
      "geometry": {
        "type": "Point",
        "coordinates": [
          10.0404,
          47.7013876
        ]
      },
      "properties": {
        "id": "tk_bwr_osm_n5432921867",
        "name": "Finkbeiner",
        "address": {
          "street": "Am-Angele-Hof",
          "number": "4",
          "postalcode": "88316",
          "city": "Isny im Allgäu"
        },
        "sources": [
          {
            "type": "osm",
            "id": "node/5432921867",
            "version": 0
          }
        ],
        "created": "2026-05-28",
        "updated": "2026-06-15",
        "hours": {
          "raw": "Mo-Fr 08:30-20:00; Sa 08:00-18:00"
        },
        "payment": {
          "cash": "yes",
          "cards": "unknown",
          "contactless": "unknown",
          "girocard": "yes"
        },
        "sources_by_field": {
          "name": "osm",
          "address.street": "osm",
          "address.number": "osm",
          "address.postalcode": "osm",
          "address.city": "osm",
          "hours": "osm",
          "payment.cash": "osm",
          "payment.cards": "osm",
          "payment.contactless": "osm",
          "payment.girocard": "osm"
        },
        "apple_id_attempted": "2026-05-29",
        "osm_removed": true
      }
    },
    {
      "type": "Feature",
      "geometry": {
        "type": "Point",
        "coordinates": [
          8.7761383,
          47.7630424
        ]
      },
      "properties": {
        "id": "tk_bwr_osm_n5465502142",
        "name": "Baur",
        "address": {},
        "sources": [
          {
            "type": "osm",
            "id": "node/5465502142",
            "version": 0
          }
        ],
        "created": "2026-05-28",
        "updated": "2026-07-06",
        "hours": {
          "raw": "Mo-Sa 08:00-20:00"
        },
        "tags": [
          "barrierefrei"
        ],
        "sources_by_field": {
          "name": "osm",
          "hours": "osm"
        },
        "apple_id_attempted": "2026-05-29",
        "google_attempted": "2026-05-29",
        "payment": {}
      }
    },
    {
      "type": "Feature",
      "geometry": {
        "type": "Point",
        "coordinates": [
          9.0963839,
          47.7949374
        ]
      },
      "properties": {
        "id": "tk_bwr_osm_n549987171",
        "name": "Eis am See",
        "address": {},
        "sources": [
          {
            "type": "osm",
            "id": "node/549987171",
            "version": 0
          }
        ],
        "created": "2026-05-28",
        "updated": "2026-07-06",
        "sources_by_field": {
          "name": "osm"
        },
        "apple_id_attempted": "2026-05-29",
        "google_attempted": "2026-05-29",
        "payment": {}
      }
    },
    {
      "type": "Feature",
      "geometry": {
        "type": "Point",
        "coordinates": [
          9.2017088,
          47.6807986
        ]
      },
      "properties": {
        "id": "tk_bwr_osm_n5548621657",
        "name": "Samira",
        "address": {},
        "sources": [
          {
            "type": "osm",
            "id": "node/5548621657",
            "version": 0
          }
        ],
        "created": "2026-05-28",
        "updated": "2026-07-06",
        "sources_by_field": {
          "name": "osm"
        },
        "apple_id_attempted": "2026-05-29",
        "google_attempted": "2026-05-29",
        "payment": {}
      }
    },
    {
      "type": "Feature",
      "geometry": {
        "type": "Point",
        "coordinates": [
          8.9999807,
          47.8452175
        ]
      },
      "properties": {
        "id": "tk_bwr_osm_n5680464934",
        "name": "Agip",
        "address": {
          "street": "Radolfzeller Straße",
          "number": "35",
          "postalcode": "78333",
          "city": "Stockach"
        },
        "sources": [
          {
            "type": "osm",
            "id": "node/5680464934",
            "version": 0
          }
        ],
        "created": "2026-05-28",
        "updated": "2026-07-06",
        "tags": [
          "barrierefrei"
        ],
        "sources_by_field": {
          "name": "osm",
          "address.street": "osm",
          "address.number": "osm",
          "address.postalcode": "osm",
          "address.city": "osm"
        },
        "apple_id_attempted": "2026-05-29",
        "google_attempted": "2026-05-29",
        "payment": {}
      }
    },
    {
      "type": "Feature",
      "geometry": {
        "type": "Point",
        "coordinates": [
          10.0092569,
          47.8223498
        ]
      },
      "properties": {
        "id": "tk_bwr_osm_n5885972009",
        "name": "Finkbeiner",
        "address": {},
        "sources": [
          {
            "type": "osm",
            "id": "node/5885972009",
            "version": 0
          }
        ],
        "created": "2026-05-28",
        "updated": "2026-06-15",
        "tags": [
          "barrierefrei"
        ],
        "sources_by_field": {
          "name": "osm"
        },
        "apple_id_attempted": "2026-05-29",
        "google_attempted": "2026-06-03",
        "payment": {},
        "osm_removed": true
      }
    },
    {
      "type": "Feature",
      "geometry": {
        "type": "Point",
        "coordinates": [
          9.1326119,
          49.3181757
        ]
      },
      "properties": {
        "id": "tk_bwr_osm_n600461770",
        "name": "Lang",
        "address": {
          "street": "Entengasse",
          "number": "1",
          "city": "Neckarzimmern"
        },
        "sources": [
          {
            "type": "osm",
            "id": "node/600461770",
            "version": 0
          }
        ],
        "created": "2026-05-28",
        "updated": "2026-07-06",
        "hours": {
          "raw": "Mo,Th,Fr 15:00-18:30; Tu 09:00-12:30; Sa 09:00-13:00"
        },
        "tags": [
          "barrierefrei"
        ],
        "sources_by_field": {
          "name": "osm",
          "address.street": "osm",
          "address.number": "osm",
          "address.city": "osm",
          "hours": "osm"
        },
        "apple_id_attempted": "2026-05-29",
        "google_attempted": "2026-06-03",
        "payment": {}
      }
    },
    {
      "type": "Feature",
      "geometry": {
        "type": "Point",
        "coordinates": [
          9.1875466,
          47.6705046
        ]
      },
      "properties": {
        "id": "tk_bwr_osm_n6051465899",
        "name": "Kiosk Mainaustraße",
        "address": {},
        "sources": [
          {
            "type": "osm",
            "id": "node/6051465899",
            "version": 0
          }
        ],
        "created": "2026-05-28",
        "updated": "2026-07-06",
        "hours": {
          "raw": "Mo-Fr 07:00-18:30; Sa 07:00-18:00; Su 09:00-18:00"
        },
        "payment": {
          "cash": "yes",
          "cards": "unknown",
          "contactless": "unknown",
          "girocard": "unknown"
        },
        "tags": [
          "barrierefrei"
        ],
        "sources_by_field": {
          "name": "osm",
          "hours": "osm",
          "payment.cash": "osm",
          "payment.cards": "osm",
          "payment.contactless": "osm",
          "payment.girocard": "osm"
        },
        "apple_id_attempted": "2026-05-29"
      }
    },
    {
      "type": "Feature",
      "geometry": {
        "type": "Point",
        "coordinates": [
          9.1846138,
          48.3880186
        ]
      },
      "properties": {
        "id": "tk_bwr_osm_n609219412",
        "name": "Getränke Maier",
        "address": {
          "street": "Gartenstraße",
          "number": "1",
          "postalcode": "72820",
          "city": "Sonnenbühl"
        },
        "sources": [
          {
            "type": "osm",
            "id": "node/609219412",
            "version": 0
          }
        ],
        "created": "2026-05-28",
        "updated": "2026-07-06",
        "hours": {
          "raw": "Mo-Fr 08:30-12:30,14:30-18:30; Sa 08:00-13:00; Su,PH off"
        },
        "sources_by_field": {
          "name": "osm",
          "address.street": "osm",
          "address.number": "osm",
          "address.postalcode": "osm",
          "address.city": "osm",
          "hours": "osm"
        },
        "apple_id_attempted": "2026-05-29",
        "google_attempted": "2026-06-03",
        "payment": {}
      }
    },
    {
      "type": "Feature",
      "geometry": {
        "type": "Point",
        "coordinates": [
          9.6436568,
          47.9529247
        ]
      },
      "properties": {
        "id": "tk_bwr_osm_n609643210",
        "name": "Eckert.",
        "address": {},
        "sources": [
          {
            "type": "osm",
            "id": "node/609643210",
            "version": 0
          }
        ],
        "created": "2026-05-28",
        "updated": "2026-07-06",
        "hours": {
          "raw": "Mo-Fr 05:00-09:30,10:00-15:00,15:30-20:00; Sa 07:00-19:00; Su 08:00-19:00"
        },
        "tags": [
          "barrierefrei"
        ],
        "sources_by_field": {
          "name": "osm",
          "hours": "osm"
        },
        "apple_id_attempted": "2026-05-29",
        "google_attempted": "2026-06-03",
        "payment": {}
      }
    },
    {
      "type": "Feature",
      "geometry": {
        "type": "Point",
        "coordinates": [
          9.1092862,
          49.3457941
        ]
      },
      "properties": {
        "id": "tk_bwr_osm_n6114761870",
        "name": "Mario Dimmig Getränkevertrieb",
        "address": {},
        "sources": [
          {
            "type": "osm",
            "id": "node/6114761870",
            "version": 0
          }
        ],
        "created": "2026-05-28",
        "updated": "2026-07-06",
        "sources_by_field": {
          "name": "osm"
        },
        "apple_id_attempted": "2026-05-29",
        "google_attempted": "2026-06-03",
        "payment": {}
      }
    },
    {
      "type": "Feature",
      "geometry": {
        "type": "Point",
        "coordinates": [
          9.6871224,
          48.4893086
        ]
      },
      "properties": {
        "id": "tk_bwr_osm_n6212753660",
        "name": "La Vie De Kiosk",
        "address": {
          "street": "Bahnhofstraße",
          "number": "2",
          "city": "Laichingen"
        },
        "sources": [
          {
            "type": "osm",
            "id": "node/6212753660",
            "version": 0
          }
        ],
        "created": "2026-05-28",
        "updated": "2026-07-06",
        "sources_by_field": {
          "name": "osm",
          "address.street": "osm",
          "address.number": "osm",
          "address.city": "osm"
        },
        "apple_id_attempted": "2026-05-29",
        "google_attempted": "2026-06-03",
        "payment": {}
      }
    },
    {
      "type": "Feature",
      "geometry": {
        "type": "Point",
        "coordinates": [
          9.1186621,
          47.9964558
        ]
      },
      "properties": {
        "id": "tk_bwr_osm_n6299536159",
        "name": "Weinkauff",
        "address": {
          "street": "Am Stachus",
          "number": "22",
          "postalcode": "88605",
          "city": "Meßkirch"
        },
        "sources": [
          {
            "type": "osm",
            "id": "node/6299536159",
            "version": 0
          }
        ],
        "created": "2026-05-28",
        "updated": "2026-07-06",
        "hours": {
          "raw": "Mo-Fr 08:30 - 19:00; Sa 08:00 - 14:00"
        },
        "payment": {
          "cash": "yes",
          "cards": "unknown",
          "contactless": "unknown",
          "girocard": "unknown"
        },
        "sources_by_field": {
          "name": "osm",
          "address.street": "osm",
          "address.number": "osm",
          "address.postalcode": "osm",
          "address.city": "osm",
          "hours": "osm",
          "payment.cash": "osm",
          "payment.cards": "osm",
          "payment.contactless": "osm",
          "payment.girocard": "osm"
        },
        "apple_id_attempted": "2026-05-29"
      }
    },
    {
      "type": "Feature",
      "geometry": {
        "type": "Point",
        "coordinates": [
          8.845065,
          47.7529682
        ]
      },
      "properties": {
        "id": "tk_bwr_osm_n643282184",
        "name": "Cigo Shop",
        "address": {},
        "sources": [
          {
            "type": "osm",
            "id": "node/643282184",
            "version": 0
          }
        ],
        "created": "2026-05-28",
        "updated": "2026-07-06",
        "tags": [
          "barrierefrei"
        ],
        "sources_by_field": {
          "name": "osm"
        },
        "apple_id_attempted": "2026-05-29",
        "google_attempted": "2026-06-03",
        "payment": {}
      }
    },
    {
      "type": "Feature",
      "geometry": {
        "type": "Point",
        "coordinates": [
          9.7437797,
          47.9134885
        ]
      },
      "properties": {
        "id": "tk_bwr_osm_n6478799898",
        "name": "REWE Supermarkt",
        "address": {},
        "sources": [
          {
            "type": "osm",
            "id": "node/6478799898",
            "version": 0
          }
        ],
        "created": "2026-05-28",
        "updated": "2026-07-06",
        "hours": {
          "raw": "Mo-Sa 07:00-22:00"
        },
        "sources_by_field": {
          "name": "osm",
          "hours": "osm"
        },
        "apple_id_attempted": "2026-05-29",
        "google_attempted": "2026-06-03",
        "payment": {}
      }
    },
    {
      "type": "Feature",
      "geometry": {
        "type": "Point",
        "coordinates": [
          9.4535278,
          47.6567871
        ]
      },
      "properties": {
        "id": "tk_bwr_osm_n65203124",
        "name": "MBG",
        "address": {
          "street": "Zeppelinstraße",
          "number": "66-68",
          "postalcode": "88045",
          "city": "Friedrichshafen"
        },
        "sources": [
          {
            "type": "osm",
            "id": "node/65203124",
            "version": 0
          }
        ],
        "created": "2026-05-28",
        "updated": "2026-07-06",
        "hours": {
          "raw": "Mo-Fr 06:00-22:00; Sa-Su 07:00-22:00"
        },
        "tags": [
          "barrierefrei"
        ],
        "sources_by_field": {
          "name": "osm",
          "address.street": "osm",
          "address.number": "osm",
          "address.postalcode": "osm",
          "address.city": "osm",
          "hours": "osm"
        },
        "apple_id_attempted": "2026-05-29",
        "google_attempted": "2026-06-03",
        "payment": {}
      }
    },
    {
      "type": "Feature",
      "geometry": {
        "type": "Point",
        "coordinates": [
          8.7708862,
          48.2098709
        ]
      },
      "properties": {
        "id": "tk_bwr_osm_n661142441",
        "name": "Kiosk",
        "address": {},
        "sources": [
          {
            "type": "osm",
            "id": "node/661142441",
            "version": 0
          }
        ],
        "created": "2026-05-28",
        "updated": "2026-07-06",
        "hours": {
          "raw": "Fr-Su 14:00-18:00+"
        },
        "sources_by_field": {
          "name": "osm",
          "hours": "osm"
        },
        "apple_id_attempted": "2026-05-29",
        "google_attempted": "2026-06-03",
        "payment": {}
      }
    },
    {
      "type": "Feature",
      "geometry": {
        "type": "Point",
        "coordinates": [
          8.7712107,
          48.2104285
        ]
      },
      "properties": {
        "id": "tk_bwr_osm_n661142443",
        "name": "Kiosk",
        "address": {},
        "sources": [
          {
            "type": "osm",
            "id": "node/661142443",
            "version": 0
          }
        ],
        "created": "2026-05-28",
        "updated": "2026-07-06",
        "sources_by_field": {
          "name": "osm"
        },
        "apple_id_attempted": "2026-05-29",
        "google_attempted": "2026-06-03",
        "payment": {}
      }
    },
    {
      "type": "Feature",
      "geometry": {
        "type": "Point",
        "coordinates": [
          8.7686623,
          48.2111825
        ]
      },
      "properties": {
        "id": "tk_bwr_osm_n661142446",
        "name": "Kiosk",
        "address": {},
        "sources": [
          {
            "type": "osm",
            "id": "node/661142446",
            "version": 0
          }
        ],
        "created": "2026-05-28",
        "updated": "2026-07-06",
        "sources_by_field": {
          "name": "osm"
        },
        "apple_id_attempted": "2026-05-29",
        "google_attempted": "2026-06-03",
        "payment": {}
      }
    },
    {
      "type": "Feature",
      "geometry": {
        "type": "Point",
        "coordinates": [
          9.6911772,
          49.2820728
        ]
      },
      "properties": {
        "id": "tk_bwr_osm_n6711590645",
        "name": "Aral Tankstelle Kocherbrücke",
        "address": {
          "street": "Mergentheimer Straße",
          "number": "2",
          "postalcode": "74653",
          "city": "Künzelsau"
        },
        "sources": [
          {
            "type": "osm",
            "id": "node/6711590645",
            "version": 0
          }
        ],
        "created": "2026-05-28",
        "updated": "2026-07-06",
        "tags": [
          "barrierefrei"
        ],
        "sources_by_field": {
          "name": "osm",
          "address.street": "osm",
          "address.number": "osm",
          "address.postalcode": "osm",
          "address.city": "osm"
        },
        "apple_id_attempted": "2026-05-29",
        "google_attempted": "2026-06-03",
        "payment": {}
      }
    },
    {
      "type": "Feature",
      "geometry": {
        "type": "Point",
        "coordinates": [
          10.1075901,
          48.7865525
        ]
      },
      "properties": {
        "id": "tk_bwr_osm_n689291460",
        "name": "Göbel",
        "address": {
          "street": "Bürgermeister-Bosch-Straße",
          "number": "9",
          "postalcode": "73447",
          "city": "Oberkochen"
        },
        "sources": [
          {
            "type": "osm",
            "id": "node/689291460",
            "version": 0
          }
        ],
        "created": "2026-05-28",
        "updated": "2026-07-06",
        "hours": {
          "raw": "Tu-Fr 08:00-18:30; Sa 08:00-14:00; Su,Mo,PH off"
        },
        "tags": [
          "barrierefrei"
        ],
        "sources_by_field": {
          "name": "osm",
          "address.street": "osm",
          "address.number": "osm",
          "address.postalcode": "osm",
          "address.city": "osm",
          "hours": "osm"
        },
        "apple_id_attempted": "2026-05-29",
        "google_attempted": "2026-06-03",
        "payment": {}
      }
    },
    {
      "type": "Feature",
      "geometry": {
        "type": "Point",
        "coordinates": [
          8.1146374,
          48.5911894
        ]
      },
      "properties": {
        "id": "tk_bwr_osm_n7074242841",
        "name": "Getränkefachgroßhandel Berger",
        "address": {},
        "sources": [
          {
            "type": "osm",
            "id": "node/7074242841",
            "version": 0
          }
        ],
        "created": "2026-05-28",
        "updated": "2026-07-06",
        "hours": {
          "raw": "Mo-Fr 08:00-12:00,14:00-18:00; Sa 08:00-12:00; PH off"
        },
        "payment": {
          "cash": "yes",
          "cards": "yes",
          "contactless": "unknown",
          "girocard": "unknown"
        },
        "sources_by_field": {
          "name": "osm",
          "hours": "osm",
          "payment.cash": "osm",
          "payment.cards": "osm",
          "payment.contactless": "osm",
          "payment.girocard": "osm"
        },
        "apple_id_attempted": "2026-05-29"
      }
    },
    {
      "type": "Feature",
      "geometry": {
        "type": "Point",
        "coordinates": [
          9.558558,
          47.6994249
        ]
      },
      "properties": {
        "id": "tk_bwr_osm_n7192073801",
        "name": "Dampflok",
        "address": {
          "street": "Bahnhofplatz",
          "number": "1",
          "postalcode": "88074",
          "city": "Meckenbeuren"
        },
        "sources": [
          {
            "type": "osm",
            "id": "node/7192073801",
            "version": 0
          }
        ],
        "created": "2026-05-28",
        "updated": "2026-07-06",
        "hours": {
          "raw": "Mo-Su 07:00-23:00"
        },
        "sources_by_field": {
          "name": "osm",
          "address.street": "osm",
          "address.number": "osm",
          "address.postalcode": "osm",
          "address.city": "osm",
          "hours": "osm"
        },
        "apple_id_attempted": "2026-05-29",
        "google_attempted": "2026-06-19",
        "payment": {}
      }
    },
    {
      "type": "Feature",
      "geometry": {
        "type": "Point",
        "coordinates": [
          9.4441551,
          47.6849337
        ]
      },
      "properties": {
        "id": "tk_bwr_osm_n7192283775",
        "name": "Grossmann Getränkeabholmarkt",
        "address": {},
        "sources": [
          {
            "type": "osm",
            "id": "node/7192283775",
            "version": 0
          }
        ],
        "created": "2026-05-28",
        "updated": "2026-07-06",
        "hours": {
          "raw": "Mo-Fr 09:00-18:30; Sa 09:00-16:00; Nov-Dec: Sa 09:00-18:00; Su,PH off"
        },
        "payment": {
          "cash": "unknown",
          "cards": "yes",
          "contactless": "unknown",
          "girocard": "unknown"
        },
        "tags": [
          "barrierefrei"
        ],
        "sources_by_field": {
          "name": "osm",
          "hours": "osm",
          "payment.cash": "osm",
          "payment.cards": "osm",
          "payment.contactless": "osm",
          "payment.girocard": "osm"
        },
        "apple_id_attempted": "2026-05-29"
      }
    },
    {
      "type": "Feature",
      "geometry": {
        "type": "Point",
        "coordinates": [
          9.9766685,
          48.9463216
        ]
      },
      "properties": {
        "id": "tk_bwr_osm_n764613304",
        "name": "Hammerschmiede",
        "address": {},
        "sources": [
          {
            "type": "osm",
            "id": "node/764613304",
            "version": 0
          }
        ],
        "created": "2026-05-28",
        "updated": "2026-07-06",
        "sources_by_field": {
          "name": "osm"
        },
        "apple_id_attempted": "2026-05-29",
        "google_attempted": "2026-06-19",
        "payment": {}
      }
    },
    {
      "type": "Feature",
      "geometry": {
        "type": "Point",
        "coordinates": [
          8.9341694,
          48.476832
        ]
      },
      "properties": {
        "id": "tk_bwr_osm_n7714754615",
        "name": "All in One",
        "address": {
          "street": "Marktstraße",
          "number": "2",
          "postalcode": "72108",
          "city": "Rottenburg am Neckar"
        },
        "sources": [
          {
            "type": "osm",
            "id": "node/7714754615",
            "version": 0
          }
        ],
        "created": "2026-05-28",
        "updated": "2026-07-06",
        "hours": {
          "raw": "Mo-Su,PH 00:00-24:00"
        },
        "sources_by_field": {
          "name": "osm",
          "address.street": "osm",
          "address.number": "osm",
          "address.postalcode": "osm",
          "address.city": "osm",
          "hours": "osm"
        },
        "apple_id_attempted": "2026-05-29",
        "google_attempted": "2026-06-19",
        "payment": {}
      }
    },
    {
      "type": "Feature",
      "geometry": {
        "type": "Point",
        "coordinates": [
          8.8507828,
          48.2714561
        ]
      },
      "properties": {
        "id": "tk_bwr_osm_n7829507815",
        "name": "Amabile",
        "address": {},
        "sources": [
          {
            "type": "osm",
            "id": "node/7829507815",
            "version": 0
          }
        ],
        "created": "2026-05-28",
        "updated": "2026-07-06",
        "sources_by_field": {
          "name": "osm"
        },
        "apple_id_attempted": "2026-05-29",
        "google_attempted": "2026-06-19",
        "payment": {}
      }
    },
    {
      "type": "Feature",
      "geometry": {
        "type": "Point",
        "coordinates": [
          9.6750317,
          47.9914919
        ]
      },
      "properties": {
        "id": "tk_bwr_osm_n7840983201",
        "name": "Echt schwäbische Kässpätzle",
        "address": {},
        "sources": [
          {
            "type": "osm",
            "id": "node/7840983201",
            "version": 0
          }
        ],
        "created": "2026-05-28",
        "updated": "2026-07-06",
        "sources_by_field": {
          "name": "osm"
        },
        "apple_id_attempted": "2026-05-29",
        "google_attempted": "2026-06-19",
        "payment": {}
      }
    },
    {
      "type": "Feature",
      "geometry": {
        "type": "Point",
        "coordinates": [
          10.1616235,
          48.7116147
        ]
      },
      "properties": {
        "id": "tk_bwr_osm_n7858338798",
        "name": "Finkbeiner",
        "address": {},
        "sources": [
          {
            "type": "osm",
            "id": "node/7858338798",
            "version": 0
          }
        ],
        "created": "2026-05-28",
        "updated": "2026-06-15",
        "hours": {
          "raw": "mo-sa 08:00-20:00; ph off"
        },
        "sources_by_field": {
          "name": "osm",
          "hours": "osm"
        },
        "apple_id_attempted": "2026-05-29",
        "payment": {},
        "google_attempted": "2026-06-19",
        "osm_removed": true
      }
    },
    {
      "type": "Feature",
      "geometry": {
        "type": "Point",
        "coordinates": [
          9.7568604,
          47.6355039
        ]
      },
      "properties": {
        "id": "tk_bwr_osm_n790449904",
        "name": "Avis",
        "address": {
          "street": "Bodenseestraße",
          "number": "52",
          "postalcode": "88239",
          "city": "Wangen im Allgäu",
          "district": "Neuravensburg"
        },
        "sources": [
          {
            "type": "osm",
            "id": "node/790449904",
            "version": 0
          }
        ],
        "created": "2026-05-28",
        "updated": "2026-07-06",
        "hours": {
          "raw": "Mo-Sa 08:00-20:00, Su 10:00-12:00"
        },
        "sources_by_field": {
          "name": "osm",
          "address.street": "osm",
          "address.number": "osm",
          "address.postalcode": "osm",
          "address.city": "osm",
          "address.district": "osm",
          "hours": "osm"
        },
        "apple_id_attempted": "2026-05-29",
        "google_attempted": "2026-06-19",
        "payment": {}
      }
    },
    {
      "type": "Feature",
      "geometry": {
        "type": "Point",
        "coordinates": [
          8.5325266,
          49.1835338
        ]
      },
      "properties": {
        "id": "tk_bwr_osm_n7923648886",
        "name": "Vogelpark Kiosk",
        "address": {},
        "sources": [
          {
            "type": "osm",
            "id": "node/7923648886",
            "version": 0
          }
        ],
        "created": "2026-05-28",
        "updated": "2026-07-06",
        "sources_by_field": {
          "name": "osm"
        },
        "apple_id_attempted": "2026-05-29",
        "google_attempted": "2026-06-19",
        "payment": {}
      }
    },
    {
      "type": "Feature",
      "geometry": {
        "type": "Point",
        "coordinates": [
          9.9378419,
          47.7438011
        ]
      },
      "properties": {
        "id": "tk_bwr_osm_n7948181865",
        "name": "Mosterei Milz",
        "address": {
          "street": "Meggen",
          "number": "23",
          "postalcode": "88260",
          "city": "Argenbühl"
        },
        "sources": [
          {
            "type": "osm",
            "id": "node/7948181865",
            "version": 0
          }
        ],
        "created": "2026-05-28",
        "updated": "2026-07-06",
        "payment": {
          "cash": "yes",
          "cards": "unknown",
          "contactless": "unknown",
          "girocard": "unknown"
        },
        "tags": [
          "barrierefrei"
        ],
        "sources_by_field": {
          "name": "osm",
          "address.street": "osm",
          "address.number": "osm",
          "address.postalcode": "osm",
          "address.city": "osm",
          "payment.cash": "osm",
          "payment.cards": "osm",
          "payment.contactless": "osm",
          "payment.girocard": "osm"
        },
        "apple_id_attempted": "2026-05-29",
        "google_attempted": "2026-06-19"
      }
    },
    {
      "type": "Feature",
      "geometry": {
        "type": "Point",
        "coordinates": [
          8.903174,
          48.3804654
        ]
      },
      "properties": {
        "id": "tk_bwr_osm_n799078593",
        "name": "Getränke Scheuer",
        "address": {
          "street": "Rudolf-Diesel-Straße",
          "number": "27",
          "postalcode": "72414",
          "city": "Rangendingen"
        },
        "sources": [
          {
            "type": "osm",
            "id": "node/799078593",
            "version": 0
          }
        ],
        "created": "2026-05-28",
        "updated": "2026-07-06",
        "tags": [
          "barrierefrei"
        ],
        "sources_by_field": {
          "name": "osm",
          "address.street": "osm",
          "address.number": "osm",
          "address.postalcode": "osm",
          "address.city": "osm"
        },
        "apple_id_attempted": "2026-05-29",
        "google_attempted": "2026-06-19",
        "payment": {}
      }
    },
    {
      "type": "Feature",
      "geometry": {
        "type": "Point",
        "coordinates": [
          10.1867465,
          48.6289411
        ]
      },
      "properties": {
        "id": "tk_bwr_osm_n8312847842",
        "name": "Tabak-Börse",
        "address": {},
        "sources": [
          {
            "type": "osm",
            "id": "node/8312847842",
            "version": 0
          }
        ],
        "created": "2026-05-28",
        "updated": "2026-07-06",
        "sources_by_field": {
          "name": "osm"
        },
        "apple_id_attempted": "2026-05-29",
        "google_attempted": "2026-06-19",
        "payment": {}
      }
    },
    {
      "type": "Feature",
      "geometry": {
        "type": "Point",
        "coordinates": [
          9.6985354,
          48.1354055
        ]
      },
      "properties": {
        "id": "tk_bwr_osm_n839155820",
        "name": "Keck",
        "address": {},
        "sources": [
          {
            "type": "osm",
            "id": "node/839155820",
            "version": 0
          }
        ],
        "created": "2026-05-28",
        "updated": "2026-07-06",
        "tags": [
          "barrierefrei"
        ],
        "sources_by_field": {
          "name": "osm"
        },
        "apple_id_attempted": "2026-05-29",
        "google_attempted": "2026-06-19",
        "payment": {}
      }
    },
    {
      "type": "Feature",
      "geometry": {
        "type": "Point",
        "coordinates": [
          10.1534308,
          48.6803847
        ]
      },
      "properties": {
        "id": "tk_bwr_osm_n840477496",
        "name": "Dürninger",
        "address": {},
        "sources": [
          {
            "type": "osm",
            "id": "node/840477496",
            "version": 0
          }
        ],
        "created": "2026-05-28",
        "updated": "2026-07-06",
        "hours": {
          "raw": "Mo-Fr 09:30-19:00; Sa 09:00-19:00"
        },
        "tags": [
          "barrierefrei"
        ],
        "sources_by_field": {
          "name": "osm",
          "hours": "osm"
        },
        "apple_id_attempted": "2026-05-29",
        "google_attempted": "2026-06-19",
        "payment": {}
      }
    },
    {
      "type": "Feature",
      "geometry": {
        "type": "Point",
        "coordinates": [
          8.4285577,
          48.4604949
        ]
      },
      "properties": {
        "id": "tk_bwr_osm_n847076614",
        "name": "Eckert",
        "address": {},
        "sources": [
          {
            "type": "osm",
            "id": "node/847076614",
            "version": 0
          }
        ],
        "created": "2026-05-28",
        "updated": "2026-07-06",
        "hours": {
          "raw": "Mo-Fr 06:00-20:00; Sa 07:00-20:00; Su 08:00-20:00"
        },
        "tags": [
          "barrierefrei"
        ],
        "sources_by_field": {
          "name": "osm",
          "hours": "osm"
        },
        "apple_id_attempted": "2026-05-29",
        "google_attempted": "2026-06-19",
        "payment": {}
      }
    },
    {
      "type": "Feature",
      "geometry": {
        "type": "Point",
        "coordinates": [
          9.789505,
          48.4022475
        ]
      },
      "properties": {
        "id": "tk_bwr_osm_n8605267732",
        "name": "Finkbeiner",
        "address": {},
        "sources": [
          {
            "type": "osm",
            "id": "node/8605267732",
            "version": 0
          }
        ],
        "created": "2026-05-28",
        "updated": "2026-06-15",
        "sources_by_field": {
          "name": "osm"
        },
        "apple_id_attempted": "2026-05-29",
        "payment": {},
        "google_attempted": "2026-06-19",
        "osm_removed": true
      }
    },
    {
      "type": "Feature",
      "geometry": {
        "type": "Point",
        "coordinates": [
          9.3795276,
          48.5018103
        ]
      },
      "properties": {
        "id": "tk_bwr_osm_n860583947",
        "name": "Mensa",
        "address": {},
        "sources": [
          {
            "type": "osm",
            "id": "node/860583947",
            "version": 0
          }
        ],
        "created": "2026-05-28",
        "updated": "2026-07-06",
        "hours": {
          "raw": "7:15-16:00"
        },
        "sources_by_field": {
          "name": "osm",
          "hours": "osm"
        },
        "apple_id_attempted": "2026-05-29",
        "google_attempted": "2026-06-19",
        "payment": {}
      }
    },
    {
      "type": "Feature",
      "geometry": {
        "type": "Point",
        "coordinates": [
          8.8491465,
          48.2593336
        ]
      },
      "properties": {
        "id": "tk_bwr_osm_n888768520",
        "name": "Supermarkt-Tankstelle",
        "address": {},
        "sources": [
          {
            "type": "osm",
            "id": "node/888768520",
            "version": 0
          }
        ],
        "created": "2026-05-28",
        "updated": "2026-07-06",
        "hours": {
          "raw": "Mo-Fr 07:30-20:00; Sa 08:00-20:00"
        },
        "payment": {
          "cash": "yes",
          "cards": "unknown",
          "contactless": "unknown",
          "girocard": "yes"
        },
        "tags": [
          "barrierefrei"
        ],
        "sources_by_field": {
          "name": "osm",
          "hours": "osm",
          "payment.cash": "osm",
          "payment.cards": "osm",
          "payment.contactless": "osm",
          "payment.girocard": "osm"
        },
        "apple_id_attempted": "2026-05-29"
      }
    },
    {
      "type": "Feature",
      "geometry": {
        "type": "Point",
        "coordinates": [
          10.2370288,
          48.5359754
        ]
      },
      "properties": {
        "id": "tk_bwr_osm_n9273173679",
        "name": "Total",
        "address": {
          "street": "Bahnhofstraße",
          "number": "22",
          "postalcode": "89168",
          "city": "Niederstotzingen",
          "district": "Oberstotzingen"
        },
        "sources": [
          {
            "type": "osm",
            "id": "node/9273173679",
            "version": 0
          }
        ],
        "created": "2026-05-28",
        "updated": "2026-07-06",
        "hours": {
          "raw": "Mo-Sa 06:00-22:00; Su,PH 07:00-22:00"
        },
        "sources_by_field": {
          "name": "osm",
          "address.street": "osm",
          "address.number": "osm",
          "address.postalcode": "osm",
          "address.city": "osm",
          "address.district": "osm",
          "hours": "osm"
        },
        "apple_id_attempted": "2026-05-29",
        "google_attempted": "2026-06-19",
        "payment": {}
      }
    },
    {
      "type": "Feature",
      "geometry": {
        "type": "Point",
        "coordinates": [
          10.0268018,
          48.624098
        ]
      },
      "properties": {
        "id": "tk_bwr_osm_n9288483543",
        "name": "Finkbeiner",
        "address": {
          "street": "Karlstraße",
          "number": "62",
          "postalcode": "89547",
          "city": "Gerstetten"
        },
        "sources": [
          {
            "type": "osm",
            "id": "node/9288483543",
            "version": 0
          }
        ],
        "created": "2026-05-28",
        "updated": "2026-07-06",
        "hours": {
          "raw": "Mo-Fr 08:30-19:00; Sa 08:00-16:00; PH off"
        },
        "sources_by_field": {
          "name": "osm",
          "address.street": "osm",
          "address.number": "osm",
          "address.postalcode": "osm",
          "address.city": "osm",
          "hours": "osm"
        },
        "apple_id_attempted": "2026-05-29",
        "google_attempted": "2026-06-19",
        "payment": {}
      }
    },
    {
      "type": "Feature",
      "geometry": {
        "type": "Point",
        "coordinates": [
          9.5983689,
          48.0600292
        ]
      },
      "properties": {
        "id": "tk_bwr_osm_n9370416417",
        "name": "Getränke Hausmann",
        "address": {
          "street": "Allmannsweiler Straße",
          "number": "2",
          "postalcode": "88422",
          "city": "Bad Buchau"
        },
        "sources": [
          {
            "type": "osm",
            "id": "node/9370416417",
            "version": 0
          }
        ],
        "created": "2026-05-28",
        "updated": "2026-07-06",
        "sources_by_field": {
          "name": "osm",
          "address.street": "osm",
          "address.number": "osm",
          "address.postalcode": "osm",
          "address.city": "osm"
        },
        "apple_id_attempted": "2026-05-29",
        "google_attempted": "2026-06-22",
        "payment": {}
      }
    },
    {
      "type": "Feature",
      "geometry": {
        "type": "Point",
        "coordinates": [
          9.8332885,
          47.6842794
        ]
      },
      "properties": {
        "id": "tk_bwr_osm_n937515945",
        "name": "Milchpilz",
        "address": {},
        "sources": [
          {
            "type": "osm",
            "id": "node/937515945",
            "version": 0
          }
        ],
        "created": "2026-05-28",
        "updated": "2026-07-06",
        "hours": {
          "raw": "Mo-Sa 11:00-20:00; Su 17:00-20:00"
        },
        "sources_by_field": {
          "name": "osm",
          "hours": "osm"
        },
        "apple_id_attempted": "2026-05-29",
        "google_attempted": "2026-06-22",
        "payment": {}
      }
    },
    {
      "type": "Feature",
      "geometry": {
        "type": "Point",
        "coordinates": [
          8.5601671,
          48.4898615
        ]
      },
      "properties": {
        "id": "tk_bwr_osm_n9547044128",
        "name": "Kiosk am Minigolf",
        "address": {
          "street": "Breitenbachstraße",
          "postalcode": "72178",
          "city": "Waldachtal"
        },
        "sources": [
          {
            "type": "osm",
            "id": "node/9547044128",
            "version": 0
          }
        ],
        "created": "2026-05-28",
        "updated": "2026-07-06",
        "payment": {
          "cash": "yes",
          "cards": "unknown",
          "contactless": "unknown",
          "girocard": "unknown"
        },
        "sources_by_field": {
          "name": "osm",
          "address.street": "osm",
          "address.postalcode": "osm",
          "address.city": "osm",
          "payment.cash": "osm",
          "payment.cards": "osm",
          "payment.contactless": "osm",
          "payment.girocard": "osm"
        },
        "apple_id_attempted": "2026-05-29",
        "google_attempted": "2026-06-22"
      }
    },
    {
      "type": "Feature",
      "geometry": {
        "type": "Point",
        "coordinates": [
          10.1584734,
          48.6799069
        ]
      },
      "properties": {
        "id": "tk_bwr_osm_n9668410275",
        "name": "Göbel",
        "address": {},
        "sources": [
          {
            "type": "osm",
            "id": "node/9668410275",
            "version": 0
          }
        ],
        "created": "2026-05-28",
        "updated": "2026-07-06",
        "hours": {
          "raw": "Mo off; Tu-Fr 08:30-19:00; Sa 08:00-14:00; PH off"
        },
        "payment": {
          "cash": "yes",
          "cards": "unknown",
          "contactless": "unknown",
          "girocard": "yes"
        },
        "sources_by_field": {
          "name": "osm",
          "hours": "osm",
          "payment.cash": "osm",
          "payment.cards": "osm",
          "payment.contactless": "osm",
          "payment.girocard": "osm"
        },
        "apple_id_attempted": "2026-05-29"
      }
    },
    {
      "type": "Feature",
      "geometry": {
        "type": "Point",
        "coordinates": [
          10.009249,
          48.6274186
        ]
      },
      "properties": {
        "id": "tk_bwr_osm_n9670482995",
        "name": "Netto Getränke-Discount",
        "address": {
          "street": "Daimlerstraße",
          "number": "5",
          "postalcode": "89547",
          "city": "Gerstetten"
        },
        "sources": [
          {
            "type": "osm",
            "id": "node/9670482995",
            "version": 0
          }
        ],
        "created": "2026-05-28",
        "updated": "2026-06-15",
        "hours": {
          "raw": "Mo-Sa 07:00-21:00"
        },
        "sources_by_field": {
          "name": "osm",
          "address.street": "osm",
          "address.number": "osm",
          "address.postalcode": "osm",
          "address.city": "osm",
          "hours": "osm"
        },
        "apple_id_attempted": "2026-05-29",
        "payment": {},
        "osm_removed": true,
        "google_attempted": "2026-06-22"
      }
    },
    {
      "type": "Feature",
      "geometry": {
        "type": "Point",
        "coordinates": [
          8.6898782,
          48.4419535
        ]
      },
      "properties": {
        "id": "tk_bwr_osm_n9723653552",
        "name": "Box",
        "address": {
          "street": "Bahnhofplatz",
          "number": "1",
          "postalcode": "72160",
          "city": "Horb am Neckar"
        },
        "sources": [
          {
            "type": "osm",
            "id": "node/9723653552",
            "version": 0
          }
        ],
        "created": "2026-05-28",
        "updated": "2026-07-06",
        "hours": {
          "raw": "Mo-Fr 08:30-19:00; Sa 09:00-18:00; Su off"
        },
        "sources_by_field": {
          "name": "osm",
          "address.street": "osm",
          "address.number": "osm",
          "address.postalcode": "osm",
          "address.city": "osm",
          "hours": "osm"
        },
        "apple_id_attempted": "2026-05-29",
        "google_attempted": "2026-06-22",
        "payment": {}
      }
    },
    {
      "type": "Feature",
      "geometry": {
        "type": "Point",
        "coordinates": [
          9.2082316,
          49.2397868
        ]
      },
      "properties": {
        "id": "tk_bwr_osm_n9733224755",
        "name": "Freibadkiosk",
        "address": {},
        "sources": [
          {
            "type": "osm",
            "id": "node/9733224755",
            "version": 0
          }
        ],
        "created": "2026-05-28",
        "updated": "2026-07-06",
        "payment": {
          "cash": "yes",
          "cards": "unknown",
          "contactless": "unknown",
          "girocard": "unknown"
        },
        "sources_by_field": {
          "name": "osm",
          "payment.cash": "osm",
          "payment.cards": "osm",
          "payment.contactless": "osm",
          "payment.girocard": "osm"
        },
        "apple_id_attempted": "2026-05-29",
        "google_attempted": "2026-06-22"
      }
    },
    {
      "type": "Feature",
      "geometry": {
        "type": "Point",
        "coordinates": [
          8.4830861,
          49.1618402
        ]
      },
      "properties": {
        "id": "tk_bwr_osm_n9828007190",
        "name": "Freibad-Kiosk",
        "address": {},
        "sources": [
          {
            "type": "osm",
            "id": "node/9828007190",
            "version": 0
          }
        ],
        "created": "2026-05-28",
        "updated": "2026-07-06",
        "tags": [
          "draussen"
        ],
        "sources_by_field": {
          "name": "osm"
        },
        "apple_id_attempted": "2026-05-29",
        "google_attempted": "2026-06-22",
        "payment": {}
      }
    },
    {
      "type": "Feature",
      "geometry": {
        "type": "Point",
        "coordinates": [
          9.5073267,
          48.4103294
        ]
      },
      "properties": {
        "id": "tk_bwr_osm_n9900996188",
        "name": "Gefako",
        "address": {},
        "sources": [
          {
            "type": "osm",
            "id": "node/9900996188",
            "version": 0
          }
        ],
        "created": "2026-05-28",
        "updated": "2026-07-06",
        "sources_by_field": {
          "name": "osm"
        },
        "apple_id_attempted": "2026-05-29",
        "google_attempted": "2026-06-22",
        "payment": {}
      }
    },
    {
      "type": "Feature",
      "geometry": {
        "type": "Point",
        "coordinates": [
          8.6030453,
          47.974958
        ]
      },
      "properties": {
        "id": "tk_bwr_osm_w100611842",
        "name": "Retzbach",
        "address": {
          "street": "Dorfstraße",
          "number": "25",
          "postalcode": "78073",
          "city": "Bad Dürrheim",
          "district": "Oberbaldingen"
        },
        "sources": [
          {
            "type": "osm",
            "id": "way/100611842",
            "version": 0
          }
        ],
        "created": "2026-05-28",
        "updated": "2026-07-06",
        "sources_by_field": {
          "name": "osm",
          "address.street": "osm",
          "address.number": "osm",
          "address.postalcode": "osm",
          "address.city": "osm",
          "address.district": "osm"
        },
        "apple_id_attempted": "2026-05-29",
        "google_attempted": "2026-06-22",
        "payment": {}
      }
    },
    {
      "type": "Feature",
      "geometry": {
        "type": "Point",
        "coordinates": [
          8.4575843,
          48.670495
        ]
      },
      "properties": {
        "id": "tk_bwr_osm_w104852331",
        "name": "Kasse/Imbiss",
        "address": {},
        "sources": [
          {
            "type": "osm",
            "id": "way/104852331",
            "version": 0
          }
        ],
        "created": "2026-05-28",
        "updated": "2026-07-06",
        "sources_by_field": {
          "name": "osm"
        },
        "apple_id_attempted": "2026-05-29",
        "google_attempted": "2026-06-22",
        "payment": {}
      }
    },
    {
      "type": "Feature",
      "geometry": {
        "type": "Point",
        "coordinates": [
          9.7930842,
          48.101495
        ]
      },
      "properties": {
        "id": "tk_bwr_osm_w105217369",
        "name": "Bahnhofskiosk",
        "address": {
          "street": "Bahnhof",
          "number": "4",
          "postalcode": "88400",
          "city": "Biberach an der Riß"
        },
        "sources": [
          {
            "type": "osm",
            "id": "way/105217369",
            "version": 0
          }
        ],
        "created": "2026-05-28",
        "updated": "2026-07-06",
        "hours": {
          "raw": "Mo-Fr 05:30-20:00; Sa 07:00-19:00; Su,PH 07:30-19:00"
        },
        "payment": {
          "cash": "unknown",
          "cards": "yes",
          "contactless": "unknown",
          "girocard": "unknown"
        },
        "sources_by_field": {
          "name": "osm",
          "address.street": "osm",
          "address.number": "osm",
          "address.postalcode": "osm",
          "address.city": "osm",
          "hours": "osm",
          "payment.cash": "osm",
          "payment.cards": "osm",
          "payment.contactless": "osm",
          "payment.girocard": "osm"
        },
        "apple_id_attempted": "2026-05-29"
      }
    },
    {
      "type": "Feature",
      "geometry": {
        "type": "Point",
        "coordinates": [
          9.3896873,
          49.4038951
        ]
      },
      "properties": {
        "id": "tk_bwr_osm_w1064921284",
        "name": "Wachter",
        "address": {
          "street": "Marktstraße",
          "number": "17",
          "postalcode": "74740",
          "city": "Adelsheim"
        },
        "sources": [
          {
            "type": "osm",
            "id": "way/1064921284",
            "version": 0
          }
        ],
        "created": "2026-05-28",
        "updated": "2026-07-06",
        "hours": {
          "raw": "Mo-Fr 09:00-12:30, 15:00-18:00; Sa 09:00-13:00"
        },
        "tags": [
          "barrierefrei"
        ],
        "sources_by_field": {
          "name": "osm",
          "address.street": "osm",
          "address.number": "osm",
          "address.postalcode": "osm",
          "address.city": "osm",
          "hours": "osm"
        },
        "apple_id_attempted": "2026-05-29",
        "google_attempted": "2026-06-22",
        "payment": {}
      }
    },
    {
      "type": "Feature",
      "geometry": {
        "type": "Point",
        "coordinates": [
          8.6702399,
          48.337112
        ]
      },
      "properties": {
        "id": "tk_bwr_osm_w1137606818",
        "name": "Getränkefachmarkt Pfefferle | Getränke Traub",
        "address": {
          "street": "Robert-Bosch-Straße",
          "number": "14",
          "postalcode": "72189",
          "city": "Vöhringen"
        },
        "sources": [
          {
            "type": "osm",
            "id": "way/1137606818",
            "version": 0
          }
        ],
        "created": "2026-05-28",
        "updated": "2026-07-06",
        "hours": {
          "raw": "Mo - Fr 09:00 - 12:00, 14:00 - 18:00; Sa 08:00 - 13:00"
        },
        "sources_by_field": {
          "name": "osm",
          "address.street": "osm",
          "address.number": "osm",
          "address.postalcode": "osm",
          "address.city": "osm",
          "hours": "osm"
        },
        "apple_id_attempted": "2026-05-29",
        "google_attempted": "2026-06-22",
        "payment": {}
      }
    },
    {
      "type": "Feature",
      "geometry": {
        "type": "Point",
        "coordinates": [
          9.0379636,
          49.1706221
        ]
      },
      "properties": {
        "id": "tk_bwr_osm_w120739634",
        "name": "Getränke Pyramide Mohr",
        "address": {
          "street": "Daimlerstraße",
          "number": "29",
          "postalcode": "74252",
          "city": "Massenbachhausen"
        },
        "sources": [
          {
            "type": "osm",
            "id": "way/120739634",
            "version": 0
          }
        ],
        "created": "2026-05-28",
        "updated": "2026-07-06",
        "sources_by_field": {
          "name": "osm",
          "address.street": "osm",
          "address.number": "osm",
          "address.postalcode": "osm",
          "address.city": "osm"
        },
        "apple_id_attempted": "2026-05-29",
        "google_attempted": "2026-06-22",
        "payment": {}
      }
    },
    {
      "type": "Feature",
      "geometry": {
        "type": "Point",
        "coordinates": [
          9.3968466,
          47.7157505
        ]
      },
      "properties": {
        "id": "tk_bwr_osm_w121263124",
        "name": "Weinkauff",
        "address": {
          "street": "Planckstraße",
          "number": "17",
          "postalcode": "88677",
          "city": "Markdorf"
        },
        "sources": [
          {
            "type": "osm",
            "id": "way/121263124",
            "version": 0
          }
        ],
        "created": "2026-05-28",
        "updated": "2026-07-06",
        "hours": {
          "raw": "Mo-Fr 08:30-19:00; Sa 08:30-16:00"
        },
        "payment": {
          "cash": "unknown",
          "cards": "yes",
          "contactless": "unknown",
          "girocard": "unknown"
        },
        "tags": [
          "barrierefrei"
        ],
        "sources_by_field": {
          "name": "osm",
          "address.street": "osm",
          "address.number": "osm",
          "address.postalcode": "osm",
          "address.city": "osm",
          "hours": "osm",
          "payment.cash": "osm",
          "payment.cards": "osm",
          "payment.contactless": "osm",
          "payment.girocard": "osm"
        },
        "apple_id_attempted": "2026-05-29"
      }
    },
    {
      "type": "Feature",
      "geometry": {
        "type": "Point",
        "coordinates": [
          9.7052851,
          48.2258778
        ]
      },
      "properties": {
        "id": "tk_bwr_osm_w122066898",
        "name": "Biggi's Seetreff",
        "address": {},
        "sources": [
          {
            "type": "osm",
            "id": "way/122066898",
            "version": 0
          }
        ],
        "created": "2026-05-28",
        "updated": "2026-07-06",
        "sources_by_field": {
          "name": "osm"
        },
        "apple_id_attempted": "2026-05-29",
        "google_attempted": "2026-06-22",
        "payment": {}
      }
    },
    {
      "type": "Feature",
      "geometry": {
        "type": "Point",
        "coordinates": [
          9.7906347,
          48.5446709
        ]
      },
      "properties": {
        "id": "tk_bwr_osm_w122098441",
        "name": "Getränke Beer",
        "address": {
          "street": "Römerstraße",
          "number": "20",
          "postalcode": "89191",
          "city": "Nellingen"
        },
        "sources": [
          {
            "type": "osm",
            "id": "way/122098441",
            "version": 0
          }
        ],
        "created": "2026-05-28",
        "updated": "2026-07-06",
        "hours": {
          "raw": "Mo-Fr 15:30-18:30; We off; Sa 08:30-12:30"
        },
        "sources_by_field": {
          "name": "osm",
          "address.street": "osm",
          "address.number": "osm",
          "address.postalcode": "osm",
          "address.city": "osm",
          "hours": "osm"
        },
        "apple_id_attempted": "2026-05-29",
        "google_attempted": "2026-06-22",
        "payment": {}
      }
    },
    {
      "type": "Feature",
      "geometry": {
        "type": "Point",
        "coordinates": [
          8.8332405,
          47.7578091
        ]
      },
      "properties": {
        "id": "tk_bwr_osm_w122295494",
        "name": "Getränke Müller",
        "address": {
          "street": "Schlachthausstraße",
          "number": "14",
          "postalcode": "78224",
          "city": "Singen (Hohentwiel)"
        },
        "sources": [
          {
            "type": "osm",
            "id": "way/122295494",
            "version": 0
          }
        ],
        "created": "2026-05-28",
        "updated": "2026-07-06",
        "sources_by_field": {
          "name": "osm",
          "address.street": "osm",
          "address.number": "osm",
          "address.postalcode": "osm",
          "address.city": "osm"
        },
        "apple_id_attempted": "2026-05-29",
        "google_attempted": "2026-06-22",
        "payment": {}
      }
    },
    {
      "type": "Feature",
      "geometry": {
        "type": "Point",
        "coordinates": [
          9.3883923,
          47.7171027
        ]
      },
      "properties": {
        "id": "tk_bwr_osm_w123601682",
        "name": "Presse Breu",
        "address": {
          "street": "Eisenbahnstraße",
          "number": "1b",
          "postalcode": "88677",
          "city": "Markdorf"
        },
        "sources": [
          {
            "type": "osm",
            "id": "way/123601682",
            "version": 0
          }
        ],
        "created": "2026-05-28",
        "updated": "2026-07-06",
        "hours": {
          "raw": "Mo-Fr 06:15-18:30; Sa 08:00-15:30; Su,PH 09:00-13:00"
        },
        "sources_by_field": {
          "name": "osm",
          "address.street": "osm",
          "address.number": "osm",
          "address.postalcode": "osm",
          "address.city": "osm",
          "hours": "osm"
        },
        "apple_id_attempted": "2026-05-29",
        "google_attempted": "2026-06-22",
        "payment": {}
      }
    },
    {
      "type": "Feature",
      "geometry": {
        "type": "Point",
        "coordinates": [
          9.2059793,
          48.0915277
        ]
      },
      "properties": {
        "id": "tk_bwr_osm_w124742562",
        "name": "Brauerei Zoller-Hof",
        "address": {},
        "sources": [
          {
            "type": "osm",
            "id": "way/124742562",
            "version": 0
          }
        ],
        "created": "2026-05-28",
        "updated": "2026-07-06",
        "sources_by_field": {
          "name": "osm"
        },
        "apple_id_attempted": "2026-05-29",
        "google_attempted": "2026-06-22",
        "payment": {}
      }
    },
    {
      "type": "Feature",
      "geometry": {
        "type": "Point",
        "coordinates": [
          8.0251548,
          48.4934977
        ]
      },
      "properties": {
        "id": "tk_bwr_osm_w125068727",
        "name": "Schwimmbadkiosk",
        "address": {
          "street": "Stollenberg",
          "number": "10",
          "postalcode": "77770",
          "city": "Durbach"
        },
        "sources": [
          {
            "type": "osm",
            "id": "way/125068727",
            "version": 0
          }
        ],
        "created": "2026-05-28",
        "updated": "2026-07-06",
        "sources_by_field": {
          "name": "osm",
          "address.street": "osm",
          "address.number": "osm",
          "address.postalcode": "osm",
          "address.city": "osm"
        },
        "apple_id_attempted": "2026-05-29",
        "payment": {}
      }
    },
    {
      "type": "Feature",
      "geometry": {
        "type": "Point",
        "coordinates": [
          8.2126811,
          48.813706
        ]
      },
      "properties": {
        "id": "tk_bwr_osm_w125675506",
        "name": "Schäfer GEFAKO-Abholmarkt",
        "address": {
          "street": "Neumattring",
          "number": "2",
          "postalcode": "76532",
          "city": "Baden-Baden",
          "district": "Haueneberstein"
        },
        "sources": [
          {
            "type": "osm",
            "id": "way/125675506",
            "version": 0
          }
        ],
        "created": "2026-05-28",
        "updated": "2026-07-06",
        "hours": {
          "raw": "Mo-Fr 08:00-12:30,14:00-18:30; Sa 08:00-13:00"
        },
        "tags": [
          "barrierefrei"
        ],
        "sources_by_field": {
          "name": "osm",
          "address.street": "osm",
          "address.number": "osm",
          "address.postalcode": "osm",
          "address.city": "osm",
          "address.district": "osm",
          "hours": "osm"
        },
        "apple_id_attempted": "2026-05-29",
        "payment": {}
      }
    },
    {
      "type": "Feature",
      "geometry": {
        "type": "Point",
        "coordinates": [
          8.9996184,
          48.275947
        ]
      },
      "properties": {
        "id": "tk_bwr_osm_w126474246",
        "name": "Netto Getränke-Discount",
        "address": {
          "street": "Riegelwiesen",
          "number": "9",
          "postalcode": "72461",
          "city": "Albstadt",
          "district": "Onstmettingen"
        },
        "sources": [
          {
            "type": "osm",
            "id": "way/126474246",
            "version": 0
          }
        ],
        "created": "2026-05-28",
        "updated": "2026-06-15",
        "hours": {
          "raw": "Mo-Sa 07:00-20:00"
        },
        "tags": [
          "barrierefrei"
        ],
        "sources_by_field": {
          "name": "osm",
          "address.street": "osm",
          "address.number": "osm",
          "address.postalcode": "osm",
          "address.city": "osm",
          "address.district": "osm",
          "hours": "osm"
        },
        "apple_id_attempted": "2026-05-29",
        "payment": {},
        "osm_removed": true
      }
    },
    {
      "type": "Feature",
      "geometry": {
        "type": "Point",
        "coordinates": [
          8.1778652,
          48.7766282
        ]
      },
      "properties": {
        "id": "tk_bwr_osm_w1317662811",
        "name": "Tabak Shop",
        "address": {
          "street": "Industriestraße",
          "number": "22",
          "postalcode": "76547",
          "city": "Sinzheim"
        },
        "sources": [
          {
            "type": "osm",
            "id": "way/1317662811",
            "version": 0
          }
        ],
        "created": "2026-05-28",
        "updated": "2026-07-06",
        "hours": {
          "raw": "Mo-Sa 07:00-21:00; Su,PH off"
        },
        "tags": [
          "barrierefrei"
        ],
        "sources_by_field": {
          "name": "osm",
          "address.street": "osm",
          "address.number": "osm",
          "address.postalcode": "osm",
          "address.city": "osm",
          "hours": "osm"
        },
        "apple_id_attempted": "2026-05-29",
        "payment": {}
      }
    },
    {
      "type": "Feature",
      "geometry": {
        "type": "Point",
        "coordinates": [
          8.151438,
          48.5673977
        ]
      },
      "properties": {
        "id": "tk_bwr_osm_w1332869503",
        "name": "Kiosk am Kurpark",
        "address": {},
        "sources": [
          {
            "type": "osm",
            "id": "way/1332869503",
            "version": 0
          }
        ],
        "created": "2026-05-28",
        "updated": "2026-07-06",
        "hours": {
          "raw": "Mo-Su,PH 11:00-17:00"
        },
        "sources_by_field": {
          "name": "osm",
          "hours": "osm"
        },
        "apple_id_attempted": "2026-05-29",
        "payment": {}
      }
    },
    {
      "type": "Feature",
      "geometry": {
        "type": "Point",
        "coordinates": [
          8.6206106,
          49.16878
        ]
      },
      "properties": {
        "id": "tk_bwr_osm_w137423242",
        "name": "Getränkewelt Bader",
        "address": {
          "street": "Zum Grenzgraben",
          "number": "1",
          "postalcode": "76698",
          "city": "Ubstadt-Weiher"
        },
        "sources": [
          {
            "type": "osm",
            "id": "way/137423242",
            "version": 0
          }
        ],
        "created": "2026-05-28",
        "updated": "2026-07-06",
        "hours": {
          "raw": "Mo-Fr 08:00-18:30; Sa 08:00-16:00"
        },
        "tags": [
          "barrierefrei"
        ],
        "sources_by_field": {
          "name": "osm",
          "address.street": "osm",
          "address.number": "osm",
          "address.postalcode": "osm",
          "address.city": "osm",
          "hours": "osm"
        },
        "apple_id_attempted": "2026-05-29",
        "payment": {}
      }
    },
    {
      "type": "Feature",
      "geometry": {
        "type": "Point",
        "coordinates": [
          8.6347569,
          49.1637037
        ]
      },
      "properties": {
        "id": "tk_bwr_osm_w140000874",
        "name": "Agip",
        "address": {
          "street": "Stettfelder Straße",
          "number": "56",
          "postalcode": "76698",
          "city": "Ubstadt-Weiher"
        },
        "sources": [
          {
            "type": "osm",
            "id": "way/140000874",
            "version": 0
          }
        ],
        "created": "2026-05-28",
        "updated": "2026-07-06",
        "sources_by_field": {
          "name": "osm",
          "address.street": "osm",
          "address.number": "osm",
          "address.postalcode": "osm",
          "address.city": "osm"
        },
        "apple_id_attempted": "2026-05-29",
        "payment": {}
      }
    },
    {
      "type": "Feature",
      "geometry": {
        "type": "Point",
        "coordinates": [
          9.7719412,
          49.4935506
        ]
      },
      "properties": {
        "id": "tk_bwr_osm_w1418421029",
        "name": "Eckert Lotto/Zeitschriften",
        "address": {
          "street": "Bahnhof",
          "number": "1",
          "postalcode": "97980",
          "city": "Bad Mergentheim"
        },
        "sources": [
          {
            "type": "osm",
            "id": "way/1418421029",
            "version": 0
          }
        ],
        "created": "2026-05-28",
        "updated": "2026-07-06",
        "sources_by_field": {
          "name": "osm",
          "address.street": "osm",
          "address.number": "osm",
          "address.postalcode": "osm",
          "address.city": "osm"
        },
        "apple_id_attempted": "2026-05-29",
        "payment": {}
      }
    },
    {
      "type": "Feature",
      "geometry": {
        "type": "Point",
        "coordinates": [
          9.6760849,
          47.9925686
        ]
      },
      "properties": {
        "id": "tk_bwr_osm_w1441863919",
        "name": "Sodawasserkios",
        "address": {},
        "sources": [
          {
            "type": "osm",
            "id": "way/1441863919",
            "version": 0
          }
        ],
        "created": "2026-05-28",
        "updated": "2026-07-06",
        "sources_by_field": {
          "name": "osm"
        },
        "apple_id_attempted": "2026-05-29",
        "payment": {}
      }
    },
    {
      "type": "Feature",
      "geometry": {
        "type": "Point",
        "coordinates": [
          9.8402097,
          48.3012072
        ]
      },
      "properties": {
        "id": "tk_bwr_osm_w146496260",
        "name": "Finkbeiner",
        "address": {
          "street": "Allee",
          "number": "42",
          "postalcode": "89610",
          "city": "Oberdischingen"
        },
        "sources": [
          {
            "type": "osm",
            "id": "way/146496260",
            "version": 0
          }
        ],
        "created": "2026-05-28",
        "updated": "2026-06-15",
        "hours": {
          "raw": "Mo-Sa 08:00-19:00"
        },
        "sources_by_field": {
          "name": "osm",
          "address.street": "osm",
          "address.number": "osm",
          "address.postalcode": "osm",
          "address.city": "osm",
          "hours": "osm"
        },
        "apple_id_attempted": "2026-05-29",
        "payment": {},
        "osm_removed": true
      }
    },
    {
      "type": "Feature",
      "geometry": {
        "type": "Point",
        "coordinates": [
          9.7243247,
          48.2852873
        ]
      },
      "properties": {
        "id": "tk_bwr_osm_w149616852",
        "name": "Kiosk",
        "address": {},
        "sources": [
          {
            "type": "osm",
            "id": "way/149616852",
            "version": 0
          }
        ],
        "created": "2026-05-28",
        "updated": "2026-07-06",
        "hours": {
          "raw": "Mo-Fr 06:00-18:30"
        },
        "tags": [
          "barrierefrei",
          "wc"
        ],
        "sources_by_field": {
          "name": "osm",
          "hours": "osm"
        },
        "apple_id_attempted": "2026-05-29",
        "payment": {}
      }
    },
    {
      "type": "Feature",
      "geometry": {
        "type": "Point",
        "coordinates": [
          9.1748544,
          47.667129
        ]
      },
      "properties": {
        "id": "tk_bwr_osm_w1497876596",
        "name": "Mizu",
        "address": {},
        "sources": [
          {
            "type": "osm",
            "id": "way/1497876596",
            "version": 0
          }
        ],
        "created": "2026-05-28",
        "updated": "2026-07-06",
        "hours": {
          "raw": "Mar,Oct 10:00-18:00; Nov-Feb off; Apr-Sep 10:00-19:00"
        },
        "payment": {
          "cash": "yes",
          "cards": "unknown",
          "contactless": "unknown",
          "girocard": "yes"
        },
        "tags": [
          "barrierefrei"
        ],
        "sources_by_field": {
          "name": "osm",
          "hours": "osm",
          "payment.cash": "osm",
          "payment.cards": "osm",
          "payment.contactless": "osm",
          "payment.girocard": "osm"
        },
        "apple_id_attempted": "2026-05-29"
      }
    },
    {
      "type": "Feature",
      "geometry": {
        "type": "Point",
        "coordinates": [
          8.7606092,
          47.8472594
        ]
      },
      "properties": {
        "id": "tk_bwr_osm_w151624328",
        "name": "Getränke Müller",
        "address": {
          "street": "Anselfinger Straße",
          "number": "32",
          "postalcode": "78234",
          "city": "Engen",
          "district": "Anselfingen"
        },
        "sources": [
          {
            "type": "osm",
            "id": "way/151624328",
            "version": 0
          }
        ],
        "created": "2026-05-28",
        "updated": "2026-07-06",
        "sources_by_field": {
          "name": "osm",
          "address.street": "osm",
          "address.number": "osm",
          "address.postalcode": "osm",
          "address.city": "osm",
          "address.district": "osm"
        },
        "apple_id_attempted": "2026-05-29",
        "payment": {}
      }
    },
    {
      "type": "Feature",
      "geometry": {
        "type": "Point",
        "coordinates": [
          9.8669234,
          48.2432226
        ]
      },
      "properties": {
        "id": "tk_bwr_osm_w165321773",
        "name": "Finkbeiner",
        "address": {
          "street": "Neue Welt",
          "number": "15",
          "postalcode": "88471",
          "city": "Laupheim"
        },
        "sources": [
          {
            "type": "osm",
            "id": "way/165321773",
            "version": 0
          }
        ],
        "created": "2026-05-28",
        "updated": "2026-07-06",
        "hours": {
          "raw": "Mo-Fr 08:30-20:00; Sa 08:00-19:00"
        },
        "sources_by_field": {
          "name": "osm",
          "address.street": "osm",
          "address.number": "osm",
          "address.postalcode": "osm",
          "address.city": "osm",
          "hours": "osm"
        },
        "apple_id_attempted": "2026-05-29",
        "payment": {}
      }
    },
    {
      "type": "Feature",
      "geometry": {
        "type": "Point",
        "coordinates": [
          9.9564438,
          48.5166727
        ]
      },
      "properties": {
        "id": "tk_bwr_osm_w173670011",
        "name": "Finkbeiner",
        "address": {},
        "sources": [
          {
            "type": "osm",
            "id": "way/173670011",
            "version": 0
          }
        ],
        "created": "2026-05-28",
        "updated": "2026-07-06",
        "sources_by_field": {
          "name": "osm"
        },
        "apple_id_attempted": "2026-05-29",
        "payment": {}
      }
    },
    {
      "type": "Feature",
      "geometry": {
        "type": "Point",
        "coordinates": [
          9.6800325,
          49.2883192
        ]
      },
      "properties": {
        "id": "tk_bwr_osm_w175512937",
        "name": "Getränke Landwehr",
        "address": {
          "street": "Würzburger Straße",
          "number": "46",
          "postalcode": "74653",
          "city": "Künzelsau"
        },
        "sources": [
          {
            "type": "osm",
            "id": "way/175512937",
            "version": 0
          }
        ],
        "created": "2026-05-28",
        "updated": "2026-07-06",
        "sources_by_field": {
          "name": "osm",
          "address.street": "osm",
          "address.number": "osm",
          "address.postalcode": "osm",
          "address.city": "osm"
        },
        "apple_id_attempted": "2026-05-29",
        "payment": {}
      }
    },
    {
      "type": "Feature",
      "geometry": {
        "type": "Point",
        "coordinates": [
          9.4480599,
          48.2569194
        ]
      },
      "properties": {
        "id": "tk_bwr_osm_w185975019",
        "name": "Kasse Friedrichshöhle",
        "address": {},
        "sources": [
          {
            "type": "osm",
            "id": "way/185975019",
            "version": 0
          }
        ],
        "created": "2026-05-28",
        "updated": "2026-07-06",
        "sources_by_field": {
          "name": "osm"
        },
        "apple_id_attempted": "2026-05-29",
        "payment": {}
      }
    },
    {
      "type": "Feature",
      "geometry": {
        "type": "Point",
        "coordinates": [
          9.1441847,
          49.3524953
        ]
      },
      "properties": {
        "id": "tk_bwr_osm_w191495458",
        "name": "Schmitt & Hahn",
        "address": {
          "street": "Gartenweg",
          "number": "1/1",
          "postalcode": "74821",
          "city": "Mosbach"
        },
        "sources": [
          {
            "type": "osm",
            "id": "way/191495458",
            "version": 0
          }
        ],
        "created": "2026-05-28",
        "updated": "2026-07-06",
        "hours": {
          "raw": "Mo-Fr 05:30-19:00; Sa 07:00-19:00; Su 08:30-19:00"
        },
        "sources_by_field": {
          "name": "osm",
          "address.street": "osm",
          "address.number": "osm",
          "address.postalcode": "osm",
          "address.city": "osm",
          "hours": "osm"
        },
        "apple_id_attempted": "2026-05-29",
        "payment": {}
      }
    },
    {
      "type": "Feature",
      "geometry": {
        "type": "Point",
        "coordinates": [
          9.1256528,
          49.3405974
        ]
      },
      "properties": {
        "id": "tk_bwr_osm_w191495997",
        "name": "Kaufland",
        "address": {
          "street": "Pfalzgraf-Otto-Straße",
          "number": "50",
          "postalcode": "74821",
          "city": "Mosbach"
        },
        "sources": [
          {
            "type": "osm",
            "id": "way/191495997",
            "version": 0
          }
        ],
        "created": "2026-05-28",
        "updated": "2026-06-15",
        "hours": {
          "raw": "Mo-Sa 07:00-22:00"
        },
        "sources_by_field": {
          "name": "osm",
          "address.street": "osm",
          "address.number": "osm",
          "address.postalcode": "osm",
          "address.city": "osm",
          "hours": "osm"
        },
        "apple_id_attempted": "2026-05-29",
        "payment": {},
        "osm_removed": true
      }
    },
    {
      "type": "Feature",
      "geometry": {
        "type": "Point",
        "coordinates": [
          9.0744414,
          48.1224989
        ]
      },
      "properties": {
        "id": "tk_bwr_osm_w201767799",
        "name": "Netto Getränke-Discount",
        "address": {
          "street": "Friedenstraße",
          "number": "3",
          "postalcode": "72510",
          "city": "Stetten am kalten Markt"
        },
        "sources": [
          {
            "type": "osm",
            "id": "way/201767799",
            "version": 0
          }
        ],
        "created": "2026-05-28",
        "updated": "2026-06-15",
        "hours": {
          "raw": "Mo-Sa 07:00-21:00"
        },
        "tags": [
          "barrierefrei"
        ],
        "sources_by_field": {
          "name": "osm",
          "address.street": "osm",
          "address.number": "osm",
          "address.postalcode": "osm",
          "address.city": "osm",
          "hours": "osm"
        },
        "apple_id_attempted": "2026-05-29",
        "payment": {},
        "osm_removed": true
      }
    },
    {
      "type": "Feature",
      "geometry": {
        "type": "Point",
        "coordinates": [
          10.0100514,
          48.6276091
        ]
      },
      "properties": {
        "id": "tk_bwr_osm_w203845469",
        "name": "Junginger",
        "address": {
          "street": "Daimlerstraße",
          "number": "3",
          "postalcode": "89547",
          "city": "Gerstetten"
        },
        "sources": [
          {
            "type": "osm",
            "id": "way/203845469",
            "version": 0
          }
        ],
        "created": "2026-05-28",
        "updated": "2026-07-06",
        "hours": {
          "raw": "Mo-Th 08:30-12:30,14:00-18:00; Fr 08:30-18:00; Sa 08:00-12:30"
        },
        "sources_by_field": {
          "name": "osm",
          "address.street": "osm",
          "address.number": "osm",
          "address.postalcode": "osm",
          "address.city": "osm",
          "hours": "osm"
        },
        "apple_id_attempted": "2026-05-29",
        "payment": {}
      }
    },
    {
      "type": "Feature",
      "geometry": {
        "type": "Point",
        "coordinates": [
          9.4469253,
          47.9344024
        ]
      },
      "properties": {
        "id": "tk_bwr_osm_w208629689",
        "name": "Hosskircher Badesee",
        "address": {},
        "sources": [
          {
            "type": "osm",
            "id": "way/208629689",
            "version": 0
          }
        ],
        "created": "2026-05-28",
        "updated": "2026-07-06",
        "hours": {
          "raw": "\"Wetterabhängig\""
        },
        "sources_by_field": {
          "name": "osm",
          "hours": "osm"
        },
        "apple_id_attempted": "2026-05-29",
        "payment": {}
      }
    },
    {
      "type": "Feature",
      "geometry": {
        "type": "Point",
        "coordinates": [
          9.9488874,
          48.0776169
        ]
      },
      "properties": {
        "id": "tk_bwr_osm_w209426033",
        "name": "Finkbeiner",
        "address": {
          "street": "Ulmer Straße",
          "number": "59",
          "postalcode": "88416",
          "city": "Ochsenhausen"
        },
        "sources": [
          {
            "type": "osm",
            "id": "way/209426033",
            "version": 0
          }
        ],
        "created": "2026-05-28",
        "updated": "2026-06-15",
        "sources_by_field": {
          "name": "osm",
          "address.street": "osm",
          "address.number": "osm",
          "address.postalcode": "osm",
          "address.city": "osm"
        },
        "apple_id_attempted": "2026-05-29",
        "payment": {},
        "osm_removed": true
      }
    },
    {
      "type": "Feature",
      "geometry": {
        "type": "Point",
        "coordinates": [
          9.5071046,
          49.1793006
        ]
      },
      "properties": {
        "id": "tk_bwr_osm_w211617425",
        "name": "Getränkeparadies",
        "address": {
          "street": "Öhringer Straße",
          "number": "4",
          "postalcode": "74629",
          "city": "Pfedelbach"
        },
        "sources": [
          {
            "type": "osm",
            "id": "way/211617425",
            "version": 0
          }
        ],
        "created": "2026-05-28",
        "updated": "2026-07-06",
        "hours": {
          "raw": "Mo-Fr 08:00-18:30; Sa 08:00-16:00"
        },
        "payment": {
          "cash": "unknown",
          "cards": "yes",
          "contactless": "unknown",
          "girocard": "unknown"
        },
        "tags": [
          "barrierefrei"
        ],
        "sources_by_field": {
          "name": "osm",
          "address.street": "osm",
          "address.number": "osm",
          "address.postalcode": "osm",
          "address.city": "osm",
          "hours": "osm",
          "payment.cash": "osm",
          "payment.cards": "osm",
          "payment.contactless": "osm",
          "payment.girocard": "osm"
        },
        "apple_id_attempted": "2026-05-29"
      }
    },
    {
      "type": "Feature",
      "geometry": {
        "type": "Point",
        "coordinates": [
          10.0892851,
          48.8349386
        ]
      },
      "properties": {
        "id": "tk_bwr_osm_w211936997",
        "name": "Getränke Weller",
        "address": {
          "street": "Untere Wöhrstraße",
          "number": "11",
          "postalcode": "73430",
          "city": "Aalen"
        },
        "sources": [
          {
            "type": "osm",
            "id": "way/211936997",
            "version": 0
          }
        ],
        "created": "2026-05-28",
        "updated": "2026-07-06",
        "hours": {
          "raw": "Mo-Fr 09:00-12:00,14:00-18:00; Sa 08:00-12:30; Su,PH off"
        },
        "tags": [
          "barrierefrei"
        ],
        "sources_by_field": {
          "name": "osm",
          "address.street": "osm",
          "address.number": "osm",
          "address.postalcode": "osm",
          "address.city": "osm",
          "hours": "osm"
        },
        "apple_id_attempted": "2026-05-29",
        "payment": {}
      }
    },
    {
      "type": "Feature",
      "geometry": {
        "type": "Point",
        "coordinates": [
          8.5085775,
          49.2481703
        ]
      },
      "properties": {
        "id": "tk_bwr_osm_w215491063",
        "name": "Imbiss-Stube",
        "address": {
          "street": "Weinbrennerstraße",
          "number": "9",
          "postalcode": "68753",
          "city": "Waghäusel"
        },
        "sources": [
          {
            "type": "osm",
            "id": "way/215491063",
            "version": 0
          }
        ],
        "created": "2026-05-28",
        "updated": "2026-07-06",
        "tags": [
          "raucherbereich"
        ],
        "sources_by_field": {
          "name": "osm",
          "address.street": "osm",
          "address.number": "osm",
          "address.postalcode": "osm",
          "address.city": "osm"
        },
        "apple_id_attempted": "2026-05-29",
        "payment": {}
      }
    },
    {
      "type": "Feature",
      "geometry": {
        "type": "Point",
        "coordinates": [
          9.2197546,
          47.7692403
        ]
      },
      "properties": {
        "id": "tk_bwr_osm_w217391329",
        "name": "Kretzer",
        "address": {
          "street": "Kirchgasse",
          "number": "12",
          "postalcode": "88662",
          "city": "Überlingen",
          "district": "Deisendorf"
        },
        "sources": [
          {
            "type": "osm",
            "id": "way/217391329",
            "version": 0
          }
        ],
        "created": "2026-05-28",
        "updated": "2026-07-06",
        "hours": {
          "raw": "Mo-Fr 08:00-18:00; Sa 08:00-12:00"
        },
        "sources_by_field": {
          "name": "osm",
          "address.street": "osm",
          "address.number": "osm",
          "address.postalcode": "osm",
          "address.city": "osm",
          "address.district": "osm",
          "hours": "osm"
        },
        "apple_id_attempted": "2026-05-29",
        "payment": {}
      }
    },
    {
      "type": "Feature",
      "geometry": {
        "type": "Point",
        "coordinates": [
          9.4383693,
          49.1787572
        ]
      },
      "properties": {
        "id": "tk_bwr_osm_w220667890",
        "name": "Aquarin Getränkewelt",
        "address": {
          "street": "Einsteinstraße",
          "number": "16",
          "postalcode": "74626",
          "city": "Bretzfeld"
        },
        "sources": [
          {
            "type": "osm",
            "id": "way/220667890",
            "version": 0
          }
        ],
        "created": "2026-05-28",
        "updated": "2026-07-06",
        "tags": [
          "barrierefrei"
        ],
        "sources_by_field": {
          "name": "osm",
          "address.street": "osm",
          "address.number": "osm",
          "address.postalcode": "osm",
          "address.city": "osm"
        },
        "apple_id_attempted": "2026-05-29",
        "payment": {}
      }
    },
    {
      "type": "Feature",
      "geometry": {
        "type": "Point",
        "coordinates": [
          10.062359,
          49.1413181
        ]
      },
      "properties": {
        "id": "tk_bwr_osm_w224792058",
        "name": "Kern",
        "address": {
          "street": "Haller Straße",
          "number": "12",
          "postalcode": "74564",
          "city": "Crailsheim"
        },
        "sources": [
          {
            "type": "osm",
            "id": "way/224792058",
            "version": 0
          }
        ],
        "created": "2026-05-28",
        "updated": "2026-07-06",
        "sources_by_field": {
          "name": "osm",
          "address.street": "osm",
          "address.number": "osm",
          "address.postalcode": "osm",
          "address.city": "osm"
        },
        "apple_id_attempted": "2026-05-29",
        "payment": {}
      }
    },
    {
      "type": "Feature",
      "geometry": {
        "type": "Point",
        "coordinates": [
          9.3355577,
          48.05119
        ]
      },
      "properties": {
        "id": "tk_bwr_osm_w225981947",
        "name": "Finkbeiner",
        "address": {
          "street": "Karlstraße",
          "number": "11",
          "postalcode": "88512",
          "city": "Mengen"
        },
        "sources": [
          {
            "type": "osm",
            "id": "way/225981947",
            "version": 0
          }
        ],
        "created": "2026-05-28",
        "updated": "2026-07-06",
        "hours": {
          "raw": "Mo-Fr 08:30-19:00; Sa 08:00-16:00"
        },
        "sources_by_field": {
          "name": "osm",
          "address.street": "osm",
          "address.number": "osm",
          "address.postalcode": "osm",
          "address.city": "osm",
          "hours": "osm"
        },
        "apple_id_attempted": "2026-05-29",
        "payment": {}
      }
    },
    {
      "type": "Feature",
      "geometry": {
        "type": "Point",
        "coordinates": [
          9.5009406,
          48.0138537
        ]
      },
      "properties": {
        "id": "tk_bwr_osm_w227742572",
        "name": "Eckert",
        "address": {
          "street": "Karlstraße",
          "number": "6/1",
          "postalcode": "88348",
          "city": "Bad Saulgau"
        },
        "sources": [
          {
            "type": "osm",
            "id": "way/227742572",
            "version": 0
          }
        ],
        "created": "2026-05-28",
        "updated": "2026-07-06",
        "sources_by_field": {
          "name": "osm",
          "address.street": "osm",
          "address.number": "osm",
          "address.postalcode": "osm",
          "address.city": "osm"
        },
        "apple_id_attempted": "2026-05-29",
        "payment": {}
      }
    },
    {
      "type": "Feature",
      "geometry": {
        "type": "Point",
        "coordinates": [
          9.0146562,
          48.2104908
        ]
      },
      "properties": {
        "id": "tk_bwr_osm_w227844462",
        "name": "Mebold",
        "address": {
          "street": "Kientenstraße",
          "number": "14",
          "postalcode": "72458",
          "city": "Albstadt",
          "district": "Ebingen"
        },
        "sources": [
          {
            "type": "osm",
            "id": "way/227844462",
            "version": 0
          }
        ],
        "created": "2026-05-28",
        "updated": "2026-07-06",
        "hours": {
          "raw": "Mo-Fr 08:30-19:00; Sa 08:00-16:00"
        },
        "tags": [
          "barrierefrei"
        ],
        "sources_by_field": {
          "name": "osm",
          "address.street": "osm",
          "address.number": "osm",
          "address.postalcode": "osm",
          "address.city": "osm",
          "address.district": "osm",
          "hours": "osm"
        },
        "apple_id_attempted": "2026-05-29",
        "payment": {}
      }
    },
    {
      "type": "Feature",
      "geometry": {
        "type": "Point",
        "coordinates": [
          9.9360461,
          48.800275
        ]
      },
      "properties": {
        "id": "tk_bwr_osm_w230560181",
        "name": "Getränke Meyer",
        "address": {
          "street": "In den Bachwiesen",
          "number": "1",
          "postalcode": "73540",
          "city": "Heubach"
        },
        "sources": [
          {
            "type": "osm",
            "id": "way/230560181",
            "version": 0
          }
        ],
        "created": "2026-05-28",
        "updated": "2026-07-06",
        "hours": {
          "raw": "Mo-Fr 09:00-18:30, Sa 09:00-14:00"
        },
        "sources_by_field": {
          "name": "osm",
          "address.street": "osm",
          "address.number": "osm",
          "address.postalcode": "osm",
          "address.city": "osm",
          "hours": "osm"
        },
        "apple_id_attempted": "2026-05-29",
        "payment": {}
      }
    },
    {
      "type": "Feature",
      "geometry": {
        "type": "Point",
        "coordinates": [
          10.0281396,
          48.8164703
        ]
      },
      "properties": {
        "id": "tk_bwr_osm_w233171328",
        "name": "Getränkeparadies Meyer",
        "address": {
          "street": "Bahnhofstraße",
          "number": "77",
          "postalcode": "73457",
          "city": "Essingen"
        },
        "sources": [
          {
            "type": "osm",
            "id": "way/233171328",
            "version": 0
          }
        ],
        "created": "2026-05-28",
        "updated": "2026-07-06",
        "hours": {
          "raw": "Mo-Fr 09:00-19:00; Sa 08:00-16:00"
        },
        "tags": [
          "barrierefrei"
        ],
        "sources_by_field": {
          "name": "osm",
          "address.street": "osm",
          "address.number": "osm",
          "address.postalcode": "osm",
          "address.city": "osm",
          "hours": "osm"
        },
        "apple_id_attempted": "2026-05-29",
        "payment": {}
      }
    },
    {
      "type": "Feature",
      "geometry": {
        "type": "Point",
        "coordinates": [
          8.8761959,
          48.4811916
        ]
      },
      "properties": {
        "id": "tk_bwr_osm_w240955283",
        "name": "Brauerei Schimpf",
        "address": {
          "street": "Schwarzwaldstraße",
          "number": "43",
          "postalcode": "72149",
          "city": "Neustetten",
          "district": "Remmingsheim"
        },
        "sources": [
          {
            "type": "osm",
            "id": "way/240955283",
            "version": 0
          }
        ],
        "created": "2026-05-28",
        "updated": "2026-07-06",
        "hours": {
          "raw": "Mo-Fr 08:00-12:00,13:00-17:30; Sa 08:00-12:00; Su,PH off"
        },
        "sources_by_field": {
          "name": "osm",
          "address.street": "osm",
          "address.number": "osm",
          "address.postalcode": "osm",
          "address.city": "osm",
          "address.district": "osm",
          "hours": "osm"
        },
        "apple_id_attempted": "2026-05-29",
        "payment": {}
      }
    },
    {
      "type": "Feature",
      "geometry": {
        "type": "Point",
        "coordinates": [
          10.1021736,
          48.1453137
        ]
      },
      "properties": {
        "id": "tk_bwr_osm_w246476552",
        "name": "Kiosk",
        "address": {
          "street": "Im Anger",
          "number": "15",
          "postalcode": "88486",
          "city": "Kirchberg an der Iller",
          "district": "Sinningen"
        },
        "sources": [
          {
            "type": "osm",
            "id": "way/246476552",
            "version": 0
          }
        ],
        "created": "2026-05-28",
        "updated": "2026-07-06",
        "sources_by_field": {
          "name": "osm",
          "address.street": "osm",
          "address.number": "osm",
          "address.postalcode": "osm",
          "address.city": "osm",
          "address.district": "osm"
        },
        "apple_id_attempted": "2026-05-29",
        "payment": {}
      }
    },
    {
      "type": "Feature",
      "geometry": {
        "type": "Point",
        "coordinates": [
          9.0399004,
          48.406888
        ]
      },
      "properties": {
        "id": "tk_bwr_osm_w246662850",
        "name": "Edeka",
        "address": {
          "street": "Maybachstraße",
          "number": "2",
          "postalcode": "72116",
          "city": "Mössingen"
        },
        "sources": [
          {
            "type": "osm",
            "id": "way/246662850",
            "version": 0
          }
        ],
        "created": "2026-05-28",
        "updated": "2026-07-06",
        "hours": {
          "raw": "Mo-Sa 08:00-22:00"
        },
        "payment": {
          "cash": "unknown",
          "cards": "yes",
          "contactless": "unknown",
          "girocard": "unknown"
        },
        "tags": [
          "barrierefrei"
        ],
        "sources_by_field": {
          "name": "osm",
          "address.street": "osm",
          "address.number": "osm",
          "address.postalcode": "osm",
          "address.city": "osm",
          "hours": "osm",
          "payment.cash": "osm",
          "payment.cards": "osm",
          "payment.contactless": "osm",
          "payment.girocard": "osm"
        },
        "apple_id_attempted": "2026-05-29"
      }
    },
    {
      "type": "Feature",
      "geometry": {
        "type": "Point",
        "coordinates": [
          8.4021727,
          48.5258214
        ]
      },
      "properties": {
        "id": "tk_bwr_osm_w247539578",
        "name": "Naturgolf Reichenbachtal",
        "address": {
          "street": "Schwimmbadweg",
          "number": "5",
          "city": "Baiersbronn"
        },
        "sources": [
          {
            "type": "osm",
            "id": "way/247539578",
            "version": 0
          }
        ],
        "created": "2026-06-01",
        "updated": "2026-07-06",
        "hours": {
          "raw": "Th,Fr 14:00+; Sa,Su,PH 11:00+"
        },
        "sources_by_field": {
          "name": "osm",
          "address.street": "osm",
          "address.number": "osm",
          "address.city": "osm",
          "hours": "osm"
        },
        "apple_id_attempted": "2026-06-03",
        "payment": {}
      }
    },
    {
      "type": "Feature",
      "geometry": {
        "type": "Point",
        "coordinates": [
          8.894349,
          48.5809722
        ]
      },
      "properties": {
        "id": "tk_bwr_osm_w254654837",
        "name": "Shell",
        "address": {
          "street": "Ohmstraße",
          "number": "5",
          "postalcode": "71083",
          "city": "Herrenberg",
          "district": "Gültstein"
        },
        "sources": [
          {
            "type": "osm",
            "id": "way/254654837",
            "version": 0
          }
        ],
        "created": "2026-05-28",
        "updated": "2026-07-06",
        "hours": {
          "raw": "24/7"
        },
        "payment": {
          "cash": "yes",
          "cards": "unknown",
          "contactless": "unknown",
          "girocard": "yes"
        },
        "tags": [
          "barrierefrei"
        ],
        "sources_by_field": {
          "name": "osm",
          "address.street": "osm",
          "address.number": "osm",
          "address.postalcode": "osm",
          "address.city": "osm",
          "address.district": "osm",
          "hours": "osm",
          "payment.cash": "osm",
          "payment.cards": "osm",
          "payment.contactless": "osm",
          "payment.girocard": "osm"
        },
        "apple_id_attempted": "2026-05-29"
      }
    },
    {
      "type": "Feature",
      "geometry": {
        "type": "Point",
        "coordinates": [
          10.07395,
          49.1334986
        ]
      },
      "properties": {
        "id": "tk_bwr_osm_w254967447",
        "name": "Shell",
        "address": {
          "street": "Ellwanger Straße",
          "number": "7/1",
          "postalcode": "74564",
          "city": "Crailsheim"
        },
        "sources": [
          {
            "type": "osm",
            "id": "way/254967447",
            "version": 0
          }
        ],
        "created": "2026-05-28",
        "updated": "2026-07-06",
        "sources_by_field": {
          "name": "osm",
          "address.street": "osm",
          "address.number": "osm",
          "address.postalcode": "osm",
          "address.city": "osm"
        },
        "apple_id_attempted": "2026-05-29",
        "payment": {}
      }
    },
    {
      "type": "Feature",
      "geometry": {
        "type": "Point",
        "coordinates": [
          9.5575626,
          47.6998283
        ]
      },
      "properties": {
        "id": "tk_bwr_osm_w258681110",
        "name": "Finkbeiner",
        "address": {
          "street": "Oskar-von-Miller-Platz",
          "number": "8",
          "postalcode": "88074",
          "city": "Meckenbeuren"
        },
        "sources": [
          {
            "type": "osm",
            "id": "way/258681110",
            "version": 0
          }
        ],
        "created": "2026-05-28",
        "updated": "2026-06-15",
        "hours": {
          "raw": "Mo-Fr 08:00-20:00; Sa 08:00-18:00; Su off"
        },
        "tags": [
          "barrierefrei"
        ],
        "sources_by_field": {
          "name": "osm",
          "address.street": "osm",
          "address.number": "osm",
          "address.postalcode": "osm",
          "address.city": "osm",
          "hours": "osm"
        },
        "apple_id_attempted": "2026-05-29",
        "payment": {},
        "osm_removed": true
      }
    },
    {
      "type": "Feature",
      "geometry": {
        "type": "Point",
        "coordinates": [
          9.1718782,
          47.6610952
        ]
      },
      "properties": {
        "id": "tk_bwr_osm_w258701299",
        "name": "Sandmann",
        "address": {
          "street": "Lutherplatz",
          "number": "1a",
          "postalcode": "78462",
          "city": "Konstanz"
        },
        "sources": [
          {
            "type": "osm",
            "id": "way/258701299",
            "version": 0
          }
        ],
        "created": "2026-05-28",
        "updated": "2026-07-06",
        "tags": [
          "barrierefrei"
        ],
        "sources_by_field": {
          "name": "osm",
          "address.street": "osm",
          "address.number": "osm",
          "address.postalcode": "osm",
          "address.city": "osm"
        },
        "apple_id_attempted": "2026-05-29",
        "payment": {}
      }
    },
    {
      "type": "Feature",
      "geometry": {
        "type": "Point",
        "coordinates": [
          9.3379284,
          49.4370346
        ]
      },
      "properties": {
        "id": "tk_bwr_osm_w260632225",
        "name": "Wachter Getränke-Service GmbH & Co. KG",
        "address": {
          "street": "In der Au",
          "number": "31",
          "postalcode": "74743",
          "city": "Seckach"
        },
        "sources": [
          {
            "type": "osm",
            "id": "way/260632225",
            "version": 0
          }
        ],
        "created": "2026-05-28",
        "updated": "2026-07-06",
        "tags": [
          "barrierefrei"
        ],
        "sources_by_field": {
          "name": "osm",
          "address.street": "osm",
          "address.number": "osm",
          "address.postalcode": "osm",
          "address.city": "osm"
        },
        "apple_id_attempted": "2026-05-29",
        "payment": {}
      }
    },
    {
      "type": "Feature",
      "geometry": {
        "type": "Point",
        "coordinates": [
          8.2141078,
          48.8111083
        ]
      },
      "properties": {
        "id": "tk_bwr_osm_w275939528",
        "name": "Schäfer + Schmitt Getränkevertriebsgesellschaft mbH",
        "address": {
          "street": "Bahnhofstraße",
          "number": "59",
          "postalcode": "76532",
          "city": "Baden-Baden"
        },
        "sources": [
          {
            "type": "osm",
            "id": "way/275939528",
            "version": 0
          }
        ],
        "created": "2026-05-28",
        "updated": "2026-07-06",
        "hours": {
          "raw": "Mo-Fr 07:00-16:30"
        },
        "sources_by_field": {
          "name": "osm",
          "address.street": "osm",
          "address.number": "osm",
          "address.postalcode": "osm",
          "address.city": "osm",
          "hours": "osm"
        },
        "apple_id_attempted": "2026-05-29",
        "payment": {}
      }
    },
    {
      "type": "Feature",
      "geometry": {
        "type": "Point",
        "coordinates": [
          9.6311241,
          47.7492462
        ]
      },
      "properties": {
        "id": "tk_bwr_osm_w277855825",
        "name": "Kiosk Flappachbad",
        "address": {},
        "sources": [
          {
            "type": "osm",
            "id": "way/277855825",
            "version": 0
          }
        ],
        "created": "2026-05-28",
        "updated": "2026-07-06",
        "sources_by_field": {
          "name": "osm"
        },
        "apple_id_attempted": "2026-05-29",
        "payment": {}
      }
    },
    {
      "type": "Feature",
      "geometry": {
        "type": "Point",
        "coordinates": [
          8.963228,
          48.3251619
        ]
      },
      "properties": {
        "id": "tk_bwr_osm_w282891188",
        "name": "Zollerberg-Stube",
        "address": {
          "postalcode": "72379",
          "city": "Hechingen"
        },
        "sources": [
          {
            "type": "osm",
            "id": "way/282891188",
            "version": 0
          }
        ],
        "created": "2026-05-28",
        "updated": "2026-07-06",
        "sources_by_field": {
          "name": "osm",
          "address.postalcode": "osm",
          "address.city": "osm"
        },
        "apple_id_attempted": "2026-05-29",
        "payment": {}
      }
    },
    {
      "type": "Feature",
      "geometry": {
        "type": "Point",
        "coordinates": [
          8.9674241,
          48.3234071
        ]
      },
      "properties": {
        "id": "tk_bwr_osm_w283738161",
        "name": "Unter den Linden",
        "address": {},
        "sources": [
          {
            "type": "osm",
            "id": "way/283738161",
            "version": 0
          }
        ],
        "created": "2026-05-28",
        "updated": "2026-07-06",
        "tags": [
          "barrierefrei"
        ],
        "sources_by_field": {
          "name": "osm"
        },
        "apple_id_attempted": "2026-05-29",
        "payment": {}
      }
    },
    {
      "type": "Feature",
      "geometry": {
        "type": "Point",
        "coordinates": [
          9.7001263,
          47.7303551
        ]
      },
      "properties": {
        "id": "tk_bwr_osm_w287412577",
        "name": "Finkbeiner",
        "address": {
          "street": "Birkenstraße",
          "number": "7/1",
          "postalcode": "88285",
          "city": "Bodnegg",
          "district": "Rotheidlen"
        },
        "sources": [
          {
            "type": "osm",
            "id": "way/287412577",
            "version": 0
          }
        ],
        "created": "2026-05-28",
        "updated": "2026-07-06",
        "hours": {
          "raw": "Mo-Fr 07:00-22:00; Sa 07:00-22:00"
        },
        "payment": {
          "cash": "yes",
          "cards": "unknown",
          "contactless": "yes",
          "girocard": "yes"
        },
        "tags": [
          "barrierefrei"
        ],
        "sources_by_field": {
          "name": "osm",
          "address.street": "osm",
          "address.number": "osm",
          "address.postalcode": "osm",
          "address.city": "osm",
          "address.district": "osm",
          "hours": "osm",
          "payment.cash": "osm",
          "payment.cards": "osm",
          "payment.contactless": "osm",
          "payment.girocard": "osm"
        },
        "apple_id_attempted": "2026-05-29"
      }
    },
    {
      "type": "Feature",
      "geometry": {
        "type": "Point",
        "coordinates": [
          8.4238691,
          49.1857789
        ]
      },
      "properties": {
        "id": "tk_bwr_osm_w290460516",
        "name": "Leselust & Gaumenfreuden & Postfiliale",
        "address": {
          "street": "Huttenheimer Straße",
          "number": "24",
          "postalcode": "76706",
          "city": "Dettenheim"
        },
        "sources": [
          {
            "type": "osm",
            "id": "way/290460516",
            "version": 0
          }
        ],
        "created": "2026-05-28",
        "updated": "2026-07-06",
        "sources_by_field": {
          "name": "osm",
          "address.street": "osm",
          "address.number": "osm",
          "address.postalcode": "osm",
          "address.city": "osm"
        },
        "apple_id_attempted": "2026-05-29",
        "payment": {}
      }
    },
    {
      "type": "Feature",
      "geometry": {
        "type": "Point",
        "coordinates": [
          8.129759,
          48.6124561
        ]
      },
      "properties": {
        "id": "tk_bwr_osm_w292059784",
        "name": "Getränkeverkauf Heidi Köninger",
        "address": {
          "street": "Talstraße",
          "number": "66",
          "postalcode": "77887",
          "city": "Sasbachwalden"
        },
        "sources": [
          {
            "type": "osm",
            "id": "way/292059784",
            "version": 0
          }
        ],
        "created": "2026-05-28",
        "updated": "2026-07-06",
        "hours": {
          "raw": "Mo 08:00-12:30; Tu-Fr 08:00-18:00; Sa 08:00-13:00"
        },
        "sources_by_field": {
          "name": "osm",
          "address.street": "osm",
          "address.number": "osm",
          "address.postalcode": "osm",
          "address.city": "osm",
          "hours": "osm"
        },
        "apple_id_attempted": "2026-05-29",
        "payment": {}
      }
    },
    {
      "type": "Feature",
      "geometry": {
        "type": "Point",
        "coordinates": [
          9.2231675,
          49.1976908
        ]
      },
      "properties": {
        "id": "tk_bwr_osm_w293036820",
        "name": "Automatenstation",
        "address": {},
        "sources": [
          {
            "type": "osm",
            "id": "way/293036820",
            "version": 0
          }
        ],
        "created": "2026-05-28",
        "updated": "2026-07-06",
        "sources_by_field": {
          "name": "osm"
        },
        "apple_id_attempted": "2026-05-29",
        "payment": {}
      }
    },
    {
      "type": "Feature",
      "geometry": {
        "type": "Point",
        "coordinates": [
          9.1815939,
          49.4522324
        ]
      },
      "properties": {
        "id": "tk_bwr_osm_w293579154",
        "name": "Minigolfhütte",
        "address": {},
        "sources": [
          {
            "type": "osm",
            "id": "way/293579154",
            "version": 0
          }
        ],
        "created": "2026-05-28",
        "updated": "2026-07-06",
        "sources_by_field": {
          "name": "osm"
        },
        "apple_id_attempted": "2026-05-29",
        "payment": {}
      }
    },
    {
      "type": "Feature",
      "geometry": {
        "type": "Point",
        "coordinates": [
          7.9491051,
          48.44006
        ]
      },
      "properties": {
        "id": "tk_bwr_osm_w300337235",
        "name": "Kloos Getränke",
        "address": {
          "street": "Kirchstraße",
          "number": "8",
          "postalcode": "77656",
          "city": "Offenburg",
          "district": "Elgersweier"
        },
        "sources": [
          {
            "type": "osm",
            "id": "way/300337235",
            "version": 0
          }
        ],
        "created": "2026-05-28",
        "updated": "2026-07-06",
        "hours": {
          "raw": "Mo-Fr 09:00-12:30,14:30-18:30; Sa 08:30-13:00; PH off"
        },
        "tags": [
          "barrierefrei"
        ],
        "sources_by_field": {
          "name": "osm",
          "address.street": "osm",
          "address.number": "osm",
          "address.postalcode": "osm",
          "address.city": "osm",
          "address.district": "osm",
          "hours": "osm"
        },
        "apple_id_attempted": "2026-05-29",
        "payment": {}
      }
    },
    {
      "type": "Feature",
      "geometry": {
        "type": "Point",
        "coordinates": [
          9.7365272,
          49.5435303
        ]
      },
      "properties": {
        "id": "tk_bwr_osm_w300383467",
        "name": "Getränkehandlung Ott",
        "address": {
          "street": "Gewerbestraße",
          "number": "5",
          "postalcode": "97922",
          "city": "Lauda-Königshofen",
          "district": "Königshofen"
        },
        "sources": [
          {
            "type": "osm",
            "id": "way/300383467",
            "version": 0
          }
        ],
        "created": "2026-05-28",
        "updated": "2026-07-06",
        "sources_by_field": {
          "name": "osm",
          "address.street": "osm",
          "address.number": "osm",
          "address.postalcode": "osm",
          "address.city": "osm",
          "address.district": "osm"
        },
        "apple_id_attempted": "2026-05-29",
        "payment": {}
      }
    },
    {
      "type": "Feature",
      "geometry": {
        "type": "Point",
        "coordinates": [
          9.6496098,
          48.2353796
        ]
      },
      "properties": {
        "id": "tk_bwr_osm_w303650486",
        "name": "Finkbeiner",
        "address": {
          "street": "Stöcklenstraße",
          "number": "6",
          "postalcode": "89597",
          "city": "Munderkingen"
        },
        "sources": [
          {
            "type": "osm",
            "id": "way/303650486",
            "version": 0
          }
        ],
        "created": "2026-05-28",
        "updated": "2026-07-06",
        "tags": [
          "barrierefrei"
        ],
        "sources_by_field": {
          "name": "osm",
          "address.street": "osm",
          "address.number": "osm",
          "address.postalcode": "osm",
          "address.city": "osm"
        },
        "apple_id_attempted": "2026-05-29",
        "payment": {}
      }
    },
    {
      "type": "Feature",
      "geometry": {
        "type": "Point",
        "coordinates": [
          8.5727723,
          48.5376439
        ]
      },
      "properties": {
        "id": "tk_bwr_osm_w304197805",
        "name": "Getränke Traub",
        "address": {
          "street": "Dieselstraße",
          "number": "6",
          "postalcode": "72285",
          "city": "Pfalzgrafenweiler"
        },
        "sources": [
          {
            "type": "osm",
            "id": "way/304197805",
            "version": 0
          }
        ],
        "created": "2026-05-28",
        "updated": "2026-07-06",
        "hours": {
          "raw": "Mo-Fr 08:00-20:00 ; Sa 08:00-18:00"
        },
        "tags": [
          "barrierefrei"
        ],
        "sources_by_field": {
          "name": "osm",
          "address.street": "osm",
          "address.number": "osm",
          "address.postalcode": "osm",
          "address.city": "osm",
          "hours": "osm"
        },
        "apple_id_attempted": "2026-05-29",
        "payment": {}
      }
    },
    {
      "type": "Feature",
      "geometry": {
        "type": "Point",
        "coordinates": [
          8.819177,
          48.2876229
        ]
      },
      "properties": {
        "id": "tk_bwr_osm_w307308771",
        "name": "Shell",
        "address": {
          "street": "Vorstadtstraße",
          "number": "62",
          "postalcode": "72351",
          "city": "Geislingen"
        },
        "sources": [
          {
            "type": "osm",
            "id": "way/307308771",
            "version": 0
          }
        ],
        "created": "2026-05-28",
        "updated": "2026-07-06",
        "sources_by_field": {
          "name": "osm",
          "address.street": "osm",
          "address.number": "osm",
          "address.postalcode": "osm",
          "address.city": "osm"
        },
        "apple_id_attempted": "2026-05-29",
        "payment": {}
      }
    },
    {
      "type": "Feature",
      "geometry": {
        "type": "Point",
        "coordinates": [
          10.0763042,
          47.8914904
        ]
      },
      "properties": {
        "id": "tk_bwr_osm_w308788998",
        "name": "Getränke Hauser GmbH",
        "address": {
          "street": "Weberstraße",
          "number": "2"
        },
        "sources": [
          {
            "type": "osm",
            "id": "way/308788998",
            "version": 0
          }
        ],
        "created": "2026-05-28",
        "updated": "2026-07-06",
        "hours": {
          "raw": "Mo-Fr 09:00-12:00,14:30-18:00;Sa 08:30-12:00;PH,Su closed"
        },
        "sources_by_field": {
          "name": "osm",
          "address.street": "osm",
          "address.number": "osm",
          "hours": "osm"
        },
        "apple_id_attempted": "2026-05-29",
        "payment": {}
      }
    },
    {
      "type": "Feature",
      "geometry": {
        "type": "Point",
        "coordinates": [
          9.7847944,
          48.1267212
        ]
      },
      "properties": {
        "id": "tk_bwr_osm_w313226822",
        "name": "Waldschlößchen",
        "address": {},
        "sources": [
          {
            "type": "osm",
            "id": "way/313226822",
            "version": 0
          }
        ],
        "created": "2026-05-28",
        "updated": "2026-07-06",
        "sources_by_field": {
          "name": "osm"
        },
        "apple_id_attempted": "2026-05-29",
        "payment": {}
      }
    },
    {
      "type": "Feature",
      "geometry": {
        "type": "Point",
        "coordinates": [
          8.9614931,
          48.3591169
        ]
      },
      "properties": {
        "id": "tk_bwr_osm_w315551970",
        "name": "Getränkehandel Reinfrank",
        "address": {
          "street": "Im Weiher",
          "number": "19",
          "postalcode": "72379",
          "city": "Hechingen"
        },
        "sources": [
          {
            "type": "osm",
            "id": "way/315551970",
            "version": 0
          }
        ],
        "created": "2026-05-28",
        "updated": "2026-07-06",
        "sources_by_field": {
          "name": "osm",
          "address.street": "osm",
          "address.number": "osm",
          "address.postalcode": "osm",
          "address.city": "osm"
        },
        "apple_id_attempted": "2026-05-29",
        "payment": {}
      }
    },
    {
      "type": "Feature",
      "geometry": {
        "type": "Point",
        "coordinates": [
          9.6295317,
          48.5661958
        ]
      },
      "properties": {
        "id": "tk_bwr_osm_w316267957",
        "name": "Getränke Beer",
        "address": {
          "street": "Sommerbergstraße",
          "number": "65",
          "postalcode": "73349",
          "city": "Wiesensteig"
        },
        "sources": [
          {
            "type": "osm",
            "id": "way/316267957",
            "version": 0
          }
        ],
        "created": "2026-05-28",
        "updated": "2026-07-06",
        "hours": {
          "raw": "Sa 09:30-12:30; Mo,Tu,Th,Fr 09:00-12:00,14:30-18:00; PH off"
        },
        "payment": {
          "cash": "yes",
          "cards": "unknown",
          "contactless": "unknown",
          "girocard": "unknown"
        },
        "sources_by_field": {
          "name": "osm",
          "address.street": "osm",
          "address.number": "osm",
          "address.postalcode": "osm",
          "address.city": "osm",
          "hours": "osm",
          "payment.cash": "osm",
          "payment.cards": "osm",
          "payment.contactless": "osm",
          "payment.girocard": "osm"
        },
        "apple_id_attempted": "2026-05-29"
      }
    },
    {
      "type": "Feature",
      "geometry": {
        "type": "Point",
        "coordinates": [
          9.5847524,
          49.2083083
        ]
      },
      "properties": {
        "id": "tk_bwr_osm_w318312708",
        "name": "Getränke Kober",
        "address": {},
        "sources": [
          {
            "type": "osm",
            "id": "way/318312708",
            "version": 0
          }
        ],
        "created": "2026-05-28",
        "updated": "2026-07-06",
        "sources_by_field": {
          "name": "osm"
        },
        "apple_id_attempted": "2026-05-29",
        "payment": {}
      }
    },
    {
      "type": "Feature",
      "geometry": {
        "type": "Point",
        "coordinates": [
          9.6182878,
          49.3025785
        ]
      },
      "properties": {
        "id": "tk_bwr_osm_w319694203",
        "name": "Mexxs",
        "address": {
          "street": "Salzstraße",
          "number": "9",
          "postalcode": "74676",
          "city": "Niedernhall"
        },
        "sources": [
          {
            "type": "osm",
            "id": "way/319694203",
            "version": 0
          }
        ],
        "created": "2026-05-28",
        "updated": "2026-07-06",
        "hours": {
          "raw": "Mo-Fr 07:00-18:00; Sa 07:00-13:30"
        },
        "sources_by_field": {
          "name": "osm",
          "address.street": "osm",
          "address.number": "osm",
          "address.postalcode": "osm",
          "address.city": "osm",
          "hours": "osm"
        },
        "apple_id_attempted": "2026-05-29",
        "payment": {}
      }
    },
    {
      "type": "Feature",
      "geometry": {
        "type": "Point",
        "coordinates": [
          9.6644995,
          47.9964225
        ]
      },
      "properties": {
        "id": "tk_bwr_osm_w320715532",
        "name": "Finkbeiner Getränkefachmarkt",
        "address": {
          "street": "Sägmühleweg",
          "number": "3",
          "postalcode": "88427",
          "city": "Bad Schussenried"
        },
        "sources": [
          {
            "type": "osm",
            "id": "way/320715532",
            "version": 0
          }
        ],
        "created": "2026-05-28",
        "updated": "2026-07-06",
        "hours": {
          "raw": "Mo-Fr 08:30-20:00; Sa 08:00-18:00; PH off"
        },
        "payment": {
          "cash": "yes",
          "cards": "yes",
          "contactless": "unknown",
          "girocard": "unknown"
        },
        "sources_by_field": {
          "name": "osm",
          "address.street": "osm",
          "address.number": "osm",
          "address.postalcode": "osm",
          "address.city": "osm",
          "hours": "osm",
          "payment.cash": "osm",
          "payment.cards": "osm",
          "payment.contactless": "osm",
          "payment.girocard": "osm"
        },
        "apple_id_attempted": "2026-05-29"
      }
    },
    {
      "type": "Feature",
      "geometry": {
        "type": "Point",
        "coordinates": [
          8.0257268,
          48.6549577
        ]
      },
      "properties": {
        "id": "tk_bwr_osm_w320899413",
        "name": "Getränkefachgroßhandel Berger",
        "address": {
          "street": "Industriestraße",
          "number": "4",
          "postalcode": "77855",
          "city": "Achern"
        },
        "sources": [
          {
            "type": "osm",
            "id": "way/320899413",
            "version": 0
          }
        ],
        "created": "2026-05-28",
        "updated": "2026-07-06",
        "sources_by_field": {
          "name": "osm",
          "address.street": "osm",
          "address.number": "osm",
          "address.postalcode": "osm",
          "address.city": "osm"
        },
        "apple_id_attempted": "2026-05-29",
        "payment": {}
      }
    },
    {
      "type": "Feature",
      "geometry": {
        "type": "Point",
        "coordinates": [
          9.2197908,
          47.7456679
        ]
      },
      "properties": {
        "id": "tk_bwr_osm_w32502869",
        "name": "Kiosk Kloster Birnau",
        "address": {
          "number": "5",
          "postalcode": "88690",
          "city": "Uhldingen-Mühlhofen"
        },
        "sources": [
          {
            "type": "osm",
            "id": "way/32502869",
            "version": 0
          }
        ],
        "created": "2026-05-28",
        "updated": "2026-07-06",
        "hours": {
          "raw": "Mo-Su 09:00-18:00"
        },
        "payment": {
          "cash": "yes",
          "cards": "no",
          "contactless": "unknown",
          "girocard": "unknown"
        },
        "tags": [
          "barrierefrei",
          "draussen"
        ],
        "sources_by_field": {
          "name": "osm",
          "address.number": "osm",
          "address.postalcode": "osm",
          "address.city": "osm",
          "hours": "osm",
          "payment.cash": "osm",
          "payment.cards": "osm",
          "payment.contactless": "osm",
          "payment.girocard": "osm"
        },
        "apple_id_attempted": "2026-05-29"
      }
    },
    {
      "type": "Feature",
      "geometry": {
        "type": "Point",
        "coordinates": [
          9.5913866,
          47.6774778
        ]
      },
      "properties": {
        "id": "tk_bwr_osm_w32887768",
        "name": "Weinkauff",
        "address": {
          "street": "Kaltenberger Straße",
          "number": "41",
          "postalcode": "88069",
          "city": "Tettnang"
        },
        "sources": [
          {
            "type": "osm",
            "id": "way/32887768",
            "version": 0
          }
        ],
        "created": "2026-05-28",
        "updated": "2026-07-06",
        "hours": {
          "raw": "Mo-Fr 08:00-19:00, Sa 08:00-14:00; PH off"
        },
        "payment": {
          "cash": "yes",
          "cards": "yes",
          "contactless": "unknown",
          "girocard": "unknown"
        },
        "tags": [
          "barrierefrei"
        ],
        "sources_by_field": {
          "name": "osm",
          "address.street": "osm",
          "address.number": "osm",
          "address.postalcode": "osm",
          "address.city": "osm",
          "hours": "osm",
          "payment.cash": "osm",
          "payment.cards": "osm",
          "payment.contactless": "osm",
          "payment.girocard": "osm"
        },
        "apple_id_attempted": "2026-05-29"
      }
    },
    {
      "type": "Feature",
      "geometry": {
        "type": "Point",
        "coordinates": [
          9.0173915,
          48.2537648
        ]
      },
      "properties": {
        "id": "tk_bwr_osm_w333294511",
        "name": "Zeitungskiosk",
        "address": {
          "street": "Lange Straße",
          "number": "1",
          "postalcode": "72461",
          "city": "Albstadt",
          "district": "Tailfingen"
        },
        "sources": [
          {
            "type": "osm",
            "id": "way/333294511",
            "version": 0
          }
        ],
        "created": "2026-05-28",
        "updated": "2026-07-06",
        "sources_by_field": {
          "name": "osm",
          "address.street": "osm",
          "address.number": "osm",
          "address.postalcode": "osm",
          "address.city": "osm",
          "address.district": "osm"
        },
        "apple_id_attempted": "2026-05-29",
        "payment": {}
      }
    },
    {
      "type": "Feature",
      "geometry": {
        "type": "Point",
        "coordinates": [
          9.8918615,
          47.7845097
        ]
      },
      "properties": {
        "id": "tk_bwr_osm_w342090456",
        "name": "Finkbeiner",
        "address": {
          "street": "Erlenweg",
          "number": "5",
          "postalcode": "88353",
          "city": "Kißlegg"
        },
        "sources": [
          {
            "type": "osm",
            "id": "way/342090456",
            "version": 0
          }
        ],
        "created": "2026-05-28",
        "updated": "2026-06-15",
        "sources_by_field": {
          "name": "osm",
          "address.street": "osm",
          "address.number": "osm",
          "address.postalcode": "osm",
          "address.city": "osm"
        },
        "apple_id_attempted": "2026-05-29",
        "payment": {},
        "osm_removed": true
      }
    },
    {
      "type": "Feature",
      "geometry": {
        "type": "Point",
        "coordinates": [
          8.0263152,
          48.3970702
        ]
      },
      "properties": {
        "id": "tk_bwr_osm_w345752634",
        "name": "Getränkehandel",
        "address": {
          "street": "Brambachstraße",
          "number": "29",
          "postalcode": "77723",
          "city": "Gengenbach"
        },
        "sources": [
          {
            "type": "osm",
            "id": "way/345752634",
            "version": 0
          }
        ],
        "created": "2026-05-28",
        "updated": "2026-07-06",
        "sources_by_field": {
          "name": "osm",
          "address.street": "osm",
          "address.number": "osm",
          "address.postalcode": "osm",
          "address.city": "osm"
        },
        "apple_id_attempted": "2026-05-29",
        "payment": {}
      }
    },
    {
      "type": "Feature",
      "geometry": {
        "type": "Point",
        "coordinates": [
          9.3968562,
          47.714183
        ]
      },
      "properties": {
        "id": "tk_bwr_osm_w367761950",
        "name": "HEM",
        "address": {
          "street": "Schießstattweg",
          "number": "32",
          "postalcode": "88677",
          "city": "Markdorf"
        },
        "sources": [
          {
            "type": "osm",
            "id": "way/367761950",
            "version": 0
          }
        ],
        "created": "2026-05-28",
        "updated": "2026-07-06",
        "hours": {
          "raw": "06:00-22:00"
        },
        "payment": {
          "cash": "yes",
          "cards": "unknown",
          "contactless": "unknown",
          "girocard": "unknown"
        },
        "tags": [
          "barrierefrei",
          "wc"
        ],
        "sources_by_field": {
          "name": "osm",
          "address.street": "osm",
          "address.number": "osm",
          "address.postalcode": "osm",
          "address.city": "osm",
          "hours": "osm",
          "payment.cash": "osm",
          "payment.cards": "osm",
          "payment.contactless": "osm",
          "payment.girocard": "osm"
        },
        "apple_id_attempted": "2026-05-29"
      }
    },
    {
      "type": "Feature",
      "geometry": {
        "type": "Point",
        "coordinates": [
          9.849073,
          48.5131302
        ]
      },
      "properties": {
        "id": "tk_bwr_osm_w370568773",
        "name": "Getränke Fischnaller",
        "address": {
          "street": "Angerstraße",
          "number": "4",
          "postalcode": "89160",
          "city": "Dornstadt",
          "district": "Scharenstetten"
        },
        "sources": [
          {
            "type": "osm",
            "id": "way/370568773",
            "version": 0
          }
        ],
        "created": "2026-05-28",
        "updated": "2026-07-06",
        "hours": {
          "raw": "Fr 16:00-18:00; Sa 08:00-14:00; PH off"
        },
        "sources_by_field": {
          "name": "osm",
          "address.street": "osm",
          "address.number": "osm",
          "address.postalcode": "osm",
          "address.city": "osm",
          "address.district": "osm",
          "hours": "osm"
        },
        "apple_id_attempted": "2026-05-29",
        "payment": {}
      }
    },
    {
      "type": "Feature",
      "geometry": {
        "type": "Point",
        "coordinates": [
          8.8845068,
          48.4065554
        ]
      },
      "properties": {
        "id": "tk_bwr_osm_w37654673",
        "name": "Getränke Beuter",
        "address": {
          "street": "Rangendinger Straße",
          "number": "2",
          "postalcode": "72145",
          "city": "Hirrlingen"
        },
        "sources": [
          {
            "type": "osm",
            "id": "way/37654673",
            "version": 0
          }
        ],
        "created": "2026-05-28",
        "updated": "2026-07-06",
        "tags": [
          "barrierefrei"
        ],
        "sources_by_field": {
          "name": "osm",
          "address.street": "osm",
          "address.number": "osm",
          "address.postalcode": "osm",
          "address.city": "osm"
        },
        "apple_id_attempted": "2026-05-29",
        "payment": {}
      }
    },
    {
      "type": "Feature",
      "geometry": {
        "type": "Point",
        "coordinates": [
          8.6026517,
          48.0272566
        ]
      },
      "properties": {
        "id": "tk_bwr_osm_w377422924",
        "name": "Netto Getränke-Discount",
        "address": {
          "street": "Hauptstraße",
          "number": "1",
          "postalcode": "78609",
          "city": "Tuningen"
        },
        "sources": [
          {
            "type": "osm",
            "id": "way/377422924",
            "version": 0
          }
        ],
        "created": "2026-05-28",
        "updated": "2026-06-15",
        "hours": {
          "raw": "Mo-Sa 07:00-20:00; Su, PH off"
        },
        "tags": [
          "barrierefrei"
        ],
        "sources_by_field": {
          "name": "osm",
          "address.street": "osm",
          "address.number": "osm",
          "address.postalcode": "osm",
          "address.city": "osm",
          "hours": "osm"
        },
        "apple_id_attempted": "2026-05-29",
        "payment": {},
        "osm_removed": true
      }
    },
    {
      "type": "Feature",
      "geometry": {
        "type": "Point",
        "coordinates": [
          9.4885432,
          49.2051382
        ]
      },
      "properties": {
        "id": "tk_bwr_osm_w389722899",
        "name": "Box",
        "address": {
          "street": "Austraße",
          "number": "5"
        },
        "sources": [
          {
            "type": "osm",
            "id": "way/389722899",
            "version": 0
          }
        ],
        "created": "2026-05-28",
        "updated": "2026-07-06",
        "hours": {
          "raw": "Mo-Fr 08:00-20:00; Sa 08:00-19:00"
        },
        "sources_by_field": {
          "name": "osm",
          "address.street": "osm",
          "address.number": "osm",
          "hours": "osm"
        },
        "apple_id_attempted": "2026-05-29",
        "payment": {}
      }
    },
    {
      "type": "Feature",
      "geometry": {
        "type": "Point",
        "coordinates": [
          8.7790338,
          48.0048567
        ]
      },
      "properties": {
        "id": "tk_bwr_osm_w390644497",
        "name": "s´Tröpfle",
        "address": {
          "street": "Kaufgasse",
          "number": "4",
          "postalcode": "78573",
          "city": "Wurmlingen"
        },
        "sources": [
          {
            "type": "osm",
            "id": "way/390644497",
            "version": 0
          }
        ],
        "created": "2026-05-28",
        "updated": "2026-07-06",
        "tags": [
          "barrierefrei"
        ],
        "sources_by_field": {
          "name": "osm",
          "address.street": "osm",
          "address.number": "osm",
          "address.postalcode": "osm",
          "address.city": "osm"
        },
        "apple_id_attempted": "2026-05-29",
        "payment": {}
      }
    },
    {
      "type": "Feature",
      "geometry": {
        "type": "Point",
        "coordinates": [
          9.4289964,
          48.5547638
        ]
      },
      "properties": {
        "id": "tk_bwr_osm_w398892154",
        "name": "Getränke-Wolf",
        "address": {
          "street": "Weileräckerstraße",
          "number": "8",
          "postalcode": "73268",
          "city": "Erkenbrechtsweiler"
        },
        "sources": [
          {
            "type": "osm",
            "id": "way/398892154",
            "version": 0
          }
        ],
        "created": "2026-05-28",
        "updated": "2026-07-06",
        "sources_by_field": {
          "name": "osm",
          "address.street": "osm",
          "address.number": "osm",
          "address.postalcode": "osm",
          "address.city": "osm"
        },
        "apple_id_attempted": "2026-05-29",
        "payment": {}
      }
    },
    {
      "type": "Feature",
      "geometry": {
        "type": "Point",
        "coordinates": [
          9.6448214,
          47.827214
        ]
      },
      "properties": {
        "id": "tk_bwr_osm_w401824846",
        "name": "Weinkauff",
        "address": {
          "street": "Niederbieger Straße",
          "number": "33",
          "postalcode": "88255",
          "city": "Baienfurt"
        },
        "sources": [
          {
            "type": "osm",
            "id": "way/401824846",
            "version": 0
          }
        ],
        "created": "2026-05-28",
        "updated": "2026-07-06",
        "hours": {
          "raw": "Mo-Fr 08:30-19:00; Sa 08:30-14:00"
        },
        "sources_by_field": {
          "name": "osm",
          "address.street": "osm",
          "address.number": "osm",
          "address.postalcode": "osm",
          "address.city": "osm",
          "hours": "osm"
        },
        "apple_id_attempted": "2026-05-29",
        "payment": {}
      }
    },
    {
      "type": "Feature",
      "geometry": {
        "type": "Point",
        "coordinates": [
          8.8900095,
          48.1331239
        ]
      },
      "properties": {
        "id": "tk_bwr_osm_w404044949",
        "name": "Yalman",
        "address": {
          "street": "Kapellentorstraße",
          "number": "9",
          "postalcode": "72362",
          "city": "Nusplingen"
        },
        "sources": [
          {
            "type": "osm",
            "id": "way/404044949",
            "version": 0
          }
        ],
        "created": "2026-05-28",
        "updated": "2026-07-06",
        "sources_by_field": {
          "name": "osm",
          "address.street": "osm",
          "address.number": "osm",
          "address.postalcode": "osm",
          "address.city": "osm"
        },
        "apple_id_attempted": "2026-05-29",
        "payment": {}
      }
    },
    {
      "type": "Feature",
      "geometry": {
        "type": "Point",
        "coordinates": [
          8.7962186,
          49.176651
        ]
      },
      "properties": {
        "id": "tk_bwr_osm_w40460599",
        "name": "Getränke Vetter",
        "address": {
          "street": "Hermannstraße",
          "number": "14",
          "postalcode": "76684",
          "city": "Östringen",
          "district": "Tiefenbach"
        },
        "sources": [
          {
            "type": "osm",
            "id": "way/40460599",
            "version": 0
          }
        ],
        "created": "2026-05-28",
        "updated": "2026-07-06",
        "sources_by_field": {
          "name": "osm",
          "address.street": "osm",
          "address.number": "osm",
          "address.postalcode": "osm",
          "address.city": "osm",
          "address.district": "osm"
        },
        "apple_id_attempted": "2026-05-29",
        "payment": {}
      }
    },
    {
      "type": "Feature",
      "geometry": {
        "type": "Point",
        "coordinates": [
          8.6056505,
          48.666343
        ]
      },
      "properties": {
        "id": "tk_bwr_osm_w412748183",
        "name": "Getränke Kern",
        "address": {},
        "sources": [
          {
            "type": "osm",
            "id": "way/412748183",
            "version": 0
          }
        ],
        "created": "2026-05-28",
        "updated": "2026-07-06",
        "hours": {
          "raw": "mo-fr 08:30 - 18:30;Sa 08:30 - 13:00"
        },
        "sources_by_field": {
          "name": "osm",
          "hours": "osm"
        },
        "apple_id_attempted": "2026-05-29",
        "payment": {}
      }
    },
    {
      "type": "Feature",
      "geometry": {
        "type": "Point",
        "coordinates": [
          9.5603442,
          49.1761093
        ]
      },
      "properties": {
        "id": "tk_bwr_osm_w41766652",
        "name": "Freibadkiosk",
        "address": {},
        "sources": [
          {
            "type": "osm",
            "id": "way/41766652",
            "version": 0
          }
        ],
        "created": "2026-05-28",
        "updated": "2026-07-06",
        "sources_by_field": {
          "name": "osm"
        },
        "apple_id_attempted": "2026-05-29",
        "payment": {}
      }
    },
    {
      "type": "Feature",
      "geometry": {
        "type": "Point",
        "coordinates": [
          9.4953214,
          48.0217929
        ]
      },
      "properties": {
        "id": "tk_bwr_osm_w422834131",
        "name": "Finkbeiner Getränke-Fachmarkt",
        "address": {
          "street": "Moosheimer Straße",
          "number": "31",
          "postalcode": "88348",
          "city": "Bad Saulgau"
        },
        "sources": [
          {
            "type": "osm",
            "id": "way/422834131",
            "version": 0
          }
        ],
        "created": "2026-05-28",
        "updated": "2026-07-06",
        "hours": {
          "raw": "Mo-Sa 08:00-20:00"
        },
        "sources_by_field": {
          "name": "osm",
          "address.street": "osm",
          "address.number": "osm",
          "address.postalcode": "osm",
          "address.city": "osm",
          "hours": "osm"
        },
        "apple_id_attempted": "2026-05-29",
        "payment": {}
      }
    },
    {
      "type": "Feature",
      "geometry": {
        "type": "Point",
        "coordinates": [
          8.8167297,
          47.7635689
        ]
      },
      "properties": {
        "id": "tk_bwr_osm_w450782011",
        "name": "Kiosk Karlsbastion",
        "address": {},
        "sources": [
          {
            "type": "osm",
            "id": "way/450782011",
            "version": 0
          }
        ],
        "created": "2026-05-28",
        "updated": "2026-07-06",
        "payment": {
          "cash": "yes",
          "cards": "unknown",
          "contactless": "unknown",
          "girocard": "unknown"
        },
        "sources_by_field": {
          "name": "osm",
          "payment.cash": "osm",
          "payment.cards": "osm",
          "payment.contactless": "osm",
          "payment.girocard": "osm"
        },
        "apple_id_attempted": "2026-05-29"
      }
    },
    {
      "type": "Feature",
      "geometry": {
        "type": "Point",
        "coordinates": [
          9.2369839,
          49.1819175
        ]
      },
      "properties": {
        "id": "tk_bwr_osm_w45965592",
        "name": "Beil",
        "address": {
          "street": "Gottfried-Leibniz-Straße",
          "number": "11",
          "postalcode": "74172",
          "city": "Neckarsulm"
        },
        "sources": [
          {
            "type": "osm",
            "id": "way/45965592",
            "version": 0
          }
        ],
        "created": "2026-05-28",
        "updated": "2026-07-06",
        "sources_by_field": {
          "name": "osm",
          "address.street": "osm",
          "address.number": "osm",
          "address.postalcode": "osm",
          "address.city": "osm"
        },
        "apple_id_attempted": "2026-05-29",
        "payment": {}
      }
    },
    {
      "type": "Feature",
      "geometry": {
        "type": "Point",
        "coordinates": [
          9.3411897,
          47.7356681
        ]
      },
      "properties": {
        "id": "tk_bwr_osm_w461385860",
        "name": "Total Autohof Dietz",
        "address": {
          "street": "Salemer Straße",
          "number": "47",
          "postalcode": "88697",
          "city": "Bermatingen"
        },
        "sources": [
          {
            "type": "osm",
            "id": "way/461385860",
            "version": 0
          }
        ],
        "created": "2026-05-28",
        "updated": "2026-07-06",
        "hours": {
          "raw": "Mo-Su 04:15-22:45"
        },
        "tags": [
          "barrierefrei"
        ],
        "sources_by_field": {
          "name": "osm",
          "address.street": "osm",
          "address.number": "osm",
          "address.postalcode": "osm",
          "address.city": "osm",
          "hours": "osm"
        },
        "apple_id_attempted": "2026-05-29",
        "payment": {}
      }
    },
    {
      "type": "Feature",
      "geometry": {
        "type": "Point",
        "coordinates": [
          8.9599371,
          48.5572711
        ]
      },
      "properties": {
        "id": "tk_bwr_osm_w46884191",
        "name": "GK Getränke -Lagerverkauf",
        "address": {
          "street": "Bei der Schießmauer",
          "number": "8",
          "postalcode": "72119",
          "city": "Ammerbuch",
          "district": "Entringen"
        },
        "sources": [
          {
            "type": "osm",
            "id": "way/46884191",
            "version": 0
          }
        ],
        "created": "2026-05-28",
        "updated": "2026-07-06",
        "hours": {
          "raw": "Tu 15:00-18:00; Th 15:00-18:00; Fr 09:00-18:00; Sa 09:00-13:00"
        },
        "tags": [
          "barrierefrei"
        ],
        "sources_by_field": {
          "name": "osm",
          "address.street": "osm",
          "address.number": "osm",
          "address.postalcode": "osm",
          "address.city": "osm",
          "address.district": "osm",
          "hours": "osm"
        },
        "apple_id_attempted": "2026-05-29",
        "payment": {}
      }
    },
    {
      "type": "Feature",
      "geometry": {
        "type": "Point",
        "coordinates": [
          9.2162539,
          49.223947
        ]
      },
      "properties": {
        "id": "tk_bwr_osm_w46896134",
        "name": "Getränke Lang",
        "address": {
          "street": "Wächterstraße",
          "number": "2",
          "postalcode": "74177",
          "city": "Bad Friedrichshall"
        },
        "sources": [
          {
            "type": "osm",
            "id": "way/46896134",
            "version": 0
          }
        ],
        "created": "2026-05-28",
        "updated": "2026-06-01",
        "sources_by_field": {
          "name": "osm",
          "address.street": "osm",
          "address.number": "osm",
          "address.postalcode": "osm",
          "address.city": "osm"
        },
        "apple_id_attempted": "2026-05-29",
        "payment": {},
        "osm_removed": true
      }
    },
    {
      "type": "Feature",
      "geometry": {
        "type": "Point",
        "coordinates": [
          9.919031,
          48.8203884
        ]
      },
      "properties": {
        "id": "tk_bwr_osm_w473391914",
        "name": "Getränke Barthle",
        "address": {
          "street": "Hauptstraße",
          "number": "19",
          "postalcode": "73560",
          "city": "Böbingen an der Rems"
        },
        "sources": [
          {
            "type": "osm",
            "id": "way/473391914",
            "version": 0
          }
        ],
        "created": "2026-05-28",
        "updated": "2026-07-06",
        "sources_by_field": {
          "name": "osm",
          "address.street": "osm",
          "address.number": "osm",
          "address.postalcode": "osm",
          "address.city": "osm"
        },
        "apple_id_attempted": "2026-05-29",
        "payment": {}
      }
    },
    {
      "type": "Feature",
      "geometry": {
        "type": "Point",
        "coordinates": [
          9.9200715,
          48.8204983
        ]
      },
      "properties": {
        "id": "tk_bwr_osm_w477264759",
        "name": "Esso Gasstation",
        "address": {},
        "sources": [
          {
            "type": "osm",
            "id": "way/477264759",
            "version": 0
          }
        ],
        "created": "2026-05-28",
        "updated": "2026-07-06",
        "sources_by_field": {
          "name": "osm"
        },
        "apple_id_attempted": "2026-05-29",
        "payment": {}
      }
    },
    {
      "type": "Feature",
      "geometry": {
        "type": "Point",
        "coordinates": [
          9.015039,
          47.8540137
        ]
      },
      "properties": {
        "id": "tk_bwr_osm_w498094125",
        "name": "Tiny’s Kiosk",
        "address": {
          "street": "Zoznegger Straße",
          "number": "6",
          "postalcode": "78333",
          "city": "Stockach"
        },
        "sources": [
          {
            "type": "osm",
            "id": "way/498094125",
            "version": 0
          }
        ],
        "created": "2026-05-28",
        "updated": "2026-07-06",
        "hours": {
          "raw": "24/7"
        },
        "payment": {
          "cash": "yes",
          "cards": "unknown",
          "contactless": "unknown",
          "girocard": "yes"
        },
        "sources_by_field": {
          "name": "osm",
          "address.street": "osm",
          "address.number": "osm",
          "address.postalcode": "osm",
          "address.city": "osm",
          "hours": "osm",
          "payment.cash": "osm",
          "payment.cards": "osm",
          "payment.contactless": "osm",
          "payment.girocard": "osm"
        },
        "apple_id_attempted": "2026-05-29"
      }
    },
    {
      "type": "Feature",
      "geometry": {
        "type": "Point",
        "coordinates": [
          9.712378,
          48.330766
        ]
      },
      "properties": {
        "id": "tk_bwr_osm_w508967915",
        "name": "Da Remi",
        "address": {
          "street": "Schwimmbadweg",
          "number": "34"
        },
        "sources": [
          {
            "type": "osm",
            "id": "way/508967915",
            "version": 0
          }
        ],
        "created": "2026-06-29",
        "updated": "2026-07-06",
        "sources_by_field": {
          "name": "osm",
          "address.street": "osm",
          "address.number": "osm"
        },
        "payment": {}
      }
    },
    {
      "type": "Feature",
      "geometry": {
        "type": "Point",
        "coordinates": [
          9.7682953,
          49.4958946
        ]
      },
      "properties": {
        "id": "tk_bwr_osm_w514251450",
        "name": "Getränke Mittleres Taubertal GMT",
        "address": {
          "street": "Beim Oelsteg",
          "number": "5",
          "postalcode": "97980",
          "city": "Bad Mergentheim"
        },
        "sources": [
          {
            "type": "osm",
            "id": "way/514251450",
            "version": 0
          }
        ],
        "created": "2026-05-28",
        "updated": "2026-07-06",
        "payment": {
          "cash": "yes",
          "cards": "unknown",
          "contactless": "unknown",
          "girocard": "unknown"
        },
        "tags": [
          "barrierefrei"
        ],
        "sources_by_field": {
          "name": "osm",
          "address.street": "osm",
          "address.number": "osm",
          "address.postalcode": "osm",
          "address.city": "osm",
          "payment.cash": "osm",
          "payment.cards": "osm",
          "payment.contactless": "osm",
          "payment.girocard": "osm"
        },
        "apple_id_attempted": "2026-05-29"
      }
    },
    {
      "type": "Feature",
      "geometry": {
        "type": "Point",
        "coordinates": [
          9.7949472,
          49.4406572
        ]
      },
      "properties": {
        "id": "tk_bwr_osm_w515587890",
        "name": "Kiosk",
        "address": {
          "postalcode": "97980",
          "city": "Bad Mergentheim",
          "district": "Wachbach"
        },
        "sources": [
          {
            "type": "osm",
            "id": "way/515587890",
            "version": 0
          }
        ],
        "created": "2026-05-28",
        "updated": "2026-07-06",
        "sources_by_field": {
          "name": "osm",
          "address.postalcode": "osm",
          "address.city": "osm",
          "address.district": "osm"
        },
        "apple_id_attempted": "2026-05-29",
        "payment": {}
      }
    },
    {
      "type": "Feature",
      "geometry": {
        "type": "Point",
        "coordinates": [
          9.7754211,
          49.4907619
        ]
      },
      "properties": {
        "id": "tk_bwr_osm_w516321686",
        "name": "Tabakstüble am Schloss",
        "address": {
          "street": "Kapuzinerstraße",
          "number": "2",
          "postalcode": "97980",
          "city": "Bad Mergentheim"
        },
        "sources": [
          {
            "type": "osm",
            "id": "way/516321686",
            "version": 0
          }
        ],
        "created": "2026-05-28",
        "updated": "2026-07-06",
        "sources_by_field": {
          "name": "osm",
          "address.street": "osm",
          "address.number": "osm",
          "address.postalcode": "osm",
          "address.city": "osm"
        },
        "apple_id_attempted": "2026-05-29",
        "payment": {}
      }
    },
    {
      "type": "Feature",
      "geometry": {
        "type": "Point",
        "coordinates": [
          9.1772403,
          47.6605392
        ]
      },
      "properties": {
        "id": "tk_bwr_osm_w559799981",
        "name": "Markt 4",
        "address": {
          "street": "Marktstätte",
          "number": "4b",
          "postalcode": "78462",
          "city": "Konstanz"
        },
        "sources": [
          {
            "type": "osm",
            "id": "way/559799981",
            "version": 0
          }
        ],
        "created": "2026-05-28",
        "updated": "2026-07-06",
        "tags": [
          "barrierefrei"
        ],
        "sources_by_field": {
          "name": "osm",
          "address.street": "osm",
          "address.number": "osm",
          "address.postalcode": "osm",
          "address.city": "osm"
        },
        "apple_id_attempted": "2026-05-29",
        "payment": {}
      }
    },
    {
      "type": "Feature",
      "geometry": {
        "type": "Point",
        "coordinates": [
          9.0720612,
          47.7240883
        ]
      },
      "properties": {
        "id": "tk_bwr_osm_w60732857",
        "name": "Weinkauf",
        "address": {
          "street": "Prof.-Maier-Leibnitz-Straße",
          "number": "9",
          "postalcode": "78476",
          "city": "Allensbach"
        },
        "sources": [
          {
            "type": "osm",
            "id": "way/60732857",
            "version": 0
          }
        ],
        "created": "2026-05-28",
        "updated": "2026-07-06",
        "hours": {
          "raw": "Mo-Fr 08:30-19:00; Sa 08:00-16:00"
        },
        "sources_by_field": {
          "name": "osm",
          "address.street": "osm",
          "address.number": "osm",
          "address.postalcode": "osm",
          "address.city": "osm",
          "hours": "osm"
        },
        "apple_id_attempted": "2026-05-29",
        "payment": {}
      }
    },
    {
      "type": "Feature",
      "geometry": {
        "type": "Point",
        "coordinates": [
          9.6847454,
          49.284608
        ]
      },
      "properties": {
        "id": "tk_bwr_osm_w630716097",
        "name": "Aral",
        "address": {
          "street": "Mergentheimer Straße",
          "number": "126",
          "postalcode": "74653",
          "city": "Künzelsau"
        },
        "sources": [
          {
            "type": "osm",
            "id": "way/630716097",
            "version": 0
          }
        ],
        "created": "2026-05-28",
        "updated": "2026-07-06",
        "tags": [
          "barrierefrei"
        ],
        "sources_by_field": {
          "name": "osm",
          "address.street": "osm",
          "address.number": "osm",
          "address.postalcode": "osm",
          "address.city": "osm"
        },
        "apple_id_attempted": "2026-05-29",
        "payment": {}
      }
    },
    {
      "type": "Feature",
      "geometry": {
        "type": "Point",
        "coordinates": [
          10.0619308,
          49.2145878
        ]
      },
      "properties": {
        "id": "tk_bwr_osm_w663805633",
        "name": "Getränke Center Wallhausen",
        "address": {
          "street": "Sprudelweg",
          "number": "4",
          "postalcode": "74599",
          "city": "Wallhausen"
        },
        "sources": [
          {
            "type": "osm",
            "id": "way/663805633",
            "version": 0
          }
        ],
        "created": "2026-05-28",
        "updated": "2026-07-06",
        "sources_by_field": {
          "name": "osm",
          "address.street": "osm",
          "address.number": "osm",
          "address.postalcode": "osm",
          "address.city": "osm"
        },
        "apple_id_attempted": "2026-05-29",
        "payment": {}
      }
    },
    {
      "type": "Feature",
      "geometry": {
        "type": "Point",
        "coordinates": [
          9.1736159,
          47.7123238
        ]
      },
      "properties": {
        "id": "tk_bwr_osm_w75271048",
        "name": "BFT Freie Tankstelle",
        "address": {
          "street": "Martin-Schleyer-Straße",
          "number": "6d",
          "postalcode": "78465",
          "city": "Konstanz",
          "district": "Litzelstetten"
        },
        "sources": [
          {
            "type": "osm",
            "id": "way/75271048",
            "version": 0
          }
        ],
        "created": "2026-05-28",
        "updated": "2026-07-06",
        "sources_by_field": {
          "name": "osm",
          "address.street": "osm",
          "address.number": "osm",
          "address.postalcode": "osm",
          "address.city": "osm",
          "address.district": "osm"
        },
        "apple_id_attempted": "2026-05-29",
        "payment": {}
      }
    },
    {
      "type": "Feature",
      "geometry": {
        "type": "Point",
        "coordinates": [
          8.7682163,
          47.8525433
        ]
      },
      "properties": {
        "id": "tk_bwr_osm_w795953933",
        "name": "MTB",
        "address": {
          "street": "Hegaustraße",
          "number": "13",
          "postalcode": "78234",
          "city": "Engen"
        },
        "sources": [
          {
            "type": "osm",
            "id": "way/795953933",
            "version": 0
          }
        ],
        "created": "2026-05-28",
        "updated": "2026-07-06",
        "hours": {
          "raw": "24/7"
        },
        "sources_by_field": {
          "name": "osm",
          "address.street": "osm",
          "address.number": "osm",
          "address.postalcode": "osm",
          "address.city": "osm",
          "hours": "osm"
        },
        "apple_id_attempted": "2026-05-29",
        "payment": {}
      }
    },
    {
      "type": "Feature",
      "geometry": {
        "type": "Point",
        "coordinates": [
          10.2080164,
          48.5835564
        ]
      },
      "properties": {
        "id": "tk_bwr_osm_w815731928",
        "name": "Eingang Charlottenhöhle",
        "address": {},
        "sources": [
          {
            "type": "osm",
            "id": "way/815731928",
            "version": 0
          }
        ],
        "created": "2026-05-28",
        "updated": "2026-07-06",
        "hours": {
          "raw": "Apr-Oct PH,Mo-Su 10:30-16:30"
        },
        "sources_by_field": {
          "name": "osm",
          "hours": "osm"
        },
        "apple_id_attempted": "2026-05-29",
        "payment": {}
      }
    },
    {
      "type": "Feature",
      "geometry": {
        "type": "Point",
        "coordinates": [
          10.04671,
          49.1418875
        ]
      },
      "properties": {
        "id": "tk_bwr_osm_w88864532",
        "name": "Göbel",
        "address": {
          "street": "Haller Straße",
          "number": "69",
          "postalcode": "74564",
          "city": "Crailsheim"
        },
        "sources": [
          {
            "type": "osm",
            "id": "way/88864532",
            "version": 0
          }
        ],
        "created": "2026-05-28",
        "updated": "2026-07-06",
        "hours": {
          "raw": "Mo-Sa 08:00-20:00"
        },
        "tags": [
          "barrierefrei"
        ],
        "sources_by_field": {
          "name": "osm",
          "address.street": "osm",
          "address.number": "osm",
          "address.postalcode": "osm",
          "address.city": "osm",
          "hours": "osm"
        },
        "apple_id_attempted": "2026-05-29",
        "payment": {}
      }
    },
    {
      "type": "Feature",
      "geometry": {
        "type": "Point",
        "coordinates": [
          9.2649058,
          49.171046
        ]
      },
      "properties": {
        "id": "tk_bwr_osm_w90088702",
        "name": "Frili Getränkequelle",
        "address": {
          "street": "Talstraße",
          "number": "42",
          "postalcode": "74235",
          "city": "Erlenbach"
        },
        "sources": [
          {
            "type": "osm",
            "id": "way/90088702",
            "version": 0
          }
        ],
        "created": "2026-05-28",
        "updated": "2026-07-06",
        "sources_by_field": {
          "name": "osm",
          "address.street": "osm",
          "address.number": "osm",
          "address.postalcode": "osm",
          "address.city": "osm"
        },
        "apple_id_attempted": "2026-05-29",
        "payment": {}
      }
    },
    {
      "type": "Feature",
      "geometry": {
        "type": "Point",
        "coordinates": [
          10.234461,
          48.5356539
        ]
      },
      "properties": {
        "id": "tk_bwr_osm_w90115394",
        "name": "Junginger",
        "address": {
          "street": "Breite Straße",
          "number": "14",
          "postalcode": "89168",
          "city": "Niederstotzingen",
          "district": "Oberstotzingen"
        },
        "sources": [
          {
            "type": "osm",
            "id": "way/90115394",
            "version": 0
          }
        ],
        "created": "2026-05-28",
        "updated": "2026-07-06",
        "tags": [
          "barrierefrei"
        ],
        "sources_by_field": {
          "name": "osm",
          "address.street": "osm",
          "address.number": "osm",
          "address.postalcode": "osm",
          "address.city": "osm",
          "address.district": "osm"
        },
        "apple_id_attempted": "2026-05-29",
        "payment": {}
      }
    },
    {
      "type": "Feature",
      "geometry": {
        "type": "Point",
        "coordinates": [
          8.4393118,
          48.4650295
        ]
      },
      "properties": {
        "id": "tk_bwr_osm_w90503170",
        "name": "Toom",
        "address": {
          "street": "Planckstraße",
          "number": "8",
          "postalcode": "72250",
          "city": "Freudenstadt"
        },
        "sources": [
          {
            "type": "osm",
            "id": "way/90503170",
            "version": 0
          }
        ],
        "created": "2026-05-28",
        "updated": "2026-07-06",
        "hours": {
          "raw": "Mo-Sa 08:00-20:00"
        },
        "sources_by_field": {
          "name": "osm",
          "address.street": "osm",
          "address.number": "osm",
          "address.postalcode": "osm",
          "address.city": "osm",
          "hours": "osm"
        },
        "apple_id_attempted": "2026-05-29",
        "payment": {}
      }
    },
    {
      "type": "Feature",
      "geometry": {
        "type": "Point",
        "coordinates": [
          9.4992648,
          49.1957491
        ]
      },
      "properties": {
        "id": "tk_bwr_osm_w90803207",
        "name": "GM",
        "address": {},
        "sources": [
          {
            "type": "osm",
            "id": "way/90803207",
            "version": 0
          }
        ],
        "created": "2026-05-28",
        "updated": "2026-07-06",
        "hours": {
          "raw": "Mo-Fr 08:00-18:00; Sa 08:00-14:00"
        },
        "tags": [
          "barrierefrei"
        ],
        "sources_by_field": {
          "name": "osm",
          "hours": "osm"
        },
        "payment": {}
      }
    },
    {
      "type": "Feature",
      "geometry": {
        "type": "Point",
        "coordinates": [
          9.7180168,
          48.2889715
        ]
      },
      "properties": {
        "id": "tk_bwr_osm_w909312203",
        "name": "Finkbeiner Getränke-Fachmarkt",
        "address": {
          "street": "Daimlerweg",
          "number": "5",
          "postalcode": "89584",
          "city": "Ehingen (Donau)"
        },
        "sources": [
          {
            "type": "osm",
            "id": "way/909312203",
            "version": 0
          }
        ],
        "created": "2026-05-28",
        "updated": "2026-07-06",
        "hours": {
          "raw": "Mo-Sa 08:00-20:00"
        },
        "sources_by_field": {
          "name": "osm",
          "address.street": "osm",
          "address.number": "osm",
          "address.postalcode": "osm",
          "address.city": "osm",
          "hours": "osm"
        },
        "apple_id_attempted": "2026-05-29",
        "payment": {}
      }
    },
    {
      "type": "Feature",
      "geometry": {
        "type": "Point",
        "coordinates": [
          10.1484579,
          48.910146
        ]
      },
      "properties": {
        "id": "tk_bwr_osm_w91667610",
        "name": "The Beach Bar",
        "address": {},
        "sources": [
          {
            "type": "osm",
            "id": "way/91667610",
            "version": 0
          }
        ],
        "created": "2026-05-28",
        "updated": "2026-07-06",
        "hours": {
          "raw": "Mo-Sa 12:00-20:00, Su,Ph 10:00-21:00"
        },
        "tags": [
          "barrierefrei"
        ],
        "sources_by_field": {
          "name": "osm",
          "hours": "osm"
        },
        "apple_id_attempted": "2026-05-29",
        "payment": {}
      }
    },
    {
      "type": "Feature",
      "geometry": {
        "type": "Point",
        "coordinates": [
          9.7878968,
          48.0941984
        ]
      },
      "properties": {
        "id": "tk_bwr_osm_w952672593",
        "name": "Snackbar",
        "address": {},
        "sources": [
          {
            "type": "osm",
            "id": "way/952672593",
            "version": 0
          }
        ],
        "created": "2026-05-28",
        "updated": "2026-07-06",
        "sources_by_field": {
          "name": "osm"
        },
        "apple_id_attempted": "2026-05-29",
        "payment": {}
      }
    },
    {
      "type": "Feature",
      "geometry": {
        "type": "Point",
        "coordinates": [
          8.6837489,
          48.6645763
        ]
      },
      "properties": {
        "id": "tk_bwr_osm_w95939410",
        "name": "Getränke und Zeltverleih Mauch",
        "address": {
          "street": "Bühlstraße",
          "number": "14",
          "postalcode": "75387",
          "city": "Neubulach"
        },
        "sources": [
          {
            "type": "osm",
            "id": "way/95939410",
            "version": 0
          }
        ],
        "created": "2026-05-28",
        "updated": "2026-07-06",
        "sources_by_field": {
          "name": "osm",
          "address.street": "osm",
          "address.number": "osm",
          "address.postalcode": "osm",
          "address.city": "osm"
        },
        "apple_id_attempted": "2026-05-29",
        "payment": {}
      }
    },
    {
      "type": "Feature",
      "geometry": {
        "type": "Point",
        "coordinates": [
          8.432834,
          48.4666016
        ]
      },
      "properties": {
        "id": "tk_bwr_osm_w96426532",
        "name": "Rewe",
        "address": {},
        "sources": [
          {
            "type": "osm",
            "id": "way/96426532",
            "version": 0
          }
        ],
        "created": "2026-05-28",
        "updated": "2026-07-06",
        "hours": {
          "raw": "Mo-Sa 08:00-20:00"
        },
        "tags": [
          "barrierefrei"
        ],
        "sources_by_field": {
          "name": "osm",
          "hours": "osm"
        },
        "apple_id_attempted": "2026-05-29",
        "payment": {}
      }
    },
    {
      "type": "Feature",
      "geometry": {
        "type": "Point",
        "coordinates": [
          9.3832597,
          49.2204884
        ]
      },
      "properties": {
        "id": "tk_bwr_osm_w967761301",
        "name": "TSV Halbzeit-Treff",
        "address": {},
        "sources": [
          {
            "type": "osm",
            "id": "way/967761301",
            "version": 0
          }
        ],
        "created": "2026-05-28",
        "updated": "2026-07-06",
        "sources_by_field": {
          "name": "osm"
        },
        "apple_id_attempted": "2026-05-29",
        "payment": {}
      }
    },
    {
      "type": "Feature",
      "geometry": {
        "type": "Point",
        "coordinates": [
          9.8385853,
          48.4580948
        ]
      },
      "properties": {
        "id": "tk_bwr_osm_w98863985",
        "name": "Getränkehandel Engelhardt",
        "address": {},
        "sources": [
          {
            "type": "osm",
            "id": "way/98863985",
            "version": 0
          }
        ],
        "created": "2026-05-28",
        "updated": "2026-07-06",
        "hours": {
          "raw": "Mo 11:00-12:00,16:30-18:30; Tu 16:30-18:30; Th 11:00-12:00,16:30-18:30; Fr 16:30-18:30; Sa 09:00-12:00; PH off"
        },
        "sources_by_field": {
          "name": "osm",
          "hours": "osm"
        },
        "apple_id_attempted": "2026-05-29",
        "payment": {}
      }
    },
    {
      "type": "Feature",
      "geometry": {
        "type": "Point",
        "coordinates": [
          8.5636104,
          48.5279398
        ]
      },
      "properties": {
        "id": "tk_bwr_osm_w99268315",
        "name": "Getränke Weiß",
        "address": {},
        "sources": [
          {
            "type": "osm",
            "id": "way/99268315",
            "version": 0
          }
        ],
        "created": "2026-05-28",
        "updated": "2026-07-06",
        "hours": {
          "raw": "Mo-Tu 14:30-18:30; We 14:30-20:00; Th 14:30-18:30; Fr 14:30-20:00; Sa 09:00-18:30"
        },
        "sources_by_field": {
          "name": "osm",
          "hours": "osm"
        },
        "apple_id_attempted": "2026-05-29",
        "payment": {}
      }
    },
    {
      "type": "Feature",
      "geometry": {
        "type": "Point",
        "coordinates": [
          9.7966597,
          48.0862649
        ]
      },
      "properties": {
        "id": "tk_bwr_osm_w99698048",
        "name": "Rewe",
        "address": {
          "street": "Waldseer Straße",
          "number": "107",
          "postalcode": "88400",
          "city": "Biberach an der Riß"
        },
        "sources": [
          {
            "type": "osm",
            "id": "way/99698048",
            "version": 0
          }
        ],
        "created": "2026-05-28",
        "updated": "2026-06-15",
        "sources_by_field": {
          "name": "osm",
          "address.street": "osm",
          "address.number": "osm",
          "address.postalcode": "osm",
          "address.city": "osm"
        },
        "apple_id_attempted": "2026-05-29",
        "payment": {},
        "osm_removed": true
      }
    }
  ]
}
