{
  "type": "FeatureCollection",
  "features": [
    {
      "type": "Feature",
      "geometry": {
        "type": "Point",
        "coordinates": [
          7.1820994,
          50.0249486
        ]
      },
      "properties": {
        "id": "tk_rpr_osm_n10068969722",
        "name": "Weinhandel Genuss Werk",
        "address": {},
        "sources": [
          {
            "type": "osm",
            "id": "node/10068969722",
            "version": 0
          },
          {
            "type": "gmaps",
            "id": "ChIJwSWdNYU9vkcRjxsnp7Px8cg"
          }
        ],
        "created": "2026-05-29",
        "updated": "2026-07-13",
        "sources_by_field": {
          "name": "osm",
          "hours": "google",
          "payment.cards": "google",
          "payment.contactless": "google",
          "payment.girocard": "google"
        },
        "apple_id_attempted": "2026-07-01",
        "google_attempted": "2026-05-29",
        "hours": {
          "raw": "Tu 10:00-18:00; Th 10:00-18:00; Fr 10:00-18:00; We 11:00-18:00; Mo 10:00-18:00; Sa 10:00-17:00; Su 10:00-15:00"
        },
        "payment": {
          "cards": "no",
          "contactless": "yes",
          "girocard": "yes"
        }
      }
    },
    {
      "type": "Feature",
      "geometry": {
        "type": "Point",
        "coordinates": [
          7.7009679,
          49.5007358
        ]
      },
      "properties": {
        "id": "tk_rpr_osm_n11007454651",
        "name": "Getränke Jaworski",
        "address": {
          "street": "Hauptstraße",
          "number": "9",
          "postalcode": "67734",
          "city": "Katzweiler"
        },
        "sources": [
          {
            "type": "osm",
            "id": "node/11007454651",
            "version": 0
          },
          {
            "type": "gmaps",
            "id": "ChIJsTCdtzYMlkcRNR7Yn-FiJ5Q"
          }
        ],
        "created": "2026-05-29",
        "updated": "2026-07-13",
        "sources_by_field": {
          "name": "osm",
          "address.street": "osm",
          "address.number": "osm",
          "address.postalcode": "osm",
          "address.city": "osm"
        },
        "apple_id_attempted": "2026-07-01",
        "google_attempted": "2026-07-01",
        "payment": {}
      }
    },
    {
      "type": "Feature",
      "geometry": {
        "type": "Point",
        "coordinates": [
          8.0878569,
          49.8239711
        ]
      },
      "properties": {
        "id": "tk_rpr_osm_n11020748650",
        "name": "TG-Kiosk",
        "address": {},
        "sources": [
          {
            "type": "osm",
            "id": "node/11020748650",
            "version": 0
          },
          {
            "type": "apple",
            "id": "501385734241700560"
          },
          {
            "type": "gmaps",
            "id": "ChIJT1i9vuaNvUcRCTLRZLvpfEc"
          }
        ],
        "created": "2026-05-29",
        "updated": "2026-07-13",
        "hours": {
          "raw": "Su 13:00-18:00"
        },
        "tags": [
          "draussen"
        ],
        "sources_by_field": {
          "name": "osm",
          "hours": "google"
        },
        "apple_attempted": "2026-07-01",
        "google_attempted": "2026-07-01",
        "payment": {}
      }
    },
    {
      "type": "Feature",
      "geometry": {
        "type": "Point",
        "coordinates": [
          7.8623953,
          49.8420512
        ]
      },
      "properties": {
        "id": "tk_rpr_osm_n12046648229",
        "name": "Kiosk Am Salinenplatz",
        "address": {},
        "sources": [
          {
            "type": "osm",
            "id": "node/12046648229",
            "version": 0
          },
          {
            "type": "gmaps",
            "id": "ChIJr9h4JADxvUcRiBXuwc7ikGM"
          }
        ],
        "created": "2026-05-29",
        "updated": "2026-07-13",
        "sources_by_field": {
          "name": "osm"
        },
        "apple_id_attempted": "2026-07-01",
        "google_attempted": "2026-07-01",
        "payment": {}
      }
    },
    {
      "type": "Feature",
      "geometry": {
        "type": "Point",
        "coordinates": [
          7.5778205,
          50.2348564
        ]
      },
      "properties": {
        "id": "tk_rpr_osm_n12253246709",
        "name": "Epona",
        "address": {},
        "sources": [
          {
            "type": "osm",
            "id": "node/12253246709",
            "version": 0
          },
          {
            "type": "gmaps",
            "id": "ChIJ9YdQl0hwvkcRTCrmIKUmVH4"
          }
        ],
        "created": "2026-05-29",
        "updated": "2026-07-13",
        "sources_by_field": {
          "name": "osm",
          "hours": "google"
        },
        "apple_id_attempted": "2026-07-01",
        "google_attempted": "2026-07-01",
        "hours": {
          "raw": "Tu 08:30-19:00; Th 08:30-19:00; Fr 08:30-19:00; We 08:30-19:00; Mo 08:30-19:00; Sa 08:30-16:00"
        },
        "payment": {}
      }
    },
    {
      "type": "Feature",
      "geometry": {
        "type": "Point",
        "coordinates": [
          7.1386044,
          50.5463115
        ]
      },
      "properties": {
        "id": "tk_rpr_osm_n12819749763",
        "name": "Kiosk City Ahr",
        "address": {},
        "sources": [
          {
            "type": "osm",
            "id": "node/12819749763",
            "version": 0
          },
          {
            "type": "gmaps",
            "id": "ChIJZXfGId_7vkcRALxlPMPXyI4"
          }
        ],
        "created": "2026-05-29",
        "updated": "2026-07-13",
        "sources_by_field": {
          "name": "osm",
          "payment.cards": "google"
        },
        "apple_id_attempted": "2026-07-01",
        "google_attempted": "2026-07-01",
        "payment": {
          "cards": "yes"
        }
      }
    },
    {
      "type": "Feature",
      "geometry": {
        "type": "Point",
        "coordinates": [
          7.9011576,
          49.8256326
        ]
      },
      "properties": {
        "id": "tk_rpr_osm_n13025588047",
        "name": "Weingut Kaul Sigrid",
        "address": {},
        "sources": [
          {
            "type": "osm",
            "id": "node/13025588047",
            "version": 0
          },
          {
            "type": "gmaps",
            "id": "ChIJ6_wn6Sn3vUcRauPJ0n062p0"
          }
        ],
        "created": "2026-05-29",
        "updated": "2026-07-13",
        "hours": {
          "raw": "Mo-Sa 14:00-18:00; Su off"
        },
        "sources_by_field": {
          "name": "osm",
          "hours": "osm"
        },
        "apple_id_attempted": "2026-07-01",
        "google_attempted": "2026-07-01",
        "payment": {}
      }
    },
    {
      "type": "Feature",
      "geometry": {
        "type": "Point",
        "coordinates": [
          7.1688264,
          49.6474667
        ]
      },
      "properties": {
        "id": "tk_rpr_osm_n13173429630",
        "name": "Kiosk 73",
        "address": {
          "street": "Hauptstraße",
          "number": "8",
          "postalcode": "55765",
          "city": "Birkenfeld"
        },
        "sources": [
          {
            "type": "osm",
            "id": "node/13173429630",
            "version": 0
          },
          {
            "type": "apple",
            "id": "5707204788551119198"
          }
        ],
        "created": "2026-05-29",
        "updated": "2026-07-13",
        "hours": {
          "raw": "Mo-Sa 10:00-21:00"
        },
        "sources_by_field": {
          "name": "osm",
          "address.street": "osm",
          "address.number": "osm",
          "address.postalcode": "osm",
          "address.city": "osm",
          "hours": "apple",
          "payment.cards": "apple",
          "payment.contactless": "apple"
        },
        "apple_attempted": "2026-05-29",
        "payment": {
          "cards": "yes",
          "contactless": "yes"
        }
      }
    },
    {
      "type": "Feature",
      "geometry": {
        "type": "Point",
        "coordinates": [
          7.8574157,
          49.84324
        ]
      },
      "properties": {
        "id": "tk_rpr_osm_n13204499469",
        "name": "Emal Kiosk",
        "address": {},
        "sources": [
          {
            "type": "osm",
            "id": "node/13204499469",
            "version": 0
          },
          {
            "type": "gmaps",
            "id": "ChIJq7v2FQDxvUcR3I_7kPSGv-4"
          }
        ],
        "created": "2026-05-29",
        "updated": "2026-07-13",
        "sources_by_field": {
          "name": "osm"
        },
        "apple_id_attempted": "2026-07-01",
        "google_attempted": "2026-07-01",
        "payment": {}
      }
    },
    {
      "type": "Feature",
      "geometry": {
        "type": "Point",
        "coordinates": [
          7.1808922,
          50.2265011
        ]
      },
      "properties": {
        "id": "tk_rpr_osm_n1324237026",
        "name": "Groneß Getränkegroßhandel",
        "address": {
          "street": "Auf der Kunn",
          "number": "17",
          "postalcode": "56761",
          "city": "Hambuch"
        },
        "sources": [
          {
            "type": "osm",
            "id": "node/1324237026",
            "version": 0
          },
          {
            "type": "apple",
            "id": "199967258649487755"
          },
          {
            "type": "gmaps",
            "id": "ChIJix-iO8tFvkcRItP7_BamaH0"
          }
        ],
        "created": "2026-05-29",
        "updated": "2026-07-13",
        "sources_by_field": {
          "name": "osm",
          "address.street": "osm",
          "address.number": "osm",
          "address.postalcode": "osm",
          "address.city": "osm",
          "hours": "google"
        },
        "apple_attempted": "2026-07-01",
        "google_attempted": "2026-07-01",
        "hours": {
          "raw": "Tu 09:00-14:00; Th 09:00-14:00; Fr 09:00-14:00; We 09:00-14:00; Mo 09:00-14:00"
        },
        "payment": {}
      }
    },
    {
      "type": "Feature",
      "geometry": {
        "type": "Point",
        "coordinates": [
          7.3215806,
          49.7000703
        ]
      },
      "properties": {
        "id": "tk_rpr_osm_n13253589283",
        "name": "Kiosk Station",
        "address": {
          "street": "Nahe-Center",
          "number": "13",
          "postalcode": "55743",
          "city": "Idar-Oberstein"
        },
        "sources": [
          {
            "type": "osm",
            "id": "node/13253589283",
            "version": 0
          },
          {
            "type": "gmaps",
            "id": "ChIJN2-Qpv3xlUcR3DbRRW65Gjg"
          }
        ],
        "created": "2026-05-29",
        "updated": "2026-07-13",
        "hours": {
          "raw": "Tu 09:00-20:00; Fr 09:00-20:00; We 09:00-20:00; Mo 09:00-20:00; Sa 09:00-20:00"
        },
        "sources_by_field": {
          "name": "osm",
          "address.street": "osm",
          "address.number": "osm",
          "address.postalcode": "osm",
          "address.city": "osm",
          "hours": "google",
          "payment.cards": "google",
          "payment.contactless": "google",
          "payment.girocard": "google"
        },
        "apple_id_attempted": "2026-07-01",
        "google_attempted": "2026-05-29",
        "payment": {
          "cards": "no",
          "contactless": "yes",
          "girocard": "yes"
        }
      }
    },
    {
      "type": "Feature",
      "geometry": {
        "type": "Point",
        "coordinates": [
          6.440456,
          50.0163296
        ]
      },
      "properties": {
        "id": "tk_rpr_osm_n1341674911",
        "name": "Ferdis Bootshaus",
        "address": {},
        "sources": [
          {
            "type": "osm",
            "id": "node/1341674911",
            "version": 0
          },
          {
            "type": "apple",
            "id": "7696367554737315648"
          }
        ],
        "created": "2026-05-29",
        "updated": "2026-05-29",
        "sources_by_field": {
          "name": "osm",
          "payment.cards": "apple",
          "payment.contactless": "apple",
          "hours": "apple"
        },
        "payment": {
          "cards": "yes",
          "contactless": "yes"
        },
        "hours": {
          "raw": "Mo-Su 10:00-22:00"
        },
        "apple_attempted": "2026-05-29"
      }
    },
    {
      "type": "Feature",
      "geometry": {
        "type": "Point",
        "coordinates": [
          7.1230989,
          50.4251943
        ]
      },
      "properties": {
        "id": "tk_rpr_osm_n1439116038",
        "name": "ED-Tankstelle Kempenich",
        "address": {
          "street": "Hannebacher Straße",
          "number": "2 d",
          "postalcode": "56746",
          "city": "Kempenich"
        },
        "sources": [
          {
            "type": "osm",
            "id": "node/1439116038",
            "version": 0
          },
          {
            "type": "apple",
            "id": "104970426137565302"
          }
        ],
        "created": "2026-05-29",
        "updated": "2026-07-13",
        "hours": {
          "raw": "Mo-Fr 06:00-20:00; Sa 06:30-20:00; Su 08:00-20:00"
        },
        "sources_by_field": {
          "name": "osm",
          "address.street": "osm",
          "address.number": "osm",
          "address.postalcode": "osm",
          "address.city": "osm",
          "hours": "apple",
          "payment.cards": "apple",
          "payment.contactless": "apple"
        },
        "apple_attempted": "2026-05-29",
        "payment": {
          "cards": "yes",
          "contactless": "yes"
        }
      }
    },
    {
      "type": "Feature",
      "geometry": {
        "type": "Point",
        "coordinates": [
          8.0491566,
          49.8362537
        ]
      },
      "properties": {
        "id": "tk_rpr_osm_n1465373094",
        "name": "Bundstift Schreibwaren Geschäft",
        "address": {},
        "sources": [
          {
            "type": "osm",
            "id": "node/1465373094",
            "version": 0
          },
          {
            "type": "gmaps",
            "id": "ChIJ_4tzRk_zvUcRszUwdcgASD0"
          }
        ],
        "created": "2026-05-29",
        "updated": "2026-07-13",
        "sources_by_field": {
          "name": "osm",
          "hours": "google",
          "payment.cards": "google",
          "payment.girocard": "google"
        },
        "apple_id_attempted": "2026-07-01",
        "google_attempted": "2026-05-29",
        "hours": {
          "raw": "Tu 09:00-12:00,15:00-18:00; Th 09:00-12:00; Fr 09:00-12:00,15:00-18:00; We 09:00-12:00,15:00-18:00; Mo 09:00-12:00; Sa 08:00-12:30"
        },
        "payment": {
          "cards": "yes",
          "girocard": "yes"
        }
      }
    },
    {
      "type": "Feature",
      "geometry": {
        "type": "Point",
        "coordinates": [
          7.0049821,
          50.1217169
        ]
      },
      "properties": {
        "id": "tk_rpr_osm_n1589943945",
        "name": "Getränke Star Fischer",
        "address": {
          "street": "Zum Kehr",
          "number": "9",
          "postalcode": "56826",
          "city": "Lutzerath"
        },
        "sources": [
          {
            "type": "osm",
            "id": "node/1589943945",
            "version": 0
          },
          {
            "type": "gmaps",
            "id": "ChIJZzpBfxQ3vkcRUZOxWJKbUtQ"
          }
        ],
        "created": "2026-05-29",
        "updated": "2026-07-13",
        "hours": {
          "raw": "Tu 09:00-18:00; Th 09:00-18:00; Fr 09:00-18:00; We 09:00-18:00; Mo 09:00-18:00; Sa 09:00-18:00"
        },
        "tags": [
          "barrierefrei"
        ],
        "sources_by_field": {
          "name": "osm",
          "address.street": "osm",
          "address.number": "osm",
          "address.postalcode": "osm",
          "address.city": "osm",
          "hours": "google"
        },
        "apple_id_attempted": "2026-07-01",
        "google_attempted": "2026-07-01",
        "payment": {}
      }
    },
    {
      "type": "Feature",
      "geometry": {
        "type": "Point",
        "coordinates": [
          7.1161847,
          50.0230214
        ]
      },
      "properties": {
        "id": "tk_rpr_osm_n1666517971",
        "name": "Weingut Steffens-Keß",
        "address": {
          "street": "Moselstraße",
          "number": "63",
          "postalcode": "56861",
          "city": "Reil"
        },
        "sources": [
          {
            "type": "osm",
            "id": "node/1666517971",
            "version": 0
          },
          {
            "type": "apple",
            "id": "16097127920974404063"
          },
          {
            "type": "gmaps",
            "id": "ChIJO5BmGUY6vkcRXTJhKp4xDQ0"
          }
        ],
        "created": "2026-05-29",
        "updated": "2026-07-13",
        "sources_by_field": {
          "name": "osm",
          "address.street": "osm",
          "address.number": "osm",
          "address.postalcode": "osm",
          "address.city": "osm",
          "hours": "google",
          "payment.cards": "google",
          "payment.contactless": "google",
          "payment.girocard": "google"
        },
        "apple_attempted": "2026-05-29",
        "google_attempted": "2026-05-29",
        "hours": {
          "raw": "Tu 09:00-18:00; Th 09:00-18:00; Fr 09:00-18:00; We 09:00-18:00; Mo 09:00-18:00; Sa 10:00-16:00; Su 11:00-14:00"
        },
        "payment": {
          "cards": "no",
          "contactless": "yes",
          "girocard": "yes"
        }
      }
    },
    {
      "type": "Feature",
      "geometry": {
        "type": "Point",
        "coordinates": [
          7.6505805,
          49.7842387
        ]
      },
      "properties": {
        "id": "tk_rpr_osm_n1695333144",
        "name": "Andreas Lotto Eck",
        "address": {},
        "sources": [
          {
            "type": "osm",
            "id": "node/1695333144",
            "version": 0
          },
          {
            "type": "apple",
            "id": "12062279097214156116"
          }
        ],
        "created": "2026-05-29",
        "updated": "2026-07-13",
        "sources_by_field": {
          "name": "osm",
          "hours": "apple",
          "payment.cards": "apple",
          "payment.contactless": "apple"
        },
        "apple_attempted": "2026-05-29",
        "hours": {
          "raw": "Mo,Sa 08:30-12:30; Tu-Fr 08:30-12:30,14:00-17:30"
        },
        "payment": {
          "cards": "yes",
          "contactless": "yes"
        }
      }
    },
    {
      "type": "Feature",
      "geometry": {
        "type": "Point",
        "coordinates": [
          7.6466931,
          49.7851673
        ]
      },
      "properties": {
        "id": "tk_rpr_osm_n1793321922",
        "name": "Getränkekammer",
        "address": {},
        "sources": [
          {
            "type": "osm",
            "id": "node/1793321922",
            "version": 0
          },
          {
            "type": "apple",
            "id": "6016492307157691731"
          },
          {
            "type": "gmaps",
            "id": "ChIJ6TSgUTP_vUcR-6mV9ZaWUqM"
          }
        ],
        "created": "2026-05-29",
        "updated": "2026-07-13",
        "hours": {
          "raw": "Tu 08:30-18:00; Th 08:30-18:00; Fr 08:30-18:00; We 08:30-18:00; Mo 08:30-18:00; Sa 08:30-13:00"
        },
        "tags": [
          "barrierefrei"
        ],
        "sources_by_field": {
          "name": "osm",
          "hours": "google",
          "payment.cards": "google",
          "payment.contactless": "google",
          "payment.girocard": "google"
        },
        "apple_attempted": "2026-05-29",
        "google_attempted": "2026-05-29",
        "payment": {
          "cards": "no",
          "contactless": "yes",
          "girocard": "yes"
        }
      }
    },
    {
      "type": "Feature",
      "geometry": {
        "type": "Point",
        "coordinates": [
          7.6039824,
          50.4564021
        ]
      },
      "properties": {
        "id": "tk_rpr_osm_n1808786618",
        "name": "Getränke Klug",
        "address": {},
        "sources": [
          {
            "type": "osm",
            "id": "node/1808786618",
            "version": 0
          },
          {
            "type": "gmaps",
            "id": "ChIJFx11LXSIvkcRLxMRR14OE0c"
          }
        ],
        "created": "2026-05-29",
        "updated": "2026-07-13",
        "sources_by_field": {
          "name": "osm",
          "hours": "google"
        },
        "apple_id_attempted": "2026-07-01",
        "google_attempted": "2026-07-01",
        "hours": {
          "raw": "Tu 12:30-18:30; Th 12:30-18:30; Fr 12:30-18:30; We 12:30-18:30; Mo 12:30-18:30; Sa 09:00-14:00"
        },
        "payment": {}
      }
    },
    {
      "type": "Feature",
      "geometry": {
        "type": "Point",
        "coordinates": [
          7.226191,
          50.1447387
        ]
      },
      "properties": {
        "id": "tk_rpr_osm_n1935598023",
        "name": "Bier- Müller",
        "address": {
          "street": "Moselstraße",
          "number": "49",
          "postalcode": "56814",
          "city": "Ernst"
        },
        "sources": [
          {
            "type": "osm",
            "id": "node/1935598023",
            "version": 0
          },
          {
            "type": "gmaps",
            "id": "ChIJf1u8-sdAvkcRtp9UZ-keVRs"
          }
        ],
        "created": "2026-05-29",
        "updated": "2026-07-13",
        "sources_by_field": {
          "name": "osm",
          "address.street": "osm",
          "address.number": "osm",
          "address.postalcode": "osm",
          "address.city": "osm",
          "hours": "google",
          "payment.cards": "google",
          "payment.contactless": "google",
          "payment.girocard": "google"
        },
        "apple_id_attempted": "2026-07-01",
        "google_attempted": "2026-05-29",
        "hours": {
          "raw": "Tu 08:00-12:00,13:00-18:00; Th 08:00-12:00,13:00-18:00; Fr 08:00-12:00,13:00-18:00; We 08:00-12:00,13:00-18:00; Mo 08:00-12:00,13:00-18:00; Sa 08:30-13:00"
        },
        "payment": {
          "cards": "no",
          "contactless": "yes",
          "girocard": "yes"
        }
      }
    },
    {
      "type": "Feature",
      "geometry": {
        "type": "Point",
        "coordinates": [
          7.1672945,
          50.1505505
        ]
      },
      "properties": {
        "id": "tk_rpr_osm_n1935598472",
        "name": "Getränke Oase",
        "address": {},
        "sources": [
          {
            "type": "osm",
            "id": "node/1935598472",
            "version": 0
          },
          {
            "type": "gmaps",
            "id": "ChIJR5pd1J9HvkcR9HGGEQJjbts"
          }
        ],
        "created": "2026-05-29",
        "updated": "2026-07-13",
        "hours": {
          "raw": "Tu 09:00-18:30; Th 09:00-18:30; Fr 09:00-18:30; We 09:00-18:30; Mo 09:00-18:30; Sa 09:00-13:00"
        },
        "tags": [
          "barrierefrei"
        ],
        "sources_by_field": {
          "name": "osm",
          "hours": "google",
          "payment.cards": "google",
          "payment.girocard": "google"
        },
        "apple_id_attempted": "2026-07-01",
        "google_attempted": "2026-05-29",
        "payment": {
          "cards": "yes",
          "girocard": "yes"
        }
      }
    },
    {
      "type": "Feature",
      "geometry": {
        "type": "Point",
        "coordinates": [
          7.8378272,
          49.8090314
        ]
      },
      "properties": {
        "id": "tk_rpr_osm_n2458987294",
        "name": "Weingut Schlich",
        "address": {},
        "sources": [
          {
            "type": "osm",
            "id": "node/2458987294",
            "version": 0
          },
          {
            "type": "apple",
            "id": "1703996468302892326"
          }
        ],
        "created": "2026-05-29",
        "updated": "2026-07-13",
        "hours": {
          "raw": "Mo-Sa 09:00-12:00; Tu-Fr 14:00-17:00"
        },
        "sources_by_field": {
          "name": "osm",
          "hours": "apple",
          "payment.cards": "apple",
          "payment.contactless": "apple"
        },
        "apple_attempted": "2026-05-29",
        "payment": {
          "cards": "yes",
          "contactless": "yes"
        }
      }
    },
    {
      "type": "Feature",
      "geometry": {
        "type": "Point",
        "coordinates": [
          7.3658063,
          50.2459174
        ]
      },
      "properties": {
        "id": "tk_rpr_osm_n292128136",
        "name": "Getränke Mühlhöfer",
        "address": {},
        "sources": [
          {
            "type": "osm",
            "id": "node/292128136",
            "version": 0
          },
          {
            "type": "gmaps",
            "id": "ChIJ2QyrRTZovkcRRi0TICw2hys"
          }
        ],
        "created": "2026-05-29",
        "updated": "2026-07-13",
        "tags": [
          "barrierefrei"
        ],
        "sources_by_field": {
          "name": "osm",
          "hours": "google",
          "payment.cards": "google",
          "payment.contactless": "google",
          "payment.girocard": "google"
        },
        "apple_id_attempted": "2026-07-01",
        "google_attempted": "2026-05-29",
        "hours": {
          "raw": "Tu 08:00-18:30; Th 08:00-18:30; Fr 08:00-18:30; We 08:00-18:30; Mo 08:00-18:30; Sa 08:00-14:00"
        },
        "payment": {
          "cards": "yes",
          "contactless": "yes",
          "girocard": "yes"
        }
      }
    },
    {
      "type": "Feature",
      "geometry": {
        "type": "Point",
        "coordinates": [
          7.7469305,
          49.4254527
        ]
      },
      "properties": {
        "id": "tk_rpr_osm_n292254127",
        "name": "Carina's Blumen",
        "address": {},
        "sources": [
          {
            "type": "osm",
            "id": "node/292254127",
            "version": 0
          },
          {
            "type": "apple",
            "id": "2956909883535015541"
          },
          {
            "type": "gmaps",
            "id": "ChIJ38N9FVFtlkcRdpXnVe0N4Uw"
          }
        ],
        "created": "2026-05-29",
        "updated": "2026-07-13",
        "hours": {
          "raw": "Tu 08:30-17:30; Th 08:30-18:00; Fr 08:30-17:30; We 08:30-18:00; Mo 08:30-18:00; Sa 08:30-13:00"
        },
        "tags": [
          "barrierefrei"
        ],
        "sources_by_field": {
          "name": "osm",
          "hours": "google",
          "payment.cards": "google",
          "payment.girocard": "google"
        },
        "apple_attempted": "2026-05-29",
        "google_attempted": "2026-05-29",
        "payment": {
          "cards": "yes",
          "girocard": "yes"
        }
      }
    },
    {
      "type": "Feature",
      "geometry": {
        "type": "Point",
        "coordinates": [
          7.4161973,
          50.4384145
        ]
      },
      "properties": {
        "id": "tk_rpr_osm_n318647885",
        "name": "Kargl Card Shop",
        "address": {},
        "sources": [
          {
            "type": "osm",
            "id": "node/318647885",
            "version": 0
          },
          {
            "type": "gmaps",
            "id": "ChIJ18MTMR9gvkcR98K0rsRlWP8"
          }
        ],
        "created": "2026-05-29",
        "updated": "2026-07-13",
        "tags": [
          "barrierefrei"
        ],
        "sources_by_field": {
          "name": "osm"
        },
        "apple_id_attempted": "2026-07-01",
        "google_attempted": "2026-07-01",
        "payment": {}
      }
    },
    {
      "type": "Feature",
      "geometry": {
        "type": "Point",
        "coordinates": [
          7.707414,
          50.1623795
        ]
      },
      "properties": {
        "id": "tk_rpr_osm_n3297440540",
        "name": "SB Tankstelle Scherhag",
        "address": {
          "street": "Wellmicher Straße",
          "number": "82",
          "postalcode": "56346"
        },
        "sources": [
          {
            "type": "osm",
            "id": "node/3297440540",
            "version": 0
          },
          {
            "type": "apple",
            "id": "3761536220177979369"
          }
        ],
        "created": "2026-05-29",
        "updated": "2026-07-13",
        "hours": {
          "raw": "Su 10:00-19:00; Mo-Fr 08:00-19:00; Sa 09:00-19:00"
        },
        "tags": [
          "barrierefrei"
        ],
        "sources_by_field": {
          "name": "osm",
          "address.street": "osm",
          "address.number": "osm",
          "address.postalcode": "osm",
          "hours": "apple",
          "payment.cards": "apple",
          "payment.contactless": "apple"
        },
        "apple_attempted": "2026-05-29",
        "payment": {
          "cards": "yes",
          "contactless": "yes"
        }
      }
    },
    {
      "type": "Feature",
      "geometry": {
        "type": "Point",
        "coordinates": [
          7.2418156,
          50.5811874
        ]
      },
      "properties": {
        "id": "tk_rpr_osm_n388221338",
        "name": "Getränkeverlag Karl Klein",
        "address": {
          "street": "Rheinallee",
          "number": "2",
          "postalcode": "53579",
          "city": "Erpel"
        },
        "sources": [
          {
            "type": "osm",
            "id": "node/388221338",
            "version": 0
          },
          {
            "type": "gmaps",
            "id": "ChIJVVVhmGHwvkcR9BcCdnd6U68"
          }
        ],
        "created": "2026-05-29",
        "updated": "2026-07-13",
        "sources_by_field": {
          "name": "osm",
          "address.street": "osm",
          "address.number": "osm",
          "address.postalcode": "osm",
          "address.city": "osm",
          "hours": "google",
          "payment.cards": "google",
          "payment.girocard": "google"
        },
        "apple_id_attempted": "2026-07-01",
        "google_attempted": "2026-05-29",
        "hours": {
          "raw": "Tu 09:00-18:00; Th 09:00-18:00; Fr 09:00-18:00; We 09:00-18:00; Mo 09:00-18:00; Sa 09:00-15:00"
        },
        "payment": {
          "cards": "yes",
          "girocard": "yes"
        }
      }
    },
    {
      "type": "Feature",
      "geometry": {
        "type": "Point",
        "coordinates": [
          7.432573,
          50.5998076
        ]
      },
      "properties": {
        "id": "tk_rpr_osm_n4082891690",
        "name": "BAT Fernthal West",
        "address": {},
        "sources": [
          {
            "type": "osm",
            "id": "node/4082891690",
            "version": 0
          },
          {
            "type": "gmaps",
            "id": "ChIJZ3SgoK3yvkcRP2UN1zDGvTQ"
          }
        ],
        "created": "2026-05-29",
        "updated": "2026-07-13",
        "hours": {
          "raw": "24/7"
        },
        "sources_by_field": {
          "name": "osm",
          "hours": "osm",
          "payment.cards": "google",
          "payment.contactless": "google",
          "payment.girocard": "google"
        },
        "apple_id_attempted": "2026-07-01",
        "google_attempted": "2026-07-01",
        "payment": {
          "cards": "yes",
          "contactless": "yes",
          "girocard": "yes"
        }
      }
    },
    {
      "type": "Feature",
      "geometry": {
        "type": "Point",
        "coordinates": [
          7.1177788,
          50.0203406
        ]
      },
      "properties": {
        "id": "tk_rpr_osm_n4104880995",
        "name": "Weingut Melsheimer",
        "address": {
          "street": "Dorfstraße",
          "number": "21"
        },
        "sources": [
          {
            "type": "osm",
            "id": "node/4104880995",
            "version": 0
          },
          {
            "type": "apple",
            "id": "4107331538686344754"
          }
        ],
        "created": "2026-05-29",
        "updated": "2026-07-13",
        "hours": {
          "raw": "Su 10:00-12:00; Mo-Fr 09:00-11:00,14:00-18:00; Sa 11:00-18:00"
        },
        "sources_by_field": {
          "name": "osm",
          "address.street": "osm",
          "address.number": "osm",
          "hours": "apple",
          "payment.cards": "apple",
          "payment.contactless": "apple"
        },
        "apple_attempted": "2026-05-29",
        "payment": {
          "cards": "yes",
          "contactless": "yes"
        }
      }
    },
    {
      "type": "Feature",
      "geometry": {
        "type": "Point",
        "coordinates": [
          7.2981619,
          50.5096139
        ]
      },
      "properties": {
        "id": "tk_rpr_osm_n4406503815",
        "name": "Kiosk Bad Breisig",
        "address": {
          "street": "Bachstraße",
          "number": "3",
          "postalcode": "53498",
          "city": "Bad Breisig"
        },
        "sources": [
          {
            "type": "osm",
            "id": "node/4406503815",
            "version": 0
          },
          {
            "type": "apple",
            "id": "5572308073303157251"
          }
        ],
        "created": "2026-05-29",
        "updated": "2026-07-13",
        "hours": {
          "raw": "Su 11:00-18:00; Mo-Fr 08:00-13:00,14:00-19:00; Sa 09:00-16:00"
        },
        "sources_by_field": {
          "name": "osm",
          "address.street": "osm",
          "address.number": "osm",
          "address.postalcode": "osm",
          "address.city": "osm",
          "hours": "apple",
          "payment.cards": "apple",
          "payment.contactless": "apple"
        },
        "apple_attempted": "2026-05-29",
        "payment": {
          "cards": "yes",
          "contactless": "yes"
        }
      }
    },
    {
      "type": "Feature",
      "geometry": {
        "type": "Point",
        "coordinates": [
          7.406129,
          50.3956808
        ]
      },
      "properties": {
        "id": "tk_rpr_osm_n441535030",
        "name": "Getränkevertrieb Willi Klein",
        "address": {},
        "sources": [
          {
            "type": "osm",
            "id": "node/441535030",
            "version": 0
          },
          {
            "type": "apple",
            "id": "16695236474662510245"
          }
        ],
        "created": "2026-05-29",
        "updated": "2026-07-13",
        "sources_by_field": {
          "name": "osm",
          "hours": "apple",
          "payment.cards": "apple",
          "payment.contactless": "apple"
        },
        "apple_attempted": "2026-05-29",
        "hours": {
          "raw": "Mo-Th 09:00-18:00; Fr 08:00-18:00; Sa 08:00-14:00"
        },
        "payment": {
          "cards": "yes",
          "contactless": "yes"
        }
      }
    },
    {
      "type": "Feature",
      "geometry": {
        "type": "Point",
        "coordinates": [
          7.557911,
          49.7947855
        ]
      },
      "properties": {
        "id": "tk_rpr_osm_n4479800059",
        "name": "Hahn Harald Getränkehandel",
        "address": {
          "street": "Hauptstraße",
          "number": "68",
          "postalcode": "55627",
          "city": "Merxheim"
        },
        "sources": [
          {
            "type": "osm",
            "id": "node/4479800059",
            "version": 0
          },
          {
            "type": "apple",
            "id": "11941444757251374418"
          }
        ],
        "created": "2026-05-29",
        "updated": "2026-07-13",
        "sources_by_field": {
          "name": "osm",
          "address.street": "osm",
          "address.number": "osm",
          "address.postalcode": "osm",
          "address.city": "osm",
          "hours": "apple",
          "payment.cards": "apple",
          "payment.contactless": "apple"
        },
        "apple_attempted": "2026-05-29",
        "hours": {
          "raw": "Mo 15:00-18:30; Tu 09:00-12:00; Th-Fr 09:00-12:00,15:00-18:30; Sa 09:00-13:00"
        },
        "payment": {
          "cards": "yes",
          "contactless": "yes"
        }
      }
    },
    {
      "type": "Feature",
      "geometry": {
        "type": "Point",
        "coordinates": [
          8.4705966,
          49.7550237
        ]
      },
      "properties": {
        "id": "tk_rpr_osm_n492868006",
        "name": "Café Ziel",
        "address": {
          "street": "Gernsheimer Fahrt"
        },
        "sources": [
          {
            "type": "osm",
            "id": "node/492868006",
            "version": 0
          },
          {
            "type": "apple",
            "id": "11258045112781432786"
          }
        ],
        "created": "2026-05-29",
        "updated": "2026-07-13",
        "tags": [
          "draussen"
        ],
        "sources_by_field": {
          "name": "osm",
          "address.street": "osm",
          "hours": "apple"
        },
        "apple_attempted": "2026-07-01",
        "google_attempted": "2026-07-01",
        "hours": {
          "raw": "Mo-Su 10:00-22:00"
        },
        "payment": {}
      }
    },
    {
      "type": "Feature",
      "geometry": {
        "type": "Point",
        "coordinates": [
          7.4088809,
          50.4351538
        ]
      },
      "properties": {
        "id": "tk_rpr_osm_n4969185688",
        "name": "Getränke Dudai",
        "address": {},
        "sources": [
          {
            "type": "osm",
            "id": "node/4969185688",
            "version": 0
          },
          {
            "type": "gmaps",
            "id": "ChIJffKxWRpgvkcRYWCRVFmV_10"
          }
        ],
        "created": "2026-05-29",
        "updated": "2026-07-13",
        "sources_by_field": {
          "name": "osm",
          "hours": "google"
        },
        "apple_id_attempted": "2026-07-01",
        "google_attempted": "2026-07-01",
        "hours": {
          "raw": "Tu 08:00-18:00; Th 08:00-18:00; Fr 08:00-18:00; We 08:00-18:00; Mo 08:00-18:00; Sa 08:00-14:00"
        },
        "payment": {}
      }
    },
    {
      "type": "Feature",
      "geometry": {
        "type": "Point",
        "coordinates": [
          7.1295531,
          50.2296103
        ]
      },
      "properties": {
        "id": "tk_rpr_osm_n5212836790",
        "name": "Getränke Münk",
        "address": {
          "street": "Bahnhofstraße",
          "number": "61",
          "postalcode": "56759",
          "city": "Kaisersesch"
        },
        "sources": [
          {
            "type": "osm",
            "id": "node/5212836790",
            "version": 0
          },
          {
            "type": "gmaps",
            "id": "ChIJD3eBaV9PvkcRcvJRlScAFG8"
          }
        ],
        "created": "2026-05-29",
        "updated": "2026-07-13",
        "sources_by_field": {
          "name": "osm",
          "address.street": "osm",
          "address.number": "osm",
          "address.postalcode": "osm",
          "address.city": "osm"
        },
        "apple_id_attempted": "2026-07-01",
        "google_attempted": "2026-07-01",
        "payment": {}
      }
    },
    {
      "type": "Feature",
      "geometry": {
        "type": "Point",
        "coordinates": [
          7.6637013,
          50.2066705
        ]
      },
      "properties": {
        "id": "tk_rpr_osm_n6071298785",
        "name": "Wanderkiosk Alte Schule",
        "address": {
          "street": "Kirchstraße",
          "number": "2",
          "postalcode": "56346",
          "city": "Lykershausen"
        },
        "sources": [
          {
            "type": "osm",
            "id": "node/6071298785",
            "version": 0
          },
          {
            "type": "apple",
            "id": "17311257433015763942"
          },
          {
            "type": "gmaps",
            "id": "ChIJGX-Zem93vkcRhZPdm4ALv5Y"
          }
        ],
        "created": "2026-05-29",
        "updated": "2026-07-13",
        "hours": {
          "raw": "Tu 10:00-19:00; Th 10:00-19:00; Fr 10:00-19:00; We 10:00-19:00; Sa 10:00-19:00; Su 10:00-19:00"
        },
        "sources_by_field": {
          "name": "osm",
          "address.street": "osm",
          "address.number": "osm",
          "address.postalcode": "osm",
          "address.city": "osm",
          "hours": "google"
        },
        "apple_attempted": "2026-07-01",
        "google_attempted": "2026-07-01",
        "payment": {}
      }
    },
    {
      "type": "Feature",
      "geometry": {
        "type": "Point",
        "coordinates": [
          7.1125585,
          49.94649
        ]
      },
      "properties": {
        "id": "tk_rpr_osm_n6208525261",
        "name": "Krempel Ernst Bierverlag",
        "address": {},
        "sources": [
          {
            "type": "osm",
            "id": "node/6208525261",
            "version": 0
          },
          {
            "type": "apple",
            "id": "3049234629248378914"
          },
          {
            "type": "gmaps",
            "id": "ChIJ-WE7ud8kvkcRQ5QbhjNP5nA"
          }
        ],
        "created": "2026-05-29",
        "updated": "2026-07-13",
        "sources_by_field": {
          "name": "osm",
          "hours": "google"
        },
        "apple_attempted": "2026-07-01",
        "google_attempted": "2026-07-01",
        "hours": {
          "raw": "Tu 09:30-12:00,14:00-18:00; Th 09:30-12:00,14:00-18:00; Fr 09:30-12:00,14:00-18:00; We 09:30-12:00,14:00-18:00; Mo 09:30-12:00,14:00-18:00; Sa 09:30-12:30"
        },
        "payment": {}
      }
    },
    {
      "type": "Feature",
      "geometry": {
        "type": "Point",
        "coordinates": [
          7.3919463,
          49.7291598
        ]
      },
      "properties": {
        "id": "tk_rpr_osm_n6517025237",
        "name": "Globus Getränkecenter",
        "address": {},
        "sources": [
          {
            "type": "osm",
            "id": "node/6517025237",
            "version": 0
          },
          {
            "type": "gmaps",
            "id": "ChIJcV5INWz3lUcRke67agzf2t0"
          }
        ],
        "created": "2026-05-29",
        "updated": "2026-07-13",
        "tags": [
          "barrierefrei"
        ],
        "sources_by_field": {
          "name": "osm",
          "hours": "google",
          "payment.cards": "google",
          "payment.contactless": "google",
          "payment.girocard": "google"
        },
        "apple_id_attempted": "2026-07-01",
        "google_attempted": "2026-07-01",
        "hours": {
          "raw": "Tu 08:00-20:00; Th 08:00-20:00; Fr 08:00-21:00; We 08:00-20:00; Mo 08:00-20:00; Sa 08:00-21:00"
        },
        "payment": {
          "cards": "yes",
          "contactless": "yes",
          "girocard": "yes"
        }
      }
    },
    {
      "type": "Feature",
      "geometry": {
        "type": "Point",
        "coordinates": [
          7.1531903,
          50.0965778
        ]
      },
      "properties": {
        "id": "tk_rpr_osm_n652717684",
        "name": "Tankstelle Andre",
        "address": {
          "street": "Moselweinstraße",
          "number": "34",
          "postalcode": "56814",
          "city": "Ediger-Eller",
          "district": "Ediger"
        },
        "sources": [
          {
            "type": "osm",
            "id": "node/652717684",
            "version": 0
          },
          {
            "type": "gmaps",
            "id": "ChIJqaKc5_k4vkcRtgSa6FT7Dwc"
          }
        ],
        "created": "2026-05-29",
        "updated": "2026-07-13",
        "hours": {
          "raw": "Tu 06:00-22:00; Th 06:00-22:00; Fr 06:00-22:00; We 06:00-22:00; Mo 06:00-22:00; Sa 06:00-22:00; Su 06:00-22:00"
        },
        "sources_by_field": {
          "name": "osm",
          "address.street": "osm",
          "address.number": "osm",
          "address.postalcode": "osm",
          "address.city": "osm",
          "address.district": "osm",
          "hours": "google",
          "payment.cards": "google",
          "payment.contactless": "google",
          "payment.girocard": "google"
        },
        "apple_id_attempted": "2026-07-01",
        "google_attempted": "2026-05-29",
        "payment": {
          "cards": "no",
          "contactless": "yes",
          "girocard": "yes"
        }
      }
    },
    {
      "type": "Feature",
      "geometry": {
        "type": "Point",
        "coordinates": [
          7.4455756,
          50.2272113
        ]
      },
      "properties": {
        "id": "tk_rpr_osm_n6643269065",
        "name": "Kiosk & Tourist-Info Brodenbach",
        "address": {},
        "sources": [
          {
            "type": "osm",
            "id": "node/6643269065",
            "version": 0
          },
          {
            "type": "apple",
            "id": "10307133826304381288"
          }
        ],
        "created": "2026-05-29",
        "updated": "2026-07-13",
        "hours": {
          "raw": "Mo 08:30-12:00; Tu,Th 08:30-12:00,15:00-17:00; We,Fr 08:30-12:00,15:00-18:00; Sa 08:30-12:00,14:30-16:30"
        },
        "sources_by_field": {
          "name": "osm",
          "hours": "apple",
          "payment.cards": "apple",
          "payment.contactless": "apple"
        },
        "apple_attempted": "2026-05-29",
        "payment": {
          "cards": "yes",
          "contactless": "yes"
        }
      }
    },
    {
      "type": "Feature",
      "geometry": {
        "type": "Point",
        "coordinates": [
          7.4478876,
          50.2297544
        ]
      },
      "properties": {
        "id": "tk_rpr_osm_n6643338316",
        "name": "Getränkequelle Rhein Mosel",
        "address": {},
        "sources": [
          {
            "type": "osm",
            "id": "node/6643338316",
            "version": 0
          },
          {
            "type": "gmaps",
            "id": "ChIJjZgRpuxvvkcR2_fKjkqy6y0"
          }
        ],
        "created": "2026-05-29",
        "updated": "2026-07-13",
        "sources_by_field": {
          "name": "osm",
          "hours": "google",
          "payment.cards": "google",
          "payment.girocard": "google"
        },
        "apple_id_attempted": "2026-07-01",
        "google_attempted": "2026-05-29",
        "hours": {
          "raw": "Th 09:00-18:00; Fr 09:00-18:00; Sa 09:00-16:00"
        },
        "payment": {
          "cards": "no",
          "girocard": "yes"
        }
      }
    },
    {
      "type": "Feature",
      "geometry": {
        "type": "Point",
        "coordinates": [
          7.4695274,
          49.3022396
        ]
      },
      "properties": {
        "id": "tk_rpr_osm_n6672593686",
        "name": "Brauwerkstatt Steffen Süs",
        "address": {
          "street": "Herrenwalderstraße",
          "number": "1",
          "postalcode": "66484",
          "city": "Winterbach (Pfalz)"
        },
        "sources": [
          {
            "type": "osm",
            "id": "node/6672593686",
            "version": 0
          },
          {
            "type": "gmaps",
            "id": "ChIJc5IeXTnYlUcRaC2DAmlL0Yk"
          }
        ],
        "created": "2026-05-29",
        "updated": "2026-07-13",
        "hours": {
          "raw": "Tu 11:00-19:00; Th 11:00-19:00; Fr 11:00-19:00; We 11:00-19:00; Mo 11:00-19:00; Sa 11:00-19:00"
        },
        "sources_by_field": {
          "name": "osm",
          "address.street": "osm",
          "address.number": "osm",
          "address.postalcode": "osm",
          "address.city": "osm",
          "hours": "google"
        },
        "apple_id_attempted": "2026-07-01",
        "google_attempted": "2026-07-01",
        "payment": {}
      }
    },
    {
      "type": "Feature",
      "geometry": {
        "type": "Point",
        "coordinates": [
          7.7614332,
          50.4948169
        ]
      },
      "properties": {
        "id": "tk_rpr_osm_n6677520188",
        "name": "Manruffer Bierfabrik",
        "address": {
          "street": "Hauptstraße",
          "number": "46",
          "postalcode": "56424"
        },
        "sources": [
          {
            "type": "osm",
            "id": "node/6677520188",
            "version": 0
          },
          {
            "type": "gmaps",
            "id": "ChIJq3iXQGWBvkcRGCfzNgmpaL0"
          }
        ],
        "created": "2026-05-29",
        "updated": "2026-07-13",
        "sources_by_field": {
          "name": "osm",
          "address.street": "osm",
          "address.number": "osm",
          "address.postalcode": "osm"
        },
        "apple_id_attempted": "2026-07-01",
        "google_attempted": "2026-07-01",
        "payment": {}
      }
    },
    {
      "type": "Feature",
      "geometry": {
        "type": "Point",
        "coordinates": [
          6.848326,
          49.8967458
        ]
      },
      "properties": {
        "id": "tk_rpr_osm_n6768722624",
        "name": "Escher Viez",
        "address": {
          "street": "Brunnenstraße",
          "number": "3",
          "postalcode": "54518",
          "city": "Esch"
        },
        "sources": [
          {
            "type": "osm",
            "id": "node/6768722624",
            "version": 0
          },
          {
            "type": "gmaps",
            "id": "ChIJhxAgzlUrvkcRXgtp09xtQ_s"
          }
        ],
        "created": "2026-05-29",
        "updated": "2026-07-13",
        "sources_by_field": {
          "name": "osm",
          "address.street": "osm",
          "address.number": "osm",
          "address.postalcode": "osm",
          "address.city": "osm"
        },
        "apple_id_attempted": "2026-07-01",
        "google_attempted": "2026-07-01",
        "payment": {}
      }
    },
    {
      "type": "Feature",
      "geometry": {
        "type": "Point",
        "coordinates": [
          7.0777091,
          49.9154024
        ]
      },
      "properties": {
        "id": "tk_rpr_osm_n8121186509",
        "name": "DooYooMan",
        "address": {
          "street": "Römerstraße",
          "number": "29",
          "postalcode": "54470",
          "city": "Bernkastel-Kues"
        },
        "sources": [
          {
            "type": "osm",
            "id": "node/8121186509",
            "version": 0
          },
          {
            "type": "apple",
            "id": "2744099464957636616"
          }
        ],
        "created": "2026-05-29",
        "updated": "2026-07-13",
        "sources_by_field": {
          "name": "osm",
          "address.street": "osm",
          "address.number": "osm",
          "address.postalcode": "osm",
          "address.city": "osm",
          "hours": "apple"
        },
        "apple_attempted": "2026-07-01",
        "google_attempted": "2026-07-01",
        "hours": {
          "raw": "Mo-Fr 10:00-16:00; Sa-Su 11:00-16:00"
        },
        "payment": {}
      }
    },
    {
      "type": "Feature",
      "geometry": {
        "type": "Point",
        "coordinates": [
          7.3880442,
          50.0764902
        ]
      },
      "properties": {
        "id": "tk_rpr_osm_n8257334032",
        "name": "Getränkehandel Hummes",
        "address": {
          "street": "Hauptstraße",
          "number": "39a",
          "postalcode": "56290",
          "city": "Buch"
        },
        "sources": [
          {
            "type": "osm",
            "id": "node/8257334032",
            "version": 0
          },
          {
            "type": "gmaps",
            "id": "ChIJl5IMCLkVvkcRcCg2kndP2SA"
          }
        ],
        "created": "2026-05-29",
        "updated": "2026-07-13",
        "sources_by_field": {
          "name": "osm",
          "address.street": "osm",
          "address.number": "osm",
          "address.postalcode": "osm",
          "address.city": "osm",
          "hours": "google"
        },
        "apple_id_attempted": "2026-07-01",
        "google_attempted": "2026-07-01",
        "hours": {
          "raw": "Th 16:00-19:00; Fr 16:00-19:00; Mo 16:00-19:00; Sa 08:00-13:00"
        },
        "payment": {}
      }
    },
    {
      "type": "Feature",
      "geometry": {
        "type": "Point",
        "coordinates": [
          7.8560265,
          49.8456521
        ]
      },
      "properties": {
        "id": "tk_rpr_osm_n8421682859",
        "name": "Altstadt Kiosk",
        "address": {},
        "sources": [
          {
            "type": "osm",
            "id": "node/8421682859",
            "version": 0
          },
          {
            "type": "gmaps",
            "id": "ChIJQZROoaD7vUcRCR05keQF7wI"
          }
        ],
        "created": "2026-05-29",
        "updated": "2026-07-13",
        "sources_by_field": {
          "name": "osm",
          "hours": "google",
          "payment.cards": "google"
        },
        "apple_id_attempted": "2026-07-01",
        "google_attempted": "2026-05-29",
        "hours": {
          "raw": "Tu 09:00-22:00; Th 09:00-22:00; Fr 09:00-22:00; We 09:00-22:00; Mo 09:00-22:00; Sa 09:00-22:00; Su 09:00-22:00"
        },
        "payment": {
          "cards": "yes"
        }
      }
    },
    {
      "type": "Feature",
      "geometry": {
        "type": "Point",
        "coordinates": [
          7.4035178,
          50.434635
        ]
      },
      "properties": {
        "id": "tk_rpr_osm_n8912381069",
        "name": "Kiosk am Bahnhof",
        "address": {},
        "sources": [
          {
            "type": "osm",
            "id": "node/8912381069",
            "version": 0
          },
          {
            "type": "apple",
            "id": "10490508864814787116"
          }
        ],
        "created": "2026-05-29",
        "updated": "2026-07-13",
        "hours": {
          "raw": "Su 09:00-18:30; Mo-Fr 05:30-20:00; Sa 06:30-16:00"
        },
        "sources_by_field": {
          "name": "osm",
          "hours": "apple",
          "payment.cards": "apple",
          "payment.contactless": "apple"
        },
        "apple_attempted": "2026-05-29",
        "payment": {
          "cards": "yes",
          "contactless": "yes"
        }
      }
    },
    {
      "type": "Feature",
      "geometry": {
        "type": "Point",
        "coordinates": [
          7.4083724,
          50.4392748
        ]
      },
      "properties": {
        "id": "tk_rpr_osm_n9046364329",
        "name": "DGS Andernach",
        "address": {
          "street": "Koblenzer Straße",
          "number": "17-19",
          "postalcode": "56626",
          "city": "Andernach"
        },
        "sources": [
          {
            "type": "osm",
            "id": "node/9046364329",
            "version": 0
          },
          {
            "type": "apple",
            "id": "7466564157359278443"
          }
        ],
        "created": "2026-05-29",
        "updated": "2026-07-13",
        "hours": {
          "raw": "Mo-Fr 09:00-18:00; Sa 09:00-15:00"
        },
        "tags": [
          "barrierefrei"
        ],
        "sources_by_field": {
          "name": "osm",
          "address.street": "osm",
          "address.number": "osm",
          "address.postalcode": "osm",
          "address.city": "osm",
          "hours": "apple",
          "payment.cards": "apple",
          "payment.contactless": "apple"
        },
        "apple_attempted": "2026-05-29",
        "payment": {
          "cards": "yes",
          "contactless": "yes"
        }
      }
    },
    {
      "type": "Feature",
      "geometry": {
        "type": "Point",
        "coordinates": [
          7.1653788,
          50.1470374
        ]
      },
      "properties": {
        "id": "tk_rpr_osm_n9695396412",
        "name": "Kiosk \"Tante Emma\"",
        "address": {},
        "sources": [
          {
            "type": "osm",
            "id": "node/9695396412",
            "version": 0
          },
          {
            "type": "apple",
            "id": "16702730645305139086"
          }
        ],
        "created": "2026-05-29",
        "updated": "2026-07-13",
        "sources_by_field": {
          "name": "osm",
          "hours": "apple",
          "payment.cards": "apple",
          "payment.contactless": "apple"
        },
        "apple_attempted": "2026-05-29",
        "hours": {
          "raw": "Mo-Tu,Th-Su 10:00-19:00"
        },
        "payment": {
          "cards": "yes",
          "contactless": "yes"
        }
      }
    },
    {
      "type": "Feature",
      "geometry": {
        "type": "Point",
        "coordinates": [
          7.5921309,
          50.2316597
        ]
      },
      "properties": {
        "id": "tk_rpr_osm_n9856554800",
        "name": "Neumann's Kiosk",
        "address": {},
        "sources": [
          {
            "type": "osm",
            "id": "node/9856554800",
            "version": 0
          },
          {
            "type": "apple",
            "id": "8010531900113466475"
          }
        ],
        "created": "2026-05-29",
        "updated": "2026-07-13",
        "tags": [
          "barrierefrei"
        ],
        "sources_by_field": {
          "name": "osm",
          "hours": "apple",
          "payment.cards": "apple",
          "payment.contactless": "apple"
        },
        "apple_attempted": "2026-05-29",
        "hours": {
          "raw": "Tu-Sa 09:00-22:00; Su 11:00-22:00"
        },
        "payment": {
          "cards": "yes",
          "contactless": "yes"
        }
      }
    },
    {
      "type": "Feature",
      "geometry": {
        "type": "Point",
        "coordinates": [
          7.8536399,
          49.8393773
        ]
      },
      "properties": {
        "id": "tk_rpr_osm_n9864579717",
        "name": "Jürgens Kiosk",
        "address": {
          "street": "Kaiser-Wilhelm-Straße",
          "number": "10",
          "postalcode": "55543",
          "city": "Bad Kreuznach"
        },
        "sources": [
          {
            "type": "osm",
            "id": "node/9864579717",
            "version": 0
          },
          {
            "type": "gmaps",
            "id": "ChIJTWVx2wj7vUcR7bEOXm-wLBQ"
          }
        ],
        "created": "2026-05-29",
        "updated": "2026-07-13",
        "hours": {
          "raw": "Tu 09:00-18:00; Th 09:00-18:00; We 09:00-18:00; Mo 09:00-18:00"
        },
        "sources_by_field": {
          "name": "osm",
          "address.street": "osm",
          "address.number": "osm",
          "address.postalcode": "osm",
          "address.city": "osm",
          "hours": "google"
        },
        "apple_id_attempted": "2026-07-01",
        "google_attempted": "2026-07-01",
        "payment": {}
      }
    },
    {
      "type": "Feature",
      "geometry": {
        "type": "Point",
        "coordinates": [
          6.4523673,
          50.1804248
        ]
      },
      "properties": {
        "id": "tk_rpr_osm_w1039289298",
        "name": "N G L Nimstaler Getränkehandel Lentz GmbH & Co. KG",
        "address": {},
        "sources": [
          {
            "type": "osm",
            "id": "way/1039289298",
            "version": 0
          },
          {
            "type": "gmaps",
            "id": "ChIJt-N1-SeVv0cRuz54Q7nhuuk"
          }
        ],
        "created": "2026-05-29",
        "updated": "2026-05-29",
        "sources_by_field": {
          "name": "osm",
          "payment.cards": "google",
          "payment.contactless": "google",
          "payment.girocard": "google",
          "hours": "google"
        },
        "apple_id_attempted": "2026-07-01",
        "payment": {
          "cards": "no",
          "contactless": "yes",
          "girocard": "yes"
        },
        "hours": {
          "raw": "Tu 08:00-16:30; Th 08:00-16:30; Fr 08:00-16:30; We 08:00-16:30; Mo 08:00-16:30"
        },
        "google_attempted": "2026-05-29"
      }
    },
    {
      "type": "Feature",
      "geometry": {
        "type": "Point",
        "coordinates": [
          7.7574045,
          49.1917713
        ]
      },
      "properties": {
        "id": "tk_rpr_osm_w1054325421",
        "name": "Obst und Gemüse Straßenverkauf",
        "address": {},
        "sources": [
          {
            "type": "osm",
            "id": "way/1054325421",
            "version": 0
          },
          {
            "type": "gmaps",
            "id": "ChIJES82-odllkcR4G0wAsQJE1I"
          }
        ],
        "created": "2026-05-29",
        "updated": "2026-07-13",
        "sources_by_field": {
          "name": "osm",
          "hours": "google"
        },
        "apple_id_attempted": "2026-07-01",
        "google_attempted": "2026-07-01",
        "hours": {
          "raw": "Tu 09:00-18:00; Th 09:00-18:00; Fr 09:00-18:00; We 09:00-18:00; Mo 09:00-18:00; Sa 09:00-18:00; Su 09:00-18:00"
        },
        "payment": {}
      }
    },
    {
      "type": "Feature",
      "geometry": {
        "type": "Point",
        "coordinates": [
          8.1101053,
          49.7490888
        ]
      },
      "properties": {
        "id": "tk_rpr_osm_w1252907578",
        "name": "Getränke-Service Hans Häfner",
        "address": {},
        "sources": [
          {
            "type": "osm",
            "id": "way/1252907578",
            "version": 0
          },
          {
            "type": "gmaps",
            "id": "ChIJCUkUZGyKvUcRZpj1kLnMjrk"
          }
        ],
        "created": "2026-05-29",
        "updated": "2026-07-13",
        "sources_by_field": {
          "name": "osm",
          "hours": "google",
          "payment.cards": "google",
          "payment.contactless": "google",
          "payment.girocard": "google"
        },
        "apple_id_attempted": "2026-07-01",
        "google_attempted": "2026-05-29",
        "hours": {
          "raw": "Tu 08:30-17:30; Th 08:30-17:30; Fr 08:30-17:30; We 08:30-17:30; Mo 08:30-17:30; Sa 08:00-13:00"
        },
        "payment": {
          "cards": "no",
          "contactless": "yes",
          "girocard": "yes"
        }
      }
    },
    {
      "type": "Feature",
      "geometry": {
        "type": "Point",
        "coordinates": [
          7.8223646,
          50.432023
        ]
      },
      "properties": {
        "id": "tk_rpr_osm_w129767868",
        "name": "Kiosk am Quendelberg",
        "address": {},
        "sources": [
          {
            "type": "osm",
            "id": "way/129767868",
            "version": 0
          },
          {
            "type": "apple",
            "id": "13241439038639665416"
          },
          {
            "type": "gmaps",
            "id": "ChIJlWQ3dWIrvEcR5W2d4rRNjKU"
          }
        ],
        "created": "2026-05-29",
        "updated": "2026-07-13",
        "tags": [
          "barrierefrei"
        ],
        "sources_by_field": {
          "name": "osm",
          "hours": "google"
        },
        "apple_attempted": "2026-07-01",
        "google_attempted": "2026-07-01",
        "hours": {
          "raw": "Tu 14:00-18:00; Th 14:00-18:00; Fr 14:00-18:00; We 14:00-18:00; Sa 12:00-18:00; Su 12:00-18:00"
        },
        "payment": {}
      }
    },
    {
      "type": "Feature",
      "geometry": {
        "type": "Point",
        "coordinates": [
          7.7272732,
          50.1084201
        ]
      },
      "properties": {
        "id": "tk_rpr_osm_w1354461220",
        "name": "Popup-Weinstand",
        "address": {
          "street": "B9",
          "postalcode": "55430",
          "city": "Oberwesel"
        },
        "sources": [
          {
            "type": "osm",
            "id": "way/1354461220",
            "version": 0
          },
          {
            "type": "apple",
            "id": "4422047608103362625"
          },
          {
            "type": "gmaps",
            "id": "ChIJn_OdS9vfvUcRx_7K08kD0EU"
          }
        ],
        "created": "2026-05-29",
        "updated": "2026-07-13",
        "hours": {
          "raw": "Mo-Fr 09:00-13:00,14:00-17:00; Sa 10:00-14:00"
        },
        "sources_by_field": {
          "name": "osm",
          "address.street": "osm",
          "address.postalcode": "osm",
          "address.city": "osm",
          "hours": "apple"
        },
        "apple_attempted": "2026-07-01",
        "google_attempted": "2026-07-01",
        "payment": {}
      }
    },
    {
      "type": "Feature",
      "geometry": {
        "type": "Point",
        "coordinates": [
          7.4027227,
          50.4006146
        ]
      },
      "properties": {
        "id": "tk_rpr_osm_w1395580102",
        "name": "Getränkevertrieb Willi Klein",
        "address": {
          "street": "Lambert-Mohr-Str.",
          "number": "2",
          "postalcode": "56626",
          "city": "Andernach"
        },
        "sources": [
          {
            "type": "osm",
            "id": "way/1395580102",
            "version": 0
          },
          {
            "type": "gmaps",
            "id": "ChIJMc4MT0Cvc0ERZSQjuGf2dys"
          }
        ],
        "created": "2026-05-29",
        "updated": "2026-07-13",
        "hours": {
          "raw": "Tu 09:00-18:00; Th 09:00-18:00; Fr 08:00-18:00; We 09:00-18:00; Mo 09:00-18:00; Sa 08:00-14:00"
        },
        "sources_by_field": {
          "name": "osm",
          "address.street": "osm",
          "address.number": "osm",
          "address.postalcode": "osm",
          "address.city": "osm",
          "hours": "google",
          "payment.cards": "google"
        },
        "apple_id_attempted": "2026-07-01",
        "google_attempted": "2026-05-29",
        "payment": {
          "cards": "yes"
        }
      }
    },
    {
      "type": "Feature",
      "geometry": {
        "type": "Point",
        "coordinates": [
          7.8771197,
          50.2926382
        ]
      },
      "properties": {
        "id": "tk_rpr_osm_w140631872",
        "name": "Autohaus Erich Merz e.K.",
        "address": {},
        "sources": [
          {
            "type": "osm",
            "id": "way/140631872",
            "version": 0
          },
          {
            "type": "gmaps",
            "id": "ChIJyf-Bs9TWvUcR-PrtcxMmxDY"
          }
        ],
        "created": "2026-05-29",
        "updated": "2026-07-13",
        "sources_by_field": {
          "name": "osm",
          "hours": "google",
          "payment.cards": "google",
          "payment.contactless": "google",
          "payment.girocard": "google"
        },
        "apple_id_attempted": "2026-07-01",
        "google_attempted": "2026-05-29",
        "hours": {
          "raw": "Tu 08:00-18:00; Fr 08:00-18:00; We 08:00-18:00; Mo 08:00-18:00"
        },
        "payment": {
          "cards": "no",
          "contactless": "yes",
          "girocard": "yes"
        }
      }
    },
    {
      "type": "Feature",
      "geometry": {
        "type": "Point",
        "coordinates": [
          7.2445527,
          50.5539871
        ]
      },
      "properties": {
        "id": "tk_rpr_osm_w148882448",
        "name": "Getränke Sönksen",
        "address": {
          "street": "Kölner Straße",
          "number": "41",
          "postalcode": "53489",
          "city": "Sinzig"
        },
        "sources": [
          {
            "type": "osm",
            "id": "way/148882448",
            "version": 0
          },
          {
            "type": "apple",
            "id": "4738137573769463715"
          }
        ],
        "created": "2026-05-29",
        "updated": "2026-07-13",
        "hours": {
          "raw": "Mo-Fr 08:30-18:30; Sa 08:30-18:00; Su,PH off"
        },
        "payment": {
          "cash": "yes",
          "cards": "unknown",
          "contactless": "unknown",
          "girocard": "unknown"
        },
        "tags": [
          "barrierefrei"
        ],
        "sources_by_field": {
          "name": "osm",
          "address.street": "osm",
          "address.number": "osm",
          "address.postalcode": "osm",
          "address.city": "osm",
          "hours": "osm",
          "payment.cash": "osm",
          "payment.cards": "osm",
          "payment.contactless": "osm",
          "payment.girocard": "osm"
        }
      }
    },
    {
      "type": "Feature",
      "geometry": {
        "type": "Point",
        "coordinates": [
          7.5453579,
          49.9851614
        ]
      },
      "properties": {
        "id": "tk_rpr_osm_w180565257",
        "name": "TrinX-Welt",
        "address": {
          "street": "Johann-Philipp-Reis-Straße",
          "number": "16",
          "postalcode": "55469",
          "city": "Simmern/Hunsrück"
        },
        "sources": [
          {
            "type": "osm",
            "id": "way/180565257",
            "version": 0
          },
          {
            "type": "gmaps",
            "id": "ChIJAbESseQOvkcRBQyIgTAFL6s"
          }
        ],
        "created": "2026-05-29",
        "updated": "2026-07-13",
        "hours": {
          "raw": "Tu 08:00-19:00; Th 08:00-19:00; Fr 08:00-19:00; We 08:00-19:00; Mo 08:00-19:00; Sa 08:00-17:00"
        },
        "tags": [
          "barrierefrei"
        ],
        "sources_by_field": {
          "name": "osm",
          "address.street": "osm",
          "address.number": "osm",
          "address.postalcode": "osm",
          "address.city": "osm",
          "hours": "google",
          "payment.cards": "google",
          "payment.contactless": "google",
          "payment.girocard": "google"
        },
        "apple_id_attempted": "2026-07-01",
        "google_attempted": "2026-05-29",
        "payment": {
          "cards": "yes",
          "contactless": "yes",
          "girocard": "yes"
        }
      }
    },
    {
      "type": "Feature",
      "geometry": {
        "type": "Point",
        "coordinates": [
          7.7240669,
          49.4314069
        ]
      },
      "properties": {
        "id": "tk_rpr_osm_w184622776",
        "name": "Bännjerrück Ständche",
        "address": {},
        "sources": [
          {
            "type": "osm",
            "id": "way/184622776",
            "version": 0
          },
          {
            "type": "gmaps",
            "id": "ChIJPbgHDrNylkcR4rvDxcdCFgA"
          }
        ],
        "created": "2026-05-29",
        "updated": "2026-07-13",
        "hours": {
          "raw": "Tu 06:00-19:00; Th 06:00-19:00; Fr 06:00-21:00; We 06:00-19:00; Mo 06:00-19:00; Sa 10:00-21:00"
        },
        "sources_by_field": {
          "name": "osm",
          "hours": "google"
        },
        "apple_id_attempted": "2026-07-01",
        "google_attempted": "2026-07-01",
        "payment": {}
      }
    },
    {
      "type": "Feature",
      "geometry": {
        "type": "Point",
        "coordinates": [
          6.577325,
          50.3448647
        ]
      },
      "properties": {
        "id": "tk_rpr_osm_w198219856",
        "name": "Getränke Star Lentz",
        "address": {
          "street": "Kölner Straße",
          "number": "26-30",
          "postalcode": "54584",
          "city": "Jünkerath"
        },
        "sources": [
          {
            "type": "osm",
            "id": "way/198219856",
            "version": 0
          },
          {
            "type": "apple",
            "id": "2133786047804812342"
          }
        ],
        "created": "2026-05-29",
        "updated": "2026-07-13",
        "sources_by_field": {
          "name": "osm",
          "address.street": "osm",
          "address.number": "osm",
          "address.postalcode": "osm",
          "address.city": "osm",
          "hours": "apple",
          "payment.cards": "apple",
          "payment.contactless": "apple"
        },
        "apple_attempted": "2026-05-29",
        "hours": {
          "raw": "Mo,We-Fr 09:00-12:30,13:30-18:00; Tu 13:30-18:00; Sa 08:30-13:00"
        },
        "payment": {
          "cards": "yes",
          "contactless": "yes"
        }
      }
    },
    {
      "type": "Feature",
      "geometry": {
        "type": "Point",
        "coordinates": [
          6.6458834,
          50.224251
        ]
      },
      "properties": {
        "id": "tk_rpr_osm_w201262464",
        "name": "Die Getränke Könner - Getränke Paradies Lentz",
        "address": {},
        "sources": [
          {
            "type": "osm",
            "id": "way/201262464",
            "version": 0
          },
          {
            "type": "gmaps",
            "id": "ChIJXRVJk2u5v0cRPljga9KUmxk"
          }
        ],
        "created": "2026-05-29",
        "updated": "2026-07-13",
        "tags": [
          "barrierefrei"
        ],
        "sources_by_field": {
          "name": "osm",
          "hours": "google",
          "payment.cards": "google",
          "payment.contactless": "google",
          "payment.girocard": "google"
        },
        "apple_id_attempted": "2026-07-01",
        "google_attempted": "2026-05-29",
        "hours": {
          "raw": "Tu 09:00-18:00; Th 09:00-18:00; Fr 09:00-18:00; We 09:00-18:00; Mo 09:00-18:00; Sa 09:00-15:00"
        },
        "payment": {
          "cards": "yes",
          "contactless": "yes",
          "girocard": "yes"
        }
      }
    },
    {
      "type": "Feature",
      "geometry": {
        "type": "Point",
        "coordinates": [
          7.1706145,
          50.5466482
        ]
      },
      "properties": {
        "id": "tk_rpr_osm_w203750681",
        "name": "Getränke Michel",
        "address": {
          "street": "Wiesenweg",
          "number": "22-24",
          "postalcode": "53474",
          "city": "Bad Neuenahr-Ahrweiler",
          "district": "Heimersheim"
        },
        "sources": [
          {
            "type": "osm",
            "id": "way/203750681",
            "version": 0
          },
          {
            "type": "apple",
            "id": "13836724556165545837"
          }
        ],
        "created": "2026-05-29",
        "updated": "2026-07-13",
        "hours": {
          "raw": "Mo-Fr 09:00-18:30; Sa 09:00-14:00; Su,PH off"
        },
        "payment": {
          "cash": "yes",
          "cards": "unknown",
          "contactless": "unknown",
          "girocard": "unknown"
        },
        "sources_by_field": {
          "name": "osm",
          "address.street": "osm",
          "address.number": "osm",
          "address.postalcode": "osm",
          "address.city": "osm",
          "address.district": "osm",
          "hours": "osm",
          "payment.cash": "osm",
          "payment.cards": "osm",
          "payment.contactless": "osm",
          "payment.girocard": "osm"
        }
      }
    },
    {
      "type": "Feature",
      "geometry": {
        "type": "Point",
        "coordinates": [
          7.3263676,
          49.6067858
        ]
      },
      "properties": {
        "id": "tk_rpr_osm_w206815027",
        "name": "Getränke Fritsch",
        "address": {
          "street": "Im Gewerbegebiet",
          "number": "6",
          "postalcode": "55774",
          "city": "Baumholder"
        },
        "sources": [
          {
            "type": "osm",
            "id": "way/206815027",
            "version": 0
          },
          {
            "type": "apple",
            "id": "3543882497530892152"
          },
          {
            "type": "gmaps",
            "id": "ChIJj9DliTTulUcRu0Vp6OjM6Qw"
          }
        ],
        "created": "2026-05-29",
        "updated": "2026-07-13",
        "sources_by_field": {
          "name": "osm",
          "address.street": "osm",
          "address.number": "osm",
          "address.postalcode": "osm",
          "address.city": "osm",
          "hours": "google"
        },
        "apple_attempted": "2026-07-01",
        "google_attempted": "2026-07-01",
        "hours": {
          "raw": "Tu 07:00-14:00; Th 07:00-14:00; Fr 07:00-14:00; We 07:00-14:00; Mo 07:00-14:00; Sa 08:00-14:00"
        },
        "payment": {}
      }
    },
    {
      "type": "Feature",
      "geometry": {
        "type": "Point",
        "coordinates": [
          7.0658476,
          49.9204754
        ]
      },
      "properties": {
        "id": "tk_rpr_osm_w212728476",
        "name": "Getränke Schmitgen",
        "address": {
          "street": "Cusanusstraße",
          "number": "51",
          "postalcode": "54470",
          "city": "Bernkastel-Kues",
          "district": "Kues"
        },
        "sources": [
          {
            "type": "osm",
            "id": "way/212728476",
            "version": 0
          },
          {
            "type": "apple",
            "id": "15311446315246633968"
          },
          {
            "type": "gmaps",
            "id": "ChIJg20wNZslvkcR5f370aIwdR0"
          }
        ],
        "created": "2026-05-29",
        "updated": "2026-07-13",
        "sources_by_field": {
          "name": "osm",
          "address.street": "osm",
          "address.number": "osm",
          "address.postalcode": "osm",
          "address.city": "osm",
          "address.district": "osm",
          "hours": "google",
          "payment.cards": "google",
          "payment.contactless": "google",
          "payment.girocard": "google"
        },
        "apple_attempted": "2026-05-29",
        "google_attempted": "2026-05-29",
        "hours": {
          "raw": "Tu 08:00-18:00; Th 08:00-18:00; Fr 08:00-18:00; We 08:00-18:00; Mo 08:00-18:00; Sa 08:00-14:00"
        },
        "payment": {
          "cards": "yes",
          "contactless": "yes",
          "girocard": "yes"
        }
      }
    },
    {
      "type": "Feature",
      "geometry": {
        "type": "Point",
        "coordinates": [
          7.1655541,
          49.6466733
        ]
      },
      "properties": {
        "id": "tk_rpr_osm_w244407260",
        "name": "Esso",
        "address": {},
        "sources": [
          {
            "type": "osm",
            "id": "way/244407260",
            "version": 0
          },
          {
            "type": "gmaps",
            "id": "ChIJQ5eqrUONlUcRWltrxuMJizA"
          }
        ],
        "created": "2026-05-29",
        "updated": "2026-07-13",
        "hours": {
          "raw": "Tu 05:30-20:00; Th 05:30-20:00; Fr 05:30-20:00; We 05:30-20:00; Mo 05:30-20:00; Sa 06:30-20:00; Su 08:00-20:00"
        },
        "tags": [
          "barrierefrei"
        ],
        "sources_by_field": {
          "name": "osm",
          "hours": "google",
          "payment.cards": "google",
          "payment.contactless": "google",
          "payment.girocard": "google"
        },
        "apple_id_attempted": "2026-07-01",
        "google_attempted": "2026-05-29",
        "payment": {
          "cards": "no",
          "contactless": "yes",
          "girocard": "yes"
        }
      }
    },
    {
      "type": "Feature",
      "geometry": {
        "type": "Point",
        "coordinates": [
          7.5485929,
          49.4119429
        ]
      },
      "properties": {
        "id": "tk_rpr_osm_w253018730",
        "name": "alldrink",
        "address": {
          "street": "Torfstraße",
          "number": "1",
          "postalcode": "66849",
          "city": "Landstuhl"
        },
        "sources": [
          {
            "type": "osm",
            "id": "way/253018730",
            "version": 0
          },
          {
            "type": "gmaps",
            "id": "ChIJ3yYOqXF1lkcRW3KbGSmo7qg"
          }
        ],
        "created": "2026-05-29",
        "updated": "2026-06-15",
        "sources_by_field": {
          "name": "osm",
          "address.street": "osm",
          "address.number": "osm",
          "address.postalcode": "osm",
          "address.city": "osm",
          "hours": "google",
          "payment.cards": "google",
          "payment.contactless": "google",
          "payment.girocard": "google"
        },
        "apple_id_attempted": "2026-07-01",
        "google_attempted": "2026-05-29",
        "hours": {
          "raw": "Tu 08:00-20:00; Th 08:00-20:00; Fr 08:00-20:00; We 08:00-20:00; Mo 08:00-20:00; Sa 08:00-20:00"
        },
        "payment": {
          "cards": "no",
          "contactless": "yes",
          "girocard": "yes"
        }
      }
    },
    {
      "type": "Feature",
      "geometry": {
        "type": "Point",
        "coordinates": [
          6.9029806,
          49.9773338
        ]
      },
      "properties": {
        "id": "tk_rpr_osm_w254402584",
        "name": "trinkkontor Eifel-Mosel Betriebsstätte Wittlich",
        "address": {},
        "sources": [
          {
            "type": "osm",
            "id": "way/254402584",
            "version": 0
          },
          {
            "type": "gmaps",
            "id": "ChIJYSWzbn0tvkcRSyLRv37QH8c"
          }
        ],
        "created": "2026-05-29",
        "updated": "2026-07-13",
        "hours": {
          "raw": "Tu 07:00-16:00; Th 07:00-16:00; Fr 07:00-16:00; We 07:00-16:00; Mo 07:00-16:00"
        },
        "sources_by_field": {
          "name": "osm",
          "hours": "google"
        },
        "apple_id_attempted": "2026-07-01",
        "google_attempted": "2026-07-01",
        "payment": {}
      }
    },
    {
      "type": "Feature",
      "geometry": {
        "type": "Point",
        "coordinates": [
          8.2337222,
          49.7215031
        ]
      },
      "properties": {
        "id": "tk_rpr_osm_w257591538",
        "name": "Frey Werner Getränkevertrieb",
        "address": {
          "street": "Bahnhofstraße",
          "number": "44",
          "postalcode": "55234",
          "city": "Monzernheim"
        },
        "sources": [
          {
            "type": "osm",
            "id": "way/257591538",
            "version": 0
          },
          {
            "type": "gmaps",
            "id": "ChIJq1dOc_4nlkcRXRSecdqKBqk"
          }
        ],
        "created": "2026-05-29",
        "updated": "2026-07-13",
        "sources_by_field": {
          "name": "osm",
          "address.street": "osm",
          "address.number": "osm",
          "address.postalcode": "osm",
          "address.city": "osm"
        },
        "apple_id_attempted": "2026-07-01",
        "google_attempted": "2026-07-01",
        "payment": {}
      }
    },
    {
      "type": "Feature",
      "geometry": {
        "type": "Point",
        "coordinates": [
          7.1819772,
          50.1384143
        ]
      },
      "properties": {
        "id": "tk_rpr_osm_w260029936",
        "name": "Getränke Zappei",
        "address": {
          "street": "Sehler Anlagen",
          "number": "31",
          "postalcode": "56812",
          "city": "Cochem",
          "district": "Sehl"
        },
        "sources": [
          {
            "type": "osm",
            "id": "way/260029936",
            "version": 0
          },
          {
            "type": "apple",
            "id": "3790321811797338689"
          }
        ],
        "created": "2026-05-29",
        "updated": "2026-07-13",
        "hours": {
          "raw": "Mo-Fr 08:00-18:00; Sa 09:00-13:00"
        },
        "tags": [
          "barrierefrei"
        ],
        "sources_by_field": {
          "name": "osm",
          "address.street": "osm",
          "address.number": "osm",
          "address.postalcode": "osm",
          "address.city": "osm",
          "address.district": "osm",
          "hours": "apple",
          "payment.cards": "apple",
          "payment.contactless": "apple"
        },
        "apple_attempted": "2026-05-29",
        "payment": {
          "cards": "yes",
          "contactless": "yes"
        }
      }
    },
    {
      "type": "Feature",
      "geometry": {
        "type": "Point",
        "coordinates": [
          7.3471787,
          50.560328
        ]
      },
      "properties": {
        "id": "tk_rpr_osm_w265842673",
        "name": "Getränke Salz",
        "address": {
          "street": "Rothe Kreuz",
          "number": "2a",
          "postalcode": "53562",
          "city": "Rothe Kreuz"
        },
        "sources": [
          {
            "type": "osm",
            "id": "way/265842673",
            "version": 0
          },
          {
            "type": "gmaps",
            "id": "ChIJAQAAAETyvkcR1uoUAr5d9nM"
          }
        ],
        "created": "2026-05-29",
        "updated": "2026-07-13",
        "hours": {
          "raw": "Tu 09:00-18:00; Th 09:00-18:00; Fr 09:00-18:00; We 09:00-18:00; Mo 09:00-18:00; Sa 09:00-15:00"
        },
        "sources_by_field": {
          "name": "osm",
          "address.street": "osm",
          "address.number": "osm",
          "address.postalcode": "osm",
          "address.city": "osm",
          "hours": "google",
          "payment.cards": "google",
          "payment.girocard": "google"
        },
        "apple_id_attempted": "2026-07-01",
        "google_attempted": "2026-05-29",
        "payment": {
          "cards": "yes",
          "girocard": "yes"
        }
      }
    },
    {
      "type": "Feature",
      "geometry": {
        "type": "Point",
        "coordinates": [
          7.5206537,
          50.5816145
        ]
      },
      "properties": {
        "id": "tk_rpr_osm_w286940837",
        "name": "Getränke Rudolf Radermacher",
        "address": {
          "street": "Industriepark",
          "number": "14",
          "postalcode": "56593",
          "city": "Horhausen (Westerwald)"
        },
        "sources": [
          {
            "type": "osm",
            "id": "way/286940837",
            "version": 0
          },
          {
            "type": "apple",
            "id": "81187468966919091"
          }
        ],
        "created": "2026-05-29",
        "updated": "2026-07-13",
        "hours": {
          "raw": "Mo-Fr 08:00-18:00; Sa 08:00-13:00"
        },
        "sources_by_field": {
          "name": "osm",
          "address.street": "osm",
          "address.number": "osm",
          "address.postalcode": "osm",
          "address.city": "osm",
          "hours": "apple",
          "payment.cards": "apple",
          "payment.contactless": "apple"
        },
        "apple_attempted": "2026-05-29",
        "payment": {
          "cards": "yes",
          "contactless": "yes"
        }
      }
    },
    {
      "type": "Feature",
      "geometry": {
        "type": "Point",
        "coordinates": [
          7.8232161,
          49.1319331
        ]
      },
      "properties": {
        "id": "tk_rpr_osm_w292213760",
        "name": "GT-Flüssiggas",
        "address": {},
        "sources": [
          {
            "type": "osm",
            "id": "way/292213760",
            "version": 0
          },
          {
            "type": "apple",
            "id": "6106234144895232837"
          },
          {
            "type": "gmaps",
            "id": "ChIJo2R7CVBglkcRvU1LIL3nWtA"
          }
        ],
        "created": "2026-05-29",
        "updated": "2026-07-13",
        "hours": {
          "raw": "Tu 08:00-17:00; Th 08:00-17:00; Fr 08:00-17:00; We 08:00-17:00; Mo 08:00-17:00"
        },
        "sources_by_field": {
          "name": "osm",
          "hours": "google"
        },
        "apple_attempted": "2026-07-01",
        "google_attempted": "2026-07-01",
        "payment": {}
      }
    },
    {
      "type": "Feature",
      "geometry": {
        "type": "Point",
        "coordinates": [
          7.2199054,
          50.3545777
        ]
      },
      "properties": {
        "id": "tk_rpr_osm_w328236291",
        "name": "Getränke Weber",
        "address": {
          "street": "Alte Schulstraße",
          "number": "34",
          "postalcode": "56729",
          "city": "Ettringen"
        },
        "sources": [
          {
            "type": "osm",
            "id": "way/328236291",
            "version": 0
          },
          {
            "type": "gmaps",
            "id": "ChIJJQKlNMpbvkcRysqBHutKnfw"
          }
        ],
        "created": "2026-05-29",
        "updated": "2026-07-13",
        "sources_by_field": {
          "name": "osm",
          "address.street": "osm",
          "address.number": "osm",
          "address.postalcode": "osm",
          "address.city": "osm",
          "payment.cards": "google",
          "payment.contactless": "google",
          "payment.girocard": "google"
        },
        "apple_id_attempted": "2026-07-01",
        "google_attempted": "2026-07-01",
        "payment": {
          "cards": "yes",
          "contactless": "yes",
          "girocard": "yes"
        }
      }
    },
    {
      "type": "Feature",
      "geometry": {
        "type": "Point",
        "coordinates": [
          7.7971726,
          50.3121647
        ]
      },
      "properties": {
        "id": "tk_rpr_osm_w328604057",
        "name": "Zum Lahnstübchen",
        "address": {},
        "sources": [
          {
            "type": "osm",
            "id": "way/328604057",
            "version": 0
          },
          {
            "type": "apple",
            "id": "16571195158775685500"
          },
          {
            "type": "gmaps",
            "id": "ChIJj2dp2D3WvUcRevN4zTY9PmM"
          }
        ],
        "created": "2026-05-29",
        "updated": "2026-07-13",
        "sources_by_field": {
          "name": "osm",
          "hours": "apple"
        },
        "apple_attempted": "2026-07-01",
        "google_attempted": "2026-07-01",
        "hours": {
          "raw": "Sa-Su 08:00-14:00; Mo-Fr 08:00-16:00"
        },
        "payment": {}
      }
    },
    {
      "type": "Feature",
      "geometry": {
        "type": "Point",
        "coordinates": [
          7.1439384,
          50.5469178
        ]
      },
      "properties": {
        "id": "tk_rpr_osm_w380402448",
        "name": "Kiosk Taxi Nuri",
        "address": {
          "street": "Hauptstraße",
          "number": "49",
          "postalcode": "53474",
          "city": "Bad Neuenahr-Ahrweiler"
        },
        "sources": [
          {
            "type": "osm",
            "id": "way/380402448",
            "version": 0
          },
          {
            "type": "gmaps",
            "id": "ChIJiX_eGNn7vkcRhmk0EotsI0o"
          }
        ],
        "created": "2026-05-29",
        "updated": "2026-07-13",
        "sources_by_field": {
          "name": "osm",
          "address.street": "osm",
          "address.number": "osm",
          "address.postalcode": "osm",
          "address.city": "osm"
        },
        "apple_id_attempted": "2026-07-01",
        "google_attempted": "2026-07-01",
        "payment": {}
      }
    },
    {
      "type": "Feature",
      "geometry": {
        "type": "Point",
        "coordinates": [
          7.2935818,
          50.0318526
        ]
      },
      "properties": {
        "id": "tk_rpr_osm_w383603667",
        "name": "Getränke Stienen",
        "address": {},
        "sources": [
          {
            "type": "osm",
            "id": "way/383603667",
            "version": 0
          },
          {
            "type": "apple",
            "id": "7956462573879042389"
          }
        ],
        "created": "2026-05-29",
        "updated": "2026-07-13",
        "hours": {
          "raw": "Mo-Fr 08:00-18:30, SA 08:00-13:00"
        },
        "payment": {
          "cash": "yes",
          "cards": "yes",
          "contactless": "unknown",
          "girocard": "unknown"
        },
        "sources_by_field": {
          "name": "osm",
          "hours": "osm",
          "payment.cash": "osm",
          "payment.cards": "osm",
          "payment.contactless": "osm",
          "payment.girocard": "osm"
        }
      }
    },
    {
      "type": "Feature",
      "geometry": {
        "type": "Point",
        "coordinates": [
          7.7602996,
          50.5371133
        ]
      },
      "properties": {
        "id": "tk_rpr_osm_w393515439",
        "name": "Getränke Blum",
        "address": {
          "street": "Schützstraße",
          "number": "1"
        },
        "sources": [
          {
            "type": "osm",
            "id": "way/393515439",
            "version": 0
          },
          {
            "type": "apple",
            "id": "11723925183323053970"
          }
        ],
        "created": "2026-05-29",
        "updated": "2026-07-13",
        "sources_by_field": {
          "name": "osm",
          "address.street": "osm",
          "address.number": "osm",
          "hours": "apple",
          "payment.cards": "apple",
          "payment.contactless": "apple"
        },
        "apple_attempted": "2026-05-29",
        "hours": {
          "raw": "Mo-Fr 08:00-18:30; Sa 08:00-16:00"
        },
        "payment": {
          "cards": "yes",
          "contactless": "yes"
        }
      }
    },
    {
      "type": "Feature",
      "geometry": {
        "type": "Point",
        "coordinates": [
          7.8832435,
          49.8465915
        ]
      },
      "properties": {
        "id": "tk_rpr_osm_w396136081",
        "name": "Grumbach & Sohn",
        "address": {
          "street": "Bosenheimer Straße",
          "number": "221",
          "postalcode": "55543",
          "city": "Bad Kreuznach"
        },
        "sources": [
          {
            "type": "osm",
            "id": "way/396136081",
            "version": 0
          },
          {
            "type": "gmaps",
            "id": "ChIJiyrKbcfwvUcRJVqqTSUvBr0"
          },
          {
            "type": "apple",
            "id": "8221053172752552516"
          }
        ],
        "created": "2026-05-29",
        "updated": "2026-07-13",
        "sources_by_field": {
          "name": "osm",
          "address.street": "osm",
          "address.number": "osm",
          "address.postalcode": "osm",
          "address.city": "osm",
          "hours": "google"
        },
        "apple_attempted": "2026-07-01",
        "google_attempted": "2026-07-01",
        "hours": {
          "raw": "Tu 08:00-16:00; Th 08:00-16:00; Fr 08:00-15:00; We 08:00-16:00; Mo 08:00-16:00"
        },
        "payment": {}
      }
    },
    {
      "type": "Feature",
      "geometry": {
        "type": "Point",
        "coordinates": [
          7.7337004,
          50.103359
        ]
      },
      "properties": {
        "id": "tk_rpr_osm_w402761800",
        "name": "ED-Tankstelle Autohaus Becker GmbH",
        "address": {
          "street": "An der B9",
          "postalcode": "55430",
          "city": "Oberwesel"
        },
        "sources": [
          {
            "type": "osm",
            "id": "way/402761800",
            "version": 0
          },
          {
            "type": "gmaps",
            "id": "ChIJkaYb0u_fvUcRjg5RF_5EIMA"
          }
        ],
        "created": "2026-05-29",
        "updated": "2026-07-13",
        "hours": {
          "raw": "Tu 06:00-21:30; Th 06:00-21:30; Fr 06:00-21:30; We 06:00-21:30; Mo 06:00-21:30; Sa 08:00-21:30; Su 09:00-21:30"
        },
        "sources_by_field": {
          "name": "osm",
          "address.street": "osm",
          "address.postalcode": "osm",
          "address.city": "osm",
          "hours": "google",
          "payment.cards": "google",
          "payment.contactless": "google",
          "payment.girocard": "google"
        },
        "apple_id_attempted": "2026-07-01",
        "google_attempted": "2026-05-29",
        "payment": {
          "cards": "no",
          "contactless": "yes",
          "girocard": "yes"
        }
      }
    },
    {
      "type": "Feature",
      "geometry": {
        "type": "Point",
        "coordinates": [
          6.9217265,
          50.387943
        ]
      },
      "properties": {
        "id": "tk_rpr_osm_w410078962",
        "name": "Getränke Zimmer",
        "address": {},
        "sources": [
          {
            "type": "osm",
            "id": "way/410078962",
            "version": 0
          },
          {
            "type": "apple",
            "id": "4591875625282814869"
          }
        ],
        "created": "2026-05-29",
        "updated": "2026-07-13",
        "payment": {
          "cash": "yes",
          "cards": "yes",
          "contactless": "yes",
          "girocard": "unknown"
        },
        "sources_by_field": {
          "name": "osm",
          "payment.cash": "osm",
          "payment.cards": "osm",
          "payment.contactless": "apple",
          "payment.girocard": "osm",
          "hours": "apple"
        },
        "apple_attempted": "2026-05-29",
        "hours": {
          "raw": "Mo-Fr 08:00-13:00,14:00-18:00; Sa 08:00-13:00"
        }
      }
    },
    {
      "type": "Feature",
      "geometry": {
        "type": "Point",
        "coordinates": [
          7.0127774,
          50.1910286
        ]
      },
      "properties": {
        "id": "tk_rpr_osm_w459625652",
        "name": "Getränkevertrieb Prehn",
        "address": {
          "street": "Am Seitert",
          "number": "3",
          "postalcode": "56766",
          "city": "Auderath"
        },
        "sources": [
          {
            "type": "osm",
            "id": "way/459625652",
            "version": 0
          },
          {
            "type": "gmaps",
            "id": "ChIJQ7KJddlLvkcRF4AAJC4PnZY"
          }
        ],
        "created": "2026-05-29",
        "updated": "2026-07-13",
        "sources_by_field": {
          "name": "osm",
          "address.street": "osm",
          "address.number": "osm",
          "address.postalcode": "osm",
          "address.city": "osm",
          "hours": "google"
        },
        "apple_id_attempted": "2026-07-01",
        "google_attempted": "2026-07-01",
        "hours": {
          "raw": "Th 14:00-17:00; Fr 14:00-17:00; Sa 10:00-14:00"
        },
        "payment": {}
      }
    },
    {
      "type": "Feature",
      "geometry": {
        "type": "Point",
        "coordinates": [
          6.9003573,
          49.9822697
        ]
      },
      "properties": {
        "id": "tk_rpr_osm_w490484606",
        "name": "Aral",
        "address": {},
        "sources": [
          {
            "type": "osm",
            "id": "way/490484606",
            "version": 0
          },
          {
            "type": "gmaps",
            "id": "ChIJ-0hZq5oyvkcR8dxLfYFhwnE"
          }
        ],
        "created": "2026-05-29",
        "updated": "2026-07-13",
        "hours": {
          "raw": "24/7"
        },
        "tags": [
          "barrierefrei"
        ],
        "sources_by_field": {
          "name": "osm",
          "hours": "osm",
          "payment.cards": "google",
          "payment.contactless": "google",
          "payment.girocard": "google"
        },
        "apple_id_attempted": "2026-07-01",
        "google_attempted": "2026-05-29",
        "payment": {
          "cards": "yes",
          "contactless": "yes",
          "girocard": "yes"
        }
      }
    },
    {
      "type": "Feature",
      "geometry": {
        "type": "Point",
        "coordinates": [
          7.3248989,
          50.3050061
        ]
      },
      "properties": {
        "id": "tk_rpr_osm_w492418927",
        "name": "Getränke Annen",
        "address": {},
        "sources": [
          {
            "type": "osm",
            "id": "way/492418927",
            "version": 0
          },
          {
            "type": "apple",
            "id": "16790439177104947567"
          }
        ],
        "created": "2026-05-29",
        "updated": "2026-07-13",
        "sources_by_field": {
          "name": "osm",
          "hours": "apple",
          "payment.cards": "apple",
          "payment.contactless": "apple"
        },
        "apple_attempted": "2026-05-29",
        "hours": {
          "raw": "Mo-Fr 08:00-19:00; Sa 08:00-16:00"
        },
        "payment": {
          "cards": "yes",
          "contactless": "yes"
        }
      }
    },
    {
      "type": "Feature",
      "geometry": {
        "type": "Point",
        "coordinates": [
          7.261643,
          50.4580433
        ]
      },
      "properties": {
        "id": "tk_rpr_osm_w505058695",
        "name": "Getränke Chris",
        "address": {
          "street": "Brohltalstraße",
          "number": "170",
          "postalcode": "56659",
          "city": "Burgbrohl"
        },
        "sources": [
          {
            "type": "osm",
            "id": "way/505058695",
            "version": 0
          },
          {
            "type": "apple",
            "id": "5604704203074504413"
          }
        ],
        "created": "2026-05-29",
        "updated": "2026-07-13",
        "hours": {
          "raw": "Mo-Fr 08:00-19:00; Sa 08:00-16:00; Su,PH off"
        },
        "payment": {
          "cash": "yes",
          "cards": "unknown",
          "contactless": "unknown",
          "girocard": "unknown"
        },
        "tags": [
          "barrierefrei"
        ],
        "sources_by_field": {
          "name": "osm",
          "address.street": "osm",
          "address.number": "osm",
          "address.postalcode": "osm",
          "address.city": "osm",
          "hours": "osm",
          "payment.cash": "osm",
          "payment.cards": "osm",
          "payment.contactless": "osm",
          "payment.girocard": "osm"
        }
      }
    },
    {
      "type": "Feature",
      "geometry": {
        "type": "Point",
        "coordinates": [
          7.4543805,
          50.0779122
        ]
      },
      "properties": {
        "id": "tk_rpr_osm_w52470241",
        "name": "Getränkequelle",
        "address": {},
        "sources": [
          {
            "type": "osm",
            "id": "way/52470241",
            "version": 0
          },
          {
            "type": "gmaps",
            "id": "ChIJj1Z7Tf0SvkcR8Jx63WJ13fM"
          }
        ],
        "created": "2026-05-29",
        "updated": "2026-07-13",
        "sources_by_field": {
          "name": "osm",
          "hours": "google",
          "payment.cards": "google",
          "payment.contactless": "google",
          "payment.girocard": "google"
        },
        "apple_id_attempted": "2026-07-01",
        "google_attempted": "2026-05-29",
        "hours": {
          "raw": "Tu 08:00-19:00; Th 08:00-19:00; Fr 08:00-19:00; We 08:00-19:00; Mo 08:00-19:00; Sa 08:00-16:00"
        },
        "payment": {
          "cards": "yes",
          "contactless": "yes",
          "girocard": "yes"
        }
      }
    },
    {
      "type": "Feature",
      "geometry": {
        "type": "Point",
        "coordinates": [
          7.7725072,
          49.1552358
        ]
      },
      "properties": {
        "id": "tk_rpr_osm_w648400690",
        "name": "Radtke & Graf GmbH",
        "address": {
          "street": "Pirmasenser Straße",
          "number": "62",
          "postalcode": "66994",
          "city": "Dahn"
        },
        "sources": [
          {
            "type": "osm",
            "id": "way/648400690",
            "version": 0
          },
          {
            "type": "apple",
            "id": "12039981252680621222"
          },
          {
            "type": "gmaps",
            "id": "ChIJHwYAEwBhlkcRgdEBTjGAebo"
          }
        ],
        "created": "2026-05-29",
        "updated": "2026-07-13",
        "sources_by_field": {
          "name": "osm",
          "address.street": "osm",
          "address.number": "osm",
          "address.postalcode": "osm",
          "address.city": "osm",
          "hours": "google"
        },
        "apple_attempted": "2026-07-01",
        "google_attempted": "2026-07-01",
        "hours": {
          "raw": "Tu 09:00-12:30; Th 09:00-12:30; Fr 09:00-12:30; We 09:00-12:30; Mo 09:00-12:30"
        },
        "payment": {}
      }
    },
    {
      "type": "Feature",
      "geometry": {
        "type": "Point",
        "coordinates": [
          7.8712761,
          50.2331133
        ]
      },
      "properties": {
        "id": "tk_rpr_osm_w733021749",
        "name": "Getränkevertrieb Holl",
        "address": {
          "street": "Nastätter Straße",
          "number": "1",
          "postalcode": "56355",
          "city": "Bettendorf"
        },
        "sources": [
          {
            "type": "osm",
            "id": "way/733021749",
            "version": 0
          },
          {
            "type": "apple",
            "id": "12323140674822507541"
          }
        ],
        "created": "2026-05-29",
        "updated": "2026-07-13",
        "hours": {
          "raw": "Mo-Fr 15:30-18:30; Sa 09:00-12:30; We off"
        },
        "payment": {
          "cash": "yes",
          "cards": "unknown",
          "contactless": "unknown",
          "girocard": "yes"
        },
        "sources_by_field": {
          "name": "osm",
          "address.street": "osm",
          "address.number": "osm",
          "address.postalcode": "osm",
          "address.city": "osm",
          "hours": "osm",
          "payment.cash": "osm",
          "payment.cards": "osm",
          "payment.contactless": "osm",
          "payment.girocard": "osm"
        }
      }
    },
    {
      "type": "Feature",
      "geometry": {
        "type": "Point",
        "coordinates": [
          6.4144274,
          50.2498072
        ]
      },
      "properties": {
        "id": "tk_rpr_osm_w744564994",
        "name": "Tennessee Pub 2.0",
        "address": {},
        "sources": [
          {
            "type": "osm",
            "id": "way/744564994",
            "version": 0
          },
          {
            "type": "gmaps",
            "id": "ChIJKy70COuTv0cRC4qPeBDIMlA"
          }
        ],
        "created": "2026-05-29",
        "updated": "2026-07-13",
        "hours": {
          "raw": "Th 18:00-00:00"
        },
        "sources_by_field": {
          "name": "osm",
          "hours": "google"
        },
        "apple_id_attempted": "2026-07-01",
        "google_attempted": "2026-07-01",
        "payment": {}
      }
    },
    {
      "type": "Feature",
      "geometry": {
        "type": "Point",
        "coordinates": [
          7.556665,
          50.240036
        ]
      },
      "properties": {
        "id": "tk_rpr_osm_w826141009",
        "name": "Getränkehandel Weinand",
        "address": {
          "street": "Mühltal",
          "number": "102",
          "postalcode": "56154",
          "city": "Boppard"
        },
        "sources": [
          {
            "type": "osm",
            "id": "way/826141009",
            "version": 0
          },
          {
            "type": "gmaps",
            "id": "ChIJa6WGOSRwvkcRuJ9jb_zI4aQ"
          }
        ],
        "created": "2026-05-29",
        "updated": "2026-07-13",
        "sources_by_field": {
          "name": "osm",
          "address.street": "osm",
          "address.number": "osm",
          "address.postalcode": "osm",
          "address.city": "osm",
          "hours": "google",
          "payment.cards": "google",
          "payment.contactless": "google",
          "payment.girocard": "google"
        },
        "apple_id_attempted": "2026-07-01",
        "google_attempted": "2026-05-29",
        "hours": {
          "raw": "Tu 08:00-17:00; Th 08:00-17:00; Fr 08:00-17:00; We 08:00-17:00; Mo 08:00-17:00; Sa 08:00-12:00"
        },
        "payment": {
          "cards": "yes",
          "contactless": "yes",
          "girocard": "yes"
        }
      }
    },
    {
      "type": "Feature",
      "geometry": {
        "type": "Point",
        "coordinates": [
          7.1195519,
          50.5470622
        ]
      },
      "properties": {
        "id": "tk_rpr_osm_w882258175",
        "name": "Braun & Blumenrath Getränkevertrieb",
        "address": {
          "street": "Ringener Straße",
          "number": "23",
          "postalcode": "53474",
          "city": "Bad Neuenahr-Ahrweiler"
        },
        "sources": [
          {
            "type": "osm",
            "id": "way/882258175",
            "version": 0
          },
          {
            "type": "gmaps",
            "id": "ChIJO3YkI_37vkcRZfEXuN3ouqU"
          }
        ],
        "created": "2026-05-29",
        "updated": "2026-07-13",
        "sources_by_field": {
          "name": "osm",
          "address.street": "osm",
          "address.number": "osm",
          "address.postalcode": "osm",
          "address.city": "osm",
          "hours": "google",
          "payment.cards": "google",
          "payment.contactless": "google",
          "payment.girocard": "google"
        },
        "apple_id_attempted": "2026-07-01",
        "google_attempted": "2026-05-29",
        "hours": {
          "raw": "Tu 07:00-19:00; Th 07:00-19:00; Fr 07:00-19:00; We 07:00-19:00; Mo 07:00-19:00; Sa 07:00-14:00"
        },
        "payment": {
          "cards": "no",
          "contactless": "yes",
          "girocard": "yes"
        }
      }
    },
    {
      "type": "Feature",
      "geometry": {
        "type": "Point",
        "coordinates": [
          7.8201104,
          50.4306713
        ]
      },
      "properties": {
        "id": "tk_rpr_osm_w93869653",
        "name": "Arnst Wein & Co.",
        "address": {
          "street": "Jahnstraße",
          "number": "46",
          "postalcode": "56410",
          "city": "Montabaur"
        },
        "sources": [
          {
            "type": "osm",
            "id": "way/93869653",
            "version": 0
          },
          {
            "type": "gmaps",
            "id": "ChIJSTOUXKQqvEcRYpAHURSHde8"
          }
        ],
        "created": "2026-05-29",
        "updated": "2026-07-13",
        "sources_by_field": {
          "name": "osm",
          "address.street": "osm",
          "address.number": "osm",
          "address.postalcode": "osm",
          "address.city": "osm",
          "payment.cards": "google",
          "payment.girocard": "google"
        },
        "apple_id_attempted": "2026-07-01",
        "google_attempted": "2026-07-01",
        "payment": {
          "cards": "yes",
          "girocard": "yes"
        }
      }
    },
    {
      "type": "Feature",
      "geometry": {
        "type": "Point",
        "coordinates": [
          7.1521193,
          50.4122771
        ]
      },
      "properties": {
        "id": "tk_rpr_osm_n10226422361",
        "name": "DGS Markt Weibern",
        "address": {
          "street": "Bahnhofstraße",
          "number": "98",
          "postalcode": "56745",
          "city": "Weibern"
        },
        "sources": [
          {
            "type": "osm",
            "id": "node/10226422361",
            "version": 0
          }
        ],
        "created": "2026-05-29",
        "updated": "2026-07-13",
        "hours": {
          "raw": "Mo-Fr 09:00-18:30; Sa 09:00-15:00; Su off"
        },
        "payment": {
          "cash": "yes",
          "cards": "yes",
          "contactless": "unknown",
          "girocard": "unknown"
        },
        "tags": [
          "barrierefrei"
        ],
        "sources_by_field": {
          "name": "osm",
          "address.street": "osm",
          "address.number": "osm",
          "address.postalcode": "osm",
          "address.city": "osm",
          "hours": "osm",
          "payment.cash": "osm",
          "payment.cards": "osm",
          "payment.contactless": "osm",
          "payment.girocard": "osm"
        },
        "apple_id_attempted": "2026-07-01"
      }
    },
    {
      "type": "Feature",
      "geometry": {
        "type": "Point",
        "coordinates": [
          7.4827257,
          50.5045956
        ]
      },
      "properties": {
        "id": "tk_rpr_osm_n10231285178",
        "name": "Tennisclub",
        "address": {},
        "sources": [
          {
            "type": "osm",
            "id": "node/10231285178",
            "version": 0
          }
        ],
        "created": "2026-05-29",
        "updated": "2026-07-13",
        "hours": {
          "raw": "\"wenn spiele sind\""
        },
        "sources_by_field": {
          "name": "osm",
          "hours": "osm"
        },
        "apple_id_attempted": "2026-07-01",
        "google_attempted": "2026-07-01",
        "payment": {}
      }
    },
    {
      "type": "Feature",
      "geometry": {
        "type": "Point",
        "coordinates": [
          7.4551772,
          49.582986
        ]
      },
      "properties": {
        "id": "tk_rpr_osm_n10293883309",
        "name": "Feit",
        "address": {},
        "sources": [
          {
            "type": "osm",
            "id": "node/10293883309",
            "version": 0
          }
        ],
        "created": "2026-05-29",
        "updated": "2026-07-13",
        "sources_by_field": {
          "name": "osm"
        },
        "apple_id_attempted": "2026-07-01",
        "google_attempted": "2026-07-01",
        "payment": {}
      }
    },
    {
      "type": "Feature",
      "geometry": {
        "type": "Point",
        "coordinates": [
          7.969369,
          49.2038214
        ]
      },
      "properties": {
        "id": "tk_rpr_osm_n1140055003",
        "name": "Shell",
        "address": {
          "street": "Landauer Straße",
          "number": "24",
          "postalcode": "76855",
          "city": "Annweiler am Trifels"
        },
        "sources": [
          {
            "type": "osm",
            "id": "node/1140055003",
            "version": 0
          }
        ],
        "created": "2026-05-29",
        "updated": "2026-07-13",
        "hours": {
          "raw": "Mo-Fr 06:00-22:00; Sa 07:00-22:00; Su 08:00-22:00"
        },
        "tags": [
          "barrierefrei"
        ],
        "sources_by_field": {
          "name": "osm",
          "address.street": "osm",
          "address.number": "osm",
          "address.postalcode": "osm",
          "address.city": "osm",
          "hours": "osm"
        },
        "apple_id_attempted": "2026-07-01",
        "google_attempted": "2026-07-01",
        "payment": {}
      }
    },
    {
      "type": "Feature",
      "geometry": {
        "type": "Point",
        "coordinates": [
          6.665859,
          49.8715996
        ]
      },
      "properties": {
        "id": "tk_rpr_osm_n11407542496",
        "name": "Getränkelädchen",
        "address": {
          "street": "Trierer Straße",
          "number": "46",
          "postalcode": "54313",
          "city": "Zemmer"
        },
        "sources": [
          {
            "type": "osm",
            "id": "node/11407542496",
            "version": 0
          }
        ],
        "created": "2026-05-29",
        "updated": "2026-07-13",
        "sources_by_field": {
          "name": "osm",
          "address.street": "osm",
          "address.number": "osm",
          "address.postalcode": "osm",
          "address.city": "osm"
        },
        "apple_id_attempted": "2026-07-01",
        "google_attempted": "2026-07-01",
        "payment": {}
      }
    },
    {
      "type": "Feature",
      "geometry": {
        "type": "Point",
        "coordinates": [
          7.7248912,
          50.4646903
        ]
      },
      "properties": {
        "id": "tk_rpr_osm_n11409495291",
        "name": "DGS-Markt Getränke",
        "address": {},
        "sources": [
          {
            "type": "osm",
            "id": "node/11409495291",
            "version": 0
          }
        ],
        "created": "2026-05-29",
        "updated": "2026-07-13",
        "tags": [
          "barrierefrei"
        ],
        "sources_by_field": {
          "name": "osm"
        },
        "apple_id_attempted": "2026-07-01",
        "google_attempted": "2026-07-01",
        "payment": {}
      }
    },
    {
      "type": "Feature",
      "geometry": {
        "type": "Point",
        "coordinates": [
          7.1530875,
          50.5407175
        ]
      },
      "properties": {
        "id": "tk_rpr_osm_n1168350306",
        "name": "SB-Laden",
        "address": {
          "street": "Am Schwanenteich",
          "number": "1",
          "postalcode": "53474",
          "city": "Bad Neuenahr-Ahrweiler"
        },
        "sources": [
          {
            "type": "osm",
            "id": "node/1168350306",
            "version": 0
          }
        ],
        "created": "2026-05-29",
        "updated": "2026-07-13",
        "hours": {
          "raw": "Mo-Fr 08:00-14:00; Sa 08:00-13:00"
        },
        "sources_by_field": {
          "name": "osm",
          "address.street": "osm",
          "address.number": "osm",
          "address.postalcode": "osm",
          "address.city": "osm",
          "hours": "osm"
        },
        "apple_id_attempted": "2026-07-01",
        "google_attempted": "2026-07-01",
        "payment": {}
      }
    },
    {
      "type": "Feature",
      "geometry": {
        "type": "Point",
        "coordinates": [
          7.6706193,
          50.0057683
        ]
      },
      "properties": {
        "id": "tk_rpr_osm_n11783491342",
        "name": "Getränke Wetzlar",
        "address": {},
        "sources": [
          {
            "type": "osm",
            "id": "node/11783491342",
            "version": 0
          }
        ],
        "created": "2026-05-29",
        "updated": "2026-07-13",
        "sources_by_field": {
          "name": "osm"
        },
        "apple_id_attempted": "2026-07-01",
        "google_attempted": "2026-07-01",
        "payment": {}
      }
    },
    {
      "type": "Feature",
      "geometry": {
        "type": "Point",
        "coordinates": [
          6.9492187,
          50.3780403
        ]
      },
      "properties": {
        "id": "tk_rpr_osm_n12023011572",
        "name": "Aral",
        "address": {
          "street": "Trierer Straße",
          "number": "1",
          "postalcode": "53518",
          "city": "Adenau"
        },
        "sources": [
          {
            "type": "osm",
            "id": "node/12023011572",
            "version": 0
          }
        ],
        "created": "2026-05-29",
        "updated": "2026-07-13",
        "hours": {
          "raw": "Mo-Fr 06:00-22:00; Sa-Su 07:00-22:00"
        },
        "payment": {
          "cash": "yes",
          "cards": "unknown",
          "contactless": "unknown",
          "girocard": "unknown"
        },
        "sources_by_field": {
          "name": "osm",
          "address.street": "osm",
          "address.number": "osm",
          "address.postalcode": "osm",
          "address.city": "osm",
          "hours": "osm",
          "payment.cash": "osm",
          "payment.cards": "osm",
          "payment.contactless": "osm",
          "payment.girocard": "osm"
        },
        "apple_id_attempted": "2026-07-01"
      }
    },
    {
      "type": "Feature",
      "geometry": {
        "type": "Point",
        "coordinates": [
          7.8862336,
          49.8461434
        ]
      },
      "properties": {
        "id": "tk_rpr_osm_n12053347269",
        "name": "Gas-Automat (am Globus Baumarkt)",
        "address": {
          "street": "Bosenheimer Straße",
          "number": "214",
          "postalcode": "55543",
          "city": "Bad Kreuznach"
        },
        "sources": [
          {
            "type": "osm",
            "id": "node/12053347269",
            "version": 0
          }
        ],
        "created": "2026-05-29",
        "updated": "2026-07-13",
        "hours": {
          "raw": "24/7"
        },
        "sources_by_field": {
          "name": "osm",
          "address.street": "osm",
          "address.number": "osm",
          "address.postalcode": "osm",
          "address.city": "osm",
          "hours": "osm"
        },
        "apple_id_attempted": "2026-07-01",
        "google_attempted": "2026-07-01",
        "payment": {}
      }
    },
    {
      "type": "Feature",
      "geometry": {
        "type": "Point",
        "coordinates": [
          7.116521,
          49.9504105
        ]
      },
      "properties": {
        "id": "tk_rpr_osm_n12115804082",
        "name": "Ruffy's Snack World",
        "address": {
          "street": "Poststraße",
          "postalcode": "56841",
          "city": "Traben-Trarbach"
        },
        "sources": [
          {
            "type": "osm",
            "id": "node/12115804082",
            "version": 0
          }
        ],
        "created": "2026-05-29",
        "updated": "2026-07-13",
        "hours": {
          "raw": "24/7"
        },
        "payment": {
          "cash": "yes",
          "cards": "yes",
          "contactless": "unknown",
          "girocard": "yes"
        },
        "kind": "vending_machine",
        "sources_by_field": {
          "name": "osm",
          "address.street": "osm",
          "address.postalcode": "osm",
          "address.city": "osm",
          "hours": "osm",
          "payment.cash": "osm",
          "payment.cards": "osm",
          "payment.contactless": "osm",
          "payment.girocard": "osm"
        }
      }
    },
    {
      "type": "Feature",
      "geometry": {
        "type": "Point",
        "coordinates": [
          7.5886699,
          50.232757
        ]
      },
      "properties": {
        "id": "tk_rpr_osm_n12246550592",
        "name": "KIOSK",
        "address": {},
        "sources": [
          {
            "type": "osm",
            "id": "node/12246550592",
            "version": 0
          }
        ],
        "created": "2026-05-29",
        "updated": "2026-07-13",
        "sources_by_field": {
          "name": "osm"
        },
        "apple_id_attempted": "2026-07-01",
        "google_attempted": "2026-07-01",
        "payment": {}
      }
    },
    {
      "type": "Feature",
      "geometry": {
        "type": "Point",
        "coordinates": [
          6.9740144,
          50.4857334
        ]
      },
      "properties": {
        "id": "tk_rpr_osm_n12365483347",
        "name": "Aral",
        "address": {
          "street": "Hauptstraße",
          "number": "49",
          "postalcode": "53506",
          "city": "Ahrbrück"
        },
        "sources": [
          {
            "type": "osm",
            "id": "node/12365483347",
            "version": 0
          }
        ],
        "created": "2026-05-29",
        "updated": "2026-07-13",
        "hours": {
          "raw": "Mo-Fr 06:00-22:00; Sa 08:00-00:00; Su 08:00-24:00"
        },
        "payment": {
          "cash": "yes",
          "cards": "yes",
          "contactless": "yes",
          "girocard": "unknown"
        },
        "sources_by_field": {
          "name": "osm",
          "address.street": "osm",
          "address.number": "osm",
          "address.postalcode": "osm",
          "address.city": "osm",
          "hours": "osm",
          "payment.cash": "osm",
          "payment.cards": "osm",
          "payment.contactless": "osm",
          "payment.girocard": "osm"
        },
        "apple_id_attempted": "2026-07-01"
      }
    },
    {
      "type": "Feature",
      "geometry": {
        "type": "Point",
        "coordinates": [
          7.8567033,
          49.8453632
        ]
      },
      "properties": {
        "id": "tk_rpr_osm_n13473642233",
        "name": "Paris",
        "address": {
          "street": "Mannheimer Straße",
          "number": "67",
          "postalcode": "55545",
          "city": "Bad Kreuznach"
        },
        "sources": [
          {
            "type": "osm",
            "id": "node/13473642233",
            "version": 0
          }
        ],
        "created": "2026-05-29",
        "updated": "2026-07-13",
        "sources_by_field": {
          "name": "osm",
          "address.street": "osm",
          "address.number": "osm",
          "address.postalcode": "osm",
          "address.city": "osm"
        },
        "apple_id_attempted": "2026-07-01",
        "google_attempted": "2026-07-01",
        "payment": {}
      }
    },
    {
      "type": "Feature",
      "geometry": {
        "type": "Point",
        "coordinates": [
          7.1474812,
          50.0283562
        ]
      },
      "properties": {
        "id": "tk_rpr_osm_n1359393469",
        "name": "Weinhandlung Walter",
        "address": {
          "street": "Gartenstraße"
        },
        "sources": [
          {
            "type": "osm",
            "id": "node/1359393469",
            "version": 0
          }
        ],
        "created": "2026-05-29",
        "updated": "2026-07-13",
        "sources_by_field": {
          "name": "osm",
          "address.street": "osm"
        },
        "apple_id_attempted": "2026-07-01",
        "google_attempted": "2026-07-01",
        "payment": {}
      }
    },
    {
      "type": "Feature",
      "geometry": {
        "type": "Point",
        "coordinates": [
          7.2300659,
          50.5774417
        ]
      },
      "properties": {
        "id": "tk_rpr_osm_n1371606316",
        "name": "Düzgün Baba",
        "address": {},
        "sources": [
          {
            "type": "osm",
            "id": "node/1371606316",
            "version": 0
          }
        ],
        "created": "2026-05-29",
        "updated": "2026-07-13",
        "hours": {
          "raw": "Mo-Th 06:30-22:00, Fr 06:00-24:00, Sa 07:00-24:00, Su 08:00-24:00"
        },
        "payment": {
          "cash": "unknown",
          "cards": "yes",
          "contactless": "unknown",
          "girocard": "unknown"
        },
        "tags": [
          "barrierefrei"
        ],
        "sources_by_field": {
          "name": "osm",
          "hours": "osm",
          "payment.cash": "osm",
          "payment.cards": "osm",
          "payment.contactless": "osm",
          "payment.girocard": "osm"
        },
        "apple_id_attempted": "2026-07-01"
      }
    },
    {
      "type": "Feature",
      "geometry": {
        "type": "Point",
        "coordinates": [
          6.6366265,
          49.9770621
        ]
      },
      "properties": {
        "id": "tk_rpr_osm_n13780461635",
        "name": "Trink Oase",
        "address": {},
        "sources": [
          {
            "type": "osm",
            "id": "node/13780461635",
            "version": 0
          }
        ],
        "created": "2026-05-29",
        "updated": "2026-07-13",
        "sources_by_field": {
          "name": "osm"
        },
        "apple_id_attempted": "2026-07-01",
        "google_attempted": "2026-07-01",
        "payment": {}
      }
    },
    {
      "type": "Feature",
      "geometry": {
        "type": "Point",
        "coordinates": [
          7.6715946,
          49.7114296
        ]
      },
      "properties": {
        "id": "tk_rpr_osm_n1422822589",
        "name": "ED",
        "address": {
          "street": "Hans-Franck-Straße",
          "postalcode": "55590",
          "city": "Meisenheim"
        },
        "sources": [
          {
            "type": "osm",
            "id": "node/1422822589",
            "version": 0
          }
        ],
        "created": "2026-05-29",
        "updated": "2026-07-13",
        "hours": {
          "raw": "Mo-Fr 07:30-19:00; Sa 08:00-14:00"
        },
        "sources_by_field": {
          "name": "osm",
          "address.street": "osm",
          "address.postalcode": "osm",
          "address.city": "osm",
          "hours": "osm"
        },
        "payment": {}
      }
    },
    {
      "type": "Feature",
      "geometry": {
        "type": "Point",
        "coordinates": [
          7.8559507,
          49.8458481
        ]
      },
      "properties": {
        "id": "tk_rpr_osm_n1722946875",
        "name": "Lotto",
        "address": {},
        "sources": [
          {
            "type": "osm",
            "id": "node/1722946875",
            "version": 0
          }
        ],
        "created": "2026-05-29",
        "updated": "2026-07-13",
        "sources_by_field": {
          "name": "osm"
        },
        "apple_id_attempted": "2026-07-01",
        "google_attempted": "2026-07-01",
        "payment": {}
      }
    },
    {
      "type": "Feature",
      "geometry": {
        "type": "Point",
        "coordinates": [
          7.7769822,
          49.7294734
        ]
      },
      "properties": {
        "id": "tk_rpr_osm_n1784969677",
        "name": "Aral",
        "address": {
          "street": "Richard-Müller-Straße",
          "number": "7",
          "postalcode": "67823",
          "city": "Obermoschel"
        },
        "sources": [
          {
            "type": "osm",
            "id": "node/1784969677",
            "version": 0
          }
        ],
        "created": "2026-05-29",
        "updated": "2026-07-13",
        "hours": {
          "raw": "Mo-Fr 06:00-20:00; Sa,Su 07:00-19:00"
        },
        "sources_by_field": {
          "name": "osm",
          "address.street": "osm",
          "address.number": "osm",
          "address.postalcode": "osm",
          "address.city": "osm",
          "hours": "osm"
        },
        "apple_id_attempted": "2026-07-01",
        "google_attempted": "2026-07-01",
        "payment": {}
      }
    },
    {
      "type": "Feature",
      "geometry": {
        "type": "Point",
        "coordinates": [
          7.7441378,
          49.433094
        ]
      },
      "properties": {
        "id": "tk_rpr_osm_n1851358952",
        "name": "Shell",
        "address": {},
        "sources": [
          {
            "type": "osm",
            "id": "node/1851358952",
            "version": 0
          }
        ],
        "created": "2026-05-29",
        "updated": "2026-07-13",
        "tags": [
          "barrierefrei"
        ],
        "sources_by_field": {
          "name": "osm"
        },
        "apple_id_attempted": "2026-07-01",
        "google_attempted": "2026-07-01",
        "payment": {}
      }
    },
    {
      "type": "Feature",
      "geometry": {
        "type": "Point",
        "coordinates": [
          7.7030318,
          49.4206777
        ]
      },
      "properties": {
        "id": "tk_rpr_osm_n2058466168",
        "name": "Paket Shop",
        "address": {},
        "sources": [
          {
            "type": "osm",
            "id": "node/2058466168",
            "version": 0
          }
        ],
        "created": "2026-05-29",
        "updated": "2026-07-13",
        "hours": {
          "raw": "Tu-Th 09:00-12:30,14:00-18:00; Fr 09:00-18:00; Sa 09:00-13:00"
        },
        "sources_by_field": {
          "name": "osm",
          "hours": "osm"
        },
        "apple_id_attempted": "2026-07-01",
        "google_attempted": "2026-07-01",
        "payment": {}
      }
    },
    {
      "type": "Feature",
      "geometry": {
        "type": "Point",
        "coordinates": [
          7.8137867,
          49.7355689
        ]
      },
      "properties": {
        "id": "tk_rpr_osm_n2075324272",
        "name": "alldrink",
        "address": {},
        "sources": [
          {
            "type": "osm",
            "id": "node/2075324272",
            "version": 0
          }
        ],
        "created": "2026-05-29",
        "updated": "2026-07-13",
        "sources_by_field": {
          "name": "osm"
        },
        "apple_id_attempted": "2026-07-01",
        "google_attempted": "2026-07-01",
        "payment": {}
      }
    },
    {
      "type": "Feature",
      "geometry": {
        "type": "Point",
        "coordinates": [
          7.1675003,
          50.1514455
        ]
      },
      "properties": {
        "id": "tk_rpr_osm_n263793234",
        "name": "Shell",
        "address": {},
        "sources": [
          {
            "type": "osm",
            "id": "node/263793234",
            "version": 0
          }
        ],
        "created": "2026-05-29",
        "updated": "2026-07-13",
        "hours": {
          "raw": "Mo-Su 07:00-22:00"
        },
        "tags": [
          "barrierefrei"
        ],
        "sources_by_field": {
          "name": "osm",
          "hours": "osm"
        },
        "apple_id_attempted": "2026-07-01",
        "google_attempted": "2026-07-01",
        "payment": {}
      }
    },
    {
      "type": "Feature",
      "geometry": {
        "type": "Point",
        "coordinates": [
          7.7706784,
          50.0590342
        ]
      },
      "properties": {
        "id": "tk_rpr_osm_n319443299",
        "name": "Bingen Rüdesheimer",
        "address": {},
        "sources": [
          {
            "type": "osm",
            "id": "node/319443299",
            "version": 0
          }
        ],
        "created": "2026-05-29",
        "updated": "2026-07-13",
        "tags": [
          "barrierefrei"
        ],
        "sources_by_field": {
          "name": "osm"
        },
        "apple_id_attempted": "2026-07-01",
        "google_attempted": "2026-07-01",
        "payment": {}
      }
    },
    {
      "type": "Feature",
      "geometry": {
        "type": "Point",
        "coordinates": [
          7.7497802,
          49.4332996
        ]
      },
      "properties": {
        "id": "tk_rpr_osm_n358471991",
        "name": "AGIP",
        "address": {},
        "sources": [
          {
            "type": "osm",
            "id": "node/358471991",
            "version": 0
          }
        ],
        "created": "2026-05-29",
        "updated": "2026-07-13",
        "tags": [
          "barrierefrei"
        ],
        "sources_by_field": {
          "name": "osm"
        },
        "apple_id_attempted": "2026-07-01",
        "google_attempted": "2026-07-01",
        "payment": {}
      }
    },
    {
      "type": "Feature",
      "geometry": {
        "type": "Point",
        "coordinates": [
          7.7159741,
          50.1550235
        ]
      },
      "properties": {
        "id": "tk_rpr_osm_n3646768001",
        "name": "Marions Schlachtschiff",
        "address": {},
        "sources": [
          {
            "type": "osm",
            "id": "node/3646768001",
            "version": 0
          }
        ],
        "created": "2026-05-29",
        "updated": "2026-07-13",
        "sources_by_field": {
          "name": "osm"
        },
        "apple_id_attempted": "2026-07-01",
        "google_attempted": "2026-07-01",
        "payment": {}
      }
    },
    {
      "type": "Feature",
      "geometry": {
        "type": "Point",
        "coordinates": [
          7.3037491,
          50.5194965
        ]
      },
      "properties": {
        "id": "tk_rpr_osm_n3693214999",
        "name": "Multi Getränke-Center",
        "address": {},
        "sources": [
          {
            "type": "osm",
            "id": "node/3693214999",
            "version": 0
          }
        ],
        "created": "2026-05-29",
        "updated": "2026-07-13",
        "tags": [
          "barrierefrei"
        ],
        "sources_by_field": {
          "name": "osm"
        },
        "apple_id_attempted": "2026-07-01",
        "google_attempted": "2026-07-01",
        "payment": {}
      }
    },
    {
      "type": "Feature",
      "geometry": {
        "type": "Point",
        "coordinates": [
          7.7894847,
          50.475443
        ]
      },
      "properties": {
        "id": "tk_rpr_osm_n370128462",
        "name": "Getränke Marc Juchem",
        "address": {
          "street": "Christian-Heibel-Straße",
          "number": "51",
          "postalcode": "56422",
          "city": "Wirges"
        },
        "sources": [
          {
            "type": "osm",
            "id": "node/370128462",
            "version": 0
          }
        ],
        "created": "2026-05-29",
        "updated": "2026-07-13",
        "hours": {
          "raw": "Mo-Fr 09:00-18:30; Sa 08:30-15:00; Su,PH off"
        },
        "payment": {
          "cash": "yes",
          "cards": "unknown",
          "contactless": "unknown",
          "girocard": "unknown"
        },
        "sources_by_field": {
          "name": "osm",
          "address.street": "osm",
          "address.number": "osm",
          "address.postalcode": "osm",
          "address.city": "osm",
          "hours": "osm",
          "payment.cash": "osm",
          "payment.cards": "osm",
          "payment.contactless": "osm",
          "payment.girocard": "osm"
        },
        "apple_id_attempted": "2026-07-01"
      }
    },
    {
      "type": "Feature",
      "geometry": {
        "type": "Point",
        "coordinates": [
          6.6904868,
          49.946323
        ]
      },
      "properties": {
        "id": "tk_rpr_osm_n4116056489",
        "name": "Antony",
        "address": {},
        "sources": [
          {
            "type": "osm",
            "id": "node/4116056489",
            "version": 0
          }
        ],
        "created": "2026-05-29",
        "updated": "2026-07-13",
        "hours": {
          "raw": "Mo-Fr 07:00-22:00; Sa,Su,PH 08:00-22:00"
        },
        "payment": {
          "cash": "yes",
          "cards": "unknown",
          "contactless": "unknown",
          "girocard": "yes"
        },
        "sources_by_field": {
          "name": "osm",
          "hours": "osm",
          "payment.cash": "osm",
          "payment.cards": "osm",
          "payment.contactless": "osm",
          "payment.girocard": "osm"
        },
        "apple_id_attempted": "2026-07-01"
      }
    },
    {
      "type": "Feature",
      "geometry": {
        "type": "Point",
        "coordinates": [
          7.0274489,
          50.5855373
        ]
      },
      "properties": {
        "id": "tk_rpr_osm_n4502289029",
        "name": "Tankwirt Getränke Drive-In",
        "address": {
          "street": "Dürener Straße",
          "number": "56",
          "postalcode": "53501",
          "city": "Grafschaft"
        },
        "sources": [
          {
            "type": "osm",
            "id": "node/4502289029",
            "version": 0
          }
        ],
        "created": "2026-05-29",
        "updated": "2026-07-13",
        "hours": {
          "raw": "Mo-Fr 08:00-19:00; Sa 08:00-18:00"
        },
        "tags": [
          "barrierefrei"
        ],
        "sources_by_field": {
          "name": "osm",
          "address.street": "osm",
          "address.number": "osm",
          "address.postalcode": "osm",
          "address.city": "osm",
          "hours": "osm"
        },
        "apple_id_attempted": "2026-07-01",
        "google_attempted": "2026-07-01",
        "payment": {}
      }
    },
    {
      "type": "Feature",
      "geometry": {
        "type": "Point",
        "coordinates": [
          7.5466007,
          49.9814728
        ]
      },
      "properties": {
        "id": "tk_rpr_osm_n4655282466",
        "name": "Zeitschriften",
        "address": {},
        "sources": [
          {
            "type": "osm",
            "id": "node/4655282466",
            "version": 0
          }
        ],
        "created": "2026-05-29",
        "updated": "2026-07-13",
        "payment": {
          "cash": "unknown",
          "cards": "yes",
          "contactless": "unknown",
          "girocard": "unknown"
        },
        "tags": [
          "barrierefrei"
        ],
        "sources_by_field": {
          "name": "osm",
          "payment.cash": "osm",
          "payment.cards": "osm",
          "payment.contactless": "osm",
          "payment.girocard": "osm"
        },
        "apple_id_attempted": "2026-07-01",
        "google_attempted": "2026-07-01"
      }
    },
    {
      "type": "Feature",
      "geometry": {
        "type": "Point",
        "coordinates": [
          6.7201848,
          50.1555501
        ]
      },
      "properties": {
        "id": "tk_rpr_osm_n482755648",
        "name": "Getränkehandel Scholzen",
        "address": {},
        "sources": [
          {
            "type": "osm",
            "id": "node/482755648",
            "version": 0
          }
        ],
        "created": "2026-05-29",
        "updated": "2026-07-13",
        "sources_by_field": {
          "name": "osm"
        },
        "apple_id_attempted": "2026-07-01",
        "google_attempted": "2026-07-01",
        "payment": {}
      }
    },
    {
      "type": "Feature",
      "geometry": {
        "type": "Point",
        "coordinates": [
          7.7237602,
          50.101706
        ]
      },
      "properties": {
        "id": "tk_rpr_osm_n4864761355",
        "name": "Hofladen",
        "address": {},
        "sources": [
          {
            "type": "osm",
            "id": "node/4864761355",
            "version": 0
          }
        ],
        "created": "2026-05-29",
        "updated": "2026-07-13",
        "hours": {
          "raw": "24/7"
        },
        "sources_by_field": {
          "name": "osm",
          "hours": "osm"
        },
        "apple_id_attempted": "2026-07-01",
        "google_attempted": "2026-07-01",
        "payment": {}
      }
    },
    {
      "type": "Feature",
      "geometry": {
        "type": "Point",
        "coordinates": [
          7.9608307,
          49.8141948
        ]
      },
      "properties": {
        "id": "tk_rpr_osm_n4948858401",
        "name": "Getränke Pohl",
        "address": {},
        "sources": [
          {
            "type": "osm",
            "id": "node/4948858401",
            "version": 0
          }
        ],
        "created": "2026-05-29",
        "updated": "2026-07-13",
        "sources_by_field": {
          "name": "osm"
        },
        "apple_id_attempted": "2026-07-01",
        "google_attempted": "2026-07-01",
        "payment": {}
      }
    },
    {
      "type": "Feature",
      "geometry": {
        "type": "Point",
        "coordinates": [
          7.243728,
          50.4330286
        ]
      },
      "properties": {
        "id": "tk_rpr_osm_n4995860817",
        "name": "Gabors",
        "address": {},
        "sources": [
          {
            "type": "osm",
            "id": "node/4995860817",
            "version": 0
          }
        ],
        "created": "2026-05-29",
        "updated": "2026-07-13",
        "hours": {
          "raw": "\"Abends und nach Bedarf\""
        },
        "sources_by_field": {
          "name": "osm",
          "hours": "osm"
        },
        "apple_id_attempted": "2026-07-01",
        "google_attempted": "2026-07-01",
        "payment": {}
      }
    },
    {
      "type": "Feature",
      "geometry": {
        "type": "Point",
        "coordinates": [
          7.9957853,
          49.7459549
        ]
      },
      "properties": {
        "id": "tk_rpr_osm_n503587495",
        "name": "Flaschenpost",
        "address": {},
        "sources": [
          {
            "type": "osm",
            "id": "node/503587495",
            "version": 0
          }
        ],
        "created": "2026-05-29",
        "updated": "2026-07-13",
        "sources_by_field": {
          "name": "osm"
        },
        "apple_id_attempted": "2026-07-01",
        "google_attempted": "2026-07-01",
        "payment": {}
      }
    },
    {
      "type": "Feature",
      "geometry": {
        "type": "Point",
        "coordinates": [
          6.9534976,
          50.3424201
        ]
      },
      "properties": {
        "id": "tk_rpr_osm_n541973455",
        "name": "Schmitz",
        "address": {},
        "sources": [
          {
            "type": "osm",
            "id": "node/541973455",
            "version": 0
          }
        ],
        "created": "2026-05-29",
        "updated": "2026-07-13",
        "tags": [
          "barrierefrei"
        ],
        "sources_by_field": {
          "name": "osm"
        },
        "apple_id_attempted": "2026-07-01",
        "google_attempted": "2026-07-01",
        "payment": {}
      }
    },
    {
      "type": "Feature",
      "geometry": {
        "type": "Point",
        "coordinates": [
          7.4173562,
          49.7815972
        ]
      },
      "properties": {
        "id": "tk_rpr_osm_n5548041124",
        "name": "Hildegard-Pilgerstation Bergen",
        "address": {
          "street": "Wäschenweg",
          "number": "3",
          "postalcode": "55608",
          "city": "Bergen"
        },
        "sources": [
          {
            "type": "osm",
            "id": "node/5548041124",
            "version": 0
          }
        ],
        "created": "2026-05-29",
        "updated": "2026-07-13",
        "sources_by_field": {
          "name": "osm",
          "address.street": "osm",
          "address.number": "osm",
          "address.postalcode": "osm",
          "address.city": "osm"
        },
        "apple_id_attempted": "2026-07-01",
        "google_attempted": "2026-07-01",
        "payment": {}
      }
    },
    {
      "type": "Feature",
      "geometry": {
        "type": "Point",
        "coordinates": [
          7.1265011,
          50.055337
        ]
      },
      "properties": {
        "id": "tk_rpr_osm_n5659086868",
        "name": "Mittler-Weirauch Getränke & Zelte",
        "address": {
          "street": "Auf der Hill",
          "number": "13",
          "postalcode": "56859",
          "city": "Alf"
        },
        "sources": [
          {
            "type": "osm",
            "id": "node/5659086868",
            "version": 0
          }
        ],
        "created": "2026-05-29",
        "updated": "2026-07-13",
        "sources_by_field": {
          "name": "osm",
          "address.street": "osm",
          "address.number": "osm",
          "address.postalcode": "osm",
          "address.city": "osm"
        },
        "apple_id_attempted": "2026-07-01",
        "google_attempted": "2026-07-01",
        "payment": {}
      }
    },
    {
      "type": "Feature",
      "geometry": {
        "type": "Point",
        "coordinates": [
          7.8659848,
          49.8388511
        ]
      },
      "properties": {
        "id": "tk_rpr_osm_n6380562175",
        "name": "Georg-Krips",
        "address": {},
        "sources": [
          {
            "type": "osm",
            "id": "node/6380562175",
            "version": 0
          }
        ],
        "created": "2026-05-29",
        "updated": "2026-07-13",
        "hours": {
          "raw": "Mo-Th 06:30-12:00, Mo-We 14:30-18:00; Fr 06:30-12:30, Fr 14:00-18:00; Sa 07:30-13:00"
        },
        "sources_by_field": {
          "name": "osm",
          "hours": "osm"
        },
        "apple_id_attempted": "2026-07-01",
        "google_attempted": "2026-07-01",
        "payment": {}
      }
    },
    {
      "type": "Feature",
      "geometry": {
        "type": "Point",
        "coordinates": [
          7.5694771,
          49.409639
        ]
      },
      "properties": {
        "id": "tk_rpr_osm_n6688517685",
        "name": "Sickingen Brauerei",
        "address": {
          "street": "Hauptstraße",
          "number": "24",
          "postalcode": "66849",
          "city": "Landstuhl"
        },
        "sources": [
          {
            "type": "osm",
            "id": "node/6688517685",
            "version": 0
          }
        ],
        "created": "2026-05-29",
        "updated": "2026-07-13",
        "sources_by_field": {
          "name": "osm",
          "address.street": "osm",
          "address.number": "osm",
          "address.postalcode": "osm",
          "address.city": "osm"
        },
        "apple_id_attempted": "2026-07-01",
        "google_attempted": "2026-07-01",
        "payment": {}
      }
    },
    {
      "type": "Feature",
      "geometry": {
        "type": "Point",
        "coordinates": [
          7.2232612,
          50.326537
        ]
      },
      "properties": {
        "id": "tk_rpr_osm_n6895170150",
        "name": "Kiosk Am Ring",
        "address": {},
        "sources": [
          {
            "type": "osm",
            "id": "node/6895170150",
            "version": 0
          }
        ],
        "created": "2026-05-29",
        "updated": "2026-07-13",
        "sources_by_field": {
          "name": "osm"
        },
        "apple_id_attempted": "2026-07-01",
        "google_attempted": "2026-07-01",
        "payment": {}
      }
    },
    {
      "type": "Feature",
      "geometry": {
        "type": "Point",
        "coordinates": [
          7.4039681,
          50.4346049
        ]
      },
      "properties": {
        "id": "tk_rpr_osm_n7029117937",
        "name": "Munzur Kiosk",
        "address": {},
        "sources": [
          {
            "type": "osm",
            "id": "node/7029117937",
            "version": 0
          }
        ],
        "created": "2026-05-29",
        "updated": "2026-07-13",
        "sources_by_field": {
          "name": "osm"
        },
        "apple_id_attempted": "2026-07-01",
        "google_attempted": "2026-07-01",
        "payment": {}
      }
    },
    {
      "type": "Feature",
      "geometry": {
        "type": "Point",
        "coordinates": [
          7.136583,
          50.5445794
        ]
      },
      "properties": {
        "id": "tk_rpr_osm_n7545988454",
        "name": "Vahit's Tabakshop",
        "address": {},
        "sources": [
          {
            "type": "osm",
            "id": "node/7545988454",
            "version": 0
          }
        ],
        "created": "2026-05-29",
        "updated": "2026-07-13",
        "hours": {
          "raw": "Mo-Fr 08:00-18:00; Sa 09:00-15:00"
        },
        "tags": [
          "barrierefrei"
        ],
        "sources_by_field": {
          "name": "osm",
          "hours": "osm"
        },
        "apple_id_attempted": "2026-07-01",
        "google_attempted": "2026-07-01",
        "payment": {}
      }
    },
    {
      "type": "Feature",
      "geometry": {
        "type": "Point",
        "coordinates": [
          7.2547892,
          49.7754314
        ]
      },
      "properties": {
        "id": "tk_rpr_osm_n7868797754",
        "name": "Wilder Hirsch",
        "address": {},
        "sources": [
          {
            "type": "osm",
            "id": "node/7868797754",
            "version": 0
          }
        ],
        "created": "2026-05-29",
        "updated": "2026-07-13",
        "sources_by_field": {
          "name": "osm"
        },
        "apple_id_attempted": "2026-07-01",
        "google_attempted": "2026-07-01",
        "payment": {}
      }
    },
    {
      "type": "Feature",
      "geometry": {
        "type": "Point",
        "coordinates": [
          7.2223038,
          50.3315633
        ]
      },
      "properties": {
        "id": "tk_rpr_osm_n7973075176",
        "name": "Karissmira Geisel Kiosk und Lebensmittel",
        "address": {},
        "sources": [
          {
            "type": "osm",
            "id": "node/7973075176",
            "version": 0
          }
        ],
        "created": "2026-05-29",
        "updated": "2026-07-13",
        "sources_by_field": {
          "name": "osm"
        },
        "apple_id_attempted": "2026-07-01",
        "google_attempted": "2026-07-01",
        "payment": {}
      }
    },
    {
      "type": "Feature",
      "geometry": {
        "type": "Point",
        "coordinates": [
          7.7303967,
          49.4396776
        ]
      },
      "properties": {
        "id": "tk_rpr_osm_n801946082",
        "name": "Kiosk Scherer im Bahnheim",
        "address": {},
        "sources": [
          {
            "type": "osm",
            "id": "node/801946082",
            "version": 0
          }
        ],
        "created": "2026-05-29",
        "updated": "2026-07-13",
        "hours": {
          "raw": "Mo-Fr 07:00-19:00; Sa 08:00-19:00; Su 09:00-19:00"
        },
        "sources_by_field": {
          "name": "osm",
          "hours": "osm"
        },
        "apple_id_attempted": "2026-07-01",
        "google_attempted": "2026-07-01",
        "payment": {}
      }
    },
    {
      "type": "Feature",
      "geometry": {
        "type": "Point",
        "coordinates": [
          7.0750234,
          49.9155405
        ]
      },
      "properties": {
        "id": "tk_rpr_osm_n8130035072",
        "name": "Altstadt Kiosk",
        "address": {
          "street": "Markt",
          "number": "1",
          "postalcode": "54470",
          "city": "Bernkastel-Kues"
        },
        "sources": [
          {
            "type": "osm",
            "id": "node/8130035072",
            "version": 0
          }
        ],
        "created": "2026-05-29",
        "updated": "2026-07-13",
        "sources_by_field": {
          "name": "osm",
          "address.street": "osm",
          "address.number": "osm",
          "address.postalcode": "osm",
          "address.city": "osm"
        },
        "apple_id_attempted": "2026-07-01",
        "google_attempted": "2026-07-01",
        "payment": {}
      }
    },
    {
      "type": "Feature",
      "geometry": {
        "type": "Point",
        "coordinates": [
          7.8408278,
          49.8074528
        ]
      },
      "properties": {
        "id": "tk_rpr_osm_n8405060476",
        "name": "alldrink",
        "address": {
          "street": "Schloßgartenstraße",
          "number": "2-8",
          "postalcode": "55583",
          "city": "Bad Kreuznach"
        },
        "sources": [
          {
            "type": "osm",
            "id": "node/8405060476",
            "version": 0
          }
        ],
        "created": "2026-05-29",
        "updated": "2026-06-15",
        "hours": {
          "raw": "Mo-Fr 09:00-19:00; Sa 09:00-15:00"
        },
        "sources_by_field": {
          "name": "osm",
          "address.street": "osm",
          "address.number": "osm",
          "address.postalcode": "osm",
          "address.city": "osm",
          "hours": "osm"
        },
        "apple_id_attempted": "2026-07-01",
        "google_attempted": "2026-07-01",
        "payment": {},
        "osm_removed": true
      }
    },
    {
      "type": "Feature",
      "geometry": {
        "type": "Point",
        "coordinates": [
          7.7674564,
          50.485121
        ]
      },
      "properties": {
        "id": "tk_rpr_osm_n880467160",
        "name": "Sprenger",
        "address": {},
        "sources": [
          {
            "type": "osm",
            "id": "node/880467160",
            "version": 0
          }
        ],
        "created": "2026-05-29",
        "updated": "2026-07-13",
        "sources_by_field": {
          "name": "osm"
        },
        "apple_id_attempted": "2026-07-01",
        "google_attempted": "2026-07-01",
        "payment": {}
      }
    },
    {
      "type": "Feature",
      "geometry": {
        "type": "Point",
        "coordinates": [
          8.0062279,
          49.2469636
        ]
      },
      "properties": {
        "id": "tk_rpr_osm_n890254923",
        "name": "Lädle",
        "address": {},
        "sources": [
          {
            "type": "osm",
            "id": "node/890254923",
            "version": 0
          }
        ],
        "created": "2026-05-29",
        "updated": "2026-07-13",
        "sources_by_field": {
          "name": "osm"
        },
        "apple_id_attempted": "2026-07-01",
        "google_attempted": "2026-07-01",
        "payment": {}
      }
    },
    {
      "type": "Feature",
      "geometry": {
        "type": "Point",
        "coordinates": [
          7.4952552,
          49.7564482
        ]
      },
      "properties": {
        "id": "tk_rpr_osm_n9123845547",
        "name": "Dorfkiosk",
        "address": {},
        "sources": [
          {
            "type": "osm",
            "id": "node/9123845547",
            "version": 0
          }
        ],
        "created": "2026-05-29",
        "updated": "2026-07-13",
        "sources_by_field": {
          "name": "osm"
        },
        "apple_id_attempted": "2026-07-01",
        "google_attempted": "2026-07-01",
        "payment": {}
      }
    },
    {
      "type": "Feature",
      "geometry": {
        "type": "Point",
        "coordinates": [
          7.5931084,
          49.64852
        ]
      },
      "properties": {
        "id": "tk_rpr_osm_n914420419",
        "name": "Felsen-Bräu",
        "address": {},
        "sources": [
          {
            "type": "osm",
            "id": "node/914420419",
            "version": 0
          }
        ],
        "created": "2026-05-29",
        "updated": "2026-07-13",
        "sources_by_field": {
          "name": "osm"
        },
        "apple_id_attempted": "2026-07-01",
        "google_attempted": "2026-07-01",
        "payment": {}
      }
    },
    {
      "type": "Feature",
      "geometry": {
        "type": "Point",
        "coordinates": [
          7.8489799,
          50.5633297
        ]
      },
      "properties": {
        "id": "tk_rpr_osm_n948006982",
        "name": "Getränke-Shop Neumann",
        "address": {},
        "sources": [
          {
            "type": "osm",
            "id": "node/948006982",
            "version": 0
          }
        ],
        "created": "2026-05-29",
        "updated": "2026-07-13",
        "sources_by_field": {
          "name": "osm"
        },
        "apple_id_attempted": "2026-07-01",
        "google_attempted": "2026-07-01",
        "payment": {}
      }
    },
    {
      "type": "Feature",
      "geometry": {
        "type": "Point",
        "coordinates": [
          7.3087133,
          49.9318878
        ]
      },
      "properties": {
        "id": "tk_rpr_osm_n976522235",
        "name": "ED",
        "address": {
          "street": "Hauptstraße",
          "number": "22",
          "postalcode": "55487",
          "city": "Sohren"
        },
        "sources": [
          {
            "type": "osm",
            "id": "node/976522235",
            "version": 0
          }
        ],
        "created": "2026-05-29",
        "updated": "2026-07-13",
        "hours": {
          "raw": "Mo-Sa 06:00-22:00; Su 07:00-22:00"
        },
        "tags": [
          "barrierefrei"
        ],
        "sources_by_field": {
          "name": "osm",
          "address.street": "osm",
          "address.number": "osm",
          "address.postalcode": "osm",
          "address.city": "osm",
          "hours": "osm"
        },
        "payment": {}
      }
    },
    {
      "type": "Feature",
      "geometry": {
        "type": "Point",
        "coordinates": [
          6.4267866,
          50.2081006
        ]
      },
      "properties": {
        "id": "tk_rpr_osm_n9995326005",
        "name": "BFT Tankstelle Prüm Shop & Bistro Pausenraum",
        "address": {
          "street": "Ritzstraße",
          "number": "32",
          "postalcode": "54595",
          "city": "Prüm"
        },
        "sources": [
          {
            "type": "osm",
            "id": "node/9995326005",
            "version": 0
          }
        ],
        "created": "2026-05-29",
        "updated": "2026-07-13",
        "hours": {
          "raw": "Mo-Sa 06:00-20:00; Su 07:00-20:00"
        },
        "payment": {
          "cash": "yes",
          "cards": "yes",
          "contactless": "unknown",
          "girocard": "yes"
        },
        "sources_by_field": {
          "name": "osm",
          "address.street": "osm",
          "address.number": "osm",
          "address.postalcode": "osm",
          "address.city": "osm",
          "hours": "osm",
          "payment.cash": "osm",
          "payment.cards": "osm",
          "payment.contactless": "osm",
          "payment.girocard": "osm"
        },
        "apple_id_attempted": "2026-07-01"
      }
    },
    {
      "type": "Feature",
      "geometry": {
        "type": "Point",
        "coordinates": [
          7.4134595,
          50.0530782
        ]
      },
      "properties": {
        "id": "tk_rpr_osm_w1026183404",
        "name": "kiosk",
        "address": {},
        "sources": [
          {
            "type": "osm",
            "id": "way/1026183404",
            "version": 0
          }
        ],
        "created": "2026-05-29",
        "updated": "2026-07-13",
        "hours": {
          "raw": "Mo,Tu off"
        },
        "payment": {
          "cash": "unknown",
          "cards": "yes",
          "contactless": "unknown",
          "girocard": "unknown"
        },
        "sources_by_field": {
          "name": "osm",
          "hours": "osm",
          "payment.cash": "osm",
          "payment.cards": "osm",
          "payment.contactless": "osm",
          "payment.girocard": "osm"
        },
        "apple_id_attempted": "2026-07-01"
      }
    },
    {
      "type": "Feature",
      "geometry": {
        "type": "Point",
        "coordinates": [
          7.0055892,
          50.3709513
        ]
      },
      "properties": {
        "id": "tk_rpr_osm_w1078674378",
        "name": "fan shop nürburgring",
        "address": {},
        "sources": [
          {
            "type": "osm",
            "id": "way/1078674378",
            "version": 0
          }
        ],
        "created": "2026-05-29",
        "updated": "2026-07-13",
        "sources_by_field": {
          "name": "osm"
        },
        "apple_id_attempted": "2026-07-01",
        "google_attempted": "2026-07-01",
        "payment": {}
      }
    },
    {
      "type": "Feature",
      "geometry": {
        "type": "Point",
        "coordinates": [
          6.8021115,
          49.8509909
        ]
      },
      "properties": {
        "id": "tk_rpr_osm_w1090327135",
        "name": "Heinz Salje Getränkevertrieb",
        "address": {},
        "sources": [
          {
            "type": "osm",
            "id": "way/1090327135",
            "version": 0
          }
        ],
        "created": "2026-05-29",
        "updated": "2026-07-13",
        "sources_by_field": {
          "name": "osm"
        },
        "apple_id_attempted": "2026-07-01",
        "google_attempted": "2026-07-01",
        "payment": {}
      }
    },
    {
      "type": "Feature",
      "geometry": {
        "type": "Point",
        "coordinates": [
          7.6490758,
          49.7697521
        ]
      },
      "properties": {
        "id": "tk_rpr_osm_w1114924274",
        "name": "Kiosk \"Hellas Ständche\" Kaiserslautern",
        "address": {},
        "sources": [
          {
            "type": "osm",
            "id": "way/1114924274",
            "version": 0
          }
        ],
        "created": "2026-05-29",
        "updated": "2026-07-13",
        "sources_by_field": {
          "name": "osm"
        },
        "apple_id_attempted": "2026-07-01",
        "google_attempted": "2026-07-01",
        "payment": {}
      }
    },
    {
      "type": "Feature",
      "geometry": {
        "type": "Point",
        "coordinates": [
          7.4691143,
          50.5154943
        ]
      },
      "properties": {
        "id": "tk_rpr_osm_w1274158593",
        "name": "Vereinskiosk",
        "address": {},
        "sources": [
          {
            "type": "osm",
            "id": "way/1274158593",
            "version": 0
          }
        ],
        "created": "2026-05-29",
        "updated": "2026-07-13",
        "tags": [
          "barrierefrei"
        ],
        "sources_by_field": {
          "name": "osm"
        },
        "apple_id_attempted": "2026-07-01",
        "google_attempted": "2026-07-01",
        "payment": {}
      }
    },
    {
      "type": "Feature",
      "geometry": {
        "type": "Point",
        "coordinates": [
          7.7883796,
          49.9477773
        ]
      },
      "properties": {
        "id": "tk_rpr_osm_w139743302",
        "name": "alldrink",
        "address": {
          "street": "Königsberger Straße",
          "number": "1a",
          "postalcode": "55442",
          "city": "Stromberg"
        },
        "sources": [
          {
            "type": "osm",
            "id": "way/139743302",
            "version": 0
          }
        ],
        "created": "2026-05-29",
        "updated": "2026-06-15",
        "hours": {
          "raw": "Mo-Fr 09:00-19:00; Sa 08:00-16:00"
        },
        "payment": {
          "cash": "yes",
          "cards": "yes",
          "contactless": "yes",
          "girocard": "unknown"
        },
        "sources_by_field": {
          "name": "osm",
          "address.street": "osm",
          "address.number": "osm",
          "address.postalcode": "osm",
          "address.city": "osm",
          "hours": "osm",
          "payment.cash": "osm",
          "payment.cards": "osm",
          "payment.contactless": "osm",
          "payment.girocard": "osm"
        },
        "apple_id_attempted": "2026-07-01",
        "osm_removed": true
      }
    },
    {
      "type": "Feature",
      "geometry": {
        "type": "Point",
        "coordinates": [
          7.2459562,
          50.5546042
        ]
      },
      "properties": {
        "id": "tk_rpr_osm_w148882449",
        "name": "Getränkefachmarkt Juchem",
        "address": {
          "street": "Kripper Straße",
          "number": "12",
          "postalcode": "53489",
          "city": "Sinzig"
        },
        "sources": [
          {
            "type": "osm",
            "id": "way/148882449",
            "version": 0
          }
        ],
        "created": "2026-05-29",
        "updated": "2026-07-13",
        "hours": {
          "raw": "Mo-Fr 08:00-19:00; Sa 08:00-16:00; Su, PH off; Mo-Fr 09:00-18:30"
        },
        "payment": {
          "cash": "yes",
          "cards": "unknown",
          "contactless": "unknown",
          "girocard": "unknown"
        },
        "tags": [
          "barrierefrei"
        ],
        "sources_by_field": {
          "name": "osm",
          "address.street": "osm",
          "address.number": "osm",
          "address.postalcode": "osm",
          "address.city": "osm",
          "hours": "osm",
          "payment.cash": "osm",
          "payment.cards": "osm",
          "payment.contactless": "osm",
          "payment.girocard": "osm"
        },
        "apple_id_attempted": "2026-07-01"
      }
    },
    {
      "type": "Feature",
      "geometry": {
        "type": "Point",
        "coordinates": [
          7.2957224,
          50.5112075
        ]
      },
      "properties": {
        "id": "tk_rpr_osm_w153174783",
        "name": "Trinkbar",
        "address": {
          "street": "Grabenstraße",
          "number": "46",
          "postalcode": "53498",
          "city": "Bad Breisig"
        },
        "sources": [
          {
            "type": "osm",
            "id": "way/153174783",
            "version": 0
          }
        ],
        "created": "2026-05-29",
        "updated": "2026-07-13",
        "hours": {
          "raw": "Mo-Fr 09:00-18:30; Sa 09:00-15:00"
        },
        "tags": [
          "barrierefrei"
        ],
        "sources_by_field": {
          "name": "osm",
          "address.street": "osm",
          "address.number": "osm",
          "address.postalcode": "osm",
          "address.city": "osm",
          "hours": "osm"
        },
        "apple_id_attempted": "2026-07-01",
        "google_attempted": "2026-07-01",
        "payment": {}
      }
    },
    {
      "type": "Feature",
      "geometry": {
        "type": "Point",
        "coordinates": [
          6.877336,
          50.429127
        ]
      },
      "properties": {
        "id": "tk_rpr_osm_w159244003",
        "name": "Getränke Oase",
        "address": {},
        "sources": [
          {
            "type": "osm",
            "id": "way/159244003",
            "version": 0
          }
        ],
        "created": "2026-05-29",
        "updated": "2026-07-13",
        "sources_by_field": {
          "name": "osm"
        },
        "apple_id_attempted": "2026-07-01",
        "google_attempted": "2026-07-01",
        "payment": {}
      }
    },
    {
      "type": "Feature",
      "geometry": {
        "type": "Point",
        "coordinates": [
          8.0448806,
          49.7871257
        ]
      },
      "properties": {
        "id": "tk_rpr_osm_w207730421",
        "name": "Logo",
        "address": {
          "street": "Im Baumfeld",
          "number": "24",
          "postalcode": "55237",
          "city": "Flonheim"
        },
        "sources": [
          {
            "type": "osm",
            "id": "way/207730421",
            "version": 0
          }
        ],
        "created": "2026-05-29",
        "updated": "2026-06-15",
        "hours": {
          "raw": "Mo-Sa 08:00-20:00"
        },
        "sources_by_field": {
          "name": "osm",
          "address.street": "osm",
          "address.number": "osm",
          "address.postalcode": "osm",
          "address.city": "osm",
          "hours": "osm"
        },
        "apple_id_attempted": "2026-07-01",
        "google_attempted": "2026-07-01",
        "payment": {},
        "osm_removed": true
      }
    },
    {
      "type": "Feature",
      "geometry": {
        "type": "Point",
        "coordinates": [
          7.4077668,
          49.9527946
        ]
      },
      "properties": {
        "id": "tk_rpr_osm_w218573365",
        "name": "Getränke Wagner",
        "address": {},
        "sources": [
          {
            "type": "osm",
            "id": "way/218573365",
            "version": 0
          }
        ],
        "created": "2026-05-29",
        "updated": "2026-07-13",
        "sources_by_field": {
          "name": "osm"
        },
        "apple_id_attempted": "2026-07-01",
        "google_attempted": "2026-07-01",
        "payment": {}
      }
    },
    {
      "type": "Feature",
      "geometry": {
        "type": "Point",
        "coordinates": [
          6.6344291,
          49.9362784
        ]
      },
      "properties": {
        "id": "tk_rpr_osm_w253576691",
        "name": "trinkkontor Eifel-Mosel Betriebsstätte Speicher",
        "address": {
          "street": "Mungelter Weg",
          "number": "6 A",
          "postalcode": "54662",
          "city": "Speicher"
        },
        "sources": [
          {
            "type": "osm",
            "id": "way/253576691",
            "version": 0
          }
        ],
        "created": "2026-05-29",
        "updated": "2026-07-13",
        "sources_by_field": {
          "name": "osm",
          "address.street": "osm",
          "address.number": "osm",
          "address.postalcode": "osm",
          "address.city": "osm"
        },
        "apple_id_attempted": "2026-07-01",
        "google_attempted": "2026-07-01",
        "payment": {}
      }
    },
    {
      "type": "Feature",
      "geometry": {
        "type": "Point",
        "coordinates": [
          8.2416425,
          49.7021661
        ]
      },
      "properties": {
        "id": "tk_rpr_osm_w259176674",
        "name": "Saftkellerei Weinkeller",
        "address": {
          "street": "Am Bergkloster",
          "number": "4",
          "postalcode": "67593",
          "city": "Westhofen"
        },
        "sources": [
          {
            "type": "osm",
            "id": "way/259176674",
            "version": 0
          }
        ],
        "created": "2026-05-29",
        "updated": "2026-07-13",
        "sources_by_field": {
          "name": "osm",
          "address.street": "osm",
          "address.number": "osm",
          "address.postalcode": "osm",
          "address.city": "osm"
        },
        "apple_id_attempted": "2026-07-01",
        "google_attempted": "2026-07-01",
        "payment": {}
      }
    },
    {
      "type": "Feature",
      "geometry": {
        "type": "Point",
        "coordinates": [
          7.7705554,
          50.0600236
        ]
      },
      "properties": {
        "id": "tk_rpr_osm_w28920548",
        "name": "Köln Düsseldorfer",
        "address": {},
        "sources": [
          {
            "type": "osm",
            "id": "way/28920548",
            "version": 0
          }
        ],
        "created": "2026-05-29",
        "updated": "2026-07-13",
        "sources_by_field": {
          "name": "osm"
        },
        "apple_id_attempted": "2026-07-01",
        "google_attempted": "2026-07-01",
        "payment": {}
      }
    },
    {
      "type": "Feature",
      "geometry": {
        "type": "Point",
        "coordinates": [
          7.6330284,
          49.2766068
        ]
      },
      "properties": {
        "id": "tk_rpr_osm_w315463469",
        "name": "alldrink Getränkefachmarkt",
        "address": {
          "street": "Moschelmühle",
          "number": "1",
          "postalcode": "67714",
          "city": "Waldfischbach-Burgalben"
        },
        "sources": [
          {
            "type": "osm",
            "id": "way/315463469",
            "version": 0
          }
        ],
        "created": "2026-05-29",
        "updated": "2026-07-13",
        "sources_by_field": {
          "name": "osm",
          "address.street": "osm",
          "address.number": "osm",
          "address.postalcode": "osm",
          "address.city": "osm"
        },
        "apple_id_attempted": "2026-07-01",
        "google_attempted": "2026-07-01",
        "payment": {}
      }
    },
    {
      "type": "Feature",
      "geometry": {
        "type": "Point",
        "coordinates": [
          6.6281767,
          50.1786333
        ]
      },
      "properties": {
        "id": "tk_rpr_osm_w32822205",
        "name": "Gisi",
        "address": {
          "street": "Gerolsteiner Straße",
          "number": "32A",
          "postalcode": "54574",
          "city": "Birresborn"
        },
        "sources": [
          {
            "type": "osm",
            "id": "way/32822205",
            "version": 0
          }
        ],
        "created": "2026-05-29",
        "updated": "2026-07-13",
        "tags": [
          "barrierefrei"
        ],
        "sources_by_field": {
          "name": "osm",
          "address.street": "osm",
          "address.number": "osm",
          "address.postalcode": "osm",
          "address.city": "osm"
        },
        "apple_id_attempted": "2026-07-01",
        "google_attempted": "2026-07-01",
        "payment": {}
      }
    },
    {
      "type": "Feature",
      "geometry": {
        "type": "Point",
        "coordinates": [
          7.2226969,
          50.3526671
        ]
      },
      "properties": {
        "id": "tk_rpr_osm_w328235306",
        "name": "Getränke Porten",
        "address": {
          "street": "Mayener Straße",
          "number": "14",
          "postalcode": "56729",
          "city": "Ettringen"
        },
        "sources": [
          {
            "type": "osm",
            "id": "way/328235306",
            "version": 0
          }
        ],
        "created": "2026-05-29",
        "updated": "2026-07-13",
        "sources_by_field": {
          "name": "osm",
          "address.street": "osm",
          "address.number": "osm",
          "address.postalcode": "osm",
          "address.city": "osm"
        },
        "apple_id_attempted": "2026-07-01",
        "google_attempted": "2026-07-01",
        "payment": {}
      }
    },
    {
      "type": "Feature",
      "geometry": {
        "type": "Point",
        "coordinates": [
          8.1901346,
          49.7777383
        ]
      },
      "properties": {
        "id": "tk_rpr_osm_w39517456",
        "name": "Logo",
        "address": {
          "street": "Fröbelstraße",
          "number": "1",
          "postalcode": "55239",
          "city": "Gau-Odernheim"
        },
        "sources": [
          {
            "type": "osm",
            "id": "way/39517456",
            "version": 0
          }
        ],
        "created": "2026-05-29",
        "updated": "2026-06-15",
        "hours": {
          "raw": "Mo-Sa 08:00-20:00"
        },
        "tags": [
          "barrierefrei"
        ],
        "sources_by_field": {
          "name": "osm",
          "address.street": "osm",
          "address.number": "osm",
          "address.postalcode": "osm",
          "address.city": "osm",
          "hours": "osm"
        },
        "apple_id_attempted": "2026-07-01",
        "google_attempted": "2026-07-01",
        "payment": {},
        "osm_removed": true
      }
    },
    {
      "type": "Feature",
      "geometry": {
        "type": "Point",
        "coordinates": [
          6.8085727,
          49.7428118
        ]
      },
      "properties": {
        "id": "tk_rpr_osm_w503198513",
        "name": "Getränkeladen Weber",
        "address": {
          "street": "Kirchstraße",
          "number": "28",
          "postalcode": "54317",
          "city": "Thomm"
        },
        "sources": [
          {
            "type": "osm",
            "id": "way/503198513",
            "version": 0
          }
        ],
        "created": "2026-05-29",
        "updated": "2026-07-13",
        "sources_by_field": {
          "name": "osm",
          "address.street": "osm",
          "address.number": "osm",
          "address.postalcode": "osm",
          "address.city": "osm"
        },
        "apple_id_attempted": "2026-07-01",
        "google_attempted": "2026-07-01",
        "payment": {}
      }
    },
    {
      "type": "Feature",
      "geometry": {
        "type": "Point",
        "coordinates": [
          6.8240792,
          50.1992941
        ]
      },
      "properties": {
        "id": "tk_rpr_osm_w503199165",
        "name": "Et Bidjen Automatenkiosk",
        "address": {},
        "sources": [
          {
            "type": "osm",
            "id": "way/503199165",
            "version": 0
          }
        ],
        "created": "2026-06-15",
        "updated": "2026-07-13",
        "hours": {
          "raw": "24/7"
        },
        "sources_by_field": {
          "name": "osm",
          "hours": "osm"
        },
        "apple_id_attempted": "2026-06-24",
        "google_attempted": "2026-06-24",
        "payment": {}
      }
    },
    {
      "type": "Feature",
      "geometry": {
        "type": "Point",
        "coordinates": [
          7.004967,
          50.1276755
        ]
      },
      "properties": {
        "id": "tk_rpr_osm_w539023389",
        "name": "Getränkevertrieb Weber",
        "address": {
          "street": "Dauner Straße",
          "number": "1",
          "postalcode": "56826",
          "city": "Lutzerath"
        },
        "sources": [
          {
            "type": "osm",
            "id": "way/539023389",
            "version": 0
          }
        ],
        "created": "2026-05-29",
        "updated": "2026-07-13",
        "tags": [
          "barrierefrei"
        ],
        "sources_by_field": {
          "name": "osm",
          "address.street": "osm",
          "address.number": "osm",
          "address.postalcode": "osm",
          "address.city": "osm"
        },
        "apple_id_attempted": "2026-07-01",
        "google_attempted": "2026-07-01",
        "payment": {}
      }
    },
    {
      "type": "Feature",
      "geometry": {
        "type": "Point",
        "coordinates": [
          7.6778537,
          49.9980038
        ]
      },
      "properties": {
        "id": "tk_rpr_osm_w557968778",
        "name": "Raiffeisen",
        "address": {
          "street": "Am Fischlerbach",
          "number": "4",
          "postalcode": "55494",
          "city": "Rheinböllen"
        },
        "sources": [
          {
            "type": "osm",
            "id": "way/557968778",
            "version": 0
          }
        ],
        "created": "2026-05-29",
        "updated": "2026-07-13",
        "hours": {
          "raw": "24/7"
        },
        "payment": {
          "cash": "yes",
          "cards": "unknown",
          "contactless": "unknown",
          "girocard": "yes"
        },
        "sources_by_field": {
          "name": "osm",
          "address.street": "osm",
          "address.number": "osm",
          "address.postalcode": "osm",
          "address.city": "osm",
          "hours": "osm",
          "payment.cash": "osm",
          "payment.cards": "osm",
          "payment.contactless": "osm",
          "payment.girocard": "osm"
        },
        "apple_id_attempted": "2026-07-01"
      }
    },
    {
      "type": "Feature",
      "geometry": {
        "type": "Point",
        "coordinates": [
          7.1124564,
          50.5659191
        ]
      },
      "properties": {
        "id": "tk_rpr_osm_w666482690",
        "name": "Getränke Visang",
        "address": {
          "street": "Weierstraße",
          "number": "1",
          "postalcode": "53501",
          "city": "Grafschaft"
        },
        "sources": [
          {
            "type": "osm",
            "id": "way/666482690",
            "version": 0
          }
        ],
        "created": "2026-05-29",
        "updated": "2026-07-13",
        "hours": {
          "raw": "Mo-Fr 07:30-19:00; Sa 07:30-17:00"
        },
        "payment": {
          "cash": "yes",
          "cards": "yes",
          "contactless": "yes",
          "girocard": "unknown"
        },
        "tags": [
          "barrierefrei"
        ],
        "sources_by_field": {
          "name": "osm",
          "address.street": "osm",
          "address.number": "osm",
          "address.postalcode": "osm",
          "address.city": "osm",
          "hours": "osm",
          "payment.cash": "osm",
          "payment.cards": "osm",
          "payment.contactless": "osm",
          "payment.girocard": "osm"
        },
        "apple_id_attempted": "2026-07-01"
      }
    },
    {
      "type": "Feature",
      "geometry": {
        "type": "Point",
        "coordinates": [
          7.5840135,
          49.4154288
        ]
      },
      "properties": {
        "id": "tk_rpr_osm_w772072932",
        "name": "Keil",
        "address": {
          "street": "Bahnstraße",
          "number": "88",
          "postalcode": "66849",
          "city": "Landstuhl"
        },
        "sources": [
          {
            "type": "osm",
            "id": "way/772072932",
            "version": 0
          }
        ],
        "created": "2026-05-29",
        "updated": "2026-07-13",
        "tags": [
          "barrierefrei"
        ],
        "sources_by_field": {
          "name": "osm",
          "address.street": "osm",
          "address.number": "osm",
          "address.postalcode": "osm",
          "address.city": "osm"
        },
        "apple_id_attempted": "2026-07-01",
        "google_attempted": "2026-07-01",
        "payment": {}
      }
    },
    {
      "type": "Feature",
      "geometry": {
        "type": "Point",
        "coordinates": [
          7.6943584,
          49.7807011
        ]
      },
      "properties": {
        "id": "tk_rpr_osm_w819409061",
        "name": "Zum 3raisinenwirt",
        "address": {},
        "sources": [
          {
            "type": "osm",
            "id": "way/819409061",
            "version": 0
          }
        ],
        "created": "2026-05-29",
        "updated": "2026-07-13",
        "hours": {
          "raw": "Apr-Oct: Mo-Su 13:00-18:00"
        },
        "tags": [
          "barrierefrei"
        ],
        "sources_by_field": {
          "name": "osm",
          "hours": "osm"
        },
        "apple_id_attempted": "2026-07-01",
        "google_attempted": "2026-07-01",
        "payment": {}
      }
    },
    {
      "type": "Feature",
      "geometry": {
        "type": "Point",
        "coordinates": [
          6.9678231,
          50.219303
        ]
      },
      "properties": {
        "id": "tk_rpr_osm_w92511102",
        "name": "Getränke Paradies",
        "address": {
          "street": "Kelberger Straße",
          "number": "48"
        },
        "sources": [
          {
            "type": "osm",
            "id": "way/92511102",
            "version": 0
          }
        ],
        "created": "2026-05-29",
        "updated": "2026-07-13",
        "sources_by_field": {
          "name": "osm",
          "address.street": "osm",
          "address.number": "osm"
        },
        "apple_id_attempted": "2026-07-01",
        "google_attempted": "2026-07-01",
        "payment": {}
      }
    }
  ]
}
