{
  "type": "FeatureCollection",
  "features": [
    {
      "type": "Feature",
      "geometry": {
        "type": "Point",
        "coordinates": [
          14.4262113,
          47.0733308
        ]
      },
      "properties": {
        "id": "tk_at6r_osm_n1001411446",
        "name": "Trafik Suppan",
        "address": {},
        "sources": [
          {
            "type": "osm",
            "id": "node/1001411446",
            "version": 0
          },
          {
            "type": "gmaps",
            "id": "ChIJsTmnNVdPcEcR_f4EggWo8JA"
          }
        ],
        "created": "2026-05-29",
        "updated": "2026-07-27",
        "sources_by_field": {
          "name": "osm",
          "hours": "google",
          "payment.cards": "google",
          "payment.contactless": "google",
          "payment.girocard": "google"
        },
        "apple_id_attempted": "2026-07-01",
        "google_attempted": "2026-05-29",
        "hours": {
          "raw": "Tu 07:00-12:30,14:30-18:00; Th 07:00-12:30,14:30-18:00; Fr 07:00-12:30,14:30-18:00; We 07:00-12:30,14:30-18:00; Mo 07:00-12:30,14:30-18:00; Sa 07:30-12:30"
        },
        "payment": {
          "cards": "no",
          "contactless": "yes",
          "girocard": "yes"
        }
      }
    },
    {
      "type": "Feature",
      "geometry": {
        "type": "Point",
        "coordinates": [
          15.5543828,
          46.7366836
        ]
      },
      "properties": {
        "id": "tk_at6r_osm_n10127779567",
        "name": "Weingut Perner",
        "address": {
          "number": "38",
          "city": "Ehrenhausen an der Weinstraße"
        },
        "sources": [
          {
            "type": "osm",
            "id": "node/10127779567",
            "version": 0
          },
          {
            "type": "apple",
            "id": "14090992090622574696"
          },
          {
            "type": "gmaps",
            "id": "ChIJ092UWEuib0cRQp21olnpR-4"
          }
        ],
        "created": "2026-05-29",
        "updated": "2026-07-27",
        "sources_by_field": {
          "name": "osm",
          "address.number": "osm",
          "address.city": "osm",
          "payment.cards": "google",
          "payment.contactless": "google",
          "payment.girocard": "google"
        },
        "apple_attempted": "2026-07-01",
        "google_attempted": "2026-07-01",
        "payment": {
          "cards": "yes",
          "contactless": "yes",
          "girocard": "yes"
        }
      }
    },
    {
      "type": "Feature",
      "geometry": {
        "type": "Point",
        "coordinates": [
          15.441733,
          47.067327
        ]
      },
      "properties": {
        "id": "tk_at6r_osm_n1145266714",
        "name": "Nachttrafik",
        "address": {
          "street": "Jakominiplatz"
        },
        "sources": [
          {
            "type": "osm",
            "id": "node/1145266714",
            "version": 0
          },
          {
            "type": "apple",
            "id": "14834914733975749019"
          }
        ],
        "created": "2026-05-29",
        "updated": "2026-07-27",
        "sources_by_field": {
          "name": "osm",
          "address.street": "osm",
          "hours": "apple",
          "payment.cards": "apple",
          "payment.contactless": "apple"
        },
        "apple_attempted": "2026-05-29",
        "hours": {
          "raw": "Mo-Sa 00:00-00:30,18:00-24:00"
        },
        "payment": {
          "cards": "yes",
          "contactless": "yes"
        }
      }
    },
    {
      "type": "Feature",
      "geometry": {
        "type": "Point",
        "coordinates": [
          15.450352,
          47.0786142
        ]
      },
      "properties": {
        "id": "tk_at6r_osm_n12162594284",
        "name": "Uni Bites - The Underground Kitchen",
        "address": {
          "street": "Universitätsstraße",
          "number": "15",
          "city": "Graz"
        },
        "sources": [
          {
            "type": "osm",
            "id": "node/12162594284",
            "version": 0
          },
          {
            "type": "gmaps",
            "id": "ChIJP1N9RABLbkcRYoT5p8n_Pm4"
          }
        ],
        "created": "2026-05-29",
        "updated": "2026-07-27",
        "hours": {
          "raw": "Mo-Fr 07:00-17:00"
        },
        "sources_by_field": {
          "name": "osm",
          "address.street": "osm",
          "address.number": "osm",
          "address.city": "osm",
          "hours": "osm",
          "payment.cards": "google",
          "payment.contactless": "google",
          "payment.girocard": "google"
        },
        "apple_id_attempted": "2026-07-01",
        "google_attempted": "2026-05-29",
        "payment": {
          "cards": "no",
          "contactless": "yes",
          "girocard": "yes"
        }
      }
    },
    {
      "type": "Feature",
      "geometry": {
        "type": "Point",
        "coordinates": [
          15.4175292,
          47.0725732
        ]
      },
      "properties": {
        "id": "tk_at6r_osm_n1452398065",
        "name": "Schöllbauer",
        "address": {},
        "sources": [
          {
            "type": "osm",
            "id": "node/1452398065",
            "version": 0
          },
          {
            "type": "apple",
            "id": "17797851107050541974"
          }
        ],
        "created": "2026-05-29",
        "updated": "2026-06-01",
        "sources_by_field": {
          "name": "osm",
          "hours": "apple"
        },
        "apple_attempted": "2026-07-01",
        "google_attempted": "2026-07-01",
        "hours": {
          "raw": "Mo-Su 00:00-24:00"
        },
        "payment": {}
      }
    },
    {
      "type": "Feature",
      "geometry": {
        "type": "Point",
        "coordinates": [
          15.4969923,
          47.076912
        ]
      },
      "properties": {
        "id": "tk_at6r_osm_n1454908686",
        "name": "Trafik Doris Streitt",
        "address": {
          "street": "Ragnitzstraße",
          "number": "177",
          "city": "Graz"
        },
        "sources": [
          {
            "type": "osm",
            "id": "node/1454908686",
            "version": 0
          },
          {
            "type": "apple",
            "id": "12498677725779695727"
          }
        ],
        "created": "2026-05-29",
        "updated": "2026-07-27",
        "tags": [
          "barrierefrei"
        ],
        "sources_by_field": {
          "name": "osm",
          "address.street": "osm",
          "address.number": "osm",
          "address.city": "osm",
          "hours": "apple",
          "payment.cards": "apple",
          "payment.contactless": "apple"
        },
        "apple_attempted": "2026-05-29",
        "hours": {
          "raw": "Mo-Fr 08:00-18:00; Sa 08:00-12:00"
        },
        "payment": {
          "cards": "yes",
          "contactless": "yes"
        }
      }
    },
    {
      "type": "Feature",
      "geometry": {
        "type": "Point",
        "coordinates": [
          15.3330563,
          46.9430169
        ]
      },
      "properties": {
        "id": "tk_at6r_osm_n1742837375",
        "name": "Trafik Lannach",
        "address": {
          "street": "Hauptstraße",
          "number": "19",
          "city": "Lannach"
        },
        "sources": [
          {
            "type": "osm",
            "id": "node/1742837375",
            "version": 0
          },
          {
            "type": "apple",
            "id": "16429991278395366078"
          }
        ],
        "created": "2026-05-29",
        "updated": "2026-07-27",
        "sources_by_field": {
          "name": "osm",
          "address.street": "osm",
          "address.number": "osm",
          "address.city": "osm",
          "hours": "apple",
          "payment.cards": "apple",
          "payment.contactless": "apple"
        },
        "apple_attempted": "2026-05-29",
        "hours": {
          "raw": "Mo 06:00-12:00; Tu,Th 06:00-12:00,15:00-18:00; We,Fr 06:00-12:00,14:30-18:00; Sa 07:00-12:00"
        },
        "payment": {
          "cards": "yes",
          "contactless": "yes"
        }
      }
    },
    {
      "type": "Feature",
      "geometry": {
        "type": "Point",
        "coordinates": [
          15.4190499,
          47.0734285
        ]
      },
      "properties": {
        "id": "tk_at6r_osm_n1839226608",
        "name": "Tabak Trafik Melbinger",
        "address": {
          "street": "Keplerstraße",
          "number": "116",
          "city": "Graz"
        },
        "sources": [
          {
            "type": "osm",
            "id": "node/1839226608",
            "version": 0
          },
          {
            "type": "gmaps",
            "id": "ChIJC7gNugo1bkcRP25VjmFjMD8"
          }
        ],
        "created": "2026-05-29",
        "updated": "2026-07-27",
        "hours": {
          "raw": "Tu 07:00-18:00; Th 07:00-18:00; Fr 07:00-18:00; We 07:00-18:00; Mo 07:00-18:00"
        },
        "sources_by_field": {
          "name": "osm",
          "address.street": "osm",
          "address.number": "osm",
          "address.city": "osm",
          "hours": "google",
          "payment.cards": "google",
          "payment.contactless": "google",
          "payment.girocard": "google"
        },
        "apple_id_attempted": "2026-07-01",
        "google_attempted": "2026-05-29",
        "payment": {
          "cards": "yes",
          "contactless": "yes",
          "girocard": "yes"
        }
      }
    },
    {
      "type": "Feature",
      "geometry": {
        "type": "Point",
        "coordinates": [
          15.437746,
          47.0713974
        ]
      },
      "properties": {
        "id": "tk_at6r_osm_n1976671775",
        "name": "Jodl",
        "address": {
          "street": "Hauptplatz",
          "number": "0",
          "city": "Graz"
        },
        "sources": [
          {
            "type": "osm",
            "id": "node/1976671775",
            "version": 0
          },
          {
            "type": "gmaps",
            "id": "ChIJ2Vq9FX41bkcRWRVona25UhA"
          }
        ],
        "created": "2026-05-29",
        "updated": "2026-07-27",
        "tags": [
          "barrierefrei"
        ],
        "sources_by_field": {
          "name": "osm",
          "address.street": "osm",
          "address.number": "osm",
          "address.city": "osm",
          "hours": "google",
          "payment.cards": "google",
          "payment.contactless": "google",
          "payment.girocard": "google"
        },
        "apple_id_attempted": "2026-07-01",
        "google_attempted": "2026-05-29",
        "hours": {
          "raw": "Tu 10:00-23:30; Th 10:00-23:30; Fr 10:00-23:30; We 10:00-23:30; Mo 10:00-23:30; Sa 10:00-23:30; Su 10:00-23:30"
        },
        "payment": {
          "cards": "no",
          "contactless": "yes",
          "girocard": "yes"
        }
      }
    },
    {
      "type": "Feature",
      "geometry": {
        "type": "Point",
        "coordinates": [
          14.8278671,
          47.214385
        ]
      },
      "properties": {
        "id": "tk_at6r_osm_n2040941645",
        "name": "Trafik Gröbminger",
        "address": {},
        "sources": [
          {
            "type": "osm",
            "id": "node/2040941645",
            "version": 0
          },
          {
            "type": "apple",
            "id": "2599258985376489911"
          }
        ],
        "created": "2026-05-29",
        "updated": "2026-07-27",
        "sources_by_field": {
          "name": "osm",
          "hours": "apple",
          "payment.cards": "apple",
          "payment.contactless": "apple"
        },
        "apple_attempted": "2026-05-29",
        "hours": {
          "raw": "Mo-Fr 07:00-12:00,15:00-18:00; Sa 07:00-12:00"
        },
        "payment": {
          "cards": "yes",
          "contactless": "yes"
        }
      }
    },
    {
      "type": "Feature",
      "geometry": {
        "type": "Point",
        "coordinates": [
          15.903398,
          46.8708965
        ]
      },
      "properties": {
        "id": "tk_at6r_osm_n2123240591",
        "name": "Trafik Franke",
        "address": {},
        "sources": [
          {
            "type": "osm",
            "id": "node/2123240591",
            "version": 0
          },
          {
            "type": "apple",
            "id": "6351410844099395175"
          }
        ],
        "created": "2026-05-29",
        "updated": "2026-07-27",
        "hours": {
          "raw": "Mo-Fr 07:15-18:00; Sa 07:15-12:30"
        },
        "sources_by_field": {
          "name": "osm",
          "hours": "apple",
          "payment.cards": "apple",
          "payment.contactless": "apple"
        },
        "apple_attempted": "2026-05-29",
        "payment": {
          "cards": "yes",
          "contactless": "yes"
        }
      }
    },
    {
      "type": "Feature",
      "geometry": {
        "type": "Point",
        "coordinates": [
          15.44338,
          47.0633193
        ]
      },
      "properties": {
        "id": "tk_at6r_osm_n2139240942",
        "name": "Trafik Stöcklmair",
        "address": {
          "street": "Conrad-von-Hötzendorf-Straße",
          "number": "11"
        },
        "sources": [
          {
            "type": "osm",
            "id": "node/2139240942",
            "version": 0
          },
          {
            "type": "gmaps",
            "id": "ChIJme0Bi4JKbkcRqxlq3R7NFNQ"
          }
        ],
        "created": "2026-05-29",
        "updated": "2026-07-27",
        "hours": {
          "raw": "Mo-Fr 07:00-12:30,13:30-18:00"
        },
        "sources_by_field": {
          "name": "osm",
          "address.street": "osm",
          "address.number": "osm",
          "hours": "osm",
          "payment.cards": "google",
          "payment.contactless": "google",
          "payment.girocard": "google"
        },
        "apple_id_attempted": "2026-07-01",
        "google_attempted": "2026-05-29",
        "payment": {
          "cards": "no",
          "contactless": "yes",
          "girocard": "yes"
        }
      }
    },
    {
      "type": "Feature",
      "geometry": {
        "type": "Point",
        "coordinates": [
          15.4424774,
          47.0694264
        ]
      },
      "properties": {
        "id": "tk_at6r_osm_n2150821804",
        "name": "Tabak Trafik Größ",
        "address": {
          "street": "Hans-Sachs-Gasse",
          "number": "3",
          "city": "Graz"
        },
        "sources": [
          {
            "type": "osm",
            "id": "node/2150821804",
            "version": 0
          },
          {
            "type": "apple",
            "id": "14372339774834895866"
          }
        ],
        "created": "2026-05-29",
        "updated": "2026-07-27",
        "hours": {
          "raw": "Mo-Fr 07:00-18:00; Sa 09:00-14:00"
        },
        "sources_by_field": {
          "name": "osm",
          "address.street": "osm",
          "address.number": "osm",
          "address.city": "osm",
          "hours": "apple",
          "payment.cards": "apple",
          "payment.contactless": "apple"
        },
        "apple_attempted": "2026-05-29",
        "payment": {
          "cards": "yes",
          "contactless": "yes"
        }
      }
    },
    {
      "type": "Feature",
      "geometry": {
        "type": "Point",
        "coordinates": [
          16.0465075,
          47.1239038
        ]
      },
      "properties": {
        "id": "tk_at6r_osm_n2173237757",
        "name": "Spa Rezeption",
        "address": {},
        "sources": [
          {
            "type": "osm",
            "id": "node/2173237757",
            "version": 0
          },
          {
            "type": "gmaps",
            "id": "ChIJ9U4VVrjwbkcRRTeRoR3CKmo"
          }
        ],
        "created": "2026-05-29",
        "updated": "2026-07-27",
        "sources_by_field": {
          "name": "osm"
        },
        "apple_id_attempted": "2026-07-01",
        "google_attempted": "2026-07-01",
        "payment": {}
      }
    },
    {
      "type": "Feature",
      "geometry": {
        "type": "Point",
        "coordinates": [
          15.0935323,
          47.3685444
        ]
      },
      "properties": {
        "id": "tk_at6r_osm_n2267258215",
        "name": "Tabak Klaus Katzianka",
        "address": {
          "street": "Alois Edlinger-Gasse",
          "number": "17a",
          "city": "Leoben",
          "district": "Leitendorf"
        },
        "sources": [
          {
            "type": "osm",
            "id": "node/2267258215",
            "version": 0
          },
          {
            "type": "apple",
            "id": "14357825712380063952"
          }
        ],
        "created": "2026-05-29",
        "updated": "2026-07-27",
        "sources_by_field": {
          "name": "osm",
          "address.street": "osm",
          "address.number": "osm",
          "address.city": "osm",
          "address.district": "osm",
          "hours": "apple",
          "payment.cards": "apple",
          "payment.contactless": "apple"
        },
        "apple_attempted": "2026-05-29",
        "hours": {
          "raw": "Mo-Fr 06:30-12:00,15:00-18:00; Sa 06:30-12:00"
        },
        "payment": {
          "cards": "yes",
          "contactless": "yes"
        }
      }
    },
    {
      "type": "Feature",
      "geometry": {
        "type": "Point",
        "coordinates": [
          15.8259398,
          46.8750672
        ]
      },
      "properties": {
        "id": "tk_at6r_osm_n2509555870",
        "name": "Trafik Poglitsch",
        "address": {
          "number": "43",
          "city": "Gnas"
        },
        "sources": [
          {
            "type": "osm",
            "id": "node/2509555870",
            "version": 0
          },
          {
            "type": "apple",
            "id": "14884025243606209294"
          },
          {
            "type": "gmaps",
            "id": "ChIJkztE6B4Hb0cR6XTCGKBKXrc"
          }
        ],
        "created": "2026-05-29",
        "updated": "2026-07-27",
        "sources_by_field": {
          "name": "osm",
          "address.number": "osm",
          "address.city": "osm",
          "hours": "google",
          "payment.cards": "google",
          "payment.contactless": "google",
          "payment.girocard": "google"
        },
        "apple_attempted": "2026-05-29",
        "google_attempted": "2026-05-29",
        "hours": {
          "raw": "Tu 06:30-12:00,14:00-18:00; Th 06:30-12:00,14:00-18:00; Fr 06:30-12:00,14:00-18:00; We 06:30-12:00,14:00-18:00; Mo 06:30-12:00,14:00-18:00; Sa 06:30-12:00"
        },
        "payment": {
          "cards": "no",
          "contactless": "yes",
          "girocard": "yes"
        }
      }
    },
    {
      "type": "Feature",
      "geometry": {
        "type": "Point",
        "coordinates": [
          15.2643284,
          46.894617
        ]
      },
      "properties": {
        "id": "tk_at6r_osm_n2626810367",
        "name": "Trafik Schauer",
        "address": {
          "street": "Grazer Straße",
          "number": "5",
          "city": "Stainz"
        },
        "sources": [
          {
            "type": "osm",
            "id": "node/2626810367",
            "version": 0
          },
          {
            "type": "gmaps",
            "id": "ChIJK6u1pR_Gb0cRbmzmy_FW0fM"
          }
        ],
        "created": "2026-05-29",
        "updated": "2026-07-27",
        "sources_by_field": {
          "name": "osm",
          "address.street": "osm",
          "address.number": "osm",
          "address.city": "osm",
          "hours": "google",
          "payment.cards": "google",
          "payment.contactless": "google",
          "payment.girocard": "google"
        },
        "apple_id_attempted": "2026-07-01",
        "google_attempted": "2026-05-29",
        "hours": {
          "raw": "Tu 05:30-12:30,14:30-18:30; Th 05:30-12:30,14:30-18:30; Fr 05:30-18:30; We 05:30-12:30,14:30-18:30; Mo 05:30-12:30,14:30-18:30; Sa 05:30-13:00"
        },
        "payment": {
          "cards": "no",
          "contactless": "yes",
          "girocard": "yes"
        }
      }
    },
    {
      "type": "Feature",
      "geometry": {
        "type": "Point",
        "coordinates": [
          15.4331648,
          47.0819928
        ]
      },
      "properties": {
        "id": "tk_at6r_osm_n2849211537",
        "name": "Trafik am Hasnerplatz Joachim Koch",
        "address": {},
        "sources": [
          {
            "type": "osm",
            "id": "node/2849211537",
            "version": 0
          },
          {
            "type": "gmaps",
            "id": "ChIJZxizDJo1bkcR1VaHDbUAnLU"
          }
        ],
        "created": "2026-05-29",
        "updated": "2026-07-27",
        "sources_by_field": {
          "name": "osm",
          "hours": "google",
          "payment.cards": "google",
          "payment.contactless": "google",
          "payment.girocard": "google"
        },
        "apple_id_attempted": "2026-07-01",
        "google_attempted": "2026-05-29",
        "hours": {
          "raw": "Tu 07:00-18:00; Th 07:00-18:00; Fr 07:00-18:00; We 07:00-18:00; Mo 07:00-18:00; Sa 07:00-12:00"
        },
        "payment": {
          "cards": "no",
          "contactless": "yes",
          "girocard": "yes"
        }
      }
    },
    {
      "type": "Feature",
      "geometry": {
        "type": "Point",
        "coordinates": [
          15.7174654,
          47.0987521
        ]
      },
      "properties": {
        "id": "tk_at6r_osm_n2962683946",
        "name": "Tabakfachgeschäft Artinger",
        "address": {
          "street": "Neugasse",
          "number": "121",
          "city": "Gleisdorf"
        },
        "sources": [
          {
            "type": "osm",
            "id": "node/2962683946",
            "version": 0
          },
          {
            "type": "gmaps",
            "id": "ChIJg_F26LtRbkcRSeHmJ1WPrCA"
          }
        ],
        "created": "2026-05-29",
        "updated": "2026-07-27",
        "tags": [
          "barrierefrei"
        ],
        "sources_by_field": {
          "name": "osm",
          "address.street": "osm",
          "address.number": "osm",
          "address.city": "osm",
          "hours": "google"
        },
        "apple_id_attempted": "2026-07-01",
        "google_attempted": "2026-07-01",
        "hours": {
          "raw": "Tu 07:00-18:00; Th 07:00-18:00; Fr 07:00-18:00; We 07:00-18:00; Mo 07:00-18:00; Sa 07:30-12:30"
        },
        "payment": {}
      }
    },
    {
      "type": "Feature",
      "geometry": {
        "type": "Point",
        "coordinates": [
          15.4404464,
          47.0665132
        ]
      },
      "properties": {
        "id": "tk_at6r_osm_n2980071593",
        "name": "Eva Weiss",
        "address": {
          "street": "Radetzkystraße",
          "number": "7",
          "city": "Graz"
        },
        "sources": [
          {
            "type": "osm",
            "id": "node/2980071593",
            "version": 0
          },
          {
            "type": "gmaps",
            "id": "ChIJuw-jf341bkcR_OCGHXqyjOM"
          }
        ],
        "created": "2026-05-29",
        "updated": "2026-07-27",
        "sources_by_field": {
          "name": "osm",
          "address.street": "osm",
          "address.number": "osm",
          "address.city": "osm",
          "hours": "google",
          "payment.cards": "google",
          "payment.contactless": "google",
          "payment.girocard": "google"
        },
        "apple_id_attempted": "2026-07-01",
        "google_attempted": "2026-05-29",
        "hours": {
          "raw": "Tu 07:00-18:00; Th 07:00-18:00; Fr 07:00-18:00; We 07:00-18:00; Mo 07:00-18:00; Sa 09:00-13:00"
        },
        "payment": {
          "cards": "no",
          "contactless": "yes",
          "girocard": "yes"
        }
      }
    },
    {
      "type": "Feature",
      "geometry": {
        "type": "Point",
        "coordinates": [
          15.70761,
          47.1029938
        ]
      },
      "properties": {
        "id": "tk_at6r_osm_n3017869037",
        "name": "Tabak-Trafik Fabschitz",
        "address": {
          "street": "Schillerstraße",
          "number": "20",
          "city": "Gleisdorf"
        },
        "sources": [
          {
            "type": "osm",
            "id": "node/3017869037",
            "version": 0
          },
          {
            "type": "apple",
            "id": "5713964398485846882"
          }
        ],
        "created": "2026-05-29",
        "updated": "2026-07-27",
        "sources_by_field": {
          "name": "osm",
          "address.street": "osm",
          "address.number": "osm",
          "address.city": "osm",
          "hours": "apple",
          "payment.cards": "apple",
          "payment.contactless": "apple"
        },
        "apple_attempted": "2026-05-29",
        "hours": {
          "raw": "Mo-Th 05:30-12:15,14:15-18:00; Fr 05:30-18:00; Sa 07:00-17:00"
        },
        "payment": {
          "cards": "yes",
          "contactless": "yes"
        }
      }
    },
    {
      "type": "Feature",
      "geometry": {
        "type": "Point",
        "coordinates": [
          15.711182,
          47.1049479
        ]
      },
      "properties": {
        "id": "tk_at6r_osm_n3024486081",
        "name": "Tabak-Trafik Papst",
        "address": {
          "street": "Florianiplatz",
          "number": "17",
          "city": "Gleisdorf"
        },
        "sources": [
          {
            "type": "osm",
            "id": "node/3024486081",
            "version": 0
          },
          {
            "type": "apple",
            "id": "5594411948189400286"
          },
          {
            "type": "gmaps",
            "id": "ChIJw5qUP8hRbkcRtZkoJFxrek8"
          }
        ],
        "created": "2026-05-29",
        "updated": "2026-07-27",
        "sources_by_field": {
          "name": "osm",
          "address.street": "osm",
          "address.number": "osm",
          "address.city": "osm",
          "hours": "google",
          "payment.cards": "google",
          "payment.contactless": "google",
          "payment.girocard": "google"
        },
        "apple_attempted": "2026-05-29",
        "google_attempted": "2026-05-29",
        "hours": {
          "raw": "Tu 06:00-12:00,15:00-18:00; Th 06:00-12:00,15:00-18:00; Fr 06:00-12:00,14:30-18:00; We 06:00-12:00,14:30-18:00; Mo 06:00-12:00,15:00-18:00; Sa 06:30-12:00"
        },
        "payment": {
          "cards": "no",
          "contactless": "yes",
          "girocard": "yes"
        }
      }
    },
    {
      "type": "Feature",
      "geometry": {
        "type": "Point",
        "coordinates": [
          15.0799932,
          47.0646033
        ]
      },
      "properties": {
        "id": "tk_at6r_osm_n4023754742",
        "name": "Trafik Johann Pischler",
        "address": {
          "street": "Judenburgerstraße",
          "number": "21",
          "city": "Köflach"
        },
        "sources": [
          {
            "type": "osm",
            "id": "node/4023754742",
            "version": 0
          },
          {
            "type": "gmaps",
            "id": "ChIJfSbi4cPUb0cR_wcp5mopZ-0"
          }
        ],
        "created": "2026-05-29",
        "updated": "2026-07-27",
        "hours": {
          "raw": "Tu 06:30-12:15,14:30-18:00; Th 06:30-12:15,14:30-18:00; Fr 06:30-12:15,14:30-18:00; We 06:30-12:15,14:30-18:00; Mo 06:30-12:15,14:30-18:00; Sa 07:00-12:00"
        },
        "sources_by_field": {
          "name": "osm",
          "address.street": "osm",
          "address.number": "osm",
          "address.city": "osm",
          "hours": "google",
          "payment.cards": "google",
          "payment.girocard": "google"
        },
        "apple_id_attempted": "2026-07-01",
        "google_attempted": "2026-05-29",
        "payment": {
          "cards": "yes",
          "girocard": "yes"
        }
      }
    },
    {
      "type": "Feature",
      "geometry": {
        "type": "Point",
        "coordinates": [
          15.8580844,
          47.3160146
        ]
      },
      "properties": {
        "id": "tk_at6r_osm_n4065777087",
        "name": "Kaufhaus Töglhofer",
        "address": {},
        "sources": [
          {
            "type": "osm",
            "id": "node/4065777087",
            "version": 0
          },
          {
            "type": "apple",
            "id": "11606147013179673641"
          },
          {
            "type": "gmaps",
            "id": "ChIJBRTQ7aBnbkcRphmFd_iLWxs"
          }
        ],
        "created": "2026-05-29",
        "updated": "2026-07-27",
        "sources_by_field": {
          "name": "osm"
        },
        "apple_attempted": "2026-07-01",
        "google_attempted": "2026-07-01",
        "payment": {}
      }
    },
    {
      "type": "Feature",
      "geometry": {
        "type": "Point",
        "coordinates": [
          15.4909463,
          47.1071122
        ]
      },
      "properties": {
        "id": "tk_at6r_osm_n4144548525",
        "name": "Basilikaladen",
        "address": {},
        "sources": [
          {
            "type": "osm",
            "id": "node/4144548525",
            "version": 0
          },
          {
            "type": "gmaps",
            "id": "ChIJeyFq5fRJbkcRzeVQNY_d1lk"
          }
        ],
        "created": "2026-05-29",
        "updated": "2026-07-27",
        "sources_by_field": {
          "name": "osm",
          "hours": "google"
        },
        "apple_id_attempted": "2026-07-01",
        "google_attempted": "2026-07-01",
        "hours": {
          "raw": "Tu 07:00-19:00; Th 07:00-19:00; Fr 07:00-19:00; We 07:00-19:00; Mo 07:00-19:00; Sa 07:00-19:00; Su 07:00-19:00"
        },
        "payment": {}
      }
    },
    {
      "type": "Feature",
      "geometry": {
        "type": "Point",
        "coordinates": [
          15.2612778,
          47.4068705
        ]
      },
      "properties": {
        "id": "tk_at6r_osm_n444011933",
        "name": "Mur-Stüberl",
        "address": {},
        "sources": [
          {
            "type": "osm",
            "id": "node/444011933",
            "version": 0
          },
          {
            "type": "gmaps",
            "id": "ChIJ-SK5mQ8fbkcRVtlTonwEMaM"
          }
        ],
        "created": "2026-05-29",
        "updated": "2026-07-27",
        "sources_by_field": {
          "name": "osm",
          "hours": "google"
        },
        "apple_id_attempted": "2026-07-01",
        "google_attempted": "2026-07-01",
        "hours": {
          "raw": "Tu 11:00-22:00; Th 11:00-22:00; Fr 14:00-22:00; We 11:00-22:00; Mo 11:00-22:00; Su 10:00-21:00"
        },
        "payment": {}
      }
    },
    {
      "type": "Feature",
      "geometry": {
        "type": "Point",
        "coordinates": [
          15.2390189,
          47.00121
        ]
      },
      "properties": {
        "id": "tk_at6r_osm_n486266226",
        "name": "Getränke Thalhammer",
        "address": {
          "street": "Hallersdorfstraße",
          "number": "18",
          "city": "Söding-Sankt Johann"
        },
        "sources": [
          {
            "type": "osm",
            "id": "node/486266226",
            "version": 0
          },
          {
            "type": "gmaps",
            "id": "ChIJ7eADsLXNb0cRPck0e5uixLc"
          }
        ],
        "created": "2026-05-29",
        "updated": "2026-07-27",
        "sources_by_field": {
          "name": "osm",
          "address.street": "osm",
          "address.number": "osm",
          "address.city": "osm"
        },
        "apple_id_attempted": "2026-07-01",
        "google_attempted": "2026-07-01",
        "payment": {}
      }
    },
    {
      "type": "Feature",
      "geometry": {
        "type": "Point",
        "coordinates": [
          15.4815545,
          46.9521515
        ]
      },
      "properties": {
        "id": "tk_at6r_osm_n5381176962",
        "name": "Trafik Wolf",
        "address": {
          "street": "Koralmstraße",
          "city": "Kalsdorf bei Graz"
        },
        "sources": [
          {
            "type": "osm",
            "id": "node/5381176962",
            "version": 0
          },
          {
            "type": "gmaps",
            "id": "ChIJ5VSkrBO0b0cRRmKVhm8PvDo"
          }
        ],
        "created": "2026-05-29",
        "updated": "2026-07-27",
        "sources_by_field": {
          "name": "osm",
          "address.street": "osm",
          "address.city": "osm",
          "hours": "google",
          "payment.cards": "google",
          "payment.contactless": "google",
          "payment.girocard": "google"
        },
        "apple_id_attempted": "2026-07-01",
        "google_attempted": "2026-05-29",
        "hours": {
          "raw": "Tu 07:00-18:00; Th 07:00-18:00; Fr 07:00-18:00; We 07:00-18:00; Mo 07:00-18:00; Sa 07:00-13:00"
        },
        "payment": {
          "cards": "yes",
          "contactless": "yes",
          "girocard": "yes"
        }
      }
    },
    {
      "type": "Feature",
      "geometry": {
        "type": "Point",
        "coordinates": [
          15.4521224,
          46.9276582
        ]
      },
      "properties": {
        "id": "tk_at6r_osm_n5439436549",
        "name": "Trafik Renate Lang",
        "address": {},
        "sources": [
          {
            "type": "osm",
            "id": "node/5439436549",
            "version": 0
          },
          {
            "type": "gmaps",
            "id": "ChIJm4ytp-q2b0cRtLcYIxDBrag"
          }
        ],
        "created": "2026-05-29",
        "updated": "2026-07-27",
        "sources_by_field": {
          "name": "osm",
          "hours": "google",
          "payment.cards": "google",
          "payment.contactless": "google",
          "payment.girocard": "google"
        },
        "apple_id_attempted": "2026-07-01",
        "google_attempted": "2026-05-29",
        "hours": {
          "raw": "Tu 07:30-12:30,14:00-18:30; Th 07:30-12:30,14:00-18:30; Fr 07:30-18:30; We 07:30-12:30,14:00-18:30; Mo 07:30-12:30,14:00-18:30; Sa 07:30-13:00"
        },
        "payment": {
          "cards": "no",
          "contactless": "yes",
          "girocard": "yes"
        }
      }
    },
    {
      "type": "Feature",
      "geometry": {
        "type": "Point",
        "coordinates": [
          15.2431859,
          46.8175056
        ]
      },
      "properties": {
        "id": "tk_at6r_osm_n6647419398",
        "name": "Lenz Getränke KG",
        "address": {
          "street": "Wirtschaftspark",
          "number": "8",
          "city": "Deutschlandsberg"
        },
        "sources": [
          {
            "type": "osm",
            "id": "node/6647419398",
            "version": 0
          },
          {
            "type": "apple",
            "id": "5622204497592128121"
          },
          {
            "type": "gmaps",
            "id": "ChIJO82c4SzBb0cRYgJVY5RuaCM"
          }
        ],
        "created": "2026-05-29",
        "updated": "2026-07-27",
        "sources_by_field": {
          "name": "osm",
          "address.street": "osm",
          "address.number": "osm",
          "address.city": "osm",
          "hours": "google",
          "payment.cards": "google",
          "payment.contactless": "google",
          "payment.girocard": "google"
        },
        "apple_attempted": "2026-05-29",
        "google_attempted": "2026-05-29",
        "hours": {
          "raw": "Tu 08:00-17:00; Th 08:00-17:00; Fr 08:00-17:00; We 08:00-17:00; Mo 08:00-17:00; Sa 08:00-12:00"
        },
        "payment": {
          "cards": "no",
          "contactless": "yes",
          "girocard": "yes"
        }
      }
    },
    {
      "type": "Feature",
      "geometry": {
        "type": "Point",
        "coordinates": [
          15.4375207,
          47.0710195
        ]
      },
      "properties": {
        "id": "tk_at6r_osm_n669650728",
        "name": "Candyman",
        "address": {
          "street": "Franziskanergasse",
          "number": "4",
          "city": "Graz"
        },
        "sources": [
          {
            "type": "osm",
            "id": "node/669650728",
            "version": 0
          },
          {
            "type": "gmaps",
            "id": "ChIJF1TLl3g1bkcRgXIPiEynCsA"
          }
        ],
        "created": "2026-05-29",
        "updated": "2026-07-27",
        "hours": {
          "raw": "Tu 10:00-23:00; Th 10:00-23:00; Fr 10:00-23:00; We 10:00-23:00; Mo 10:00-23:00; Sa 10:00-23:00; Su 10:00-23:00"
        },
        "sources_by_field": {
          "name": "osm",
          "address.street": "osm",
          "address.number": "osm",
          "address.city": "osm",
          "hours": "google",
          "payment.cards": "google",
          "payment.contactless": "google",
          "payment.girocard": "google"
        },
        "apple_id_attempted": "2026-07-01",
        "google_attempted": "2026-05-29",
        "payment": {
          "cards": "no",
          "contactless": "yes",
          "girocard": "yes"
        }
      }
    },
    {
      "type": "Feature",
      "geometry": {
        "type": "Point",
        "coordinates": [
          15.4420328,
          47.0672571
        ]
      },
      "properties": {
        "id": "tk_at6r_osm_n847359443",
        "name": "Trafik Widakowich",
        "address": {
          "street": "Jakominiplatz",
          "city": "Graz"
        },
        "sources": [
          {
            "type": "osm",
            "id": "node/847359443",
            "version": 0
          },
          {
            "type": "apple",
            "id": "13440985674838838965"
          }
        ],
        "created": "2026-05-29",
        "updated": "2026-07-27",
        "hours": {
          "raw": "Mo-Fr 06:30-18:00; Sa 09:00-16:00"
        },
        "tags": [
          "barrierefrei"
        ],
        "sources_by_field": {
          "name": "osm",
          "address.street": "osm",
          "address.city": "osm",
          "hours": "apple",
          "payment.cards": "apple",
          "payment.contactless": "apple"
        },
        "apple_attempted": "2026-05-29",
        "payment": {
          "cards": "yes",
          "contactless": "yes"
        }
      }
    },
    {
      "type": "Feature",
      "geometry": {
        "type": "Point",
        "coordinates": [
          15.9083979,
          46.8766999
        ]
      },
      "properties": {
        "id": "tk_at6r_osm_n854499961",
        "name": "Trafik Bauer",
        "address": {},
        "sources": [
          {
            "type": "osm",
            "id": "node/854499961",
            "version": 0
          },
          {
            "type": "gmaps",
            "id": "ChIJu03b7RMEb0cRRaPJpzr_ERg"
          }
        ],
        "created": "2026-05-29",
        "updated": "2026-07-27",
        "sources_by_field": {
          "name": "osm",
          "hours": "google",
          "payment.cards": "google",
          "payment.contactless": "google",
          "payment.girocard": "google"
        },
        "apple_id_attempted": "2026-07-01",
        "google_attempted": "2026-05-29",
        "hours": {
          "raw": "Tu 08:00-12:00,14:30-18:00; Th 08:00-12:00,14:30-18:00; Fr 08:00-12:00,14:30-18:00; We 08:00-12:00,14:30-18:00; Mo 08:00-12:00,14:30-18:00; Sa 08:00-12:30"
        },
        "payment": {
          "cards": "yes",
          "contactless": "yes",
          "girocard": "yes"
        }
      }
    },
    {
      "type": "Feature",
      "geometry": {
        "type": "Point",
        "coordinates": [
          15.4436304,
          47.0632193
        ]
      },
      "properties": {
        "id": "tk_at6r_osm_n866917628",
        "name": "Ortweinstand",
        "address": {},
        "sources": [
          {
            "type": "osm",
            "id": "node/866917628",
            "version": 0
          },
          {
            "type": "apple",
            "id": "2426887972723354174"
          },
          {
            "type": "gmaps",
            "id": "ChIJt8u49IJKbkcR3lI_k2cjLrg"
          }
        ],
        "created": "2026-05-29",
        "updated": "2026-07-27",
        "hours": {
          "raw": "Tu 10:00-22:00; Th 10:00-22:00; Fr 10:00-22:00; We 10:00-22:00; Mo 10:00-22:00; Sa 15:00-22:00"
        },
        "tags": [
          "barrierefrei"
        ],
        "sources_by_field": {
          "name": "osm",
          "hours": "google"
        },
        "apple_attempted": "2026-07-01",
        "google_attempted": "2026-07-01",
        "payment": {}
      }
    },
    {
      "type": "Feature",
      "geometry": {
        "type": "Point",
        "coordinates": [
          15.6670751,
          47.2240285
        ]
      },
      "properties": {
        "id": "tk_at6r_osm_n948430586",
        "name": "delicando GmbH",
        "address": {
          "street": "Nöstlstraße",
          "number": "2",
          "city": "Weiz"
        },
        "sources": [
          {
            "type": "osm",
            "id": "node/948430586",
            "version": 0
          },
          {
            "type": "apple",
            "id": "14132578290955096473"
          }
        ],
        "created": "2026-05-29",
        "updated": "2026-07-27",
        "hours": {
          "raw": "Mo-Fr 08:00-17:00, Sa 08:00-12:00, PH off"
        },
        "tags": [
          "barrierefrei"
        ],
        "sources_by_field": {
          "name": "osm",
          "address.street": "osm",
          "address.number": "osm",
          "address.city": "osm",
          "hours": "osm",
          "payment.cards": "apple",
          "payment.contactless": "apple"
        },
        "apple_attempted": "2026-05-29",
        "payment": {
          "cards": "yes",
          "contactless": "yes"
        }
      }
    },
    {
      "type": "Feature",
      "geometry": {
        "type": "Point",
        "coordinates": [
          15.4883316,
          47.1054008
        ]
      },
      "properties": {
        "id": "tk_at6r_osm_n9883114663",
        "name": "Tabak-Trafik Koller",
        "address": {
          "street": "Mariatroster Straße",
          "number": "196",
          "city": "Graz"
        },
        "sources": [
          {
            "type": "osm",
            "id": "node/9883114663",
            "version": 0
          },
          {
            "type": "gmaps",
            "id": "ChIJ_ZNUPeBJbkcR_sEdfmkC5Hc"
          }
        ],
        "created": "2026-05-29",
        "updated": "2026-07-27",
        "hours": {
          "raw": "Tu 07:00-13:00,14:00-18:00; Th 07:00-13:00,14:00-18:00; Fr 07:00-13:00,14:00-18:00; We 07:00-13:00,14:00-18:00; Mo 07:00-13:00,14:00-18:00; Sa 07:30-12:30"
        },
        "sources_by_field": {
          "name": "osm",
          "address.street": "osm",
          "address.number": "osm",
          "address.city": "osm",
          "hours": "google",
          "payment.cards": "google",
          "payment.contactless": "google",
          "payment.girocard": "google"
        },
        "apple_id_attempted": "2026-07-01",
        "google_attempted": "2026-05-29",
        "payment": {
          "cards": "no",
          "contactless": "yes",
          "girocard": "yes"
        }
      }
    },
    {
      "type": "Feature",
      "geometry": {
        "type": "Point",
        "coordinates": [
          14.4265421,
          47.0718078
        ]
      },
      "properties": {
        "id": "tk_at6r_osm_n992958601",
        "name": "Trafik Karner",
        "address": {},
        "sources": [
          {
            "type": "osm",
            "id": "node/992958601",
            "version": 0
          },
          {
            "type": "gmaps",
            "id": "ChIJ3zmVA5JOcEcRHXmnCe8SEr4"
          }
        ],
        "created": "2026-05-29",
        "updated": "2026-07-27",
        "sources_by_field": {
          "name": "osm",
          "payment.cards": "google",
          "payment.contactless": "google",
          "payment.girocard": "google"
        },
        "apple_id_attempted": "2026-07-01",
        "google_attempted": "2026-07-01",
        "payment": {
          "cards": "yes",
          "contactless": "yes",
          "girocard": "yes"
        }
      }
    },
    {
      "type": "Feature",
      "geometry": {
        "type": "Point",
        "coordinates": [
          15.4512194,
          47.0625978
        ]
      },
      "properties": {
        "id": "tk_at6r_osm_n993870727",
        "name": "Tabak Trafik Lesky",
        "address": {},
        "sources": [
          {
            "type": "osm",
            "id": "node/993870727",
            "version": 0
          },
          {
            "type": "gmaps",
            "id": "ChIJW0XPVoRKbkcRNq1hOmtRUuE"
          }
        ],
        "created": "2026-05-29",
        "updated": "2026-07-27",
        "hours": {
          "raw": "Tu 07:00-12:30,14:00-18:00; Th 07:00-12:30,14:00-18:00; Fr 07:00-12:30,14:00-18:00; We 07:00-12:30,14:00-18:00; Mo 07:00-12:30,14:00-18:00; Sa 07:30-12:30"
        },
        "sources_by_field": {
          "name": "osm",
          "hours": "google",
          "payment.cards": "google",
          "payment.contactless": "google",
          "payment.girocard": "google"
        },
        "apple_id_attempted": "2026-07-01",
        "google_attempted": "2026-05-29",
        "payment": {
          "cards": "no",
          "contactless": "yes",
          "girocard": "yes"
        }
      }
    },
    {
      "type": "Feature",
      "geometry": {
        "type": "Point",
        "coordinates": [
          15.9832827,
          46.6895696
        ]
      },
      "properties": {
        "id": "tk_at6r_osm_w108367411",
        "name": "Long Life Mineralwasser",
        "address": {
          "street": "Kurhausstraße",
          "number": "1",
          "city": "Bad Radkersburg"
        },
        "sources": [
          {
            "type": "osm",
            "id": "way/108367411",
            "version": 0
          },
          {
            "type": "apple",
            "id": "6813523024617067938"
          },
          {
            "type": "gmaps",
            "id": "ChIJV1fhqpETb0cRiZnqvlkCsx4"
          }
        ],
        "created": "2026-05-29",
        "updated": "2026-07-27",
        "sources_by_field": {
          "name": "osm",
          "address.street": "osm",
          "address.number": "osm",
          "address.city": "osm",
          "hours": "google"
        },
        "apple_attempted": "2026-07-01",
        "google_attempted": "2026-07-01",
        "hours": {
          "raw": "Tu 08:00-16:30; Th 08:00-16:30; Fr 08:00-16:30; We 08:00-16:30; Mo 08:00-16:30"
        },
        "payment": {}
      }
    },
    {
      "type": "Feature",
      "geometry": {
        "type": "Point",
        "coordinates": [
          15.9722527,
          47.3818269
        ]
      },
      "properties": {
        "id": "tk_at6r_osm_w122682115",
        "name": "Monika Schirnhofer",
        "address": {
          "number": "63",
          "city": "Rohrbach an der Lafnitz"
        },
        "sources": [
          {
            "type": "osm",
            "id": "way/122682115",
            "version": 0
          },
          {
            "type": "gmaps",
            "id": "ChIJPUcc2JNjbkcRL9u1r5yxKwc"
          }
        ],
        "created": "2026-05-29",
        "updated": "2026-07-27",
        "sources_by_field": {
          "name": "osm",
          "address.number": "osm",
          "address.city": "osm",
          "payment.cards": "google",
          "payment.contactless": "google",
          "payment.girocard": "google"
        },
        "apple_id_attempted": "2026-07-01",
        "google_attempted": "2026-07-01",
        "payment": {
          "cards": "no",
          "contactless": "yes",
          "girocard": "yes"
        }
      }
    },
    {
      "type": "Feature",
      "geometry": {
        "type": "Point",
        "coordinates": [
          15.480759,
          47.0494492
        ]
      },
      "properties": {
        "id": "tk_at6r_osm_w131856206",
        "name": "Rumpold",
        "address": {},
        "sources": [
          {
            "type": "osm",
            "id": "way/131856206",
            "version": 0
          },
          {
            "type": "gmaps",
            "id": "ChIJGaAdweZKbkcR_oZQkrtX_58"
          }
        ],
        "created": "2026-05-29",
        "updated": "2026-07-27",
        "payment": {
          "cash": "unknown",
          "cards": "yes",
          "contactless": "yes",
          "girocard": "yes"
        },
        "sources_by_field": {
          "name": "osm",
          "payment.cash": "osm",
          "payment.cards": "google",
          "payment.contactless": "google",
          "payment.girocard": "google"
        },
        "apple_id_attempted": "2026-07-01",
        "google_attempted": "2026-07-01"
      }
    },
    {
      "type": "Feature",
      "geometry": {
        "type": "Point",
        "coordinates": [
          15.9884602,
          46.6911129
        ]
      },
      "properties": {
        "id": "tk_at6r_osm_w143854241",
        "name": "Trafik Maller",
        "address": {
          "street": "Stadtgrabenstraße",
          "number": "1",
          "city": "Bad Radkersburg"
        },
        "sources": [
          {
            "type": "osm",
            "id": "way/143854241",
            "version": 0
          },
          {
            "type": "gmaps",
            "id": "ChIJJ7sSC44Tb0cRebVoLIWIU_c"
          }
        ],
        "created": "2026-05-29",
        "updated": "2026-07-27",
        "sources_by_field": {
          "name": "osm",
          "address.street": "osm",
          "address.number": "osm",
          "address.city": "osm",
          "hours": "google",
          "payment.cards": "google",
          "payment.contactless": "google",
          "payment.girocard": "google"
        },
        "apple_id_attempted": "2026-07-01",
        "google_attempted": "2026-05-29",
        "hours": {
          "raw": "Tu 08:00-12:15,14:30-18:00; Th 08:00-12:15,14:30-17:30; Fr 08:00-12:15,14:00-18:00; We 08:00-12:15,14:30-18:00; Mo 08:00-12:15,14:30-17:30; Sa 08:00-12:00"
        },
        "payment": {
          "cards": "yes",
          "contactless": "yes",
          "girocard": "yes"
        }
      }
    },
    {
      "type": "Feature",
      "geometry": {
        "type": "Point",
        "coordinates": [
          14.6801316,
          47.1687707
        ]
      },
      "properties": {
        "id": "tk_at6r_osm_w155566994",
        "name": "Dr.Rieser Getränke",
        "address": {
          "street": "Südtirolerstraße",
          "number": "4",
          "city": "Judenburg"
        },
        "sources": [
          {
            "type": "osm",
            "id": "way/155566994",
            "version": 0
          },
          {
            "type": "apple",
            "id": "3613681642688681344"
          }
        ],
        "created": "2026-05-29",
        "updated": "2026-07-27",
        "tags": [
          "barrierefrei"
        ],
        "sources_by_field": {
          "name": "osm",
          "address.street": "osm",
          "address.number": "osm",
          "address.city": "osm",
          "hours": "apple",
          "payment.cards": "apple",
          "payment.contactless": "apple"
        },
        "apple_attempted": "2026-05-29",
        "hours": {
          "raw": "Mo-Fr 08:30-12:00,14:00-17:00"
        },
        "payment": {
          "cards": "yes",
          "contactless": "yes"
        }
      }
    },
    {
      "type": "Feature",
      "geometry": {
        "type": "Point",
        "coordinates": [
          15.5228381,
          46.7645351
        ]
      },
      "properties": {
        "id": "tk_at6r_osm_w182584812",
        "name": "Hirschmugl Domäne",
        "address": {
          "street": "Am Plöckelberg",
          "number": "8",
          "city": "Leibnitz"
        },
        "sources": [
          {
            "type": "osm",
            "id": "way/182584812",
            "version": 0
          },
          {
            "type": "apple",
            "id": "11221768749846449869"
          }
        ],
        "created": "2026-05-29",
        "updated": "2026-07-27",
        "hours": {
          "raw": "Mo-Fr 08:00-17:00"
        },
        "sources_by_field": {
          "name": "osm",
          "address.street": "osm",
          "address.number": "osm",
          "address.city": "osm",
          "hours": "apple",
          "payment.cards": "apple",
          "payment.contactless": "apple"
        },
        "apple_attempted": "2026-07-01",
        "google_attempted": "2026-05-29",
        "payment": {
          "cards": "yes",
          "contactless": "yes"
        }
      }
    },
    {
      "type": "Feature",
      "geometry": {
        "type": "Point",
        "coordinates": [
          15.2329512,
          46.6825389
        ]
      },
      "properties": {
        "id": "tk_at6r_osm_w183456074",
        "name": "Aufhauser Getränle GmbH & Co KG",
        "address": {
          "number": "177",
          "city": "Eibiswald"
        },
        "sources": [
          {
            "type": "osm",
            "id": "way/183456074",
            "version": 0
          },
          {
            "type": "apple",
            "id": "1552639574276242829"
          },
          {
            "type": "gmaps",
            "id": "ChIJtYmYU7WUb0cRvViqff5t_jw"
          }
        ],
        "created": "2026-05-29",
        "updated": "2026-07-27",
        "sources_by_field": {
          "name": "osm",
          "address.number": "osm",
          "address.city": "osm",
          "hours": "google",
          "payment.cards": "google",
          "payment.girocard": "google"
        },
        "apple_attempted": "2026-05-29",
        "google_attempted": "2026-05-29",
        "hours": {
          "raw": "Tu 07:00-12:00,13:00-17:00; Th 07:00-12:00,13:00-17:00; Fr 07:00-12:00,13:00-17:00; We 07:00-12:00,13:00-17:00; Mo 07:00-12:00,13:00-17:00"
        },
        "payment": {
          "cards": "no",
          "girocard": "yes"
        }
      }
    },
    {
      "type": "Feature",
      "geometry": {
        "type": "Point",
        "coordinates": [
          15.2175948,
          46.815501
        ]
      },
      "properties": {
        "id": "tk_at6r_osm_w188077723",
        "name": "E.H. Weinhandel GmbH",
        "address": {
          "street": "Grazer Straße",
          "number": "5",
          "city": "Deutschlandsberg"
        },
        "sources": [
          {
            "type": "osm",
            "id": "way/188077723",
            "version": 0
          },
          {
            "type": "apple",
            "id": "15850875727632416228"
          },
          {
            "type": "gmaps",
            "id": "ChIJj3frxEjBb0cRZMN3ycC5sU0"
          }
        ],
        "created": "2026-05-29",
        "updated": "2026-06-15",
        "sources_by_field": {
          "name": "osm",
          "address.street": "osm",
          "address.number": "osm",
          "address.city": "osm",
          "hours": "google",
          "payment.cards": "google",
          "payment.contactless": "google",
          "payment.girocard": "google"
        },
        "apple_attempted": "2026-05-29",
        "google_attempted": "2026-05-29",
        "hours": {
          "raw": "Tu 07:00-17:00; Th 07:00-17:00; Fr 07:00-18:00; We 07:00-17:00; Mo 07:00-17:00; Sa 07:00-12:30"
        },
        "payment": {
          "cards": "yes",
          "contactless": "yes",
          "girocard": "yes"
        }
      }
    },
    {
      "type": "Feature",
      "geometry": {
        "type": "Point",
        "coordinates": [
          15.5332019,
          46.793
        ]
      },
      "properties": {
        "id": "tk_at6r_osm_w226833646",
        "name": "Trafik Pucher-Hainzl",
        "address": {
          "street": "Frauengasse",
          "number": "14",
          "city": "Leibnitz",
          "district": "Kaindorf an der Sulm"
        },
        "sources": [
          {
            "type": "osm",
            "id": "way/226833646",
            "version": 0
          },
          {
            "type": "apple",
            "id": "11249444919522680106"
          }
        ],
        "created": "2026-05-29",
        "updated": "2026-07-27",
        "sources_by_field": {
          "name": "osm",
          "address.street": "osm",
          "address.number": "osm",
          "address.city": "osm",
          "address.district": "osm",
          "hours": "apple",
          "payment.cards": "apple",
          "payment.contactless": "apple"
        },
        "apple_attempted": "2026-05-29",
        "hours": {
          "raw": "Mo-Fr 08:00-12:00,15:00-18:00; Sa 08:00-12:00"
        },
        "payment": {
          "cards": "yes",
          "contactless": "yes"
        }
      }
    },
    {
      "type": "Feature",
      "geometry": {
        "type": "Point",
        "coordinates": [
          15.6250796,
          46.7467279
        ]
      },
      "properties": {
        "id": "tk_at6r_osm_w228187000",
        "name": "Trafik Ottenbacher",
        "address": {
          "street": "Am Kirchplatz",
          "number": "3",
          "city": "Sankt Veit in der Südsteiermark",
          "district": "Sankt Veit am Vogau"
        },
        "sources": [
          {
            "type": "osm",
            "id": "way/228187000",
            "version": 0
          },
          {
            "type": "apple",
            "id": "14876777732724013722"
          }
        ],
        "created": "2026-05-29",
        "updated": "2026-07-27",
        "hours": {
          "raw": "Mo,We-Fr 08:00-12:00,15:00-18:00; Tu,Sa 08:00-12:00"
        },
        "sources_by_field": {
          "name": "osm",
          "address.street": "osm",
          "address.number": "osm",
          "address.city": "osm",
          "address.district": "osm",
          "hours": "apple",
          "payment.cards": "apple",
          "payment.contactless": "apple"
        },
        "apple_attempted": "2026-05-29",
        "payment": {
          "cards": "yes",
          "contactless": "yes"
        }
      }
    },
    {
      "type": "Feature",
      "geometry": {
        "type": "Point",
        "coordinates": [
          15.433331,
          47.0275638
        ]
      },
      "properties": {
        "id": "tk_at6r_osm_w243385831",
        "name": "Tabak Trafik Zacharias",
        "address": {
          "street": "Triester Straße",
          "number": "372",
          "city": "Graz"
        },
        "sources": [
          {
            "type": "osm",
            "id": "way/243385831",
            "version": 0
          },
          {
            "type": "apple",
            "id": "17698801341581830438"
          }
        ],
        "created": "2026-05-29",
        "updated": "2026-07-27",
        "hours": {
          "raw": "Mo-Fr 06:00-18:00; Sa 07:30-12:00"
        },
        "sources_by_field": {
          "name": "osm",
          "address.street": "osm",
          "address.number": "osm",
          "address.city": "osm",
          "hours": "apple",
          "payment.cards": "apple",
          "payment.contactless": "apple"
        },
        "apple_attempted": "2026-05-29",
        "payment": {
          "cards": "yes",
          "contactless": "yes"
        }
      }
    },
    {
      "type": "Feature",
      "geometry": {
        "type": "Point",
        "coordinates": [
          15.4114693,
          47.1162099
        ]
      },
      "properties": {
        "id": "tk_at6r_osm_w263997985",
        "name": "Tabak Trafik",
        "address": {},
        "sources": [
          {
            "type": "osm",
            "id": "way/263997985",
            "version": 0
          },
          {
            "type": "gmaps",
            "id": "ChIJ3_HIuIE2bkcR8SWJ2eeGLO8"
          }
        ],
        "created": "2026-05-29",
        "updated": "2026-07-27",
        "sources_by_field": {
          "name": "osm",
          "hours": "google",
          "payment.cards": "google",
          "payment.contactless": "google",
          "payment.girocard": "google"
        },
        "apple_id_attempted": "2026-07-01",
        "google_attempted": "2026-06-02",
        "hours": {
          "raw": "Tu 07:00-12:00,15:00-18:00; Th 07:00-12:00,15:00-18:00; Fr 07:00-12:00,15:00-18:00; We 07:00-12:00,15:00-18:00; Mo 07:00-12:00,15:00-18:00; Sa 07:00-12:00"
        },
        "payment": {
          "cards": "no",
          "contactless": "yes",
          "girocard": "yes"
        }
      }
    },
    {
      "type": "Feature",
      "geometry": {
        "type": "Point",
        "coordinates": [
          15.5845458,
          47.07615
        ]
      },
      "properties": {
        "id": "tk_at6r_osm_w277237917",
        "name": "Trafik Noll",
        "address": {
          "street": "Hauptstraße",
          "number": "36",
          "city": "Laßnitzhöhe"
        },
        "sources": [
          {
            "type": "osm",
            "id": "way/277237917",
            "version": 0
          },
          {
            "type": "apple",
            "id": "11968044311011900003"
          },
          {
            "type": "gmaps",
            "id": "ChIJnxRH3hVMbkcRKyXj8ktwfV0"
          }
        ],
        "created": "2026-05-29",
        "updated": "2026-07-27",
        "hours": {
          "raw": "Tu 07:00-12:00,14:30-18:00; Th 07:00-12:00,14:30-18:00; Fr 07:00-12:00,14:30-18:00; We 07:00-12:00,14:30-18:00; Mo 07:00-12:00,14:30-18:00; Sa 07:00-12:00"
        },
        "sources_by_field": {
          "name": "osm",
          "address.street": "osm",
          "address.number": "osm",
          "address.city": "osm",
          "hours": "google",
          "payment.cards": "google",
          "payment.contactless": "google",
          "payment.girocard": "google"
        },
        "apple_attempted": "2026-05-29",
        "google_attempted": "2026-06-02",
        "payment": {
          "cards": "no",
          "contactless": "yes",
          "girocard": "yes"
        }
      }
    },
    {
      "type": "Feature",
      "geometry": {
        "type": "Point",
        "coordinates": [
          15.5315632,
          46.9090096
        ]
      },
      "properties": {
        "id": "tk_at6r_osm_w336712740",
        "name": "Predl",
        "address": {
          "street": "Wurzinger Straße",
          "number": "76",
          "city": "Wildon"
        },
        "sources": [
          {
            "type": "osm",
            "id": "way/336712740",
            "version": 0
          },
          {
            "type": "gmaps",
            "id": "ChIJRzj9hK-xb0cR2P2KWvWBamM"
          }
        ],
        "created": "2026-05-29",
        "updated": "2026-07-27",
        "sources_by_field": {
          "name": "osm",
          "address.street": "osm",
          "address.number": "osm",
          "address.city": "osm",
          "hours": "google",
          "payment.cards": "google",
          "payment.contactless": "google",
          "payment.girocard": "google"
        },
        "apple_id_attempted": "2026-07-01",
        "google_attempted": "2026-06-02",
        "hours": {
          "raw": "Tu 09:00-12:00,13:00-17:00; Th 09:00-12:00,13:00-17:00; Fr 09:00-12:00,13:00-17:00; Mo 09:00-12:00,13:00-17:00; Sa 09:00-12:00"
        },
        "payment": {
          "cards": "no",
          "contactless": "yes",
          "girocard": "yes"
        }
      }
    },
    {
      "type": "Feature",
      "geometry": {
        "type": "Point",
        "coordinates": [
          15.7005771,
          46.7858222
        ]
      },
      "properties": {
        "id": "tk_at6r_osm_w450180946",
        "name": "Rosenberg Quelle",
        "address": {
          "number": "61",
          "city": "Mettersdorf am Saßbach"
        },
        "sources": [
          {
            "type": "osm",
            "id": "way/450180946",
            "version": 0
          },
          {
            "type": "gmaps",
            "id": "ChIJqf8Cbm2nb0cREQZutgEGiMk"
          }
        ],
        "created": "2026-05-29",
        "updated": "2026-07-27",
        "hours": {
          "raw": "Tu 08:00-12:00,13:00-16:30; Th 08:00-12:00,13:00-16:30; Fr 08:00-12:00,13:00-14:30; We 08:00-12:00,13:00-16:30; Mo 08:00-12:00,13:00-16:30"
        },
        "sources_by_field": {
          "name": "osm",
          "address.number": "osm",
          "address.city": "osm",
          "hours": "google"
        },
        "apple_id_attempted": "2026-07-01",
        "google_attempted": "2026-07-04",
        "payment": {}
      }
    },
    {
      "type": "Feature",
      "geometry": {
        "type": "Point",
        "coordinates": [
          15.217971,
          46.8156535
        ]
      },
      "properties": {
        "id": "tk_at6r_osm_w511521482",
        "name": "E.H. Weinhandel GmbH",
        "address": {
          "street": "Grazer Straße",
          "number": "7",
          "city": "Deutschlandsberg"
        },
        "sources": [
          {
            "type": "osm",
            "id": "way/511521482",
            "version": 0
          },
          {
            "type": "gmaps",
            "id": "ChIJj3frxEjBb0cRZMN3ycC5sU0"
          }
        ],
        "created": "2026-06-22",
        "updated": "2026-07-27",
        "sources_by_field": {
          "name": "osm",
          "address.street": "osm",
          "address.number": "osm",
          "address.city": "osm",
          "hours": "google"
        },
        "apple_id_attempted": "2026-07-25",
        "google_attempted": "2026-07-25",
        "hours": {
          "raw": "Sa 07:00-12:30"
        },
        "payment": {}
      }
    },
    {
      "type": "Feature",
      "geometry": {
        "type": "Point",
        "coordinates": [
          15.3343787,
          46.9527095
        ]
      },
      "properties": {
        "id": "tk_at6r_osm_w571799597",
        "name": "Grapos",
        "address": {
          "street": "Industriestraße",
          "number": "10",
          "city": "Lannach"
        },
        "sources": [
          {
            "type": "osm",
            "id": "way/571799597",
            "version": 0
          },
          {
            "type": "gmaps",
            "id": "ChIJDeWjwJvJb0cRaQPqRFqNtCE"
          }
        ],
        "created": "2026-05-29",
        "updated": "2026-07-27",
        "sources_by_field": {
          "name": "osm",
          "address.street": "osm",
          "address.number": "osm",
          "address.city": "osm",
          "hours": "google"
        },
        "apple_id_attempted": "2026-07-01",
        "google_attempted": "2026-07-04",
        "hours": {
          "raw": "Tu 08:00-17:00; Th 08:00-17:00; Fr 08:00-17:00; We 08:00-17:00; Mo 08:00-17:00"
        },
        "payment": {}
      }
    },
    {
      "type": "Feature",
      "geometry": {
        "type": "Point",
        "coordinates": [
          15.5476962,
          46.7821472
        ]
      },
      "properties": {
        "id": "tk_at6r_osm_w798813213",
        "name": "BRAU UNION Verkaufslager",
        "address": {
          "street": "Südbahnstraße",
          "number": "1",
          "city": "Leibnitz"
        },
        "sources": [
          {
            "type": "osm",
            "id": "way/798813213",
            "version": 0
          },
          {
            "type": "gmaps",
            "id": "ChIJ9fRXa4Okb0cRnpWKBzFlNc8"
          }
        ],
        "created": "2026-05-29",
        "updated": "2026-07-27",
        "sources_by_field": {
          "name": "osm",
          "address.street": "osm",
          "address.number": "osm",
          "address.city": "osm",
          "hours": "google",
          "payment.cards": "google"
        },
        "apple_id_attempted": "2026-07-01",
        "google_attempted": "2026-06-02",
        "hours": {
          "raw": "Tu 09:00-16:00; Th 09:00-16:00; Fr 09:00-16:00; We 09:00-16:00; Mo 09:00-16:00"
        },
        "payment": {
          "cards": "yes"
        }
      }
    },
    {
      "type": "Feature",
      "geometry": {
        "type": "Point",
        "coordinates": [
          15.9923524,
          47.3932999
        ]
      },
      "properties": {
        "id": "tk_at6r_osm_w82760896",
        "name": "Trafik Glatz",
        "address": {
          "street": "Obere Hauptstraße",
          "number": "28",
          "city": "Rohrbach an der Lafnitz"
        },
        "sources": [
          {
            "type": "osm",
            "id": "way/82760896",
            "version": 0
          },
          {
            "type": "gmaps",
            "id": "ChIJP8mJjqBjbkcR0fx5PygY4tU"
          }
        ],
        "created": "2026-05-29",
        "updated": "2026-07-27",
        "sources_by_field": {
          "name": "osm",
          "address.street": "osm",
          "address.number": "osm",
          "address.city": "osm",
          "hours": "google",
          "payment.cards": "google",
          "payment.contactless": "google",
          "payment.girocard": "google"
        },
        "apple_id_attempted": "2026-07-01",
        "google_attempted": "2026-06-02",
        "hours": {
          "raw": "Tu 06:30-12:30,15:00-18:00; Th 06:30-12:30,15:00-18:00; Fr 06:30-12:30,15:00-18:00; We 06:30-12:30,15:00-18:00; Mo 06:30-12:30,15:00-18:00; Sa 06:30-12:30"
        },
        "payment": {
          "cards": "yes",
          "contactless": "yes",
          "girocard": "yes"
        }
      }
    },
    {
      "type": "Feature",
      "geometry": {
        "type": "Point",
        "coordinates": [
          14.2425684,
          47.5654218
        ]
      },
      "properties": {
        "id": "tk_at6r_osm_w92224222",
        "name": "Krautgartl Liezen",
        "address": {
          "street": "Fronleichnamsweg",
          "number": "6",
          "city": "Liezen"
        },
        "sources": [
          {
            "type": "osm",
            "id": "way/92224222",
            "version": 0
          },
          {
            "type": "gmaps",
            "id": "ChIJlSqFILdzcUcRBC3gh0NFmFY"
          }
        ],
        "created": "2026-05-29",
        "updated": "2026-06-29",
        "hours": {
          "raw": "TU-WE 8:30-12:30;TU-WE 14:30-18:00;FR 8:30-12:30;FR 14:30-18:00;SA 8:30-12:00"
        },
        "tags": [
          "barrierefrei"
        ],
        "sources_by_field": {
          "name": "osm",
          "address.street": "osm",
          "address.number": "osm",
          "address.city": "osm",
          "hours": "osm"
        },
        "apple_id_attempted": "2026-07-01",
        "google_attempted": "2026-07-04",
        "payment": {}
      }
    },
    {
      "type": "Feature",
      "geometry": {
        "type": "Point",
        "coordinates": [
          15.2993843,
          47.0357136
        ]
      },
      "properties": {
        "id": "tk_at6r_osm_n10294253149",
        "name": "Pentscher's 24h Shop",
        "address": {},
        "sources": [
          {
            "type": "osm",
            "id": "node/10294253149",
            "version": 0
          }
        ],
        "created": "2026-05-29",
        "updated": "2026-07-27",
        "hours": {
          "raw": "24/7"
        },
        "sources_by_field": {
          "name": "osm",
          "hours": "osm"
        },
        "apple_id_attempted": "2026-07-01",
        "google_attempted": "2026-07-01",
        "payment": {}
      }
    },
    {
      "type": "Feature",
      "geometry": {
        "type": "Point",
        "coordinates": [
          15.0930485,
          47.3594795
        ]
      },
      "properties": {
        "id": "tk_at6r_osm_n10650284220",
        "name": "s'Gösser Depot",
        "address": {},
        "sources": [
          {
            "type": "osm",
            "id": "node/10650284220",
            "version": 0
          }
        ],
        "created": "2026-05-29",
        "updated": "2026-07-27",
        "hours": {
          "raw": "Mo-Fr 08:30-12:00,12:30-15:00"
        },
        "sources_by_field": {
          "name": "osm",
          "hours": "osm"
        },
        "apple_id_attempted": "2026-07-01",
        "google_attempted": "2026-07-01",
        "payment": {}
      }
    },
    {
      "type": "Feature",
      "geometry": {
        "type": "Point",
        "coordinates": [
          15.9922838,
          46.6863789
        ]
      },
      "properties": {
        "id": "tk_at6r_osm_n11590105564",
        "name": "Tabak Trafik Franz Maller",
        "address": {
          "street": "Stadtgrabenstraße",
          "number": "1",
          "city": "Bad Radkersburg"
        },
        "sources": [
          {
            "type": "osm",
            "id": "node/11590105564",
            "version": 0
          }
        ],
        "created": "2026-05-29",
        "updated": "2026-07-27",
        "sources_by_field": {
          "name": "osm",
          "address.street": "osm",
          "address.number": "osm",
          "address.city": "osm"
        },
        "apple_id_attempted": "2026-07-01",
        "google_attempted": "2026-07-01",
        "payment": {}
      }
    },
    {
      "type": "Feature",
      "geometry": {
        "type": "Point",
        "coordinates": [
          15.6484805,
          47.2703287
        ]
      },
      "properties": {
        "id": "tk_at6r_osm_n11982758258",
        "name": "Hirschstüberl",
        "address": {},
        "sources": [
          {
            "type": "osm",
            "id": "node/11982758258",
            "version": 0
          }
        ],
        "created": "2026-05-29",
        "updated": "2026-07-27",
        "sources_by_field": {
          "name": "osm"
        },
        "apple_id_attempted": "2026-07-01",
        "google_attempted": "2026-07-01",
        "payment": {}
      }
    },
    {
      "type": "Feature",
      "geometry": {
        "type": "Point",
        "coordinates": [
          15.6634384,
          46.9295496
        ]
      },
      "properties": {
        "id": "tk_at6r_osm_n1259895026",
        "name": "Trafik Schönberger",
        "address": {},
        "sources": [
          {
            "type": "osm",
            "id": "node/1259895026",
            "version": 0
          }
        ],
        "created": "2026-05-29",
        "updated": "2026-07-27",
        "sources_by_field": {
          "name": "osm"
        },
        "apple_id_attempted": "2026-07-01",
        "google_attempted": "2026-07-01",
        "payment": {}
      }
    },
    {
      "type": "Feature",
      "geometry": {
        "type": "Point",
        "coordinates": [
          15.4414525,
          47.0678405
        ]
      },
      "properties": {
        "id": "tk_at6r_osm_n12819684179",
        "name": "Krone-Kiosk",
        "address": {},
        "sources": [
          {
            "type": "osm",
            "id": "node/12819684179",
            "version": 0
          }
        ],
        "created": "2026-05-29",
        "updated": "2026-07-27",
        "hours": {
          "raw": "Mo-Fr 09:00-15:00"
        },
        "sources_by_field": {
          "name": "osm",
          "hours": "osm"
        },
        "apple_id_attempted": "2026-07-01",
        "google_attempted": "2026-07-01",
        "payment": {}
      }
    },
    {
      "type": "Feature",
      "geometry": {
        "type": "Point",
        "coordinates": [
          15.0654869,
          47.0557513
        ]
      },
      "properties": {
        "id": "tk_at6r_osm_n13026724253",
        "name": "See La Vie",
        "address": {},
        "sources": [
          {
            "type": "osm",
            "id": "node/13026724253",
            "version": 0
          }
        ],
        "created": "2026-05-29",
        "updated": "2026-07-27",
        "tags": [
          "barrierefrei"
        ],
        "sources_by_field": {
          "name": "osm"
        },
        "apple_id_attempted": "2026-07-01",
        "google_attempted": "2026-07-01",
        "payment": {}
      }
    },
    {
      "type": "Feature",
      "geometry": {
        "type": "Point",
        "coordinates": [
          14.9012964,
          47.5419599
        ]
      },
      "properties": {
        "id": "tk_at6r_osm_n1344333063",
        "name": "Trafik Schauer",
        "address": {},
        "sources": [
          {
            "type": "osm",
            "id": "node/1344333063",
            "version": 0
          }
        ],
        "created": "2026-05-29",
        "updated": "2026-07-27",
        "sources_by_field": {
          "name": "osm"
        },
        "apple_id_attempted": "2026-07-01",
        "google_attempted": "2026-07-01",
        "payment": {}
      }
    },
    {
      "type": "Feature",
      "geometry": {
        "type": "Point",
        "coordinates": [
          15.4658613,
          47.0662052
        ]
      },
      "properties": {
        "id": "tk_at6r_osm_n1363117574",
        "name": "Tabak Trafik - Inh. Franz Wiedner",
        "address": {},
        "sources": [
          {
            "type": "osm",
            "id": "node/1363117574",
            "version": 0
          }
        ],
        "created": "2026-05-29",
        "updated": "2026-07-27",
        "hours": {
          "raw": "Mo-Fr 07:30-13:00,14:00-18:30; Sa 08:00-13:30"
        },
        "sources_by_field": {
          "name": "osm",
          "hours": "osm"
        },
        "apple_id_attempted": "2026-07-01",
        "google_attempted": "2026-07-01",
        "payment": {}
      }
    },
    {
      "type": "Feature",
      "geometry": {
        "type": "Point",
        "coordinates": [
          15.9922326,
          47.2806734
        ]
      },
      "properties": {
        "id": "tk_at6r_osm_n13634168092",
        "name": "Tabak Trafik",
        "address": {
          "street": "Im Hatric",
          "city": "Hartberg"
        },
        "sources": [
          {
            "type": "osm",
            "id": "node/13634168092",
            "version": 0
          }
        ],
        "created": "2026-05-29",
        "updated": "2026-07-27",
        "hours": {
          "raw": "Ma-Mi 08:30-18:30 Do-Fr 08:00-18:30 Sa 08:00-17:00"
        },
        "sources_by_field": {
          "name": "osm",
          "address.street": "osm",
          "address.city": "osm",
          "hours": "osm"
        },
        "apple_id_attempted": "2026-07-01",
        "google_attempted": "2026-07-01",
        "payment": {}
      }
    },
    {
      "type": "Feature",
      "geometry": {
        "type": "Point",
        "coordinates": [
          15.9676168,
          47.2791113
        ]
      },
      "properties": {
        "id": "tk_at6r_osm_n1547200463",
        "name": "Tabak Trafik",
        "address": {},
        "sources": [
          {
            "type": "osm",
            "id": "node/1547200463",
            "version": 0
          }
        ],
        "created": "2026-05-29",
        "updated": "2026-07-27",
        "hours": {
          "raw": "Mo,We,Th 06:00-12:00,14:00-18:00; Tu,Fr 06:00-18:00; Sa 06:00-12:00"
        },
        "sources_by_field": {
          "name": "osm",
          "hours": "osm"
        },
        "apple_id_attempted": "2026-07-01",
        "google_attempted": "2026-07-01",
        "payment": {}
      }
    },
    {
      "type": "Feature",
      "geometry": {
        "type": "Point",
        "coordinates": [
          15.9658936,
          47.2775169
        ]
      },
      "properties": {
        "id": "tk_at6r_osm_n1548575656",
        "name": "Tabak Trafik Karner",
        "address": {
          "street": "Grazer Straße",
          "number": "12",
          "city": "Hartberg"
        },
        "sources": [
          {
            "type": "osm",
            "id": "node/1548575656",
            "version": 0
          }
        ],
        "created": "2026-05-29",
        "updated": "2026-07-06",
        "hours": {
          "raw": "Mo-Th 06:30-12:00,15:00-18:00; Fr 06:30-12:00,14:30-18:00; Sa 07:00-12:30"
        },
        "sources_by_field": {
          "name": "osm",
          "address.street": "osm",
          "address.number": "osm",
          "address.city": "osm",
          "hours": "osm"
        },
        "apple_id_attempted": "2026-07-01",
        "google_attempted": "2026-07-01",
        "payment": {},
        "osm_removed": true
      }
    },
    {
      "type": "Feature",
      "geometry": {
        "type": "Point",
        "coordinates": [
          15.971738,
          47.2819787
        ]
      },
      "properties": {
        "id": "tk_at6r_osm_n1550162483",
        "name": "Tabak Trafik",
        "address": {},
        "sources": [
          {
            "type": "osm",
            "id": "node/1550162483",
            "version": 0
          }
        ],
        "created": "2026-05-29",
        "updated": "2026-07-27",
        "hours": {
          "raw": "Mo-Fr 07:00-12:00,15:00-18:00; Sa 07:00-12:00"
        },
        "sources_by_field": {
          "name": "osm",
          "hours": "osm"
        },
        "apple_id_attempted": "2026-07-01",
        "google_attempted": "2026-07-01",
        "payment": {}
      }
    },
    {
      "type": "Feature",
      "geometry": {
        "type": "Point",
        "coordinates": [
          15.9782015,
          47.2825952
        ]
      },
      "properties": {
        "id": "tk_at6r_osm_n1555869829",
        "name": "Tabak Trafik",
        "address": {},
        "sources": [
          {
            "type": "osm",
            "id": "node/1555869829",
            "version": 0
          }
        ],
        "created": "2026-05-29",
        "updated": "2026-07-27",
        "hours": {
          "raw": "Mo-Th 06:30-12:30,14:30-18:30; Fr 06:30-18:30; Sa 07:30-15:00"
        },
        "sources_by_field": {
          "name": "osm",
          "hours": "osm"
        },
        "apple_id_attempted": "2026-07-01",
        "google_attempted": "2026-07-01",
        "payment": {}
      }
    },
    {
      "type": "Feature",
      "geometry": {
        "type": "Point",
        "coordinates": [
          14.6467206,
          47.169659
        ]
      },
      "properties": {
        "id": "tk_at6r_osm_n1575083268",
        "name": "SOCAR",
        "address": {
          "street": "Burggasse",
          "number": "85a",
          "city": "Judenburg"
        },
        "sources": [
          {
            "type": "osm",
            "id": "node/1575083268",
            "version": 0
          }
        ],
        "created": "2026-05-29",
        "updated": "2026-07-27",
        "hours": {
          "raw": "Mo-Sa 06:00-22:00; Su 07:00-21:00"
        },
        "sources_by_field": {
          "name": "osm",
          "address.street": "osm",
          "address.number": "osm",
          "address.city": "osm",
          "hours": "osm"
        },
        "apple_id_attempted": "2026-07-01",
        "google_attempted": "2026-07-01",
        "payment": {}
      }
    },
    {
      "type": "Feature",
      "geometry": {
        "type": "Point",
        "coordinates": [
          15.4077154,
          47.0738488
        ]
      },
      "properties": {
        "id": "tk_at6r_osm_n1747362930",
        "name": "Tabak Trafik",
        "address": {
          "street": "Alte Poststraße",
          "number": "114",
          "city": "Graz"
        },
        "sources": [
          {
            "type": "osm",
            "id": "node/1747362930",
            "version": 0
          }
        ],
        "created": "2026-05-29",
        "updated": "2026-07-27",
        "hours": {
          "raw": "Mo-Fr 07:00-12:00,14:30-18:00; Sa 07:00-12:00"
        },
        "sources_by_field": {
          "name": "osm",
          "address.street": "osm",
          "address.number": "osm",
          "address.city": "osm",
          "hours": "osm"
        },
        "apple_id_attempted": "2026-07-01",
        "google_attempted": "2026-07-01",
        "payment": {}
      }
    },
    {
      "type": "Feature",
      "geometry": {
        "type": "Point",
        "coordinates": [
          15.4624351,
          47.0662436
        ]
      },
      "properties": {
        "id": "tk_at6r_osm_n1795741260",
        "name": "Tabak - Trafik",
        "address": {
          "street": "Schörgelgasse",
          "number": "80",
          "city": "Graz"
        },
        "sources": [
          {
            "type": "osm",
            "id": "node/1795741260",
            "version": 0
          }
        ],
        "created": "2026-05-29",
        "updated": "2026-07-27",
        "hours": {
          "raw": "Mo- Fr 07:30-12:30,14:30-18:00; Sa 07:45-12:30"
        },
        "sources_by_field": {
          "name": "osm",
          "address.street": "osm",
          "address.number": "osm",
          "address.city": "osm",
          "hours": "osm"
        },
        "apple_id_attempted": "2026-07-01",
        "google_attempted": "2026-07-01",
        "payment": {}
      }
    },
    {
      "type": "Feature",
      "geometry": {
        "type": "Point",
        "coordinates": [
          16.0088145,
          47.1709762
        ]
      },
      "properties": {
        "id": "tk_at6r_osm_n1799711324",
        "name": "Trafik",
        "address": {},
        "sources": [
          {
            "type": "osm",
            "id": "node/1799711324",
            "version": 0
          }
        ],
        "created": "2026-05-29",
        "updated": "2026-07-27",
        "sources_by_field": {
          "name": "osm"
        },
        "apple_id_attempted": "2026-07-01",
        "google_attempted": "2026-07-01",
        "payment": {}
      }
    },
    {
      "type": "Feature",
      "geometry": {
        "type": "Point",
        "coordinates": [
          15.4308542,
          47.0754299
        ]
      },
      "properties": {
        "id": "tk_at6r_osm_n1826537412",
        "name": "Skink",
        "address": {},
        "sources": [
          {
            "type": "osm",
            "id": "node/1826537412",
            "version": 0
          }
        ],
        "created": "2026-05-29",
        "updated": "2026-07-27",
        "tags": [
          "barrierefrei"
        ],
        "sources_by_field": {
          "name": "osm"
        },
        "apple_id_attempted": "2026-07-01",
        "google_attempted": "2026-07-01",
        "payment": {}
      }
    },
    {
      "type": "Feature",
      "geometry": {
        "type": "Point",
        "coordinates": [
          15.6895474,
          47.2738016
        ]
      },
      "properties": {
        "id": "tk_at6r_osm_n1844495165",
        "name": "Trafik-Schönherr",
        "address": {
          "street": "Hauptplatz",
          "number": "18",
          "city": "Anger"
        },
        "sources": [
          {
            "type": "osm",
            "id": "node/1844495165",
            "version": 0
          }
        ],
        "created": "2026-05-29",
        "updated": "2026-07-27",
        "sources_by_field": {
          "name": "osm",
          "address.street": "osm",
          "address.number": "osm",
          "address.city": "osm"
        },
        "apple_id_attempted": "2026-07-01",
        "google_attempted": "2026-07-01",
        "payment": {}
      }
    },
    {
      "type": "Feature",
      "geometry": {
        "type": "Point",
        "coordinates": [
          15.4202517,
          47.0859943
        ]
      },
      "properties": {
        "id": "tk_at6r_osm_n2087267932",
        "name": "Tabak Trafik",
        "address": {},
        "sources": [
          {
            "type": "osm",
            "id": "node/2087267932",
            "version": 0
          }
        ],
        "created": "2026-05-29",
        "updated": "2026-07-27",
        "sources_by_field": {
          "name": "osm"
        },
        "apple_id_attempted": "2026-07-01",
        "google_attempted": "2026-07-01",
        "payment": {}
      }
    },
    {
      "type": "Feature",
      "geometry": {
        "type": "Point",
        "coordinates": [
          16.0465695,
          47.1235725
        ]
      },
      "properties": {
        "id": "tk_at6r_osm_n2173237745",
        "name": "Speis",
        "address": {},
        "sources": [
          {
            "type": "osm",
            "id": "node/2173237745",
            "version": 0
          }
        ],
        "created": "2026-05-29",
        "updated": "2026-07-27",
        "hours": {
          "raw": "Mo-Su 09:00-18:00"
        },
        "sources_by_field": {
          "name": "osm",
          "hours": "osm"
        },
        "apple_id_attempted": "2026-07-01",
        "google_attempted": "2026-07-01",
        "payment": {}
      }
    },
    {
      "type": "Feature",
      "geometry": {
        "type": "Point",
        "coordinates": [
          15.091442,
          47.3780522
        ]
      },
      "properties": {
        "id": "tk_at6r_osm_n2259018906",
        "name": "Tabaktrafik",
        "address": {
          "street": "Waasenplatz",
          "number": "1",
          "city": "Leoben",
          "district": "Waasen"
        },
        "sources": [
          {
            "type": "osm",
            "id": "node/2259018906",
            "version": 0
          }
        ],
        "created": "2026-05-29",
        "updated": "2026-07-27",
        "sources_by_field": {
          "name": "osm",
          "address.street": "osm",
          "address.number": "osm",
          "address.city": "osm",
          "address.district": "osm"
        },
        "apple_id_attempted": "2026-07-01",
        "google_attempted": "2026-07-01",
        "payment": {}
      }
    },
    {
      "type": "Feature",
      "geometry": {
        "type": "Point",
        "coordinates": [
          15.4049043,
          47.0728631
        ]
      },
      "properties": {
        "id": "tk_at6r_osm_n2307853313",
        "name": "Trafik Namor",
        "address": {
          "street": "Vinzenzgasse",
          "number": "22"
        },
        "sources": [
          {
            "type": "osm",
            "id": "node/2307853313",
            "version": 0
          }
        ],
        "created": "2026-05-29",
        "updated": "2026-07-27",
        "sources_by_field": {
          "name": "osm",
          "address.street": "osm",
          "address.number": "osm"
        },
        "apple_id_attempted": "2026-07-01",
        "google_attempted": "2026-07-01",
        "payment": {}
      }
    },
    {
      "type": "Feature",
      "geometry": {
        "type": "Point",
        "coordinates": [
          15.5467912,
          46.7806373
        ]
      },
      "properties": {
        "id": "tk_at6r_osm_n2329087495",
        "name": "Bahnhof-Kiosk",
        "address": {
          "street": "Bahnhofgürtel",
          "number": "7"
        },
        "sources": [
          {
            "type": "osm",
            "id": "node/2329087495",
            "version": 0
          }
        ],
        "created": "2026-05-29",
        "updated": "2026-07-27",
        "hours": {
          "raw": "Mo-Fr 05:20-19:30; Sa 05:20-18:00; Su 08:00-12:00"
        },
        "sources_by_field": {
          "name": "osm",
          "address.street": "osm",
          "address.number": "osm",
          "hours": "osm"
        },
        "apple_id_attempted": "2026-07-01",
        "google_attempted": "2026-07-01",
        "payment": {}
      }
    },
    {
      "type": "Feature",
      "geometry": {
        "type": "Point",
        "coordinates": [
          15.4127494,
          47.041069
        ]
      },
      "properties": {
        "id": "tk_at6r_osm_n2440869636",
        "name": "Tabak Trafik",
        "address": {},
        "sources": [
          {
            "type": "osm",
            "id": "node/2440869636",
            "version": 0
          }
        ],
        "created": "2026-05-29",
        "updated": "2026-07-27",
        "sources_by_field": {
          "name": "osm"
        },
        "apple_id_attempted": "2026-07-01",
        "google_attempted": "2026-07-01",
        "payment": {}
      }
    },
    {
      "type": "Feature",
      "geometry": {
        "type": "Point",
        "coordinates": [
          15.3352047,
          46.974004
        ]
      },
      "properties": {
        "id": "tk_at6r_osm_n2481348967",
        "name": "Freisinger",
        "address": {},
        "sources": [
          {
            "type": "osm",
            "id": "node/2481348967",
            "version": 0
          }
        ],
        "created": "2026-05-29",
        "updated": "2026-07-27",
        "hours": {
          "raw": "Mo-Fr 07:30-12:30, 14:30-18:30; Sa 07:30-13:00"
        },
        "sources_by_field": {
          "name": "osm",
          "hours": "osm"
        },
        "apple_id_attempted": "2026-07-01",
        "google_attempted": "2026-07-01",
        "payment": {}
      }
    },
    {
      "type": "Feature",
      "geometry": {
        "type": "Point",
        "coordinates": [
          15.4266487,
          47.0607831
        ]
      },
      "properties": {
        "id": "tk_at6r_osm_n2989087789",
        "name": "Trafik",
        "address": {
          "street": "Lazarettgürtel",
          "number": "55"
        },
        "sources": [
          {
            "type": "osm",
            "id": "node/2989087789",
            "version": 0
          }
        ],
        "created": "2026-05-29",
        "updated": "2026-07-27",
        "tags": [
          "barrierefrei"
        ],
        "sources_by_field": {
          "name": "osm",
          "address.street": "osm",
          "address.number": "osm"
        },
        "apple_id_attempted": "2026-07-01",
        "google_attempted": "2026-07-01",
        "payment": {}
      }
    },
    {
      "type": "Feature",
      "geometry": {
        "type": "Point",
        "coordinates": [
          15.4264132,
          47.0661303
        ]
      },
      "properties": {
        "id": "tk_at6r_osm_n2989385124",
        "name": "Tabakfachgeschäft Lutz Pratter",
        "address": {
          "street": "Lazarettgasse",
          "number": "4",
          "city": "Graz"
        },
        "sources": [
          {
            "type": "osm",
            "id": "node/2989385124",
            "version": 0
          }
        ],
        "created": "2026-05-29",
        "updated": "2026-07-27",
        "hours": {
          "raw": "Mo-Fr 07:00-18:00; Sa 07:00-12:00; PH off"
        },
        "sources_by_field": {
          "name": "osm",
          "address.street": "osm",
          "address.number": "osm",
          "address.city": "osm",
          "hours": "osm"
        },
        "apple_id_attempted": "2026-07-01",
        "google_attempted": "2026-07-01",
        "payment": {}
      }
    },
    {
      "type": "Feature",
      "geometry": {
        "type": "Point",
        "coordinates": [
          16.0463328,
          47.1236468
        ]
      },
      "properties": {
        "id": "tk_at6r_osm_n3051806040",
        "name": "Naschkammer",
        "address": {},
        "sources": [
          {
            "type": "osm",
            "id": "node/3051806040",
            "version": 0
          }
        ],
        "created": "2026-05-29",
        "updated": "2026-07-27",
        "hours": {
          "raw": "24/7"
        },
        "sources_by_field": {
          "name": "osm",
          "hours": "osm"
        },
        "apple_id_attempted": "2026-07-01",
        "google_attempted": "2026-07-01",
        "payment": {}
      }
    },
    {
      "type": "Feature",
      "geometry": {
        "type": "Point",
        "coordinates": [
          15.4023826,
          46.6768756
        ]
      },
      "properties": {
        "id": "tk_at6r_osm_n340519833",
        "name": "Postpartner und Trafik Rebstock",
        "address": {
          "street": "Hauptplatz",
          "number": "34",
          "city": "Arnfels"
        },
        "sources": [
          {
            "type": "osm",
            "id": "node/340519833",
            "version": 0
          }
        ],
        "created": "2026-05-29",
        "updated": "2026-07-27",
        "sources_by_field": {
          "name": "osm",
          "address.street": "osm",
          "address.number": "osm",
          "address.city": "osm"
        },
        "apple_id_attempted": "2026-07-01",
        "google_attempted": "2026-07-01",
        "payment": {}
      }
    },
    {
      "type": "Feature",
      "geometry": {
        "type": "Point",
        "coordinates": [
          15.4055106,
          47.095921
        ]
      },
      "properties": {
        "id": "tk_at6r_osm_n3676824249",
        "name": "Tabak Trafik",
        "address": {},
        "sources": [
          {
            "type": "osm",
            "id": "node/3676824249",
            "version": 0
          }
        ],
        "created": "2026-05-29",
        "updated": "2026-07-27",
        "hours": {
          "raw": "Mo-Fr 08:40-19:00; Sa 08:40-17:00"
        },
        "tags": [
          "barrierefrei"
        ],
        "sources_by_field": {
          "name": "osm",
          "hours": "osm"
        },
        "apple_id_attempted": "2026-07-01",
        "google_attempted": "2026-07-01",
        "payment": {}
      }
    },
    {
      "type": "Feature",
      "geometry": {
        "type": "Point",
        "coordinates": [
          15.7279985,
          46.9724963
        ]
      },
      "properties": {
        "id": "tk_at6r_osm_n4069114823",
        "name": "Freshwater Wildalp Handels GmbH",
        "address": {
          "number": "88",
          "city": "Kirchberg an der Raab"
        },
        "sources": [
          {
            "type": "osm",
            "id": "node/4069114823",
            "version": 0
          }
        ],
        "created": "2026-05-29",
        "updated": "2026-07-27",
        "sources_by_field": {
          "name": "osm",
          "address.number": "osm",
          "address.city": "osm"
        },
        "apple_id_attempted": "2026-07-01",
        "google_attempted": "2026-07-04",
        "payment": {}
      }
    },
    {
      "type": "Feature",
      "geometry": {
        "type": "Point",
        "coordinates": [
          15.4379464,
          47.0713527
        ]
      },
      "properties": {
        "id": "tk_at6r_osm_n446864114",
        "name": "Morawa Pressehaus",
        "address": {},
        "sources": [
          {
            "type": "osm",
            "id": "node/446864114",
            "version": 0
          }
        ],
        "created": "2026-05-29",
        "updated": "2026-07-27",
        "sources_by_field": {
          "name": "osm"
        },
        "apple_id_attempted": "2026-07-01",
        "google_attempted": "2026-07-04",
        "payment": {}
      }
    },
    {
      "type": "Feature",
      "geometry": {
        "type": "Point",
        "coordinates": [
          14.678958,
          47.2040538
        ]
      },
      "properties": {
        "id": "tk_at6r_osm_n4718036290",
        "name": "Getränkequelle Scheucher",
        "address": {
          "street": "Judenburgerstraße",
          "number": "30",
          "city": "Fohnsdorf"
        },
        "sources": [
          {
            "type": "osm",
            "id": "node/4718036290",
            "version": 0
          }
        ],
        "created": "2026-05-29",
        "updated": "2026-07-27",
        "sources_by_field": {
          "name": "osm",
          "address.street": "osm",
          "address.number": "osm",
          "address.city": "osm"
        },
        "apple_id_attempted": "2026-07-01",
        "google_attempted": "2026-07-04",
        "payment": {}
      }
    },
    {
      "type": "Feature",
      "geometry": {
        "type": "Point",
        "coordinates": [
          15.4031396,
          46.9759846
        ]
      },
      "properties": {
        "id": "tk_at6r_osm_n5440909339",
        "name": "Tabak Trafik",
        "address": {},
        "sources": [
          {
            "type": "osm",
            "id": "node/5440909339",
            "version": 0
          }
        ],
        "created": "2026-05-29",
        "updated": "2026-07-27",
        "sources_by_field": {
          "name": "osm"
        },
        "apple_id_attempted": "2026-07-01",
        "google_attempted": "2026-07-04",
        "payment": {}
      }
    },
    {
      "type": "Feature",
      "geometry": {
        "type": "Point",
        "coordinates": [
          14.8345605,
          47.2182637
        ]
      },
      "properties": {
        "id": "tk_at6r_osm_n5617953353",
        "name": "Tabak Trafik",
        "address": {
          "street": "Seckauer Straße",
          "number": "17",
          "city": "Knittelfeld"
        },
        "sources": [
          {
            "type": "osm",
            "id": "node/5617953353",
            "version": 0
          }
        ],
        "created": "2026-05-29",
        "updated": "2026-07-27",
        "sources_by_field": {
          "name": "osm",
          "address.street": "osm",
          "address.number": "osm",
          "address.city": "osm"
        },
        "apple_id_attempted": "2026-07-01",
        "google_attempted": "2026-07-04",
        "payment": {}
      }
    },
    {
      "type": "Feature",
      "geometry": {
        "type": "Point",
        "coordinates": [
          14.830175,
          47.2137492
        ]
      },
      "properties": {
        "id": "tk_at6r_osm_n5631920973",
        "name": "Babylon Markt",
        "address": {
          "street": "Kirchengasse",
          "number": "5",
          "city": "Knittefeld"
        },
        "sources": [
          {
            "type": "osm",
            "id": "node/5631920973",
            "version": 0
          }
        ],
        "created": "2026-05-29",
        "updated": "2026-07-27",
        "sources_by_field": {
          "name": "osm",
          "address.street": "osm",
          "address.number": "osm",
          "address.city": "osm"
        },
        "apple_id_attempted": "2026-07-01",
        "google_attempted": "2026-07-04",
        "payment": {}
      }
    },
    {
      "type": "Feature",
      "geometry": {
        "type": "Point",
        "coordinates": [
          15.5158139,
          46.8868333
        ]
      },
      "properties": {
        "id": "tk_at6r_osm_n615167821",
        "name": "Zirngast",
        "address": {},
        "sources": [
          {
            "type": "osm",
            "id": "node/615167821",
            "version": 0
          }
        ],
        "created": "2026-05-29",
        "updated": "2026-07-27",
        "sources_by_field": {
          "name": "osm"
        },
        "apple_id_attempted": "2026-07-01",
        "google_attempted": "2026-07-04",
        "payment": {}
      }
    },
    {
      "type": "Feature",
      "geometry": {
        "type": "Point",
        "coordinates": [
          15.4315872,
          47.0741535
        ]
      },
      "properties": {
        "id": "tk_at6r_osm_n6363002988",
        "name": "Bierboutique",
        "address": {
          "street": "Lendplatz",
          "number": "5",
          "city": "Graz"
        },
        "sources": [
          {
            "type": "osm",
            "id": "node/6363002988",
            "version": 0
          }
        ],
        "created": "2026-05-29",
        "updated": "2026-07-27",
        "hours": {
          "raw": "Tu-Fr 13:00-18:30; Sa 11:00-14:00; Mo,Su off"
        },
        "payment": {
          "cash": "yes",
          "cards": "yes",
          "contactless": "unknown",
          "girocard": "unknown"
        },
        "sources_by_field": {
          "name": "osm",
          "address.street": "osm",
          "address.number": "osm",
          "address.city": "osm",
          "hours": "osm",
          "payment.cash": "osm",
          "payment.cards": "osm",
          "payment.contactless": "osm",
          "payment.girocard": "osm"
        },
        "apple_id_attempted": "2026-07-01"
      }
    },
    {
      "type": "Feature",
      "geometry": {
        "type": "Point",
        "coordinates": [
          14.5466723,
          47.4851663
        ]
      },
      "properties": {
        "id": "tk_at6r_osm_n6755045152",
        "name": "Seekiosk",
        "address": {},
        "sources": [
          {
            "type": "osm",
            "id": "node/6755045152",
            "version": 0
          }
        ],
        "created": "2026-05-29",
        "updated": "2026-07-27",
        "hours": {
          "raw": "Fr-Su 14:00-21:00"
        },
        "sources_by_field": {
          "name": "osm",
          "hours": "osm"
        },
        "apple_id_attempted": "2026-07-01",
        "google_attempted": "2026-07-04",
        "payment": {}
      }
    },
    {
      "type": "Feature",
      "geometry": {
        "type": "Point",
        "coordinates": [
          14.8305599,
          47.2124
        ]
      },
      "properties": {
        "id": "tk_at6r_osm_n7466654640",
        "name": "Die Genussmanufaktur",
        "address": {},
        "sources": [
          {
            "type": "osm",
            "id": "node/7466654640",
            "version": 0
          }
        ],
        "created": "2026-05-29",
        "updated": "2026-07-27",
        "hours": {
          "raw": "Mo-Fr 09:00-12:00,15:00-19:00; Sa 09:00-12:00"
        },
        "sources_by_field": {
          "name": "osm",
          "hours": "osm"
        },
        "apple_id_attempted": "2026-07-01",
        "google_attempted": "2026-07-04",
        "payment": {}
      }
    },
    {
      "type": "Feature",
      "geometry": {
        "type": "Point",
        "coordinates": [
          15.4215534,
          47.1032727
        ]
      },
      "properties": {
        "id": "tk_at6r_osm_n876289145",
        "name": "Trafik",
        "address": {
          "street": "Andritzer Reichsstraße",
          "number": "37b",
          "city": "Graz"
        },
        "sources": [
          {
            "type": "osm",
            "id": "node/876289145",
            "version": 0
          }
        ],
        "created": "2026-05-29",
        "updated": "2026-07-27",
        "hours": {
          "raw": "Sa 06:30-12:30; Mo-Fr 06:30-18:00"
        },
        "tags": [
          "barrierefrei"
        ],
        "sources_by_field": {
          "name": "osm",
          "address.street": "osm",
          "address.number": "osm",
          "address.city": "osm",
          "hours": "osm"
        },
        "apple_id_attempted": "2026-07-01",
        "google_attempted": "2026-07-04",
        "payment": {}
      }
    },
    {
      "type": "Feature",
      "geometry": {
        "type": "Point",
        "coordinates": [
          15.6502553,
          47.2815594
        ]
      },
      "properties": {
        "id": "tk_at6r_osm_n902505469",
        "name": "Zetzschachtel",
        "address": {},
        "sources": [
          {
            "type": "osm",
            "id": "node/902505469",
            "version": 0
          }
        ],
        "created": "2026-05-29",
        "updated": "2026-07-27",
        "sources_by_field": {
          "name": "osm"
        },
        "apple_id_attempted": "2026-07-01",
        "google_attempted": "2026-07-04",
        "payment": {}
      }
    },
    {
      "type": "Feature",
      "geometry": {
        "type": "Point",
        "coordinates": [
          15.4395296,
          46.9045239
        ]
      },
      "properties": {
        "id": "tk_at6r_osm_n907933893",
        "name": "Hofbräu Herzog",
        "address": {},
        "sources": [
          {
            "type": "osm",
            "id": "node/907933893",
            "version": 0
          }
        ],
        "created": "2026-05-29",
        "updated": "2026-07-27",
        "sources_by_field": {
          "name": "osm"
        },
        "apple_id_attempted": "2026-07-01",
        "google_attempted": "2026-07-04",
        "payment": {}
      }
    },
    {
      "type": "Feature",
      "geometry": {
        "type": "Point",
        "coordinates": [
          15.8325549,
          47.307801
        ]
      },
      "properties": {
        "id": "tk_at6r_osm_n9590422076",
        "name": "Das Poolhaus",
        "address": {},
        "sources": [
          {
            "type": "osm",
            "id": "node/9590422076",
            "version": 0
          }
        ],
        "created": "2026-05-29",
        "updated": "2026-07-27",
        "tags": [
          "draussen",
          "sitzgelegenheiten"
        ],
        "sources_by_field": {
          "name": "osm"
        },
        "apple_id_attempted": "2026-07-01",
        "google_attempted": "2026-07-04",
        "payment": {}
      }
    },
    {
      "type": "Feature",
      "geometry": {
        "type": "Point",
        "coordinates": [
          15.2866386,
          47.4387267
        ]
      },
      "properties": {
        "id": "tk_at6r_osm_n962115781",
        "name": "Schneidhofer",
        "address": {},
        "sources": [
          {
            "type": "osm",
            "id": "node/962115781",
            "version": 0
          }
        ],
        "created": "2026-05-29",
        "updated": "2026-07-27",
        "sources_by_field": {
          "name": "osm"
        },
        "apple_id_attempted": "2026-07-01",
        "google_attempted": "2026-07-04",
        "payment": {}
      }
    },
    {
      "type": "Feature",
      "geometry": {
        "type": "Point",
        "coordinates": [
          15.4286029,
          47.0519291
        ]
      },
      "properties": {
        "id": "tk_at6r_osm_n964874127",
        "name": "JessasMarie",
        "address": {},
        "sources": [
          {
            "type": "osm",
            "id": "node/964874127",
            "version": 0
          }
        ],
        "created": "2026-05-29",
        "updated": "2026-07-27",
        "tags": [
          "barrierefrei"
        ],
        "sources_by_field": {
          "name": "osm"
        },
        "apple_id_attempted": "2026-07-01",
        "google_attempted": "2026-07-04",
        "payment": {}
      }
    },
    {
      "type": "Feature",
      "geometry": {
        "type": "Point",
        "coordinates": [
          16.0124722,
          47.1688583
        ]
      },
      "properties": {
        "id": "tk_at6r_osm_w1016560686",
        "name": "Freibad-Kiosk",
        "address": {},
        "sources": [
          {
            "type": "osm",
            "id": "way/1016560686",
            "version": 0
          }
        ],
        "created": "2026-05-29",
        "updated": "2026-07-27",
        "sources_by_field": {
          "name": "osm"
        },
        "apple_id_attempted": "2026-07-01",
        "google_attempted": "2026-07-04",
        "payment": {}
      }
    },
    {
      "type": "Feature",
      "geometry": {
        "type": "Point",
        "coordinates": [
          15.4923519,
          47.0346885
        ]
      },
      "properties": {
        "id": "tk_at6r_osm_w147001167",
        "name": "Trafik",
        "address": {},
        "sources": [
          {
            "type": "osm",
            "id": "way/147001167",
            "version": 0
          }
        ],
        "created": "2026-05-29",
        "updated": "2026-07-27",
        "sources_by_field": {
          "name": "osm"
        },
        "apple_id_attempted": "2026-07-01",
        "google_attempted": "2026-07-04",
        "payment": {}
      }
    },
    {
      "type": "Feature",
      "geometry": {
        "type": "Point",
        "coordinates": [
          15.3589143,
          47.3471477
        ]
      },
      "properties": {
        "id": "tk_at6r_osm_w182048172",
        "name": "Würstelstand",
        "address": {
          "street": "Brucker Straße",
          "number": "2a",
          "city": "Pernegg an der Mur"
        },
        "sources": [
          {
            "type": "osm",
            "id": "way/182048172",
            "version": 0
          }
        ],
        "created": "2026-05-29",
        "updated": "2026-07-27",
        "sources_by_field": {
          "name": "osm",
          "address.street": "osm",
          "address.number": "osm",
          "address.city": "osm"
        },
        "apple_id_attempted": "2026-07-01",
        "google_attempted": "2026-07-04",
        "payment": {}
      }
    },
    {
      "type": "Feature",
      "geometry": {
        "type": "Point",
        "coordinates": [
          15.3917783,
          47.0687841
        ]
      },
      "properties": {
        "id": "tk_at6r_osm_w221771121",
        "name": "Tabak Trafik",
        "address": {
          "street": "Eckertstraße",
          "number": "126",
          "city": "Graz"
        },
        "sources": [
          {
            "type": "osm",
            "id": "way/221771121",
            "version": 0
          }
        ],
        "created": "2026-05-29",
        "updated": "2026-07-27",
        "sources_by_field": {
          "name": "osm",
          "address.street": "osm",
          "address.number": "osm",
          "address.city": "osm"
        },
        "apple_id_attempted": "2026-07-01",
        "google_attempted": "2026-07-04",
        "payment": {}
      }
    },
    {
      "type": "Feature",
      "geometry": {
        "type": "Point",
        "coordinates": [
          15.1515078,
          47.0452485
        ]
      },
      "properties": {
        "id": "tk_at6r_osm_w225168670",
        "name": "Trafik Brandstätter",
        "address": {
          "street": "Arnsteinstraße",
          "number": "3",
          "city": "Voitsberg"
        },
        "sources": [
          {
            "type": "osm",
            "id": "way/225168670",
            "version": 0
          }
        ],
        "created": "2026-05-29",
        "updated": "2026-07-27",
        "sources_by_field": {
          "name": "osm",
          "address.street": "osm",
          "address.number": "osm",
          "address.city": "osm"
        },
        "apple_id_attempted": "2026-07-01",
        "google_attempted": "2026-07-04",
        "payment": {}
      }
    },
    {
      "type": "Feature",
      "geometry": {
        "type": "Point",
        "coordinates": [
          13.9938087,
          47.459902
        ]
      },
      "properties": {
        "id": "tk_at6r_osm_w226565150",
        "name": "Drogerie Daily",
        "address": {
          "number": "209",
          "city": "Öblarn"
        },
        "sources": [
          {
            "type": "osm",
            "id": "way/226565150",
            "version": 0
          }
        ],
        "created": "2026-05-29",
        "updated": "2026-07-27",
        "sources_by_field": {
          "name": "osm",
          "address.number": "osm",
          "address.city": "osm"
        },
        "apple_id_attempted": "2026-07-01",
        "google_attempted": "2026-07-04",
        "payment": {}
      }
    },
    {
      "type": "Feature",
      "geometry": {
        "type": "Point",
        "coordinates": [
          15.4173649,
          47.495789
        ]
      },
      "properties": {
        "id": "tk_at6r_osm_w326925056",
        "name": "Trafik",
        "address": {
          "street": "Grazer Straße",
          "number": "60",
          "city": "Kindberg"
        },
        "sources": [
          {
            "type": "osm",
            "id": "way/326925056",
            "version": 0
          }
        ],
        "created": "2026-05-29",
        "updated": "2026-07-27",
        "sources_by_field": {
          "name": "osm",
          "address.street": "osm",
          "address.number": "osm",
          "address.city": "osm"
        },
        "apple_id_attempted": "2026-07-01",
        "google_attempted": "2026-07-04",
        "payment": {}
      }
    },
    {
      "type": "Feature",
      "geometry": {
        "type": "Point",
        "coordinates": [
          15.417449,
          47.0726049
        ]
      },
      "properties": {
        "id": "tk_at6r_osm_w373217870",
        "name": "Schöllbauer",
        "address": {
          "street": "Europaplatz",
          "number": "5",
          "city": "Graz"
        },
        "sources": [
          {
            "type": "osm",
            "id": "way/373217870",
            "version": 0
          }
        ],
        "created": "2026-06-29",
        "updated": "2026-07-27",
        "tags": [
          "barrierefrei"
        ],
        "sources_by_field": {
          "name": "osm",
          "address.street": "osm",
          "address.number": "osm",
          "address.city": "osm"
        },
        "apple_id_attempted": "2026-07-01",
        "google_attempted": "2026-07-04",
        "payment": {}
      }
    },
    {
      "type": "Feature",
      "geometry": {
        "type": "Point",
        "coordinates": [
          15.230108,
          46.6819021
        ]
      },
      "properties": {
        "id": "tk_at6r_osm_w487425780",
        "name": "BP SB- Tankstelle Eybel",
        "address": {
          "number": "72",
          "city": "Eibiswald"
        },
        "sources": [
          {
            "type": "osm",
            "id": "way/487425780",
            "version": 0
          }
        ],
        "created": "2026-05-29",
        "updated": "2026-07-27",
        "hours": {
          "raw": "24/7"
        },
        "payment": {
          "cash": "yes",
          "cards": "yes",
          "contactless": "unknown",
          "girocard": "unknown"
        },
        "sources_by_field": {
          "name": "osm",
          "address.number": "osm",
          "address.city": "osm",
          "hours": "osm",
          "payment.cash": "osm",
          "payment.cards": "osm",
          "payment.contactless": "osm",
          "payment.girocard": "osm"
        },
        "apple_id_attempted": "2026-07-01"
      }
    },
    {
      "type": "Feature",
      "geometry": {
        "type": "Point",
        "coordinates": [
          15.4512544,
          47.0693023
        ]
      },
      "properties": {
        "id": "tk_at6r_osm_w87261862",
        "name": "Trafikplus",
        "address": {},
        "sources": [
          {
            "type": "osm",
            "id": "way/87261862",
            "version": 0
          }
        ],
        "created": "2026-05-29",
        "updated": "2026-07-27",
        "hours": {
          "raw": "Mo-Fr 07:00-18:00; Sa 08:00-13:00"
        },
        "tags": [
          "barrierefrei"
        ],
        "sources_by_field": {
          "name": "osm",
          "hours": "osm"
        },
        "apple_id_attempted": "2026-07-01",
        "google_attempted": "2026-07-04",
        "payment": {}
      }
    }
  ]
}
