{
  "type": "FeatureCollection",
  "features": [
    {
      "type": "Feature",
      "geometry": {
        "type": "Point",
        "coordinates": [
          13.2770391,
          52.6935108
        ]
      },
      "properties": {
        "id": "tk_bbr_osm_n1013988088",
        "name": "Markgrafen",
        "address": {
          "street": "Hauptstraße",
          "number": "98",
          "postalcode": "16547",
          "city": "Birkenwerder"
        },
        "sources": [
          {
            "type": "osm",
            "id": "node/1013988088",
            "version": 0
          },
          {
            "type": "gmaps",
            "id": "ChIJryIwdV6qqUcR6KUttOGZGuc"
          }
        ],
        "created": "2026-05-28",
        "updated": "2026-06-15",
        "hours": {
          "raw": "Tu 09:00-18:00; Th 09:00-18:00; Fr 09:00-18:00; We 09:00-18:00; Mo 09:00-18:00; Sa 09:00-16:00"
        },
        "tags": [
          "barrierefrei"
        ],
        "sources_by_field": {
          "name": "osm",
          "address.street": "osm",
          "address.number": "osm",
          "address.postalcode": "osm",
          "address.city": "osm",
          "hours": "google",
          "payment.cards": "google",
          "payment.contactless": "google",
          "payment.girocard": "google"
        },
        "apple_id_attempted": "2026-05-29",
        "google_attempted": "2026-05-29",
        "payment": {
          "cards": "no",
          "contactless": "yes",
          "girocard": "yes"
        }
      }
    },
    {
      "type": "Feature",
      "geometry": {
        "type": "Point",
        "coordinates": [
          13.3051168,
          51.8918867
        ]
      },
      "properties": {
        "id": "tk_bbr_osm_n10168649925",
        "name": "Süßmost und Weinkelterei Hohenseefeld GmbH",
        "address": {},
        "sources": [
          {
            "type": "osm",
            "id": "node/10168649925",
            "version": 0
          },
          {
            "type": "apple",
            "id": "6302947593077014420"
          }
        ],
        "created": "2026-05-28",
        "updated": "2026-06-15",
        "hours": {
          "raw": "Th 09:00-12:00,13:00-17:30; Fr-We,PH off"
        },
        "payment": {
          "cash": "yes",
          "cards": "unknown",
          "contactless": "unknown",
          "girocard": "unknown"
        },
        "sources_by_field": {
          "name": "osm",
          "hours": "osm",
          "payment.cash": "osm",
          "payment.cards": "osm",
          "payment.contactless": "osm",
          "payment.girocard": "osm"
        }
      }
    },
    {
      "type": "Feature",
      "geometry": {
        "type": "Point",
        "coordinates": [
          13.6849308,
          52.8484054
        ]
      },
      "properties": {
        "id": "tk_bbr_osm_n10187061961",
        "name": "Rössler",
        "address": {},
        "sources": [
          {
            "type": "osm",
            "id": "node/10187061961",
            "version": 0
          },
          {
            "type": "gmaps",
            "id": "ChIJ_6l_M_u7qUcRXozzSgumrB0"
          }
        ],
        "created": "2026-05-28",
        "updated": "2026-06-15",
        "sources_by_field": {
          "name": "osm",
          "hours": "google",
          "payment.cards": "google",
          "payment.contactless": "google",
          "payment.girocard": "google"
        },
        "apple_id_attempted": "2026-05-29",
        "google_attempted": "2026-05-29",
        "hours": {
          "raw": "Tu 08:00-18:30; Th 08:00-18:30; Fr 08:00-18:30; We 08:00-18:30; Mo 08:00-18:30; Sa 08:00-13:00"
        },
        "payment": {
          "cards": "no",
          "contactless": "yes",
          "girocard": "yes"
        }
      }
    },
    {
      "type": "Feature",
      "geometry": {
        "type": "Point",
        "coordinates": [
          13.4387322,
          52.7141707
        ]
      },
      "properties": {
        "id": "tk_bbr_osm_n10202456318",
        "name": "Getränke von A-Z",
        "address": {},
        "sources": [
          {
            "type": "osm",
            "id": "node/10202456318",
            "version": 0
          },
          {
            "type": "gmaps",
            "id": "ChIJH6qVFoCuqUcRcK4h2Bkp5xI"
          }
        ],
        "created": "2026-05-28",
        "updated": "2026-06-15",
        "sources_by_field": {
          "name": "osm",
          "hours": "google",
          "payment.cards": "google",
          "payment.contactless": "google",
          "payment.girocard": "google"
        },
        "apple_id_attempted": "2026-05-29",
        "google_attempted": "2026-05-29",
        "hours": {
          "raw": "Tu 09:00-20:00; Th 09:00-20:00; Fr 09:00-20:00; We 09:00-20:00; Mo 09:00-20:00; Sa 09:00-20:00"
        },
        "payment": {
          "cards": "no",
          "contactless": "yes",
          "girocard": "yes"
        }
      }
    },
    {
      "type": "Feature",
      "geometry": {
        "type": "Point",
        "coordinates": [
          12.997661,
          52.5393035
        ]
      },
      "properties": {
        "id": "tk_bbr_osm_n10729889071",
        "name": "Netto Getränke-Discount",
        "address": {},
        "sources": [
          {
            "type": "osm",
            "id": "node/10729889071",
            "version": 0
          },
          {
            "type": "gmaps",
            "id": "ChIJF3s_aoH7qEcRMoyhG6VwhUc"
          }
        ],
        "created": "2026-05-28",
        "updated": "2026-06-15",
        "sources_by_field": {
          "name": "osm",
          "hours": "google",
          "payment.cards": "google",
          "payment.contactless": "google",
          "payment.girocard": "google"
        },
        "apple_id_attempted": "2026-05-29",
        "google_attempted": "2026-05-29",
        "hours": {
          "raw": "Tu 07:00-20:00; Th 07:00-20:00; Fr 07:00-20:00; We 07:00-20:00; Mo 07:00-20:00; Sa 07:00-20:00"
        },
        "payment": {
          "cards": "no",
          "contactless": "yes",
          "girocard": "yes"
        }
      }
    },
    {
      "type": "Feature",
      "geometry": {
        "type": "Point",
        "coordinates": [
          13.748652,
          52.8667108
        ]
      },
      "properties": {
        "id": "tk_bbr_osm_n11067716117",
        "name": "Lichterfelder Einkaufsquelle",
        "address": {},
        "sources": [
          {
            "type": "osm",
            "id": "node/11067716117",
            "version": 0
          },
          {
            "type": "apple",
            "id": "13925876969907148690"
          },
          {
            "type": "gmaps",
            "id": "ChIJN3-dnTa_qUcROM_wlPv8lRI"
          }
        ],
        "created": "2026-05-28",
        "updated": "2026-06-15",
        "sources_by_field": {
          "name": "osm",
          "payment.cards": "google",
          "payment.contactless": "apple",
          "payment.girocard": "google"
        },
        "apple_attempted": "2026-05-29",
        "google_attempted": "2026-05-29",
        "payment": {
          "cards": "no",
          "contactless": "yes",
          "girocard": "yes"
        }
      }
    },
    {
      "type": "Feature",
      "geometry": {
        "type": "Point",
        "coordinates": [
          12.5520114,
          52.402305
        ]
      },
      "properties": {
        "id": "tk_bbr_osm_n11113796484",
        "name": "Getränke-Markt Rössler",
        "address": {
          "street": "Wilhelmsdorfer Straße",
          "number": "4",
          "postalcode": "14776",
          "city": "Brandenburg an der Havel"
        },
        "sources": [
          {
            "type": "osm",
            "id": "node/11113796484",
            "version": 0
          },
          {
            "type": "apple",
            "id": "13491512412817305501"
          }
        ],
        "created": "2026-05-28",
        "updated": "2026-06-15",
        "hours": {
          "raw": "Mo-Fr 08:30-18:00; Sa 08:00-13:00; Su off"
        },
        "payment": {
          "cash": "yes",
          "cards": "yes",
          "contactless": "unknown",
          "girocard": "unknown"
        },
        "sources_by_field": {
          "name": "osm",
          "address.street": "osm",
          "address.number": "osm",
          "address.postalcode": "osm",
          "address.city": "osm",
          "hours": "osm",
          "payment.cash": "osm",
          "payment.cards": "osm",
          "payment.contactless": "osm",
          "payment.girocard": "osm"
        }
      }
    },
    {
      "type": "Feature",
      "geometry": {
        "type": "Point",
        "coordinates": [
          13.5064969,
          52.3654487
        ]
      },
      "properties": {
        "id": "tk_bbr_osm_n11197859042",
        "name": "Spreewald&more",
        "address": {},
        "sources": [
          {
            "type": "osm",
            "id": "node/11197859042",
            "version": 0
          },
          {
            "type": "apple",
            "id": "7623831927692495799"
          }
        ],
        "created": "2026-05-28",
        "updated": "2026-06-15",
        "sources_by_field": {
          "name": "osm",
          "hours": "apple"
        },
        "apple_attempted": "2026-05-29",
        "google_attempted": "2026-05-29",
        "hours": {
          "raw": "Mo-Su 06:00-21:00"
        },
        "payment": {}
      }
    },
    {
      "type": "Feature",
      "geometry": {
        "type": "Point",
        "coordinates": [
          13.9673938,
          51.8619684
        ]
      },
      "properties": {
        "id": "tk_bbr_osm_n11553924041",
        "name": "Gurken Drive Lübbenau",
        "address": {},
        "sources": [
          {
            "type": "osm",
            "id": "node/11553924041",
            "version": 0
          },
          {
            "type": "gmaps",
            "id": "ChIJQyVbd5gHCEcR3fX51K5mtB8"
          }
        ],
        "created": "2026-05-28",
        "updated": "2026-06-15",
        "hours": {
          "raw": "Tu 10:00-17:00; Th 10:00-17:00; Fr 10:00-17:00; We 10:00-17:00; Mo 10:00-17:00; Sa 09:00-18:00; Su 10:00-18:00"
        },
        "sources_by_field": {
          "name": "osm",
          "hours": "google",
          "payment.cards": "google",
          "payment.contactless": "google",
          "payment.girocard": "google"
        },
        "apple_id_attempted": "2026-05-29",
        "google_attempted": "2026-05-29",
        "payment": {
          "cards": "no",
          "contactless": "yes",
          "girocard": "yes"
        }
      }
    },
    {
      "type": "Feature",
      "geometry": {
        "type": "Point",
        "coordinates": [
          14.4143315,
          52.2449987
        ]
      },
      "properties": {
        "id": "tk_bbr_osm_n1168216876",
        "name": "Lotto-Zeitungs-Shop Albinus",
        "address": {
          "street": "Beeskower Straße",
          "number": "4",
          "postalcode": "15299",
          "city": "Müllrose"
        },
        "sources": [
          {
            "type": "osm",
            "id": "node/1168216876",
            "version": 0
          },
          {
            "type": "apple",
            "id": "63965012129335137"
          }
        ],
        "created": "2026-05-28",
        "updated": "2026-06-15",
        "hours": {
          "raw": "Mo-Fr 08:00-12:00,14:00-18:00; Sa 08:00-12:00"
        },
        "sources_by_field": {
          "name": "osm",
          "address.street": "osm",
          "address.number": "osm",
          "address.postalcode": "osm",
          "address.city": "osm",
          "hours": "apple",
          "payment.cards": "apple",
          "payment.contactless": "apple"
        },
        "apple_attempted": "2026-05-29",
        "payment": {
          "cards": "yes",
          "contactless": "yes"
        }
      }
    },
    {
      "type": "Feature",
      "geometry": {
        "type": "Point",
        "coordinates": [
          13.9357975,
          52.7933568
        ]
      },
      "properties": {
        "id": "tk_bbr_osm_n11901422143",
        "name": "Kiosk Brennerei Cöthen",
        "address": {},
        "sources": [
          {
            "type": "osm",
            "id": "node/11901422143",
            "version": 0
          },
          {
            "type": "gmaps",
            "id": "ChIJedmwK_DFqUcRKDY4vdGNby4"
          }
        ],
        "created": "2026-05-28",
        "updated": "2026-06-15",
        "hours": {
          "raw": "Fr 10:00-18:00; Sa 10:00-18:00; Su 10:00-18:00"
        },
        "sources_by_field": {
          "name": "osm",
          "hours": "google",
          "payment.cards": "google",
          "payment.contactless": "google",
          "payment.girocard": "google"
        },
        "apple_id_attempted": "2026-05-29",
        "google_attempted": "2026-05-29",
        "payment": {
          "cards": "no",
          "contactless": "yes",
          "girocard": "yes"
        }
      }
    },
    {
      "type": "Feature",
      "geometry": {
        "type": "Point",
        "coordinates": [
          13.7203771,
          52.3963991
        ]
      },
      "properties": {
        "id": "tk_bbr_osm_n12323230524",
        "name": "GO Tankstelle",
        "address": {
          "street": "Am Müggelpark",
          "number": "35",
          "postalcode": "15537",
          "city": "Gosen-Neu Zittau"
        },
        "sources": [
          {
            "type": "osm",
            "id": "node/12323230524",
            "version": 0
          },
          {
            "type": "gmaps",
            "id": "ChIJcy1OJ887ZUER9D4XFSZL464"
          }
        ],
        "created": "2026-05-28",
        "updated": "2026-06-15",
        "sources_by_field": {
          "name": "osm",
          "address.street": "osm",
          "address.number": "osm",
          "address.postalcode": "osm",
          "address.city": "osm",
          "hours": "google",
          "payment.cards": "google",
          "payment.contactless": "google",
          "payment.girocard": "google"
        },
        "apple_id_attempted": "2026-05-29",
        "google_attempted": "2026-05-29",
        "hours": {
          "raw": "Tu 06:00-20:30; Th 06:00-20:30; Fr 06:00-20:30; We 06:00-20:30; Mo 06:00-20:30; Sa 07:00-20:30; Su 07:00-20:30"
        },
        "payment": {
          "cards": "no",
          "contactless": "yes",
          "girocard": "yes"
        }
      }
    },
    {
      "type": "Feature",
      "geometry": {
        "type": "Point",
        "coordinates": [
          14.6481915,
          52.1443069
        ]
      },
      "properties": {
        "id": "tk_bbr_osm_n12876422952",
        "name": "GECO",
        "address": {
          "street": "Fährstraße",
          "number": "35",
          "postalcode": "15890",
          "city": "Eisenhüttenstadt"
        },
        "sources": [
          {
            "type": "osm",
            "id": "node/12876422952",
            "version": 0
          },
          {
            "type": "gmaps",
            "id": "ChIJ26tEPGO4B0cRksH3vbSvENM"
          }
        ],
        "created": "2026-05-28",
        "updated": "2026-06-15",
        "hours": {
          "raw": "Tu 08:00-20:00; Th 08:00-20:00; Fr 08:00-20:00; We 08:00-20:00; Mo 08:00-20:00; Sa 08:00-20:00"
        },
        "sources_by_field": {
          "name": "osm",
          "address.street": "osm",
          "address.number": "osm",
          "address.postalcode": "osm",
          "address.city": "osm",
          "hours": "google"
        },
        "apple_id_attempted": "2026-05-29",
        "google_attempted": "2026-05-29",
        "payment": {}
      }
    },
    {
      "type": "Feature",
      "geometry": {
        "type": "Point",
        "coordinates": [
          13.6059572,
          53.265952
        ]
      },
      "properties": {
        "id": "tk_bbr_osm_n12877052382",
        "name": "Getränke A-Z | Die Getränkekönner",
        "address": {
          "street": "Wegguner Straße",
          "number": "9",
          "postalcode": "17268"
        },
        "sources": [
          {
            "type": "osm",
            "id": "node/12877052382",
            "version": 0
          },
          {
            "type": "gmaps",
            "id": "ChIJYcHa0vyAqUcRPVoDPLdQx98"
          }
        ],
        "created": "2026-05-28",
        "updated": "2026-06-15",
        "payment": {
          "cash": "unknown",
          "cards": "no",
          "contactless": "yes",
          "girocard": "yes"
        },
        "sources_by_field": {
          "name": "osm",
          "address.street": "osm",
          "address.number": "osm",
          "address.postalcode": "osm",
          "payment.cash": "osm",
          "payment.cards": "google",
          "payment.contactless": "google",
          "payment.girocard": "google",
          "hours": "google"
        },
        "apple_id_attempted": "2026-05-29",
        "google_attempted": "2026-05-29",
        "hours": {
          "raw": "Tu 08:00-18:00; Th 08:00-18:00; Fr 08:00-18:00; We 08:00-18:00; Mo 08:00-18:00; Sa 08:00-12:00"
        }
      }
    },
    {
      "type": "Feature",
      "geometry": {
        "type": "Point",
        "coordinates": [
          14.6924213,
          51.9588233
        ]
      },
      "properties": {
        "id": "tk_bbr_osm_n1599062090",
        "name": "Getränkemarkt Vorwerk",
        "address": {},
        "sources": [
          {
            "type": "osm",
            "id": "node/1599062090",
            "version": 0
          },
          {
            "type": "gmaps",
            "id": "ChIJb2VDRSHOB0cR_WzQOORqrak"
          }
        ],
        "created": "2026-05-28",
        "updated": "2026-06-15",
        "sources_by_field": {
          "name": "osm",
          "hours": "google",
          "payment.cards": "google",
          "payment.contactless": "google",
          "payment.girocard": "google"
        },
        "apple_id_attempted": "2026-05-29",
        "google_attempted": "2026-05-29",
        "hours": {
          "raw": "Tu 09:00-18:00; Th 09:00-18:00; Fr 09:00-18:00; We 09:00-18:00; Mo 09:00-18:00; Sa 09:00-13:00"
        },
        "payment": {
          "cards": "no",
          "contactless": "yes",
          "girocard": "yes"
        }
      }
    },
    {
      "type": "Feature",
      "geometry": {
        "type": "Point",
        "coordinates": [
          13.7232611,
          51.8514791
        ]
      },
      "properties": {
        "id": "tk_bbr_osm_n1988342561",
        "name": "GP Getränkemarkt",
        "address": {
          "street": "Calauer Straße",
          "number": "26A",
          "postalcode": "15926",
          "city": "Luckau"
        },
        "sources": [
          {
            "type": "osm",
            "id": "node/1988342561",
            "version": 0
          },
          {
            "type": "gmaps",
            "id": "ChIJO5gqf_T-p0cR4SeMsG7O5JQ"
          }
        ],
        "created": "2026-05-28",
        "updated": "2026-06-15",
        "sources_by_field": {
          "name": "osm",
          "address.street": "osm",
          "address.number": "osm",
          "address.postalcode": "osm",
          "address.city": "osm",
          "hours": "google",
          "payment.cards": "google",
          "payment.contactless": "google",
          "payment.girocard": "google"
        },
        "apple_id_attempted": "2026-05-29",
        "google_attempted": "2026-05-29",
        "hours": {
          "raw": "Tu 09:00-19:00; Th 09:00-19:00; Fr 09:00-19:00; We 09:00-19:00; Mo 09:00-19:00; Sa 09:00-14:00"
        },
        "payment": {
          "cards": "no",
          "contactless": "yes",
          "girocard": "yes"
        }
      }
    },
    {
      "type": "Feature",
      "geometry": {
        "type": "Point",
        "coordinates": [
          12.8431037,
          53.1855708
        ]
      },
      "properties": {
        "id": "tk_bbr_osm_n2355901441",
        "name": "Zollstock Axel",
        "address": {},
        "sources": [
          {
            "type": "osm",
            "id": "node/2355901441",
            "version": 0
          },
          {
            "type": "gmaps",
            "id": "ChIJGSWFv5pEqUcRqHgo5FRJuvA"
          }
        ],
        "created": "2026-05-28",
        "updated": "2026-06-15",
        "sources_by_field": {
          "name": "osm",
          "hours": "google"
        },
        "apple_id_attempted": "2026-05-29",
        "google_attempted": "2026-05-29",
        "hours": {
          "raw": "Th 10:00-18:00; Fr 10:00-22:00; We 10:00-18:00; Mo 10:00-18:00; Sa 10:00-22:00; Su 10:00-18:00"
        },
        "payment": {}
      }
    },
    {
      "type": "Feature",
      "geometry": {
        "type": "Point",
        "coordinates": [
          14.7113821,
          51.9507731
        ]
      },
      "properties": {
        "id": "tk_bbr_osm_n2381917757",
        "name": "Purz Getränkegroßhandel",
        "address": {
          "street": "Straupitzstraße",
          "number": "10",
          "postalcode": "03172",
          "city": "Guben"
        },
        "sources": [
          {
            "type": "osm",
            "id": "node/2381917757",
            "version": 0
          },
          {
            "type": "apple",
            "id": "15623396748069352059"
          },
          {
            "type": "gmaps",
            "id": "ChIJYZQkV_3RB0cRFCB6OL7Yv2M"
          }
        ],
        "created": "2026-05-28",
        "updated": "2026-06-15",
        "sources_by_field": {
          "name": "osm",
          "address.street": "osm",
          "address.number": "osm",
          "address.postalcode": "osm",
          "address.city": "osm",
          "hours": "google",
          "payment.cards": "google",
          "payment.girocard": "google"
        },
        "apple_attempted": "2026-05-29",
        "google_attempted": "2026-05-29",
        "hours": {
          "raw": "Tu 08:00-16:30; Th 08:00-16:30; Fr 08:00-16:30; We 08:00-16:30; Mo 08:00-16:30"
        },
        "payment": {
          "cards": "yes",
          "girocard": "yes"
        }
      }
    },
    {
      "type": "Feature",
      "geometry": {
        "type": "Point",
        "coordinates": [
          13.8958342,
          52.0593817
        ]
      },
      "properties": {
        "id": "tk_bbr_osm_n2515691424",
        "name": "Spreewälder Hof",
        "address": {
          "street": "Lübbener Straße",
          "number": "10",
          "postalcode": "15910",
          "city": "Unterspreewald",
          "district": "Neu Lübbenau"
        },
        "sources": [
          {
            "type": "osm",
            "id": "node/2515691424",
            "version": 0
          },
          {
            "type": "apple",
            "id": "7284675494594990951"
          },
          {
            "type": "gmaps",
            "id": "ChIJnXOn704dqEcRdwHc-KVUFv4"
          }
        ],
        "created": "2026-05-28",
        "updated": "2026-06-15",
        "sources_by_field": {
          "name": "osm",
          "address.street": "osm",
          "address.number": "osm",
          "address.postalcode": "osm",
          "address.city": "osm",
          "address.district": "osm",
          "hours": "google",
          "payment.cards": "google",
          "payment.girocard": "google"
        },
        "apple_attempted": "2026-05-29",
        "google_attempted": "2026-05-29",
        "hours": {
          "raw": "Tu 10:00-16:00; Th 10:00-16:00; Fr 10:00-16:00; We 10:00-16:00; Mo 10:00-16:00"
        },
        "payment": {
          "cards": "yes",
          "girocard": "yes"
        }
      }
    },
    {
      "type": "Feature",
      "geometry": {
        "type": "Point",
        "coordinates": [
          13.995461,
          53.0238007
        ]
      },
      "properties": {
        "id": "tk_bbr_osm_n2527278609",
        "name": "Getränke von A - Z Fachmarkt",
        "address": {
          "street": "Templiner Straße",
          "postalcode": "16278",
          "city": "Angermünde"
        },
        "sources": [
          {
            "type": "osm",
            "id": "node/2527278609",
            "version": 0
          },
          {
            "type": "gmaps",
            "id": "ChIJtzKg5KDtqUcRpTZBw2PnbgU"
          }
        ],
        "created": "2026-05-28",
        "updated": "2026-06-15",
        "hours": {
          "raw": "Tu 08:00-18:30; Th 08:00-18:30; Fr 08:00-18:30; We 08:00-18:30; Mo 08:00-18:30; Sa 08:00-13:00"
        },
        "tags": [
          "barrierefrei"
        ],
        "sources_by_field": {
          "name": "osm",
          "address.street": "osm",
          "address.postalcode": "osm",
          "address.city": "osm",
          "hours": "google",
          "payment.cards": "google",
          "payment.contactless": "google",
          "payment.girocard": "google"
        },
        "apple_id_attempted": "2026-05-29",
        "google_attempted": "2026-05-29",
        "payment": {
          "cards": "no",
          "contactless": "yes",
          "girocard": "yes"
        }
      }
    },
    {
      "type": "Feature",
      "geometry": {
        "type": "Point",
        "coordinates": [
          13.7573565,
          52.5285221
        ]
      },
      "properties": {
        "id": "tk_bbr_osm_n2730734056",
        "name": "Getränkeland",
        "address": {
          "street": "Altlandsberger Chaussee",
          "number": "116-117",
          "postalcode": "15370",
          "city": "Fredersdorf-Vogelsdorf",
          "district": "Fredersdorf-Nord"
        },
        "sources": [
          {
            "type": "osm",
            "id": "node/2730734056",
            "version": 0
          },
          {
            "type": "gmaps",
            "id": "ChIJpbHXr-o1qEcRmeZsUcC0nCg"
          }
        ],
        "created": "2026-05-28",
        "updated": "2026-06-15",
        "hours": {
          "raw": "Tu 08:00-18:30; Th 08:00-18:30; Fr 08:00-18:30; We 08:00-18:30; Mo 08:00-18:30; Sa 08:00-13:00"
        },
        "tags": [
          "barrierefrei"
        ],
        "sources_by_field": {
          "name": "osm",
          "address.street": "osm",
          "address.number": "osm",
          "address.postalcode": "osm",
          "address.city": "osm",
          "address.district": "osm",
          "hours": "google",
          "payment.cards": "google"
        },
        "apple_id_attempted": "2026-05-29",
        "google_attempted": "2026-05-29",
        "payment": {
          "cards": "no"
        }
      }
    },
    {
      "type": "Feature",
      "geometry": {
        "type": "Point",
        "coordinates": [
          11.7550224,
          52.9991023
        ]
      },
      "properties": {
        "id": "tk_bbr_osm_n2736474135",
        "name": "Kiosk \"Alte Tankstelle\"",
        "address": {
          "street": "Perleberger Straße",
          "number": "149",
          "postalcode": "19322",
          "city": "Wittenberge"
        },
        "sources": [
          {
            "type": "osm",
            "id": "node/2736474135",
            "version": 0
          },
          {
            "type": "gmaps",
            "id": "ChIJ0-nwl0HvrkcRMACQn8Z3a0M"
          }
        ],
        "created": "2026-05-28",
        "updated": "2026-06-15",
        "sources_by_field": {
          "name": "osm",
          "address.street": "osm",
          "address.number": "osm",
          "address.postalcode": "osm",
          "address.city": "osm"
        },
        "apple_id_attempted": "2026-05-29",
        "google_attempted": "2026-05-29",
        "payment": {}
      }
    },
    {
      "type": "Feature",
      "geometry": {
        "type": "Point",
        "coordinates": [
          13.0873268,
          51.9999378
        ]
      },
      "properties": {
        "id": "tk_bbr_osm_n279647943",
        "name": "GP-Jüterbog",
        "address": {},
        "sources": [
          {
            "type": "osm",
            "id": "node/279647943",
            "version": 0
          },
          {
            "type": "gmaps",
            "id": "ChIJC6LjJfR4qEcRTdpPkgHn8YE"
          }
        ],
        "created": "2026-05-28",
        "updated": "2026-06-15",
        "hours": {
          "raw": "Tu 08:00-20:00; Th 08:00-20:00; Fr 08:00-20:00; We 08:00-20:00; Mo 08:00-20:00; Sa 08:00-18:00"
        },
        "sources_by_field": {
          "name": "osm",
          "hours": "google",
          "payment.cards": "google",
          "payment.contactless": "google",
          "payment.girocard": "google"
        },
        "apple_id_attempted": "2026-05-29",
        "google_attempted": "2026-05-29",
        "payment": {
          "cards": "no",
          "contactless": "yes",
          "girocard": "yes"
        }
      }
    },
    {
      "type": "Feature",
      "geometry": {
        "type": "Point",
        "coordinates": [
          14.3861176,
          52.5247793
        ]
      },
      "properties": {
        "id": "tk_bbr_osm_n297649292",
        "name": "SB Tank Seelow",
        "address": {
          "street": "Frankfurter Straße",
          "number": "33a",
          "postalcode": "15306",
          "city": "Seelow"
        },
        "sources": [
          {
            "type": "osm",
            "id": "node/297649292",
            "version": 0
          },
          {
            "type": "apple",
            "id": "17911440708658475011"
          }
        ],
        "created": "2026-05-28",
        "updated": "2026-06-15",
        "hours": {
          "raw": "Mo-Fr 05:00-21:00; Sa 06:00-21:00; Su 07:00-21:00"
        },
        "tags": [
          "barrierefrei"
        ],
        "sources_by_field": {
          "name": "osm",
          "address.street": "osm",
          "address.number": "osm",
          "address.postalcode": "osm",
          "address.city": "osm",
          "hours": "apple",
          "payment.cards": "apple",
          "payment.contactless": "apple"
        },
        "apple_attempted": "2026-05-29",
        "payment": {
          "cards": "yes",
          "contactless": "yes"
        }
      }
    },
    {
      "type": "Feature",
      "geometry": {
        "type": "Point",
        "coordinates": [
          14.0006411,
          53.0024173
        ]
      },
      "properties": {
        "id": "tk_bbr_osm_n3189252302",
        "name": "Getränkevertrieb Rössler",
        "address": {
          "street": "Südring",
          "number": "1",
          "postalcode": "16278",
          "city": "Angermünde"
        },
        "sources": [
          {
            "type": "osm",
            "id": "node/3189252302",
            "version": 0
          },
          {
            "type": "gmaps",
            "id": "ChIJyVCkEmX2qUcROQcidHNetHs"
          }
        ],
        "created": "2026-05-28",
        "updated": "2026-06-15",
        "sources_by_field": {
          "name": "osm",
          "address.street": "osm",
          "address.number": "osm",
          "address.postalcode": "osm",
          "address.city": "osm",
          "hours": "google",
          "payment.cards": "google",
          "payment.contactless": "google",
          "payment.girocard": "google"
        },
        "apple_id_attempted": "2026-05-29",
        "google_attempted": "2026-05-29",
        "hours": {
          "raw": "Tu 10:00-18:00; Th 10:00-18:00; Fr 10:00-18:00; We 10:00-18:00; Mo 10:00-18:00"
        },
        "payment": {
          "cards": "yes",
          "contactless": "yes",
          "girocard": "yes"
        }
      }
    },
    {
      "type": "Feature",
      "geometry": {
        "type": "Point",
        "coordinates": [
          14.0633402,
          52.3568793
        ]
      },
      "properties": {
        "id": "tk_bbr_osm_n3300658186",
        "name": "Getränkehaus Mord",
        "address": {
          "street": "Mühlenstraße",
          "number": "17",
          "postalcode": "15517",
          "city": "Fürstenwalde/Spree"
        },
        "sources": [
          {
            "type": "osm",
            "id": "node/3300658186",
            "version": 0
          },
          {
            "type": "apple",
            "id": "6884251545539477815"
          },
          {
            "type": "gmaps",
            "id": "ChIJFT__yvQnqEcRr1DIkeg9XWU"
          }
        ],
        "created": "2026-05-28",
        "updated": "2026-06-15",
        "sources_by_field": {
          "name": "osm",
          "address.street": "osm",
          "address.number": "osm",
          "address.postalcode": "osm",
          "address.city": "osm",
          "hours": "google"
        },
        "apple_attempted": "2026-05-29",
        "google_attempted": "2026-05-29",
        "hours": {
          "raw": "Tu 10:00-18:00; Th 10:00-18:00; Fr 10:00-17:00; We 10:00-17:00; Su 07:00-12:00"
        },
        "payment": {}
      }
    },
    {
      "type": "Feature",
      "geometry": {
        "type": "Point",
        "coordinates": [
          12.4091173,
          52.3883484
        ]
      },
      "properties": {
        "id": "tk_bbr_osm_n3412517939",
        "name": "Südtor-Shop",
        "address": {},
        "sources": [
          {
            "type": "osm",
            "id": "node/3412517939",
            "version": 0
          },
          {
            "type": "gmaps",
            "id": "ChIJC4nBVne4qEcRY3Qh0LzWENA"
          }
        ],
        "created": "2026-05-28",
        "updated": "2026-06-15",
        "sources_by_field": {
          "name": "osm"
        },
        "apple_id_attempted": "2026-05-29",
        "google_attempted": "2026-05-29",
        "payment": {}
      }
    },
    {
      "type": "Feature",
      "geometry": {
        "type": "Point",
        "coordinates": [
          13.4048158,
          52.8728069
        ]
      },
      "properties": {
        "id": "tk_bbr_osm_n3445936789",
        "name": "Getränke-Markt Rössler",
        "address": {},
        "sources": [
          {
            "type": "osm",
            "id": "node/3445936789",
            "version": 0
          },
          {
            "type": "apple",
            "id": "9147542386301231121"
          }
        ],
        "created": "2026-05-28",
        "updated": "2026-06-15",
        "sources_by_field": {
          "name": "osm",
          "hours": "apple",
          "payment.cards": "apple",
          "payment.contactless": "apple"
        },
        "apple_attempted": "2026-05-29",
        "hours": {
          "raw": "Mo-Fr 08:00-18:30; Sa 08:00-14:00"
        },
        "payment": {
          "cards": "yes",
          "contactless": "yes"
        }
      }
    },
    {
      "type": "Feature",
      "geometry": {
        "type": "Point",
        "coordinates": [
          13.1898348,
          51.9174664
        ]
      },
      "properties": {
        "id": "tk_bbr_osm_n3508448164",
        "name": "Schirmis Allerlei",
        "address": {
          "street": "Gräfendorf - Dorfstraße",
          "number": "14",
          "postalcode": "14913",
          "city": "Niederer Fläming",
          "district": "Gräfendorf"
        },
        "sources": [
          {
            "type": "osm",
            "id": "node/3508448164",
            "version": 0
          },
          {
            "type": "apple",
            "id": "17341689670502571259"
          },
          {
            "type": "gmaps",
            "id": "ChIJczkNOB3Zp0cRYmPM2fvcMzw"
          }
        ],
        "created": "2026-05-28",
        "updated": "2026-06-15",
        "sources_by_field": {
          "name": "osm",
          "address.street": "osm",
          "address.number": "osm",
          "address.postalcode": "osm",
          "address.city": "osm",
          "address.district": "osm",
          "hours": "apple"
        },
        "apple_attempted": "2026-05-29",
        "google_attempted": "2026-05-29",
        "hours": {
          "raw": "Mo-Fr 06:00-11:00,16:00-18:00; Sa 07:00-10:00"
        },
        "payment": {}
      }
    },
    {
      "type": "Feature",
      "geometry": {
        "type": "Point",
        "coordinates": [
          13.8266651,
          52.8516619
        ]
      },
      "properties": {
        "id": "tk_bbr_osm_n3601987157",
        "name": "Getränkemarkt Rössler",
        "address": {},
        "sources": [
          {
            "type": "osm",
            "id": "node/3601987157",
            "version": 0
          },
          {
            "type": "gmaps",
            "id": "ChIJHYOrUKjAqUcRWCVYNpr5XHs"
          }
        ],
        "created": "2026-05-28",
        "updated": "2026-06-15",
        "hours": {
          "raw": "Tu 08:00-19:00; Th 08:00-19:00; Fr 08:00-19:00; We 08:00-19:00; Mo 08:00-19:00; Sa 08:00-15:00"
        },
        "sources_by_field": {
          "name": "osm",
          "hours": "google",
          "payment.cards": "google",
          "payment.contactless": "google",
          "payment.girocard": "google"
        },
        "apple_id_attempted": "2026-05-29",
        "google_attempted": "2026-05-29",
        "payment": {
          "cards": "no",
          "contactless": "yes",
          "girocard": "yes"
        }
      }
    },
    {
      "type": "Feature",
      "geometry": {
        "type": "Point",
        "coordinates": [
          12.5766448,
          52.4795114
        ]
      },
      "properties": {
        "id": "tk_bbr_osm_n3705414725",
        "name": "Getränke Mitzkat (Großhandel)",
        "address": {
          "street": "Dorfstraße",
          "number": "44a",
          "postalcode": "14778",
          "city": "Beetzsee",
          "district": "Radewege"
        },
        "sources": [
          {
            "type": "osm",
            "id": "node/3705414725",
            "version": 0
          },
          {
            "type": "gmaps",
            "id": "ChIJWSsrH8nDqEcR9Uan3Cj8PQA"
          }
        ],
        "created": "2026-05-28",
        "updated": "2026-06-15",
        "sources_by_field": {
          "name": "osm",
          "address.street": "osm",
          "address.number": "osm",
          "address.postalcode": "osm",
          "address.city": "osm",
          "address.district": "osm",
          "hours": "google",
          "payment.cards": "google",
          "payment.contactless": "google",
          "payment.girocard": "google"
        },
        "apple_id_attempted": "2026-05-29",
        "google_attempted": "2026-05-29",
        "hours": {
          "raw": "Tu 08:00-16:00; Th 08:00-16:00; Fr 08:00-16:00; We 08:00-16:00; Mo 08:00-16:00"
        },
        "payment": {
          "cards": "yes",
          "contactless": "yes",
          "girocard": "yes"
        }
      }
    },
    {
      "type": "Feature",
      "geometry": {
        "type": "Point",
        "coordinates": [
          12.8942455,
          53.096641
        ]
      },
      "properties": {
        "id": "tk_bbr_osm_n3713700504",
        "name": "Friedrichquelle",
        "address": {},
        "sources": [
          {
            "type": "osm",
            "id": "node/3713700504",
            "version": 0
          },
          {
            "type": "gmaps",
            "id": "ChIJyYpUfrlBqUcRsQWV5Vc4Roo"
          }
        ],
        "created": "2026-05-28",
        "updated": "2026-06-15",
        "hours": {
          "raw": "Mo-Fr 09:00-18:00; Sa 09:00-14:00; PH,Su off"
        },
        "tags": [
          "barrierefrei"
        ],
        "sources_by_field": {
          "name": "osm",
          "hours": "osm"
        },
        "apple_id_attempted": "2026-05-29",
        "google_attempted": "2026-05-29",
        "payment": {}
      }
    },
    {
      "type": "Feature",
      "geometry": {
        "type": "Point",
        "coordinates": [
          11.4685741,
          53.097011
        ]
      },
      "properties": {
        "id": "tk_bbr_osm_n3742128333",
        "name": "Getränkehandel Jäger",
        "address": {},
        "sources": [
          {
            "type": "osm",
            "id": "node/3742128333",
            "version": 0
          },
          {
            "type": "apple",
            "id": "16568117360493911005"
          }
        ],
        "created": "2026-05-28",
        "updated": "2026-06-15",
        "sources_by_field": {
          "name": "osm",
          "hours": "apple"
        },
        "apple_attempted": "2026-05-29",
        "hours": {
          "raw": "Sa-Su 10:00-12:00,17:00-20:00; Mo-Tu,Th-Fr 17:00-20:00"
        },
        "payment": {},
        "google_attempted": "2026-06-17"
      }
    },
    {
      "type": "Feature",
      "geometry": {
        "type": "Point",
        "coordinates": [
          13.8083155,
          52.8309823
        ]
      },
      "properties": {
        "id": "tk_bbr_osm_n3791252246",
        "name": "Tante Sören",
        "address": {
          "street": "Rudolf-Breitscheid-Straße",
          "number": "16",
          "postalcode": "16225",
          "city": "Eberswalde",
          "district": "Eberswalde 1"
        },
        "sources": [
          {
            "type": "osm",
            "id": "node/3791252246",
            "version": 0
          },
          {
            "type": "apple",
            "id": "5536508683722438868"
          }
        ],
        "created": "2026-05-28",
        "updated": "2026-06-15",
        "hours": {
          "raw": "Tu,Th-Sa 12:00-20:00"
        },
        "sources_by_field": {
          "name": "osm",
          "address.street": "osm",
          "address.number": "osm",
          "address.postalcode": "osm",
          "address.city": "osm",
          "address.district": "osm",
          "hours": "apple",
          "payment.cards": "apple",
          "payment.contactless": "apple"
        },
        "apple_attempted": "2026-05-29",
        "payment": {
          "cards": "yes",
          "contactless": "yes"
        }
      }
    },
    {
      "type": "Feature",
      "geometry": {
        "type": "Point",
        "coordinates": [
          12.7407999,
          52.3153883
        ]
      },
      "properties": {
        "id": "tk_bbr_osm_n4191473914",
        "name": "Getränkehandel Ralf Kähne",
        "address": {
          "street": "Lindenstraße",
          "number": "4",
          "postalcode": "14797",
          "city": "Kloster Lehnin",
          "district": "Lehnin"
        },
        "sources": [
          {
            "type": "osm",
            "id": "node/4191473914",
            "version": 0
          },
          {
            "type": "apple",
            "id": "4553877156339065881"
          },
          {
            "type": "gmaps",
            "id": "ChIJeRD5hIKTqEcRO2PngZjBfiw"
          }
        ],
        "created": "2026-05-28",
        "updated": "2026-06-17",
        "sources_by_field": {
          "name": "osm",
          "address.street": "osm",
          "address.number": "osm",
          "address.postalcode": "osm",
          "address.city": "osm",
          "address.district": "osm",
          "hours": "google"
        },
        "apple_attempted": "2026-05-29",
        "hours": {
          "raw": "Tu 09:00-12:00,15:00-18:00; Th 09:00-12:00,15:00-18:00; Fr 09:00-12:00,15:00-18:00; Mo 09:00-12:00,15:00-18:00"
        },
        "payment": {},
        "google_attempted": "2026-06-17"
      }
    },
    {
      "type": "Feature",
      "geometry": {
        "type": "Point",
        "coordinates": [
          13.6259962,
          52.2925032
        ]
      },
      "properties": {
        "id": "tk_bbr_osm_n4263467367",
        "name": "Getränke Gröschke",
        "address": {
          "street": "Cottbuser Straße",
          "number": "14",
          "postalcode": "15711",
          "city": "Königs Wusterhausen",
          "district": "Königs Wusterhausen"
        },
        "sources": [
          {
            "type": "osm",
            "id": "node/4263467367",
            "version": 0
          },
          {
            "type": "apple",
            "id": "11800608832632090614"
          }
        ],
        "created": "2026-05-28",
        "updated": "2026-06-15",
        "tags": [
          "barrierefrei"
        ],
        "sources_by_field": {
          "name": "osm",
          "address.street": "osm",
          "address.number": "osm",
          "address.postalcode": "osm",
          "address.city": "osm",
          "address.district": "osm",
          "hours": "apple",
          "payment.cards": "apple",
          "payment.contactless": "apple"
        },
        "apple_attempted": "2026-05-29",
        "hours": {
          "raw": "Mo-Fr 09:00-18:30; Sa 09:00-18:00"
        },
        "payment": {
          "cards": "yes",
          "contactless": "yes"
        }
      }
    },
    {
      "type": "Feature",
      "geometry": {
        "type": "Point",
        "coordinates": [
          13.0307597,
          52.8027836
        ]
      },
      "properties": {
        "id": "tk_bbr_osm_n428239267",
        "name": "Getränkevertrieb Wolff",
        "address": {
          "street": "Dorfstraße",
          "number": "42",
          "postalcode": "16766",
          "city": "Kremmen",
          "district": "Sommerfeld"
        },
        "sources": [
          {
            "type": "osm",
            "id": "node/428239267",
            "version": 0
          },
          {
            "type": "apple",
            "id": "10374646919827877886"
          }
        ],
        "created": "2026-05-28",
        "updated": "2026-06-15",
        "hours": {
          "raw": "Mo,Th-Fr 09:00-12:00,14:00-18:00; Tu-We 14:00-18:00; Sa 09:00-13:00"
        },
        "tags": [
          "barrierefrei"
        ],
        "sources_by_field": {
          "name": "osm",
          "address.street": "osm",
          "address.number": "osm",
          "address.postalcode": "osm",
          "address.city": "osm",
          "address.district": "osm",
          "hours": "apple",
          "payment.cards": "apple",
          "payment.contactless": "apple"
        },
        "apple_attempted": "2026-05-29",
        "payment": {
          "cards": "yes",
          "contactless": "yes"
        }
      }
    },
    {
      "type": "Feature",
      "geometry": {
        "type": "Point",
        "coordinates": [
          13.7460594,
          52.5428619
        ]
      },
      "properties": {
        "id": "tk_bbr_osm_n477359466",
        "name": "Wiebes Getränke",
        "address": {},
        "sources": [
          {
            "type": "osm",
            "id": "node/477359466",
            "version": 0
          },
          {
            "type": "apple",
            "id": "8901409741663547858"
          }
        ],
        "created": "2026-05-28",
        "updated": "2026-06-15",
        "sources_by_field": {
          "name": "osm",
          "payment.cards": "apple",
          "payment.contactless": "apple"
        },
        "apple_attempted": "2026-05-29",
        "payment": {
          "cards": "yes",
          "contactless": "yes"
        },
        "google_attempted": "2026-06-17"
      }
    },
    {
      "type": "Feature",
      "geometry": {
        "type": "Point",
        "coordinates": [
          13.7561091,
          52.971491
        ]
      },
      "properties": {
        "id": "tk_bbr_osm_n5547500219",
        "name": "Getränke Grafe",
        "address": {
          "street": "Angermünder Straße",
          "number": "19c",
          "postalcode": "16247",
          "city": "Joachimsthal"
        },
        "sources": [
          {
            "type": "osm",
            "id": "node/5547500219",
            "version": 0
          },
          {
            "type": "apple",
            "id": "2042392790020013903"
          }
        ],
        "created": "2026-05-28",
        "updated": "2026-06-15",
        "hours": {
          "raw": "Mo-Fr 08:30-19:00; Sa 08:30-14:00"
        },
        "sources_by_field": {
          "name": "osm",
          "address.street": "osm",
          "address.number": "osm",
          "address.postalcode": "osm",
          "address.city": "osm",
          "hours": "apple",
          "payment.cards": "apple",
          "payment.contactless": "apple"
        },
        "apple_attempted": "2026-05-29",
        "payment": {
          "cards": "yes",
          "contactless": "yes"
        }
      }
    },
    {
      "type": "Feature",
      "geometry": {
        "type": "Point",
        "coordinates": [
          14.1087601,
          51.8422317
        ]
      },
      "properties": {
        "id": "tk_bbr_osm_n5850672621",
        "name": "Jank's Saftladen",
        "address": {},
        "sources": [
          {
            "type": "osm",
            "id": "node/5850672621",
            "version": 0
          },
          {
            "type": "apple",
            "id": "2961098541517957947"
          }
        ],
        "created": "2026-05-28",
        "updated": "2026-06-15",
        "sources_by_field": {
          "name": "osm",
          "hours": "apple",
          "payment.cards": "apple",
          "payment.contactless": "apple"
        },
        "apple_attempted": "2026-05-29",
        "hours": {
          "raw": "Mo-Sa 09:30-17:30"
        },
        "payment": {
          "cards": "yes",
          "contactless": "yes"
        }
      }
    },
    {
      "type": "Feature",
      "geometry": {
        "type": "Point",
        "coordinates": [
          12.8704237,
          53.1636146
        ]
      },
      "properties": {
        "id": "tk_bbr_osm_n6513546252",
        "name": "Restaurant \"Zum Achter\"",
        "address": {},
        "sources": [
          {
            "type": "osm",
            "id": "node/6513546252",
            "version": 0
          },
          {
            "type": "apple",
            "id": "7426133910271579189"
          }
        ],
        "created": "2026-05-28",
        "updated": "2026-06-15",
        "hours": {
          "raw": "Mo-Su 11:30-20:00"
        },
        "sources_by_field": {
          "name": "osm",
          "hours": "apple",
          "payment.cards": "apple",
          "payment.contactless": "apple"
        },
        "apple_attempted": "2026-05-29",
        "payment": {
          "cards": "yes",
          "contactless": "yes"
        }
      }
    },
    {
      "type": "Feature",
      "geometry": {
        "type": "Point",
        "coordinates": [
          12.6303361,
          52.4947292
        ]
      },
      "properties": {
        "id": "tk_bbr_osm_n7578569885",
        "name": "Mosterei Ketzür",
        "address": {
          "street": "Ketzürer Dorfstraße",
          "number": "30",
          "postalcode": "14778",
          "city": "Beetzseeheide",
          "district": "Ketzür"
        },
        "sources": [
          {
            "type": "osm",
            "id": "node/7578569885",
            "version": 0
          },
          {
            "type": "apple",
            "id": "608916318044407500"
          }
        ],
        "created": "2026-05-28",
        "updated": "2026-06-15",
        "sources_by_field": {
          "name": "osm",
          "address.street": "osm",
          "address.number": "osm",
          "address.postalcode": "osm",
          "address.city": "osm",
          "address.district": "osm",
          "hours": "apple",
          "payment.cards": "apple",
          "payment.contactless": "apple"
        },
        "apple_attempted": "2026-05-29",
        "hours": {
          "raw": "Mo-Fr 09:00-17:00"
        },
        "payment": {
          "cards": "yes",
          "contactless": "yes"
        }
      }
    },
    {
      "type": "Feature",
      "geometry": {
        "type": "Point",
        "coordinates": [
          11.8631711,
          53.0774726
        ]
      },
      "properties": {
        "id": "tk_bbr_osm_n7878693073",
        "name": "Tabak Ambiente",
        "address": {},
        "sources": [
          {
            "type": "osm",
            "id": "node/7878693073",
            "version": 0
          },
          {
            "type": "apple",
            "id": "15536882224090665398"
          }
        ],
        "created": "2026-05-28",
        "updated": "2026-06-15",
        "sources_by_field": {
          "name": "osm",
          "hours": "apple",
          "payment.cards": "apple",
          "payment.contactless": "apple"
        },
        "apple_attempted": "2026-05-29",
        "hours": {
          "raw": "Mo-Fr 09:00-17:30; Sa 09:00-12:00"
        },
        "payment": {
          "cards": "yes",
          "contactless": "yes"
        }
      }
    },
    {
      "type": "Feature",
      "geometry": {
        "type": "Point",
        "coordinates": [
          12.8583313,
          52.8459399
        ]
      },
      "properties": {
        "id": "tk_bbr_osm_n7967257007",
        "name": "Gute Getränke Markt",
        "address": {},
        "sources": [
          {
            "type": "osm",
            "id": "node/7967257007",
            "version": 0
          },
          {
            "type": "apple",
            "id": "13663325225800166928"
          }
        ],
        "created": "2026-05-28",
        "updated": "2026-06-15",
        "sources_by_field": {
          "name": "osm",
          "hours": "apple"
        },
        "apple_attempted": "2026-05-29",
        "hours": {
          "raw": "Mo-Th 16:00-24:00"
        },
        "payment": {},
        "google_attempted": "2026-06-17"
      }
    },
    {
      "type": "Feature",
      "geometry": {
        "type": "Point",
        "coordinates": [
          13.8864892,
          51.9298941
        ]
      },
      "properties": {
        "id": "tk_bbr_osm_n8518986150",
        "name": "Getränke Graßmann",
        "address": {},
        "sources": [
          {
            "type": "osm",
            "id": "node/8518986150",
            "version": 0
          },
          {
            "type": "apple",
            "id": "1613393164892051289"
          },
          {
            "type": "gmaps",
            "id": "ChIJ1aMJ3XL_B0cRdEZmltTx0A0"
          }
        ],
        "created": "2026-05-28",
        "updated": "2026-06-15",
        "sources_by_field": {
          "name": "osm",
          "hours": "apple"
        },
        "apple_attempted": "2026-05-29",
        "hours": {
          "raw": "Mo-Fr 09:00-17:00; Sa 09:00-12:00"
        },
        "payment": {},
        "google_attempted": "2026-06-17"
      }
    },
    {
      "type": "Feature",
      "geometry": {
        "type": "Point",
        "coordinates": [
          12.5645278,
          52.4103639
        ]
      },
      "properties": {
        "id": "tk_bbr_osm_n9369934014",
        "name": "Späti 90",
        "address": {},
        "sources": [
          {
            "type": "osm",
            "id": "node/9369934014",
            "version": 0
          },
          {
            "type": "apple",
            "id": "17847159309703700562"
          }
        ],
        "created": "2026-05-28",
        "updated": "2026-06-15",
        "sources_by_field": {
          "name": "osm",
          "hours": "apple",
          "payment.cards": "apple",
          "payment.contactless": "apple"
        },
        "apple_attempted": "2026-05-29",
        "hours": {
          "raw": "Su 10:00-22:00; Mo-Sa 10:00-24:00"
        },
        "payment": {
          "cards": "yes",
          "contactless": "yes"
        }
      }
    },
    {
      "type": "Feature",
      "geometry": {
        "type": "Point",
        "coordinates": [
          13.7914666,
          52.2917149
        ]
      },
      "properties": {
        "id": "tk_bbr_osm_n9856739320",
        "name": "Friedersdorfer Getränkespezialist",
        "address": {
          "street": "Lindenstraße",
          "number": "6",
          "postalcode": "15754",
          "city": "Heidesee",
          "district": "Friedersdorf"
        },
        "sources": [
          {
            "type": "osm",
            "id": "node/9856739320",
            "version": 0
          },
          {
            "type": "apple",
            "id": "6250729151761967018"
          }
        ],
        "created": "2026-05-28",
        "updated": "2026-06-15",
        "hours": {
          "raw": "Mo-Fr 09:00-18:00; Sa 09:00-12:00"
        },
        "sources_by_field": {
          "name": "osm",
          "address.street": "osm",
          "address.number": "osm",
          "address.postalcode": "osm",
          "address.city": "osm",
          "address.district": "osm",
          "hours": "apple",
          "payment.cards": "apple",
          "payment.contactless": "apple"
        },
        "apple_attempted": "2026-05-29",
        "payment": {
          "cards": "yes",
          "contactless": "yes"
        }
      }
    },
    {
      "type": "Feature",
      "geometry": {
        "type": "Point",
        "coordinates": [
          12.6105996,
          52.1449528
        ]
      },
      "properties": {
        "id": "tk_bbr_osm_w211685613",
        "name": "GetränkePartner Kräft & Sohn GbR",
        "address": {
          "street": "Brücker Landstraße",
          "number": "7",
          "postalcode": "14806",
          "city": "Bad Belzig"
        },
        "sources": [
          {
            "type": "osm",
            "id": "way/211685613",
            "version": 0
          },
          {
            "type": "apple",
            "id": "7029725909658563193"
          }
        ],
        "created": "2026-05-28",
        "updated": "2026-06-15",
        "hours": {
          "raw": "Mo-Fr 09:00-18:00; Sa 09:00-16:00"
        },
        "tags": [
          "barrierefrei"
        ],
        "sources_by_field": {
          "name": "osm",
          "address.street": "osm",
          "address.number": "osm",
          "address.postalcode": "osm",
          "address.city": "osm",
          "hours": "apple",
          "payment.cards": "apple",
          "payment.contactless": "apple"
        },
        "apple_attempted": "2026-05-29",
        "payment": {
          "cards": "yes",
          "contactless": "yes"
        }
      }
    },
    {
      "type": "Feature",
      "geometry": {
        "type": "Point",
        "coordinates": [
          12.9116621,
          53.0907423
        ]
      },
      "properties": {
        "id": "tk_bbr_osm_w217153337",
        "name": "Rheinsberger Preussenquelle GmbH",
        "address": {
          "street": "Zur Preußenquelle",
          "number": "5",
          "postalcode": "16831",
          "city": "Rheinsberg"
        },
        "sources": [
          {
            "type": "osm",
            "id": "way/217153337",
            "version": 0
          },
          {
            "type": "apple",
            "id": "2200804496495751888"
          },
          {
            "type": "gmaps",
            "id": "ChIJX1eAP8ZBqUcRIsrvxpY2BCU"
          }
        ],
        "created": "2026-05-28",
        "updated": "2026-06-17",
        "sources_by_field": {
          "name": "osm",
          "address.street": "osm",
          "address.number": "osm",
          "address.postalcode": "osm",
          "address.city": "osm",
          "hours": "google"
        },
        "apple_attempted": "2026-05-29",
        "hours": {
          "raw": "Tu 08:00-16:00; Th 08:00-16:00; Fr 08:00-14:00; We 08:00-16:00; Mo 08:00-16:00"
        },
        "payment": {},
        "google_attempted": "2026-06-17"
      }
    },
    {
      "type": "Feature",
      "geometry": {
        "type": "Point",
        "coordinates": [
          13.7522484,
          52.4500022
        ]
      },
      "properties": {
        "id": "tk_bbr_osm_w272424941",
        "name": "Papier-Rasch",
        "address": {
          "street": "Köpenicker Straße",
          "number": "74",
          "postalcode": "15569",
          "city": "Woltersdorf"
        },
        "sources": [
          {
            "type": "osm",
            "id": "way/272424941",
            "version": 0
          },
          {
            "type": "apple",
            "id": "18302437807913698160"
          }
        ],
        "created": "2026-05-28",
        "updated": "2026-06-15",
        "sources_by_field": {
          "name": "osm",
          "address.street": "osm",
          "address.number": "osm",
          "address.postalcode": "osm",
          "address.city": "osm",
          "hours": "apple",
          "payment.cards": "apple",
          "payment.contactless": "apple"
        },
        "apple_attempted": "2026-05-29",
        "hours": {
          "raw": "Mo,Sa 08:00-12:30; Tu-Fr 08:00-12:30,13:30-18:00"
        },
        "payment": {
          "cards": "yes",
          "contactless": "yes"
        }
      }
    },
    {
      "type": "Feature",
      "geometry": {
        "type": "Point",
        "coordinates": [
          11.7553312,
          53.0027316
        ]
      },
      "properties": {
        "id": "tk_bbr_osm_w306080005",
        "name": "Elbland Mosterei",
        "address": {
          "street": "Perleberger Straße",
          "number": "34",
          "postalcode": "19322",
          "city": "Wittenberge"
        },
        "sources": [
          {
            "type": "osm",
            "id": "way/306080005",
            "version": 0
          },
          {
            "type": "apple",
            "id": "13575483272872972751"
          }
        ],
        "created": "2026-05-28",
        "updated": "2026-06-15",
        "sources_by_field": {
          "name": "osm",
          "address.street": "osm",
          "address.number": "osm",
          "address.postalcode": "osm",
          "address.city": "osm",
          "hours": "apple",
          "payment.cards": "apple",
          "payment.contactless": "apple"
        },
        "apple_attempted": "2026-05-29",
        "hours": {
          "raw": "Tu-Sa 09:00-17:00"
        },
        "payment": {
          "cards": "yes",
          "contactless": "yes"
        }
      }
    },
    {
      "type": "Feature",
      "geometry": {
        "type": "Point",
        "coordinates": [
          13.8768663,
          53.3215314
        ]
      },
      "properties": {
        "id": "tk_bbr_osm_w316040000",
        "name": "Getränke von A - Z Fachmarkt GmbH",
        "address": {
          "street": "Brüssower Allee",
          "number": "50",
          "postalcode": "17291",
          "city": "Prenzlau"
        },
        "sources": [
          {
            "type": "osm",
            "id": "way/316040000",
            "version": 0
          },
          {
            "type": "apple",
            "id": "9838201349389617448"
          }
        ],
        "created": "2026-05-28",
        "updated": "2026-06-15",
        "sources_by_field": {
          "name": "osm",
          "address.street": "osm",
          "address.number": "osm",
          "address.postalcode": "osm",
          "address.city": "osm",
          "hours": "apple",
          "payment.cards": "apple",
          "payment.contactless": "apple"
        },
        "apple_attempted": "2026-05-29",
        "hours": {
          "raw": "Mo-We 08:00-19:00; Th-Fr 08:00-19:30; Sa 08:00-14:00"
        },
        "payment": {
          "cards": "yes",
          "contactless": "yes"
        }
      }
    },
    {
      "type": "Feature",
      "geometry": {
        "type": "Point",
        "coordinates": [
          13.1448172,
          53.1809986
        ]
      },
      "properties": {
        "id": "tk_bbr_osm_w61652142",
        "name": "Rorarius J. Getränkemarkt",
        "address": {
          "street": "Zehdenicker Straße",
          "number": "1b",
          "postalcode": "16798",
          "city": "Fürstenberg/Havel"
        },
        "sources": [
          {
            "type": "osm",
            "id": "way/61652142",
            "version": 0
          },
          {
            "type": "apple",
            "id": "14101958033902390372"
          }
        ],
        "created": "2026-05-28",
        "updated": "2026-06-15",
        "tags": [
          "barrierefrei"
        ],
        "sources_by_field": {
          "name": "osm",
          "address.street": "osm",
          "address.number": "osm",
          "address.postalcode": "osm",
          "address.city": "osm",
          "hours": "apple",
          "payment.cards": "apple",
          "payment.contactless": "apple"
        },
        "apple_attempted": "2026-05-29",
        "hours": {
          "raw": "Mo-Fr 09:00-12:00,14:00-18:00; Sa 09:00-12:00"
        },
        "payment": {
          "cards": "yes",
          "contactless": "yes"
        }
      }
    },
    {
      "type": "Feature",
      "geometry": {
        "type": "Point",
        "coordinates": [
          14.0716415,
          52.343153
        ]
      },
      "properties": {
        "id": "tk_bbr_osm_w96476416",
        "name": "Getränke Gröschke",
        "address": {
          "street": "Lange Straße",
          "number": "2",
          "postalcode": "15517",
          "city": "Fürstenwalde/Spree"
        },
        "sources": [
          {
            "type": "osm",
            "id": "way/96476416",
            "version": 0
          },
          {
            "type": "apple",
            "id": "11807754166116711910"
          }
        ],
        "created": "2026-05-28",
        "updated": "2026-06-15",
        "tags": [
          "barrierefrei"
        ],
        "sources_by_field": {
          "name": "osm",
          "address.street": "osm",
          "address.number": "osm",
          "address.postalcode": "osm",
          "address.city": "osm",
          "hours": "apple",
          "payment.cards": "apple",
          "payment.contactless": "apple"
        },
        "apple_attempted": "2026-05-29",
        "hours": {
          "raw": "Mo-Fr 08:30-18:30; Sa 08:30-16:00"
        },
        "payment": {
          "cards": "yes",
          "contactless": "yes"
        }
      }
    },
    {
      "type": "Feature",
      "geometry": {
        "type": "Point",
        "coordinates": [
          13.3321962,
          52.9788543
        ]
      },
      "properties": {
        "id": "tk_bbr_osm_n10083685978",
        "name": "Spätkauf",
        "address": {},
        "sources": [
          {
            "type": "osm",
            "id": "node/10083685978",
            "version": 0
          }
        ],
        "created": "2026-05-28",
        "updated": "2026-06-15",
        "sources_by_field": {
          "name": "osm"
        },
        "apple_id_attempted": "2026-05-29",
        "google_attempted": "2026-05-29",
        "payment": {}
      }
    },
    {
      "type": "Feature",
      "geometry": {
        "type": "Point",
        "coordinates": [
          12.5780068,
          52.7366694
        ]
      },
      "properties": {
        "id": "tk_bbr_osm_n10565402691",
        "name": "Getränkeland",
        "address": {},
        "sources": [
          {
            "type": "osm",
            "id": "node/10565402691",
            "version": 0
          }
        ],
        "created": "2026-05-28",
        "updated": "2026-06-15",
        "hours": {
          "raw": "Mo-Fr 08:30-18:00; Sa 08:30-13:00"
        },
        "payment": {
          "cash": "unknown",
          "cards": "yes",
          "contactless": "unknown",
          "girocard": "no"
        },
        "sources_by_field": {
          "name": "osm",
          "hours": "osm",
          "payment.cash": "osm",
          "payment.cards": "osm",
          "payment.contactless": "osm",
          "payment.girocard": "osm"
        },
        "apple_id_attempted": "2026-05-29"
      }
    },
    {
      "type": "Feature",
      "geometry": {
        "type": "Point",
        "coordinates": [
          12.407405,
          52.9422015
        ]
      },
      "properties": {
        "id": "tk_bbr_osm_n10749260560",
        "name": "Getränkeland",
        "address": {},
        "sources": [
          {
            "type": "osm",
            "id": "node/10749260560",
            "version": 0
          }
        ],
        "created": "2026-05-28",
        "updated": "2026-06-15",
        "hours": {
          "raw": "Mo-We 08:00-18:30; Tu-Fr 08:00-19:00; Sa 08:00-13:00"
        },
        "tags": [
          "barrierefrei"
        ],
        "sources_by_field": {
          "name": "osm",
          "hours": "osm"
        },
        "apple_id_attempted": "2026-05-29",
        "google_attempted": "2026-05-29",
        "payment": {}
      }
    },
    {
      "type": "Feature",
      "geometry": {
        "type": "Point",
        "coordinates": [
          12.859746,
          53.1158254
        ]
      },
      "properties": {
        "id": "tk_bbr_osm_n10907407408",
        "name": "Automat",
        "address": {},
        "sources": [
          {
            "type": "osm",
            "id": "node/10907407408",
            "version": 0
          }
        ],
        "created": "2026-05-28",
        "updated": "2026-06-15",
        "hours": {
          "raw": "24/7"
        },
        "tags": [
          "barrierefrei"
        ],
        "sources_by_field": {
          "name": "osm",
          "hours": "osm"
        },
        "apple_id_attempted": "2026-05-29",
        "google_attempted": "2026-05-29",
        "payment": {}
      }
    },
    {
      "type": "Feature",
      "geometry": {
        "type": "Point",
        "coordinates": [
          12.3780405,
          52.9505853
        ]
      },
      "properties": {
        "id": "tk_bbr_osm_n11197609939",
        "name": "Getränkehaus",
        "address": {},
        "sources": [
          {
            "type": "osm",
            "id": "node/11197609939",
            "version": 0
          }
        ],
        "created": "2026-05-28",
        "updated": "2026-06-15",
        "sources_by_field": {
          "name": "osm"
        },
        "apple_id_attempted": "2026-05-29",
        "google_attempted": "2026-05-29",
        "payment": {}
      }
    },
    {
      "type": "Feature",
      "geometry": {
        "type": "Point",
        "coordinates": [
          13.5062619,
          52.3652381
        ]
      },
      "properties": {
        "id": "tk_bbr_osm_n11197794475",
        "name": "Eat drink man woman",
        "address": {},
        "sources": [
          {
            "type": "osm",
            "id": "node/11197794475",
            "version": 0
          }
        ],
        "created": "2026-05-28",
        "updated": "2026-06-15",
        "sources_by_field": {
          "name": "osm"
        },
        "apple_id_attempted": "2026-05-29",
        "google_attempted": "2026-05-29",
        "payment": {}
      }
    },
    {
      "type": "Feature",
      "geometry": {
        "type": "Point",
        "coordinates": [
          12.3459748,
          52.6101956
        ]
      },
      "properties": {
        "id": "tk_bbr_osm_n11260108320",
        "name": "Späti 62",
        "address": {},
        "sources": [
          {
            "type": "osm",
            "id": "node/11260108320",
            "version": 0
          }
        ],
        "created": "2026-05-28",
        "updated": "2026-06-15",
        "hours": {
          "raw": "Mo-Th 11:00-24:00, Fr,Sa 11:00-02:00, Su 11:00-24:00"
        },
        "sources_by_field": {
          "name": "osm",
          "hours": "osm"
        },
        "apple_id_attempted": "2026-05-29",
        "google_attempted": "2026-05-29",
        "payment": {}
      }
    },
    {
      "type": "Feature",
      "geometry": {
        "type": "Point",
        "coordinates": [
          13.317929,
          52.6719171
        ]
      },
      "properties": {
        "id": "tk_bbr_osm_n1129425530",
        "name": "Getränke Hoffmann",
        "address": {
          "street": "Dorfstraße",
          "number": "16a",
          "postalcode": "16562",
          "city": "Hohen Neuendorf",
          "district": "Bergfelde"
        },
        "sources": [
          {
            "type": "osm",
            "id": "node/1129425530",
            "version": 0
          }
        ],
        "created": "2026-05-28",
        "updated": "2026-06-15",
        "hours": {
          "raw": "Mo-Fr 08:00-20:00; Sa 08:00-18:00; PH off"
        },
        "payment": {
          "cash": "yes",
          "cards": "unknown",
          "contactless": "yes",
          "girocard": "unknown"
        },
        "tags": [
          "barrierefrei"
        ],
        "sources_by_field": {
          "name": "osm",
          "address.street": "osm",
          "address.number": "osm",
          "address.postalcode": "osm",
          "address.city": "osm",
          "address.district": "osm",
          "hours": "osm",
          "payment.cash": "osm",
          "payment.cards": "osm",
          "payment.contactless": "osm",
          "payment.girocard": "osm"
        },
        "apple_id_attempted": "2026-05-29"
      }
    },
    {
      "type": "Feature",
      "geometry": {
        "type": "Point",
        "coordinates": [
          13.7920607,
          52.5306103
        ]
      },
      "properties": {
        "id": "tk_bbr_osm_n11515685170",
        "name": "Tabac & Co",
        "address": {
          "postalcode": "15370"
        },
        "sources": [
          {
            "type": "osm",
            "id": "node/11515685170",
            "version": 0
          }
        ],
        "created": "2026-05-28",
        "updated": "2026-06-15",
        "hours": {
          "raw": "Mo-Fr 08:30-18:00; Sa 08:30-12:00"
        },
        "tags": [
          "barrierefrei"
        ],
        "sources_by_field": {
          "name": "osm",
          "address.postalcode": "osm",
          "hours": "osm"
        },
        "apple_id_attempted": "2026-05-29",
        "google_attempted": "2026-05-29",
        "payment": {}
      }
    },
    {
      "type": "Feature",
      "geometry": {
        "type": "Point",
        "coordinates": [
          12.3237738,
          52.6082844
        ]
      },
      "properties": {
        "id": "tk_bbr_osm_n1198263649",
        "name": "Kiosk",
        "address": {
          "street": "Schwedendamm",
          "number": "3",
          "postalcode": "14712",
          "city": "Rathenow"
        },
        "sources": [
          {
            "type": "osm",
            "id": "node/1198263649",
            "version": 0
          }
        ],
        "created": "2026-05-28",
        "updated": "2026-06-15",
        "hours": {
          "raw": "Mo-Sa 08:00-20:00"
        },
        "tags": [
          "barrierefrei"
        ],
        "sources_by_field": {
          "name": "osm",
          "address.street": "osm",
          "address.number": "osm",
          "address.postalcode": "osm",
          "address.city": "osm",
          "hours": "osm"
        },
        "apple_id_attempted": "2026-05-29",
        "google_attempted": "2026-05-29",
        "payment": {}
      }
    },
    {
      "type": "Feature",
      "geometry": {
        "type": "Point",
        "coordinates": [
          13.6354977,
          52.2443323
        ]
      },
      "properties": {
        "id": "tk_bbr_osm_n11992768204",
        "name": "Netto Getränke-Discount",
        "address": {},
        "sources": [
          {
            "type": "osm",
            "id": "node/11992768204",
            "version": 0
          }
        ],
        "created": "2026-05-28",
        "updated": "2026-06-15",
        "sources_by_field": {
          "name": "osm"
        },
        "apple_id_attempted": "2026-05-29",
        "google_attempted": "2026-05-29",
        "payment": {}
      }
    },
    {
      "type": "Feature",
      "geometry": {
        "type": "Point",
        "coordinates": [
          12.6638351,
          52.6435788
        ]
      },
      "properties": {
        "id": "tk_bbr_osm_n1234738822",
        "name": "Rastplatz B5 - Imbisskiosk",
        "address": {},
        "sources": [
          {
            "type": "osm",
            "id": "node/1234738822",
            "version": 0
          }
        ],
        "created": "2026-05-28",
        "updated": "2026-06-15",
        "sources_by_field": {
          "name": "osm"
        },
        "apple_id_attempted": "2026-05-29",
        "google_attempted": "2026-05-29",
        "payment": {}
      }
    },
    {
      "type": "Feature",
      "geometry": {
        "type": "Point",
        "coordinates": [
          14.6219186,
          52.149037
        ]
      },
      "properties": {
        "id": "tk_bbr_osm_n1257440571",
        "name": "Kiosk",
        "address": {},
        "sources": [
          {
            "type": "osm",
            "id": "node/1257440571",
            "version": 0
          }
        ],
        "created": "2026-05-28",
        "updated": "2026-06-15",
        "sources_by_field": {
          "name": "osm"
        },
        "apple_id_attempted": "2026-05-29",
        "google_attempted": "2026-05-29",
        "payment": {}
      }
    },
    {
      "type": "Feature",
      "geometry": {
        "type": "Point",
        "coordinates": [
          14.0552802,
          52.876079
        ]
      },
      "properties": {
        "id": "tk_bbr_osm_n12587400001",
        "name": "Netto Getränke-Discount",
        "address": {
          "street": "Waldstraße",
          "number": "3",
          "postalcode": "16248",
          "city": "Oderberg"
        },
        "sources": [
          {
            "type": "osm",
            "id": "node/12587400001",
            "version": 0
          }
        ],
        "created": "2026-05-28",
        "updated": "2026-06-15",
        "hours": {
          "raw": "Mo-Sa 07:00-21:00"
        },
        "sources_by_field": {
          "name": "osm",
          "address.street": "osm",
          "address.number": "osm",
          "address.postalcode": "osm",
          "address.city": "osm",
          "hours": "osm"
        },
        "apple_id_attempted": "2026-05-29",
        "google_attempted": "2026-05-29",
        "payment": {}
      }
    },
    {
      "type": "Feature",
      "geometry": {
        "type": "Point",
        "coordinates": [
          13.4089086,
          52.3666178
        ]
      },
      "properties": {
        "id": "tk_bbr_osm_n12811082845",
        "name": "LiMa",
        "address": {
          "street": "Marktplatz",
          "number": "6",
          "postalcode": "15831",
          "city": "Blankenfelde-Mahlow"
        },
        "sources": [
          {
            "type": "osm",
            "id": "node/12811082845",
            "version": 0
          }
        ],
        "created": "2026-05-28",
        "updated": "2026-06-15",
        "hours": {
          "raw": "Mo-Fr 08:00-18:00, Sa 09:00-15:00"
        },
        "payment": {
          "cash": "yes",
          "cards": "unknown",
          "contactless": "unknown",
          "girocard": "unknown"
        },
        "sources_by_field": {
          "name": "osm",
          "address.street": "osm",
          "address.number": "osm",
          "address.postalcode": "osm",
          "address.city": "osm",
          "hours": "osm",
          "payment.cash": "osm",
          "payment.cards": "osm",
          "payment.contactless": "osm",
          "payment.girocard": "osm"
        },
        "apple_id_attempted": "2026-05-29"
      }
    },
    {
      "type": "Feature",
      "geometry": {
        "type": "Point",
        "coordinates": [
          13.5034079,
          52.0475537
        ]
      },
      "properties": {
        "id": "tk_bbr_osm_n1289278822",
        "name": "Elke Möbus",
        "address": {},
        "sources": [
          {
            "type": "osm",
            "id": "node/1289278822",
            "version": 0
          }
        ],
        "created": "2026-05-28",
        "updated": "2026-06-15",
        "sources_by_field": {
          "name": "osm"
        },
        "apple_id_attempted": "2026-05-29",
        "google_attempted": "2026-05-29",
        "payment": {}
      }
    },
    {
      "type": "Feature",
      "geometry": {
        "type": "Point",
        "coordinates": [
          13.5032599,
          52.0479477
        ]
      },
      "properties": {
        "id": "tk_bbr_osm_n1289279745",
        "name": "Schliebner",
        "address": {},
        "sources": [
          {
            "type": "osm",
            "id": "node/1289279745",
            "version": 0
          }
        ],
        "created": "2026-05-28",
        "updated": "2026-06-15",
        "sources_by_field": {
          "name": "osm"
        },
        "apple_id_attempted": "2026-05-29",
        "google_attempted": "2026-05-29",
        "payment": {}
      }
    },
    {
      "type": "Feature",
      "geometry": {
        "type": "Point",
        "coordinates": [
          13.7517033,
          52.4101831
        ]
      },
      "properties": {
        "id": "tk_bbr_osm_n12906100339",
        "name": "Getränke Hoffmann",
        "address": {},
        "sources": [
          {
            "type": "osm",
            "id": "node/12906100339",
            "version": 0
          }
        ],
        "created": "2026-05-28",
        "updated": "2026-06-15",
        "hours": {
          "raw": "Mo-Fr 09:00-20:00; Sa 09:00-18:00"
        },
        "tags": [
          "barrierefrei"
        ],
        "sources_by_field": {
          "name": "osm",
          "hours": "osm"
        },
        "apple_id_attempted": "2026-05-29",
        "google_attempted": "2026-05-29",
        "payment": {}
      }
    },
    {
      "type": "Feature",
      "geometry": {
        "type": "Point",
        "coordinates": [
          12.6330695,
          52.5913377
        ]
      },
      "properties": {
        "id": "tk_bbr_osm_n12908470794",
        "name": "LeRoFi",
        "address": {
          "street": "Bahnhofstraße",
          "number": "23",
          "postalcode": "14715",
          "city": "Märkisch Luch"
        },
        "sources": [
          {
            "type": "osm",
            "id": "node/12908470794",
            "version": 0
          }
        ],
        "created": "2026-05-28",
        "updated": "2026-06-15",
        "hours": {
          "raw": "Mo,We,Fr,Su 17:00-20:00; Tu,Th,Sa off"
        },
        "payment": {
          "cash": "yes",
          "cards": "no",
          "contactless": "unknown",
          "girocard": "unknown"
        },
        "sources_by_field": {
          "name": "osm",
          "address.street": "osm",
          "address.number": "osm",
          "address.postalcode": "osm",
          "address.city": "osm",
          "hours": "osm",
          "payment.cash": "osm",
          "payment.cards": "osm",
          "payment.contactless": "osm",
          "payment.girocard": "osm"
        },
        "apple_id_attempted": "2026-05-29"
      }
    },
    {
      "type": "Feature",
      "geometry": {
        "type": "Point",
        "coordinates": [
          13.8882355,
          52.0293796
        ]
      },
      "properties": {
        "id": "tk_bbr_osm_n13070562868",
        "name": "Seinerzeit",
        "address": {},
        "sources": [
          {
            "type": "osm",
            "id": "node/13070562868",
            "version": 0
          }
        ],
        "created": "2026-05-28",
        "updated": "2026-06-15",
        "hours": {
          "raw": "11:00-17:00"
        },
        "sources_by_field": {
          "name": "osm",
          "hours": "osm"
        },
        "apple_id_attempted": "2026-05-29",
        "google_attempted": "2026-05-29",
        "payment": {}
      }
    },
    {
      "type": "Feature",
      "geometry": {
        "type": "Point",
        "coordinates": [
          13.1646298,
          51.7912932
        ]
      },
      "properties": {
        "id": "tk_bbr_osm_n1315464837",
        "name": "Mr. FastFood",
        "address": {},
        "sources": [
          {
            "type": "osm",
            "id": "node/1315464837",
            "version": 0
          }
        ],
        "created": "2026-05-28",
        "updated": "2026-06-15",
        "hours": {
          "raw": "Mo-Su 10:00-21:00||\"bei schlechtem Wetter geschlossen\""
        },
        "sources_by_field": {
          "name": "osm",
          "hours": "osm"
        },
        "apple_id_attempted": "2026-05-29",
        "google_attempted": "2026-05-29",
        "payment": {}
      }
    },
    {
      "type": "Feature",
      "geometry": {
        "type": "Point",
        "coordinates": [
          11.8621244,
          53.0778704
        ]
      },
      "properties": {
        "id": "tk_bbr_osm_n1328814313",
        "name": "Katalog Shop",
        "address": {},
        "sources": [
          {
            "type": "osm",
            "id": "node/1328814313",
            "version": 0
          }
        ],
        "created": "2026-05-28",
        "updated": "2026-06-15",
        "sources_by_field": {
          "name": "osm"
        },
        "apple_id_attempted": "2026-05-29",
        "google_attempted": "2026-05-29",
        "payment": {}
      }
    },
    {
      "type": "Feature",
      "geometry": {
        "type": "Point",
        "coordinates": [
          13.9958863,
          53.0272702
        ]
      },
      "properties": {
        "id": "tk_bbr_osm_n1330034600",
        "name": "Getränkemarkt Rössler",
        "address": {
          "street": "Prenzlauer Straße",
          "number": "30",
          "postalcode": "16278",
          "city": "Angermünde"
        },
        "sources": [
          {
            "type": "osm",
            "id": "node/1330034600",
            "version": 0
          }
        ],
        "created": "2026-05-28",
        "updated": "2026-06-15",
        "hours": {
          "raw": "Mo-Fr 08:00-19:00; Sa 08:00-14:00; Su,PH off"
        },
        "sources_by_field": {
          "name": "osm",
          "address.street": "osm",
          "address.number": "osm",
          "address.postalcode": "osm",
          "address.city": "osm",
          "hours": "osm"
        },
        "apple_id_attempted": "2026-05-29",
        "google_attempted": "2026-05-29",
        "payment": {}
      }
    },
    {
      "type": "Feature",
      "geometry": {
        "type": "Point",
        "coordinates": [
          13.5319376,
          52.6601017
        ]
      },
      "properties": {
        "id": "tk_bbr_osm_n13376599478",
        "name": "Kiosk 24",
        "address": {},
        "sources": [
          {
            "type": "osm",
            "id": "node/13376599478",
            "version": 0
          }
        ],
        "created": "2026-05-28",
        "updated": "2026-06-15",
        "sources_by_field": {
          "name": "osm"
        },
        "apple_id_attempted": "2026-05-29",
        "google_attempted": "2026-05-29",
        "payment": {}
      }
    },
    {
      "type": "Feature",
      "geometry": {
        "type": "Point",
        "coordinates": [
          12.581008,
          52.7437548
        ]
      },
      "properties": {
        "id": "tk_bbr_osm_n1359141000",
        "name": "Getränkehaus",
        "address": {},
        "sources": [
          {
            "type": "osm",
            "id": "node/1359141000",
            "version": 0
          }
        ],
        "created": "2026-05-28",
        "updated": "2026-06-15",
        "sources_by_field": {
          "name": "osm"
        },
        "apple_id_attempted": "2026-05-29",
        "google_attempted": "2026-05-29",
        "payment": {}
      }
    },
    {
      "type": "Feature",
      "geometry": {
        "type": "Point",
        "coordinates": [
          13.1237016,
          52.1023878
        ]
      },
      "properties": {
        "id": "tk_bbr_osm_n13761007701",
        "name": "Luckenwalde",
        "address": {},
        "sources": [
          {
            "type": "osm",
            "id": "node/13761007701",
            "version": 0
          }
        ],
        "created": "2026-05-28",
        "updated": "2026-06-15",
        "sources_by_field": {
          "name": "osm"
        },
        "apple_id_attempted": "2026-05-29",
        "google_attempted": "2026-05-29",
        "payment": {}
      }
    },
    {
      "type": "Feature",
      "geometry": {
        "type": "Point",
        "coordinates": [
          13.4900742,
          53.1284103
        ]
      },
      "properties": {
        "id": "tk_bbr_osm_n13901092136",
        "name": "Getränkeland",
        "address": {
          "street": "Lychener Straße",
          "number": "16",
          "postalcode": "17268",
          "city": "Templin"
        },
        "sources": [
          {
            "type": "osm",
            "id": "node/13901092136",
            "version": 0
          }
        ],
        "created": "2026-06-15",
        "updated": "2026-06-15",
        "hours": {
          "raw": "Mo-Fr 08:30-18:00; Sa 08:00-13:00"
        },
        "sources_by_field": {
          "name": "osm",
          "address.street": "osm",
          "address.number": "osm",
          "address.postalcode": "osm",
          "address.city": "osm",
          "hours": "osm"
        },
        "apple_id_attempted": "2026-06-17"
      }
    },
    {
      "type": "Feature",
      "geometry": {
        "type": "Point",
        "coordinates": [
          13.9702966,
          51.869599
        ]
      },
      "properties": {
        "id": "tk_bbr_osm_n1396044939",
        "name": "Kahnbilder",
        "address": {},
        "sources": [
          {
            "type": "osm",
            "id": "node/1396044939",
            "version": 0
          }
        ],
        "created": "2026-05-28",
        "updated": "2026-06-15",
        "sources_by_field": {
          "name": "osm"
        },
        "apple_id_attempted": "2026-05-29",
        "google_attempted": "2026-05-29",
        "payment": {}
      }
    },
    {
      "type": "Feature",
      "geometry": {
        "type": "Point",
        "coordinates": [
          13.7679499,
          52.8407495
        ]
      },
      "properties": {
        "id": "tk_bbr_osm_n1428353613",
        "name": "Getränke Hoffmann",
        "address": {
          "street": "Lichterfelder Straße",
          "number": "10",
          "postalcode": "16227",
          "city": "Eberswalde"
        },
        "sources": [
          {
            "type": "osm",
            "id": "node/1428353613",
            "version": 0
          }
        ],
        "created": "2026-05-28",
        "updated": "2026-06-15",
        "hours": {
          "raw": "Mo-Fr 09:00-20:00, Sa 08:00-18:00"
        },
        "tags": [
          "barrierefrei"
        ],
        "sources_by_field": {
          "name": "osm",
          "address.street": "osm",
          "address.number": "osm",
          "address.postalcode": "osm",
          "address.city": "osm",
          "hours": "osm"
        },
        "apple_id_attempted": "2026-05-29",
        "google_attempted": "2026-05-29",
        "payment": {}
      }
    },
    {
      "type": "Feature",
      "geometry": {
        "type": "Point",
        "coordinates": [
          12.894997,
          53.103627
        ]
      },
      "properties": {
        "id": "tk_bbr_osm_n1578032408",
        "name": "Getränkehaus Meyer & Simon",
        "address": {
          "street": "Friedrichzentrum",
          "number": "10",
          "postalcode": "16831",
          "city": "Rheinsberg"
        },
        "sources": [
          {
            "type": "osm",
            "id": "node/1578032408",
            "version": 0
          }
        ],
        "created": "2026-05-28",
        "updated": "2026-06-15",
        "hours": {
          "raw": "Mo-Fr 09:00-18:30; Sa 09:00-13:00; Su,PH off"
        },
        "sources_by_field": {
          "name": "osm",
          "address.street": "osm",
          "address.number": "osm",
          "address.postalcode": "osm",
          "address.city": "osm",
          "hours": "osm"
        },
        "apple_id_attempted": "2026-05-29",
        "google_attempted": "2026-05-29",
        "payment": {}
      }
    },
    {
      "type": "Feature",
      "geometry": {
        "type": "Point",
        "coordinates": [
          12.786581,
          52.9181472
        ]
      },
      "properties": {
        "id": "tk_bbr_osm_n1586573352",
        "name": "Getränkehaus",
        "address": {},
        "sources": [
          {
            "type": "osm",
            "id": "node/1586573352",
            "version": 0
          }
        ],
        "created": "2026-05-28",
        "updated": "2026-06-15",
        "sources_by_field": {
          "name": "osm"
        },
        "apple_id_attempted": "2026-05-29",
        "google_attempted": "2026-05-29",
        "payment": {}
      }
    },
    {
      "type": "Feature",
      "geometry": {
        "type": "Point",
        "coordinates": [
          12.5379131,
          52.4152077
        ]
      },
      "properties": {
        "id": "tk_bbr_osm_n1601407959",
        "name": "Tabak-Presse-Shop Schröter",
        "address": {},
        "sources": [
          {
            "type": "osm",
            "id": "node/1601407959",
            "version": 0
          }
        ],
        "created": "2026-05-28",
        "updated": "2026-06-15",
        "tags": [
          "barrierefrei"
        ],
        "sources_by_field": {
          "name": "osm"
        },
        "apple_id_attempted": "2026-05-29",
        "google_attempted": "2026-05-29",
        "payment": {}
      }
    },
    {
      "type": "Feature",
      "geometry": {
        "type": "Point",
        "coordinates": [
          14.1314408,
          52.7122428
        ]
      },
      "properties": {
        "id": "tk_bbr_osm_n1614420248",
        "name": "Getränke Hoffmann",
        "address": {},
        "sources": [
          {
            "type": "osm",
            "id": "node/1614420248",
            "version": 0
          }
        ],
        "created": "2026-05-28",
        "updated": "2026-06-15",
        "tags": [
          "barrierefrei"
        ],
        "sources_by_field": {
          "name": "osm"
        },
        "apple_id_attempted": "2026-05-29",
        "google_attempted": "2026-05-29",
        "payment": {}
      }
    },
    {
      "type": "Feature",
      "geometry": {
        "type": "Point",
        "coordinates": [
          13.1777826,
          52.0912341
        ]
      },
      "properties": {
        "id": "tk_bbr_osm_n1732865753",
        "name": "Kaufland Getränkemarkt",
        "address": {
          "street": "Am Burgwall",
          "number": "41A",
          "postalcode": "14943",
          "city": "Luckenwalde"
        },
        "sources": [
          {
            "type": "osm",
            "id": "node/1732865753",
            "version": 0
          }
        ],
        "created": "2026-05-28",
        "updated": "2026-06-15",
        "tags": [
          "barrierefrei"
        ],
        "sources_by_field": {
          "name": "osm",
          "address.street": "osm",
          "address.number": "osm",
          "address.postalcode": "osm",
          "address.city": "osm"
        },
        "apple_id_attempted": "2026-05-29",
        "google_attempted": "2026-05-29",
        "payment": {}
      }
    },
    {
      "type": "Feature",
      "geometry": {
        "type": "Point",
        "coordinates": [
          13.6333807,
          52.2421883
        ]
      },
      "properties": {
        "id": "tk_bbr_osm_n1767522328",
        "name": "REWE Getränkemarkt",
        "address": {
          "street": "Hauptstraße",
          "number": "45",
          "postalcode": "15741",
          "city": "Bestensee"
        },
        "sources": [
          {
            "type": "osm",
            "id": "node/1767522328",
            "version": 0
          }
        ],
        "created": "2026-05-28",
        "updated": "2026-06-15",
        "hours": {
          "raw": "PH off; Mo-Sa 06:00-22:00"
        },
        "tags": [
          "barrierefrei"
        ],
        "sources_by_field": {
          "name": "osm",
          "address.street": "osm",
          "address.number": "osm",
          "address.postalcode": "osm",
          "address.city": "osm",
          "hours": "osm"
        },
        "apple_id_attempted": "2026-05-29",
        "google_attempted": "2026-05-29",
        "payment": {}
      }
    },
    {
      "type": "Feature",
      "geometry": {
        "type": "Point",
        "coordinates": [
          13.7825631,
          52.8243198
        ]
      },
      "properties": {
        "id": "tk_bbr_osm_n1817506468",
        "name": "Zooshop",
        "address": {},
        "sources": [
          {
            "type": "osm",
            "id": "node/1817506468",
            "version": 0
          }
        ],
        "created": "2026-05-28",
        "updated": "2026-06-15",
        "sources_by_field": {
          "name": "osm"
        },
        "apple_id_attempted": "2026-05-29",
        "google_attempted": "2026-05-29",
        "payment": {}
      }
    },
    {
      "type": "Feature",
      "geometry": {
        "type": "Point",
        "coordinates": [
          13.8729681,
          52.3457188
        ]
      },
      "properties": {
        "id": "tk_bbr_osm_n1846074170",
        "name": "Foto Krüger",
        "address": {
          "street": "Hauptstraße",
          "number": "70",
          "postalcode": "15528",
          "city": "Spreenhagen"
        },
        "sources": [
          {
            "type": "osm",
            "id": "node/1846074170",
            "version": 0
          }
        ],
        "created": "2026-05-28",
        "updated": "2026-06-15",
        "sources_by_field": {
          "name": "osm",
          "address.street": "osm",
          "address.number": "osm",
          "address.postalcode": "osm",
          "address.city": "osm"
        },
        "apple_id_attempted": "2026-05-29",
        "google_attempted": "2026-05-29",
        "payment": {}
      }
    },
    {
      "type": "Feature",
      "geometry": {
        "type": "Point",
        "coordinates": [
          14.5481893,
          52.5676687
        ]
      },
      "properties": {
        "id": "tk_bbr_osm_n1879333193",
        "name": "Trinx Welt",
        "address": {},
        "sources": [
          {
            "type": "osm",
            "id": "node/1879333193",
            "version": 0
          }
        ],
        "created": "2026-05-28",
        "updated": "2026-06-15",
        "sources_by_field": {
          "name": "osm"
        },
        "apple_id_attempted": "2026-05-29",
        "google_attempted": "2026-05-29",
        "payment": {}
      }
    },
    {
      "type": "Feature",
      "geometry": {
        "type": "Point",
        "coordinates": [
          14.2614558,
          53.0696012
        ]
      },
      "properties": {
        "id": "tk_bbr_osm_n1892847793",
        "name": "Getränkeland",
        "address": {},
        "sources": [
          {
            "type": "osm",
            "id": "node/1892847793",
            "version": 0
          }
        ],
        "created": "2026-05-28",
        "updated": "2026-06-15",
        "sources_by_field": {
          "name": "osm"
        },
        "apple_id_attempted": "2026-05-29",
        "google_attempted": "2026-05-29",
        "payment": {}
      }
    },
    {
      "type": "Feature",
      "geometry": {
        "type": "Point",
        "coordinates": [
          13.7975484,
          52.833758
        ]
      },
      "properties": {
        "id": "tk_bbr_osm_n1905876301",
        "name": "POINT",
        "address": {},
        "sources": [
          {
            "type": "osm",
            "id": "node/1905876301",
            "version": 0
          }
        ],
        "created": "2026-05-28",
        "updated": "2026-06-15",
        "hours": {
          "raw": "Mo-Fr 04:30-21:00; Sa 07:00-19:00; Su 08:00-20:00"
        },
        "tags": [
          "barrierefrei"
        ],
        "sources_by_field": {
          "name": "osm",
          "hours": "osm"
        },
        "apple_id_attempted": "2026-05-29",
        "google_attempted": "2026-05-29",
        "payment": {}
      }
    },
    {
      "type": "Feature",
      "geometry": {
        "type": "Point",
        "coordinates": [
          13.7154198,
          52.3967016
        ]
      },
      "properties": {
        "id": "tk_bbr_osm_n1911923912",
        "name": "Real Getränkemarkt",
        "address": {},
        "sources": [
          {
            "type": "osm",
            "id": "node/1911923912",
            "version": 0
          }
        ],
        "created": "2026-05-28",
        "updated": "2026-06-15",
        "tags": [
          "barrierefrei"
        ],
        "sources_by_field": {
          "name": "osm"
        },
        "apple_id_attempted": "2026-05-29",
        "google_attempted": "2026-05-29",
        "payment": {}
      }
    },
    {
      "type": "Feature",
      "geometry": {
        "type": "Point",
        "coordinates": [
          14.2575459,
          52.1109773
        ]
      },
      "properties": {
        "id": "tk_bbr_osm_n2066528902",
        "name": "Bettina Hallasch Getränke & Lotto",
        "address": {},
        "sources": [
          {
            "type": "osm",
            "id": "node/2066528902",
            "version": 0
          }
        ],
        "created": "2026-05-28",
        "updated": "2026-06-15",
        "sources_by_field": {
          "name": "osm"
        },
        "apple_id_attempted": "2026-05-29",
        "google_attempted": "2026-05-29",
        "payment": {}
      }
    },
    {
      "type": "Feature",
      "geometry": {
        "type": "Point",
        "coordinates": [
          12.5036018,
          52.4260087
        ]
      },
      "properties": {
        "id": "tk_bbr_osm_n2100560550",
        "name": "Tabak Gericke",
        "address": {},
        "sources": [
          {
            "type": "osm",
            "id": "node/2100560550",
            "version": 0
          }
        ],
        "created": "2026-05-28",
        "updated": "2026-06-15",
        "hours": {
          "raw": "Mo-Fr 09:00-18:00; Sa 09:00-12:00; Su,PH off"
        },
        "sources_by_field": {
          "name": "osm",
          "hours": "osm"
        },
        "apple_id_attempted": "2026-05-29",
        "google_attempted": "2026-05-29",
        "payment": {}
      }
    },
    {
      "type": "Feature",
      "geometry": {
        "type": "Point",
        "coordinates": [
          13.5329239,
          52.6586748
        ]
      },
      "properties": {
        "id": "tk_bbr_osm_n2277222193",
        "name": "Steinecke",
        "address": {},
        "sources": [
          {
            "type": "osm",
            "id": "node/2277222193",
            "version": 0
          }
        ],
        "created": "2026-05-28",
        "updated": "2026-06-15",
        "tags": [
          "barrierefrei"
        ],
        "sources_by_field": {
          "name": "osm"
        },
        "apple_id_attempted": "2026-05-29",
        "google_attempted": "2026-05-29",
        "payment": {}
      }
    },
    {
      "type": "Feature",
      "geometry": {
        "type": "Point",
        "coordinates": [
          13.54358,
          51.9010464
        ]
      },
      "properties": {
        "id": "tk_bbr_osm_n2284939865",
        "name": "Fleischerei Uhlrich",
        "address": {},
        "sources": [
          {
            "type": "osm",
            "id": "node/2284939865",
            "version": 0
          }
        ],
        "created": "2026-05-28",
        "updated": "2026-06-15",
        "hours": {
          "raw": "Tu-Th 16:00-18:00; Fr 15:00-19:00; Sa 08:00-12:00; Su 15:00-19:00"
        },
        "sources_by_field": {
          "name": "osm",
          "hours": "osm"
        },
        "apple_id_attempted": "2026-05-29",
        "google_attempted": "2026-05-29",
        "payment": {}
      }
    },
    {
      "type": "Feature",
      "geometry": {
        "type": "Point",
        "coordinates": [
          13.6657689,
          52.2303194
        ]
      },
      "properties": {
        "id": "tk_bbr_osm_n2295500005",
        "name": "Strandkiosk",
        "address": {},
        "sources": [
          {
            "type": "osm",
            "id": "node/2295500005",
            "version": 0
          }
        ],
        "created": "2026-05-28",
        "updated": "2026-06-15",
        "sources_by_field": {
          "name": "osm"
        },
        "apple_id_attempted": "2026-05-29",
        "google_attempted": "2026-05-29",
        "payment": {}
      }
    },
    {
      "type": "Feature",
      "geometry": {
        "type": "Point",
        "coordinates": [
          13.1580369,
          52.8978372
        ]
      },
      "properties": {
        "id": "tk_bbr_osm_n2377816145",
        "name": "Getränkeland",
        "address": {},
        "sources": [
          {
            "type": "osm",
            "id": "node/2377816145",
            "version": 0
          }
        ],
        "created": "2026-05-28",
        "updated": "2026-06-15",
        "hours": {
          "raw": "Mo-Fr 08:30-18:30, Sa 08:00-13:00"
        },
        "sources_by_field": {
          "name": "osm",
          "hours": "osm"
        },
        "apple_id_attempted": "2026-05-29",
        "google_attempted": "2026-05-29",
        "payment": {}
      }
    },
    {
      "type": "Feature",
      "geometry": {
        "type": "Point",
        "coordinates": [
          14.3578102,
          52.6479214
        ]
      },
      "properties": {
        "id": "tk_bbr_osm_n2419331178",
        "name": "Edeka Getränkemarkt",
        "address": {},
        "sources": [
          {
            "type": "osm",
            "id": "node/2419331178",
            "version": 0
          }
        ],
        "created": "2026-05-28",
        "updated": "2026-06-15",
        "sources_by_field": {
          "name": "osm"
        },
        "apple_id_attempted": "2026-05-29",
        "google_attempted": "2026-05-29",
        "payment": {}
      }
    },
    {
      "type": "Feature",
      "geometry": {
        "type": "Point",
        "coordinates": [
          13.6311998,
          52.2739335
        ]
      },
      "properties": {
        "id": "tk_bbr_osm_n2483752754",
        "name": "Getränke Hoffmann",
        "address": {
          "street": "Karl-Liebknecht-Straße",
          "number": "179",
          "postalcode": "15711",
          "city": "Königs Wusterhausen",
          "district": "Zeesen"
        },
        "sources": [
          {
            "type": "osm",
            "id": "node/2483752754",
            "version": 0
          }
        ],
        "created": "2026-05-28",
        "updated": "2026-06-15",
        "hours": {
          "raw": "Mo-Fr 08:00-19:00; Sa 08:00-18:00"
        },
        "tags": [
          "barrierefrei"
        ],
        "sources_by_field": {
          "name": "osm",
          "address.street": "osm",
          "address.number": "osm",
          "address.postalcode": "osm",
          "address.city": "osm",
          "address.district": "osm",
          "hours": "osm"
        },
        "apple_id_attempted": "2026-05-29",
        "google_attempted": "2026-05-29",
        "payment": {}
      }
    },
    {
      "type": "Feature",
      "geometry": {
        "type": "Point",
        "coordinates": [
          13.4400842,
          52.2236207
        ]
      },
      "properties": {
        "id": "tk_bbr_osm_n2493909689",
        "name": "Getränke Hoffmann",
        "address": {
          "street": "Stubenrauchstraße",
          "number": "60e",
          "postalcode": "15806",
          "city": "Zossen"
        },
        "sources": [
          {
            "type": "osm",
            "id": "node/2493909689",
            "version": 0
          }
        ],
        "created": "2026-05-28",
        "updated": "2026-06-15",
        "hours": {
          "raw": "Mo-Fr 09:00-20:00"
        },
        "tags": [
          "barrierefrei"
        ],
        "sources_by_field": {
          "name": "osm",
          "address.street": "osm",
          "address.number": "osm",
          "address.postalcode": "osm",
          "address.city": "osm",
          "hours": "osm"
        },
        "apple_id_attempted": "2026-05-29",
        "google_attempted": "2026-05-29",
        "payment": {}
      }
    },
    {
      "type": "Feature",
      "geometry": {
        "type": "Point",
        "coordinates": [
          13.5826548,
          53.1011789
        ]
      },
      "properties": {
        "id": "tk_bbr_osm_n2499327503",
        "name": "Getränkehof",
        "address": {
          "street": "Petersdorfer Siedlung",
          "number": "2",
          "postalcode": "17268",
          "city": "Milmersdorf"
        },
        "sources": [
          {
            "type": "osm",
            "id": "node/2499327503",
            "version": 0
          }
        ],
        "created": "2026-05-28",
        "updated": "2026-06-15",
        "sources_by_field": {
          "name": "osm",
          "address.street": "osm",
          "address.number": "osm",
          "address.postalcode": "osm",
          "address.city": "osm"
        },
        "apple_id_attempted": "2026-05-29",
        "google_attempted": "2026-05-29",
        "payment": {}
      }
    },
    {
      "type": "Feature",
      "geometry": {
        "type": "Point",
        "coordinates": [
          13.2882156,
          53.2123577
        ]
      },
      "properties": {
        "id": "tk_bbr_osm_n255741617",
        "name": "HEM",
        "address": {
          "street": "Fontanestraße",
          "number": "7",
          "postalcode": "17279",
          "city": "Lychen"
        },
        "sources": [
          {
            "type": "osm",
            "id": "node/255741617",
            "version": 0
          }
        ],
        "created": "2026-05-28",
        "updated": "2026-06-15",
        "hours": {
          "raw": "PH,Mo-Su 06:00-22:00"
        },
        "payment": {
          "cash": "unknown",
          "cards": "unknown",
          "contactless": "unknown",
          "girocard": "yes"
        },
        "sources_by_field": {
          "name": "osm",
          "address.street": "osm",
          "address.number": "osm",
          "address.postalcode": "osm",
          "address.city": "osm",
          "hours": "osm",
          "payment.cash": "osm",
          "payment.cards": "osm",
          "payment.contactless": "osm",
          "payment.girocard": "osm"
        },
        "apple_id_attempted": "2026-05-29"
      }
    },
    {
      "type": "Feature",
      "geometry": {
        "type": "Point",
        "coordinates": [
          14.1449671,
          51.8240108
        ]
      },
      "properties": {
        "id": "tk_bbr_osm_n264496877",
        "name": "Freie Tankstelle",
        "address": {},
        "sources": [
          {
            "type": "osm",
            "id": "node/264496877",
            "version": 0
          }
        ],
        "created": "2026-05-28",
        "updated": "2026-06-15",
        "sources_by_field": {
          "name": "osm"
        },
        "apple_id_attempted": "2026-05-29",
        "google_attempted": "2026-05-29",
        "payment": {}
      }
    },
    {
      "type": "Feature",
      "geometry": {
        "type": "Point",
        "coordinates": [
          13.3782306,
          51.8849871
        ]
      },
      "properties": {
        "id": "tk_bbr_osm_n2672332343",
        "name": "Kreisler",
        "address": {},
        "sources": [
          {
            "type": "osm",
            "id": "node/2672332343",
            "version": 0
          }
        ],
        "created": "2026-05-28",
        "updated": "2026-06-15",
        "sources_by_field": {
          "name": "osm"
        },
        "apple_id_attempted": "2026-05-29",
        "google_attempted": "2026-05-29",
        "payment": {}
      }
    },
    {
      "type": "Feature",
      "geometry": {
        "type": "Point",
        "coordinates": [
          13.7509383,
          52.5172202
        ]
      },
      "properties": {
        "id": "tk_bbr_osm_n2725147957",
        "name": "Getränke Hoffmann",
        "address": {
          "street": "Ernst-Thälmann-Straße",
          "number": "31",
          "postalcode": "15370",
          "city": "Fredersdorf-Vogelsdorf",
          "district": "Fredersdorf-Süd"
        },
        "sources": [
          {
            "type": "osm",
            "id": "node/2725147957",
            "version": 0
          }
        ],
        "created": "2026-05-28",
        "updated": "2026-06-15",
        "hours": {
          "raw": "Mo-Fr 09:00-20:00; Sa 09:00-18:00"
        },
        "tags": [
          "barrierefrei"
        ],
        "sources_by_field": {
          "name": "osm",
          "address.street": "osm",
          "address.number": "osm",
          "address.postalcode": "osm",
          "address.city": "osm",
          "address.district": "osm",
          "hours": "osm"
        },
        "apple_id_attempted": "2026-05-29",
        "google_attempted": "2026-05-29",
        "payment": {}
      }
    },
    {
      "type": "Feature",
      "geometry": {
        "type": "Point",
        "coordinates": [
          13.3939405,
          52.3321056
        ]
      },
      "properties": {
        "id": "tk_bbr_osm_n275403041",
        "name": "Getränke Hoffmann",
        "address": {
          "street": "Blankenfelder Dorfstraße",
          "number": "55",
          "postalcode": "15827",
          "city": "Blankenfelde-Mahlow"
        },
        "sources": [
          {
            "type": "osm",
            "id": "node/275403041",
            "version": 0
          }
        ],
        "created": "2026-05-28",
        "updated": "2026-06-15",
        "hours": {
          "raw": "Mo- Fr 09:00-20:00;Sa 9:00-18:00"
        },
        "tags": [
          "barrierefrei"
        ],
        "sources_by_field": {
          "name": "osm",
          "address.street": "osm",
          "address.number": "osm",
          "address.postalcode": "osm",
          "address.city": "osm",
          "hours": "osm"
        },
        "apple_id_attempted": "2026-05-29",
        "google_attempted": "2026-05-29",
        "payment": {}
      }
    },
    {
      "type": "Feature",
      "geometry": {
        "type": "Point",
        "coordinates": [
          13.0894178,
          51.9911072
        ]
      },
      "properties": {
        "id": "tk_bbr_osm_n279112545",
        "name": "Getränke Hoffmann",
        "address": {
          "street": "Vorstadt Neumarkt",
          "number": "5",
          "postalcode": "14913",
          "city": "Jüterbog"
        },
        "sources": [
          {
            "type": "osm",
            "id": "node/279112545",
            "version": 0
          }
        ],
        "created": "2026-05-28",
        "updated": "2026-06-15",
        "hours": {
          "raw": "Mo-Fr 09:00-18:00; Sa 09:00-16:00; PH off"
        },
        "payment": {
          "cash": "yes",
          "cards": "unknown",
          "contactless": "unknown",
          "girocard": "unknown"
        },
        "sources_by_field": {
          "name": "osm",
          "address.street": "osm",
          "address.number": "osm",
          "address.postalcode": "osm",
          "address.city": "osm",
          "hours": "osm",
          "payment.cash": "osm",
          "payment.cards": "osm",
          "payment.contactless": "osm",
          "payment.girocard": "osm"
        },
        "apple_id_attempted": "2026-05-29"
      }
    },
    {
      "type": "Feature",
      "geometry": {
        "type": "Point",
        "coordinates": [
          12.985963,
          52.252399
        ]
      },
      "properties": {
        "id": "tk_bbr_osm_n279158830",
        "name": "Total",
        "address": {
          "street": "Berliner Straße",
          "number": "107",
          "postalcode": "14547",
          "city": "Beelitz"
        },
        "sources": [
          {
            "type": "osm",
            "id": "node/279158830",
            "version": 0
          }
        ],
        "created": "2026-05-28",
        "updated": "2026-06-15",
        "hours": {
          "raw": "24/7"
        },
        "tags": [
          "barrierefrei"
        ],
        "sources_by_field": {
          "name": "osm",
          "address.street": "osm",
          "address.number": "osm",
          "address.postalcode": "osm",
          "address.city": "osm",
          "hours": "osm"
        },
        "apple_id_attempted": "2026-05-29",
        "google_attempted": "2026-05-29",
        "payment": {}
      }
    },
    {
      "type": "Feature",
      "geometry": {
        "type": "Point",
        "coordinates": [
          13.6333991,
          52.3061132
        ]
      },
      "properties": {
        "id": "tk_bbr_osm_n292129931",
        "name": "Getränke Hoffmann",
        "address": {
          "street": "Im Wiesengrund",
          "number": "7",
          "postalcode": "15711",
          "city": "Königs Wusterhausen"
        },
        "sources": [
          {
            "type": "osm",
            "id": "node/292129931",
            "version": 0
          }
        ],
        "created": "2026-05-28",
        "updated": "2026-06-15",
        "sources_by_field": {
          "name": "osm",
          "address.street": "osm",
          "address.number": "osm",
          "address.postalcode": "osm",
          "address.city": "osm"
        },
        "apple_id_attempted": "2026-05-29",
        "google_attempted": "2026-05-29",
        "payment": {}
      }
    },
    {
      "type": "Feature",
      "geometry": {
        "type": "Point",
        "coordinates": [
          13.2050876,
          52.6378223
        ]
      },
      "properties": {
        "id": "tk_bbr_osm_n307640296",
        "name": "Eckert",
        "address": {},
        "sources": [
          {
            "type": "osm",
            "id": "node/307640296",
            "version": 0
          }
        ],
        "created": "2026-05-28",
        "updated": "2026-06-15",
        "hours": {
          "raw": "Mo-Fr 04:30-21:00; Sa 06:00-21:00; Su 07:00-21:00"
        },
        "tags": [
          "barrierefrei"
        ],
        "sources_by_field": {
          "name": "osm",
          "hours": "osm"
        },
        "apple_id_attempted": "2026-05-29",
        "google_attempted": "2026-05-29",
        "payment": {}
      }
    },
    {
      "type": "Feature",
      "geometry": {
        "type": "Point",
        "coordinates": [
          12.3407939,
          52.5295847
        ]
      },
      "properties": {
        "id": "tk_bbr_osm_n3121675799",
        "name": "Tabak-Börse - Inh. Christiane Schmidt",
        "address": {
          "street": "Gerhart-Hauptmann-Straße",
          "number": "2",
          "postalcode": "14727",
          "city": "Premnitz"
        },
        "sources": [
          {
            "type": "osm",
            "id": "node/3121675799",
            "version": 0
          }
        ],
        "created": "2026-05-28",
        "updated": "2026-06-15",
        "hours": {
          "raw": "Mo-Fr 08:00-12:00,13:00-17:00; Sa 08:00-12:00"
        },
        "payment": {
          "cash": "unknown",
          "cards": "yes",
          "contactless": "unknown",
          "girocard": "unknown"
        },
        "tags": [
          "barrierefrei"
        ],
        "sources_by_field": {
          "name": "osm",
          "address.street": "osm",
          "address.number": "osm",
          "address.postalcode": "osm",
          "address.city": "osm",
          "hours": "osm",
          "payment.cash": "osm",
          "payment.cards": "osm",
          "payment.contactless": "osm",
          "payment.girocard": "osm"
        },
        "apple_id_attempted": "2026-05-29"
      }
    },
    {
      "type": "Feature",
      "geometry": {
        "type": "Point",
        "coordinates": [
          12.8851356,
          52.598666
        ]
      },
      "properties": {
        "id": "tk_bbr_osm_n3323902726",
        "name": "Getränke Hoffmann",
        "address": {},
        "sources": [
          {
            "type": "osm",
            "id": "node/3323902726",
            "version": 0
          }
        ],
        "created": "2026-05-28",
        "updated": "2026-06-15",
        "hours": {
          "raw": "Mo-Fr 09:00-20:00; Sa 08:00-18:00"
        },
        "tags": [
          "barrierefrei"
        ],
        "sources_by_field": {
          "name": "osm",
          "hours": "osm"
        },
        "apple_id_attempted": "2026-05-29",
        "google_attempted": "2026-05-29",
        "payment": {}
      }
    },
    {
      "type": "Feature",
      "geometry": {
        "type": "Point",
        "coordinates": [
          13.6050418,
          52.3182984
        ]
      },
      "properties": {
        "id": "tk_bbr_osm_n3339379425",
        "name": "Getränke Hoffmann",
        "address": {
          "street": "Chausseestraße",
          "number": "8",
          "postalcode": "15745",
          "city": "Wildau"
        },
        "sources": [
          {
            "type": "osm",
            "id": "node/3339379425",
            "version": 0
          }
        ],
        "created": "2026-05-28",
        "updated": "2026-06-15",
        "hours": {
          "raw": "Mo-Fr 09:00-20:00; Sa 09:00-20:00"
        },
        "tags": [
          "barrierefrei"
        ],
        "sources_by_field": {
          "name": "osm",
          "address.street": "osm",
          "address.number": "osm",
          "address.postalcode": "osm",
          "address.city": "osm",
          "hours": "osm"
        },
        "apple_id_attempted": "2026-05-29",
        "google_attempted": "2026-05-29",
        "payment": {}
      }
    },
    {
      "type": "Feature",
      "geometry": {
        "type": "Point",
        "coordinates": [
          13.1795418,
          52.0818257
        ]
      },
      "properties": {
        "id": "tk_bbr_osm_n337551938",
        "name": "Fristo",
        "address": {},
        "sources": [
          {
            "type": "osm",
            "id": "node/337551938",
            "version": 0
          }
        ],
        "created": "2026-05-28",
        "updated": "2026-06-15",
        "hours": {
          "raw": "Mo-Fr 08:00-20:00, Sa 08:00-18:00"
        },
        "sources_by_field": {
          "name": "osm",
          "hours": "osm"
        },
        "apple_id_attempted": "2026-05-29",
        "google_attempted": "2026-05-29",
        "payment": {}
      }
    },
    {
      "type": "Feature",
      "geometry": {
        "type": "Point",
        "coordinates": [
          13.0780558,
          51.9913766
        ]
      },
      "properties": {
        "id": "tk_bbr_osm_n344570068",
        "name": "Bratwurststand",
        "address": {},
        "sources": [
          {
            "type": "osm",
            "id": "node/344570068",
            "version": 0
          }
        ],
        "created": "2026-05-28",
        "updated": "2026-06-15",
        "tags": [
          "barrierefrei"
        ],
        "sources_by_field": {
          "name": "osm"
        },
        "apple_id_attempted": "2026-05-29",
        "google_attempted": "2026-05-29",
        "payment": {}
      }
    },
    {
      "type": "Feature",
      "geometry": {
        "type": "Point",
        "coordinates": [
          13.5249622,
          52.605262
        ]
      },
      "properties": {
        "id": "tk_bbr_osm_n3522262468",
        "name": "Getränke Hoffmann",
        "address": {
          "street": "Bucher Weg",
          "number": "2a",
          "postalcode": "16356",
          "city": "Ahrensfelde",
          "district": "Lindenberg"
        },
        "sources": [
          {
            "type": "osm",
            "id": "node/3522262468",
            "version": 0
          }
        ],
        "created": "2026-05-28",
        "updated": "2026-06-15",
        "hours": {
          "raw": "Mo-Fr 09:00-20:00; Sa 09:00-18:00"
        },
        "tags": [
          "barrierefrei"
        ],
        "sources_by_field": {
          "name": "osm",
          "address.street": "osm",
          "address.number": "osm",
          "address.postalcode": "osm",
          "address.city": "osm",
          "address.district": "osm",
          "hours": "osm"
        },
        "apple_id_attempted": "2026-05-29",
        "google_attempted": "2026-05-29",
        "payment": {}
      }
    },
    {
      "type": "Feature",
      "geometry": {
        "type": "Point",
        "coordinates": [
          13.0756818,
          51.999193
        ]
      },
      "properties": {
        "id": "tk_bbr_osm_n355490849",
        "name": "MARA-Markt",
        "address": {
          "street": "Weinberge",
          "number": "39",
          "postalcode": "14913",
          "city": "Jüterbog"
        },
        "sources": [
          {
            "type": "osm",
            "id": "node/355490849",
            "version": 0
          }
        ],
        "created": "2026-05-28",
        "updated": "2026-06-15",
        "sources_by_field": {
          "name": "osm",
          "address.street": "osm",
          "address.number": "osm",
          "address.postalcode": "osm",
          "address.city": "osm"
        },
        "apple_id_attempted": "2026-05-29",
        "google_attempted": "2026-05-29",
        "payment": {}
      }
    },
    {
      "type": "Feature",
      "geometry": {
        "type": "Point",
        "coordinates": [
          13.0957441,
          51.9904831
        ]
      },
      "properties": {
        "id": "tk_bbr_osm_n355515283",
        "name": "Fam. Liefeldt",
        "address": {
          "street": "Hauptstraße",
          "number": "55",
          "postalcode": "14913",
          "city": "Jüterbog"
        },
        "sources": [
          {
            "type": "osm",
            "id": "node/355515283",
            "version": 0
          }
        ],
        "created": "2026-05-28",
        "updated": "2026-06-15",
        "hours": {
          "raw": "Mo-Fr 10:00-18:30; Sa 09:00-13:00; Su 10:00-12:00"
        },
        "sources_by_field": {
          "name": "osm",
          "address.street": "osm",
          "address.number": "osm",
          "address.postalcode": "osm",
          "address.city": "osm",
          "hours": "osm"
        },
        "apple_id_attempted": "2026-05-29",
        "google_attempted": "2026-05-29",
        "payment": {}
      }
    },
    {
      "type": "Feature",
      "geometry": {
        "type": "Point",
        "coordinates": [
          12.7352228,
          52.3203456
        ]
      },
      "properties": {
        "id": "tk_bbr_osm_n358158844",
        "name": "Getränke Hoffmann",
        "address": {
          "street": "Am Bahnhof",
          "number": "2",
          "postalcode": "14797",
          "city": "Kloster Lehnin",
          "district": "Lehnin"
        },
        "sources": [
          {
            "type": "osm",
            "id": "node/358158844",
            "version": 0
          }
        ],
        "created": "2026-05-28",
        "updated": "2026-06-15",
        "hours": {
          "raw": "Mo-Fr 09:00-20:00; Sa 08:00-16:00; Su,PH off"
        },
        "tags": [
          "barrierefrei"
        ],
        "sources_by_field": {
          "name": "osm",
          "address.street": "osm",
          "address.number": "osm",
          "address.postalcode": "osm",
          "address.city": "osm",
          "address.district": "osm",
          "hours": "osm"
        },
        "apple_id_attempted": "2026-05-29",
        "google_attempted": "2026-05-29",
        "payment": {}
      }
    },
    {
      "type": "Feature",
      "geometry": {
        "type": "Point",
        "coordinates": [
          13.0769588,
          51.9908763
        ]
      },
      "properties": {
        "id": "tk_bbr_osm_n368019926",
        "name": "Lotto & Tabak",
        "address": {
          "street": "Mönchenstraße",
          "number": "42",
          "postalcode": "14913",
          "city": "Jüterbog"
        },
        "sources": [
          {
            "type": "osm",
            "id": "node/368019926",
            "version": 0
          }
        ],
        "created": "2026-05-28",
        "updated": "2026-06-15",
        "hours": {
          "raw": "Mo-Fr 07:00-18:00; Sa 08:00-12:00"
        },
        "sources_by_field": {
          "name": "osm",
          "address.street": "osm",
          "address.number": "osm",
          "address.postalcode": "osm",
          "address.city": "osm",
          "hours": "osm"
        },
        "apple_id_attempted": "2026-05-29",
        "google_attempted": "2026-05-29",
        "payment": {}
      }
    },
    {
      "type": "Feature",
      "geometry": {
        "type": "Point",
        "coordinates": [
          13.4394144,
          52.3227156
        ]
      },
      "properties": {
        "id": "tk_bbr_osm_n370467317",
        "name": "Andys Getränkeshop",
        "address": {},
        "sources": [
          {
            "type": "osm",
            "id": "node/370467317",
            "version": 0
          }
        ],
        "created": "2026-05-28",
        "updated": "2026-06-15",
        "sources_by_field": {
          "name": "osm"
        },
        "apple_id_attempted": "2026-05-29",
        "google_attempted": "2026-05-29",
        "payment": {}
      }
    },
    {
      "type": "Feature",
      "geometry": {
        "type": "Point",
        "coordinates": [
          13.751531,
          52.4224113
        ]
      },
      "properties": {
        "id": "tk_bbr_osm_n3738119422",
        "name": "Kiosk",
        "address": {},
        "sources": [
          {
            "type": "osm",
            "id": "node/3738119422",
            "version": 0
          }
        ],
        "created": "2026-05-28",
        "updated": "2026-06-15",
        "hours": {
          "raw": "Mo-Fr 09:00-19:00; Sa 09:00-18:00"
        },
        "tags": [
          "barrierefrei"
        ],
        "sources_by_field": {
          "name": "osm",
          "hours": "osm"
        },
        "apple_id_attempted": "2026-05-29",
        "payment": {},
        "google_attempted": "2026-06-17"
      }
    },
    {
      "type": "Feature",
      "geometry": {
        "type": "Point",
        "coordinates": [
          13.6311482,
          52.2967395
        ]
      },
      "properties": {
        "id": "tk_bbr_osm_n3761479602",
        "name": "ServiceStore DB",
        "address": {},
        "sources": [
          {
            "type": "osm",
            "id": "node/3761479602",
            "version": 0
          }
        ],
        "created": "2026-05-28",
        "updated": "2026-06-15",
        "hours": {
          "raw": "Mo 04:00-21:00, Tu-Fr 04:00-21:00, Sa-Su 06:00-21:00"
        },
        "tags": [
          "barrierefrei"
        ],
        "sources_by_field": {
          "name": "osm",
          "hours": "osm"
        },
        "apple_id_attempted": "2026-05-29",
        "payment": {},
        "google_attempted": "2026-06-17"
      }
    },
    {
      "type": "Feature",
      "geometry": {
        "type": "Point",
        "coordinates": [
          12.9145905,
          53.186698
        ]
      },
      "properties": {
        "id": "tk_bbr_osm_n391529851",
        "name": "Kiosk Krümel",
        "address": {},
        "sources": [
          {
            "type": "osm",
            "id": "node/391529851",
            "version": 0
          },
          {
            "type": "gmaps",
            "id": "ChIJ4dATaR9DqUcRcpObwvsMot4"
          }
        ],
        "created": "2026-05-28",
        "updated": "2026-06-17",
        "sources_by_field": {
          "name": "osm",
          "payment.cards": "google",
          "payment.girocard": "google",
          "hours": "google"
        },
        "apple_id_attempted": "2026-05-29",
        "payment": {
          "cards": "yes",
          "girocard": "yes"
        },
        "hours": {
          "raw": "Tu 07:30-12:00; Th 07:30-16:00; Fr 07:30-16:00; We 07:30-16:00; Mo 07:30-12:00; Sa 07:30-16:00; Su 07:30-12:00"
        },
        "google_attempted": "2026-06-17"
      }
    },
    {
      "type": "Feature",
      "geometry": {
        "type": "Point",
        "coordinates": [
          13.6320333,
          52.2976268
        ]
      },
      "properties": {
        "id": "tk_bbr_osm_n4112237937",
        "name": "Schulungs- und Beratungszentrum",
        "address": {
          "street": "Storkower Straße",
          "number": "38",
          "postalcode": "15711",
          "city": "Königs Wusterhausen",
          "district": "Königs Wusterhausen"
        },
        "sources": [
          {
            "type": "osm",
            "id": "node/4112237937",
            "version": 0
          }
        ],
        "created": "2026-05-28",
        "updated": "2026-06-15",
        "tags": [
          "barrierefrei"
        ],
        "sources_by_field": {
          "name": "osm",
          "address.street": "osm",
          "address.number": "osm",
          "address.postalcode": "osm",
          "address.city": "osm",
          "address.district": "osm"
        },
        "apple_id_attempted": "2026-05-29",
        "payment": {},
        "google_attempted": "2026-06-17"
      }
    },
    {
      "type": "Feature",
      "geometry": {
        "type": "Point",
        "coordinates": [
          13.3137882,
          52.3655265
        ]
      },
      "properties": {
        "id": "tk_bbr_osm_n4318303191",
        "name": "Getränkeladen",
        "address": {
          "street": "Berliner Straße",
          "number": "96",
          "postalcode": "14979",
          "city": "Großbeeren"
        },
        "sources": [
          {
            "type": "osm",
            "id": "node/4318303191",
            "version": 0
          }
        ],
        "created": "2026-05-28",
        "updated": "2026-06-15",
        "tags": [
          "barrierefrei"
        ],
        "sources_by_field": {
          "name": "osm",
          "address.street": "osm",
          "address.number": "osm",
          "address.postalcode": "osm",
          "address.city": "osm"
        },
        "apple_id_attempted": "2026-05-29",
        "payment": {},
        "google_attempted": "2026-06-17"
      }
    },
    {
      "type": "Feature",
      "geometry": {
        "type": "Point",
        "coordinates": [
          13.9961957,
          53.0286612
        ]
      },
      "properties": {
        "id": "tk_bbr_osm_n4338230513",
        "name": "Getränke von A - Z Fachmarkt",
        "address": {
          "street": "Prenzlauer Straße",
          "number": "31",
          "postalcode": "16278",
          "city": "Angermünde"
        },
        "sources": [
          {
            "type": "osm",
            "id": "node/4338230513",
            "version": 0
          },
          {
            "type": "gmaps",
            "id": "ChIJlVUYDUXsqUcRWZuzkkjq0yk"
          }
        ],
        "created": "2026-05-28",
        "updated": "2026-06-17",
        "hours": {
          "raw": "Tu 08:00-18:30; Th 08:00-18:30; Fr 08:00-18:30; We 08:00-18:30; Mo 08:00-18:30; Sa 08:00-15:00"
        },
        "sources_by_field": {
          "name": "osm",
          "address.street": "osm",
          "address.number": "osm",
          "address.postalcode": "osm",
          "address.city": "osm",
          "hours": "google",
          "payment.cards": "google",
          "payment.contactless": "google",
          "payment.girocard": "google"
        },
        "apple_id_attempted": "2026-05-29",
        "payment": {
          "cards": "no",
          "contactless": "yes",
          "girocard": "yes"
        },
        "google_attempted": "2026-06-17"
      }
    },
    {
      "type": "Feature",
      "geometry": {
        "type": "Point",
        "coordinates": [
          13.282151,
          52.681119
        ]
      },
      "properties": {
        "id": "tk_bbr_osm_n441182616",
        "name": "Getränke Hoffmann",
        "address": {},
        "sources": [
          {
            "type": "osm",
            "id": "node/441182616",
            "version": 0
          }
        ],
        "created": "2026-05-28",
        "updated": "2026-06-15",
        "hours": {
          "raw": "Mo-Fr 09:00-20:00, Sa 09:00-16:00"
        },
        "payment": {
          "cash": "yes",
          "cards": "yes",
          "contactless": "unknown",
          "girocard": "unknown"
        },
        "tags": [
          "barrierefrei"
        ],
        "sources_by_field": {
          "name": "osm",
          "hours": "osm",
          "payment.cash": "osm",
          "payment.cards": "osm",
          "payment.contactless": "osm",
          "payment.girocard": "osm"
        },
        "apple_id_attempted": "2026-05-29"
      }
    },
    {
      "type": "Feature",
      "geometry": {
        "type": "Point",
        "coordinates": [
          14.0644667,
          52.3584022
        ]
      },
      "properties": {
        "id": "tk_bbr_osm_n4414901659",
        "name": "Tabak Laden",
        "address": {
          "street": "Domstraße",
          "postalcode": "15517",
          "city": "Fürstenwalde/Spree"
        },
        "sources": [
          {
            "type": "osm",
            "id": "node/4414901659",
            "version": 0
          }
        ],
        "created": "2026-05-28",
        "updated": "2026-06-15",
        "sources_by_field": {
          "name": "osm",
          "address.street": "osm",
          "address.postalcode": "osm",
          "address.city": "osm"
        },
        "apple_id_attempted": "2026-05-29",
        "payment": {},
        "google_attempted": "2026-06-17"
      }
    },
    {
      "type": "Feature",
      "geometry": {
        "type": "Point",
        "coordinates": [
          13.6422967,
          53.1143338
        ]
      },
      "properties": {
        "id": "tk_bbr_osm_n4451405201",
        "name": "Arno´s Getränkequelle",
        "address": {
          "street": "Dorfstraße",
          "number": "21",
          "postalcode": "17268",
          "city": "Milmersdorf"
        },
        "sources": [
          {
            "type": "osm",
            "id": "node/4451405201",
            "version": 0
          }
        ],
        "created": "2026-05-28",
        "updated": "2026-06-15",
        "sources_by_field": {
          "name": "osm",
          "address.street": "osm",
          "address.number": "osm",
          "address.postalcode": "osm",
          "address.city": "osm"
        },
        "apple_id_attempted": "2026-05-29",
        "payment": {},
        "google_attempted": "2026-06-17"
      }
    },
    {
      "type": "Feature",
      "geometry": {
        "type": "Point",
        "coordinates": [
          14.1339542,
          52.7221324
        ]
      },
      "properties": {
        "id": "tk_bbr_osm_n4456877329",
        "name": "Getränkeland",
        "address": {},
        "sources": [
          {
            "type": "osm",
            "id": "node/4456877329",
            "version": 0
          }
        ],
        "created": "2026-05-28",
        "updated": "2026-06-15",
        "sources_by_field": {
          "name": "osm"
        },
        "apple_id_attempted": "2026-05-29",
        "payment": {},
        "google_attempted": "2026-06-17"
      }
    },
    {
      "type": "Feature",
      "geometry": {
        "type": "Point",
        "coordinates": [
          13.5988597,
          52.5964261
        ]
      },
      "properties": {
        "id": "tk_bbr_osm_n4462074289",
        "name": "Getränkeland",
        "address": {
          "street": "McDonald's-Straße",
          "number": "3",
          "postalcode": "16356",
          "city": "Ahrensfelde",
          "district": "Blumberg"
        },
        "sources": [
          {
            "type": "osm",
            "id": "node/4462074289",
            "version": 0
          },
          {
            "type": "gmaps",
            "id": "ChIJAfexAEhLqEcR2cRKhvOujXc"
          }
        ],
        "created": "2026-05-28",
        "updated": "2026-06-17",
        "hours": {
          "raw": "Tu 08:30-18:30; Th 08:30-18:30; Fr 08:30-18:30; We 08:30-18:30; Mo 08:30-18:30; Sa 08:00-13:00"
        },
        "sources_by_field": {
          "name": "osm",
          "address.street": "osm",
          "address.number": "osm",
          "address.postalcode": "osm",
          "address.city": "osm",
          "address.district": "osm",
          "hours": "google",
          "payment.cards": "google",
          "payment.contactless": "google",
          "payment.girocard": "google"
        },
        "apple_id_attempted": "2026-05-29",
        "payment": {
          "cards": "no",
          "contactless": "yes",
          "girocard": "yes"
        },
        "google_attempted": "2026-06-17"
      }
    },
    {
      "type": "Feature",
      "geometry": {
        "type": "Point",
        "coordinates": [
          13.5913338,
          52.3639061
        ]
      },
      "properties": {
        "id": "tk_bbr_osm_n4529159161",
        "name": "Getränke Hoffmann",
        "address": {
          "street": "Ernst-Thälmann-Straße",
          "number": "124",
          "postalcode": "15732",
          "city": "Schulzendorf"
        },
        "sources": [
          {
            "type": "osm",
            "id": "node/4529159161",
            "version": 0
          }
        ],
        "created": "2026-05-28",
        "updated": "2026-06-15",
        "hours": {
          "raw": "Mo-Fr 09:00-18:00; Sa 09:00-16:00"
        },
        "tags": [
          "barrierefrei"
        ],
        "sources_by_field": {
          "name": "osm",
          "address.street": "osm",
          "address.number": "osm",
          "address.postalcode": "osm",
          "address.city": "osm",
          "hours": "osm"
        },
        "apple_id_attempted": "2026-05-29",
        "payment": {},
        "google_attempted": "2026-06-17"
      }
    },
    {
      "type": "Feature",
      "geometry": {
        "type": "Point",
        "coordinates": [
          13.6057665,
          51.9712287
        ]
      },
      "properties": {
        "id": "tk_bbr_osm_n4530044205",
        "name": "Gliech",
        "address": {},
        "sources": [
          {
            "type": "osm",
            "id": "node/4530044205",
            "version": 0
          }
        ],
        "created": "2026-05-28",
        "updated": "2026-06-15",
        "sources_by_field": {
          "name": "osm"
        },
        "apple_id_attempted": "2026-05-29",
        "payment": {},
        "google_attempted": "2026-06-17"
      }
    },
    {
      "type": "Feature",
      "geometry": {
        "type": "Point",
        "coordinates": [
          14.3558743,
          52.6409003
        ]
      },
      "properties": {
        "id": "tk_bbr_osm_n4593191824",
        "name": "Getränke Grafe",
        "address": {},
        "sources": [
          {
            "type": "osm",
            "id": "node/4593191824",
            "version": 0
          }
        ],
        "created": "2026-05-28",
        "updated": "2026-06-15",
        "sources_by_field": {
          "name": "osm"
        },
        "apple_id_attempted": "2026-05-29",
        "payment": {},
        "google_attempted": "2026-06-17"
      }
    },
    {
      "type": "Feature",
      "geometry": {
        "type": "Point",
        "coordinates": [
          13.919445,
          51.9488041
        ]
      },
      "properties": {
        "id": "tk_bbr_osm_n4663566802",
        "name": "GP Getränkemarkt",
        "address": {
          "street": "Frankfurter Straße",
          "number": "61",
          "postalcode": "15907",
          "city": "Lübben (Spreewald)"
        },
        "sources": [
          {
            "type": "osm",
            "id": "node/4663566802",
            "version": 0
          }
        ],
        "created": "2026-05-28",
        "updated": "2026-06-15",
        "sources_by_field": {
          "name": "osm",
          "address.street": "osm",
          "address.number": "osm",
          "address.postalcode": "osm",
          "address.city": "osm"
        },
        "apple_id_attempted": "2026-05-29",
        "payment": {},
        "google_attempted": "2026-06-17"
      }
    },
    {
      "type": "Feature",
      "geometry": {
        "type": "Point",
        "coordinates": [
          13.5608753,
          52.3677747
        ]
      },
      "properties": {
        "id": "tk_bbr_osm_n472701507",
        "name": "Rewe to go",
        "address": {},
        "sources": [
          {
            "type": "osm",
            "id": "node/472701507",
            "version": 0
          },
          {
            "type": "gmaps",
            "id": "ChIJ9zM2p0RHqEcR6ljzz8e-gyc"
          }
        ],
        "created": "2026-05-28",
        "updated": "2026-06-17",
        "hours": {
          "raw": "Tu 05:00-22:00; Th 05:00-22:00; Fr 05:00-22:00; We 05:00-22:00; Mo 05:00-22:00; Sa 06:00-22:00; Su 06:00-22:00"
        },
        "sources_by_field": {
          "name": "osm",
          "hours": "google",
          "payment.cards": "google",
          "payment.contactless": "google",
          "payment.girocard": "google"
        },
        "apple_id_attempted": "2026-05-29",
        "payment": {
          "cards": "yes",
          "contactless": "yes",
          "girocard": "yes"
        },
        "google_attempted": "2026-06-17"
      }
    },
    {
      "type": "Feature",
      "geometry": {
        "type": "Point",
        "coordinates": [
          13.2231366,
          52.8112849
        ]
      },
      "properties": {
        "id": "tk_bbr_osm_n475009884",
        "name": "Sprint",
        "address": {
          "street": "Teerofener Weg",
          "number": "4",
          "postalcode": "16775",
          "city": "Löwenberger Land",
          "district": "Nassenheide"
        },
        "sources": [
          {
            "type": "osm",
            "id": "node/475009884",
            "version": 0
          }
        ],
        "created": "2026-05-28",
        "updated": "2026-06-15",
        "hours": {
          "raw": "24/7"
        },
        "tags": [
          "barrierefrei"
        ],
        "sources_by_field": {
          "name": "osm",
          "address.street": "osm",
          "address.number": "osm",
          "address.postalcode": "osm",
          "address.city": "osm",
          "address.district": "osm",
          "hours": "osm"
        },
        "apple_id_attempted": "2026-05-29",
        "payment": {},
        "google_attempted": "2026-06-17"
      }
    },
    {
      "type": "Feature",
      "geometry": {
        "type": "Point",
        "coordinates": [
          14.5294289,
          52.4172105
        ]
      },
      "properties": {
        "id": "tk_bbr_osm_n4824784566",
        "name": "Getränkeland",
        "address": {
          "street": "Gewerbepark Kirschallee",
          "number": "2",
          "postalcode": "15326",
          "city": "Lebus"
        },
        "sources": [
          {
            "type": "osm",
            "id": "node/4824784566",
            "version": 0
          }
        ],
        "created": "2026-05-28",
        "updated": "2026-06-15",
        "hours": {
          "raw": "Mo-Fr 08:00-18:30, Sa 08:00-13:00; PH,Su off"
        },
        "sources_by_field": {
          "name": "osm",
          "address.street": "osm",
          "address.number": "osm",
          "address.postalcode": "osm",
          "address.city": "osm",
          "hours": "osm"
        },
        "apple_id_attempted": "2026-05-29",
        "payment": {},
        "google_attempted": "2026-06-17"
      }
    },
    {
      "type": "Feature",
      "geometry": {
        "type": "Point",
        "coordinates": [
          13.4925936,
          53.1135055
        ]
      },
      "properties": {
        "id": "tk_bbr_osm_n4918098624",
        "name": "Getränke von A-Z",
        "address": {
          "street": "Bahnhofstraße",
          "number": "13",
          "postalcode": "17268",
          "city": "Templin"
        },
        "sources": [
          {
            "type": "osm",
            "id": "node/4918098624",
            "version": 0
          },
          {
            "type": "gmaps",
            "id": "ChIJQVamoxGdqUcRF9H4bS1iMtU"
          }
        ],
        "created": "2026-05-28",
        "updated": "2026-06-17",
        "hours": {
          "raw": "Tu 08:00-19:00; Th 08:00-19:00; Fr 08:00-19:00; We 08:00-19:00; Mo 08:00-19:00; Sa 08:00-16:00"
        },
        "sources_by_field": {
          "name": "osm",
          "address.street": "osm",
          "address.number": "osm",
          "address.postalcode": "osm",
          "address.city": "osm",
          "hours": "google",
          "payment.cards": "google",
          "payment.contactless": "google",
          "payment.girocard": "google"
        },
        "apple_id_attempted": "2026-05-29",
        "payment": {
          "cards": "no",
          "contactless": "yes",
          "girocard": "yes"
        },
        "google_attempted": "2026-06-17"
      }
    },
    {
      "type": "Feature",
      "geometry": {
        "type": "Point",
        "coordinates": [
          14.6637842,
          52.1382838
        ]
      },
      "properties": {
        "id": "tk_bbr_osm_n4964366221",
        "name": "Getränkemarkt",
        "address": {},
        "sources": [
          {
            "type": "osm",
            "id": "node/4964366221",
            "version": 0
          }
        ],
        "created": "2026-05-28",
        "updated": "2026-06-15",
        "tags": [
          "barrierefrei"
        ],
        "sources_by_field": {
          "name": "osm"
        },
        "apple_id_attempted": "2026-05-29",
        "payment": {},
        "google_attempted": "2026-06-17"
      }
    },
    {
      "type": "Feature",
      "geometry": {
        "type": "Point",
        "coordinates": [
          13.6271927,
          52.3495805
        ]
      },
      "properties": {
        "id": "tk_bbr_osm_n5057029921",
        "name": "Tabak-Lotto-Presse Casper",
        "address": {},
        "sources": [
          {
            "type": "osm",
            "id": "node/5057029921",
            "version": 0
          },
          {
            "type": "gmaps",
            "id": "ChIJlf28fdY4qEcRRk4DvCRxVE4"
          }
        ],
        "created": "2026-05-28",
        "updated": "2026-06-15",
        "hours": {
          "raw": "Tu-Fr 8:00-18:00, Sa 7:00-12:00"
        },
        "sources_by_field": {
          "name": "osm",
          "hours": "osm"
        },
        "apple_id_attempted": "2026-05-29",
        "payment": {},
        "google_attempted": "2026-06-17"
      }
    },
    {
      "type": "Feature",
      "geometry": {
        "type": "Point",
        "coordinates": [
          13.6343476,
          52.537917
        ]
      },
      "properties": {
        "id": "tk_bbr_osm_n5060308122",
        "name": "Multi-Markt",
        "address": {
          "street": "Mahlsdorfer Straße",
          "number": "63d",
          "postalcode": "15366",
          "city": "Hoppegarten",
          "district": "Hönow"
        },
        "sources": [
          {
            "type": "osm",
            "id": "node/5060308122",
            "version": 0
          }
        ],
        "created": "2026-05-28",
        "updated": "2026-06-15",
        "tags": [
          "barrierefrei"
        ],
        "sources_by_field": {
          "name": "osm",
          "address.street": "osm",
          "address.number": "osm",
          "address.postalcode": "osm",
          "address.city": "osm",
          "address.district": "osm"
        },
        "apple_id_attempted": "2026-05-29",
        "payment": {},
        "google_attempted": "2026-06-17"
      }
    },
    {
      "type": "Feature",
      "geometry": {
        "type": "Point",
        "coordinates": [
          13.6679539,
          52.5300014
        ]
      },
      "properties": {
        "id": "tk_bbr_osm_n506265973",
        "name": "Getränke Hoffmann",
        "address": {
          "street": "Lindenstraße",
          "city": "Neuenhagen bei Berlin"
        },
        "sources": [
          {
            "type": "osm",
            "id": "node/506265973",
            "version": 0
          }
        ],
        "created": "2026-05-28",
        "updated": "2026-06-15",
        "hours": {
          "raw": "Mo-Sa 08:00-20:00"
        },
        "tags": [
          "barrierefrei"
        ],
        "sources_by_field": {
          "name": "osm",
          "address.street": "osm",
          "address.city": "osm",
          "hours": "osm"
        },
        "apple_id_attempted": "2026-05-29",
        "payment": {},
        "google_attempted": "2026-06-17"
      }
    },
    {
      "type": "Feature",
      "geometry": {
        "type": "Point",
        "coordinates": [
          14.5743516,
          52.2642425
        ]
      },
      "properties": {
        "id": "tk_bbr_osm_n506498374",
        "name": "Getränkeland",
        "address": {},
        "sources": [
          {
            "type": "osm",
            "id": "node/506498374",
            "version": 0
          }
        ],
        "created": "2026-05-28",
        "updated": "2026-06-15",
        "tags": [
          "barrierefrei"
        ],
        "sources_by_field": {
          "name": "osm"
        },
        "apple_id_attempted": "2026-05-29",
        "payment": {},
        "google_attempted": "2026-06-17"
      }
    },
    {
      "type": "Feature",
      "geometry": {
        "type": "Point",
        "coordinates": [
          13.6542333,
          52.1597392
        ]
      },
      "properties": {
        "id": "tk_bbr_osm_n5198624692",
        "name": "Getränkemarkt Rössler",
        "address": {
          "street": "Seebadstraße",
          "number": "1",
          "postalcode": "15746",
          "city": "Groß Köris"
        },
        "sources": [
          {
            "type": "osm",
            "id": "node/5198624692",
            "version": 0
          },
          {
            "type": "gmaps",
            "id": "ChIJx4W6GikRqEcRGjFrtm-S-os"
          }
        ],
        "created": "2026-05-28",
        "updated": "2026-06-17",
        "hours": {
          "raw": "Tu 08:00-18:30; Th 08:00-18:30; Fr 08:00-18:30; We 08:00-18:30; Mo 08:00-18:30; Sa 08:00-13:00"
        },
        "sources_by_field": {
          "name": "osm",
          "address.street": "osm",
          "address.number": "osm",
          "address.postalcode": "osm",
          "address.city": "osm",
          "hours": "google",
          "payment.cards": "google",
          "payment.contactless": "google",
          "payment.girocard": "google"
        },
        "apple_id_attempted": "2026-05-29",
        "payment": {
          "cards": "no",
          "contactless": "yes",
          "girocard": "yes"
        },
        "google_attempted": "2026-06-17"
      }
    },
    {
      "type": "Feature",
      "geometry": {
        "type": "Point",
        "coordinates": [
          13.6311926,
          52.2966037
        ]
      },
      "properties": {
        "id": "tk_bbr_osm_n5203258220",
        "name": "Eckert",
        "address": {},
        "sources": [
          {
            "type": "osm",
            "id": "node/5203258220",
            "version": 0
          }
        ],
        "created": "2026-05-28",
        "updated": "2026-06-15",
        "hours": {
          "raw": "Mo-Fr 04:30-19:30; PH,Su 08:00-15:00; Sa 08:00-18:00"
        },
        "payment": {
          "cash": "unknown",
          "cards": "yes",
          "contactless": "unknown",
          "girocard": "unknown"
        },
        "tags": [
          "barrierefrei"
        ],
        "sources_by_field": {
          "name": "osm",
          "hours": "osm",
          "payment.cash": "osm",
          "payment.cards": "osm",
          "payment.contactless": "osm",
          "payment.girocard": "osm"
        },
        "apple_id_attempted": "2026-05-29"
      }
    },
    {
      "type": "Feature",
      "geometry": {
        "type": "Point",
        "coordinates": [
          13.6213812,
          52.2948002
        ]
      },
      "properties": {
        "id": "tk_bbr_osm_n5204898915",
        "name": "Kaufland",
        "address": {},
        "sources": [
          {
            "type": "osm",
            "id": "node/5204898915",
            "version": 0
          },
          {
            "type": "gmaps",
            "id": "ChIJsfyjJFo-qEcRCwq_ZgsH4TA"
          }
        ],
        "created": "2026-05-28",
        "updated": "2026-06-17",
        "hours": {
          "raw": "Tu 07:00-21:00; Th 07:00-21:00; Fr 07:00-21:00; We 07:00-21:00; Mo 07:00-21:00; Sa 07:00-21:00"
        },
        "sources_by_field": {
          "name": "osm",
          "hours": "google",
          "payment.cards": "google",
          "payment.contactless": "google",
          "payment.girocard": "google"
        },
        "apple_id_attempted": "2026-05-29",
        "payment": {
          "cards": "no",
          "contactless": "yes",
          "girocard": "yes"
        },
        "google_attempted": "2026-06-17"
      }
    },
    {
      "type": "Feature",
      "geometry": {
        "type": "Point",
        "coordinates": [
          13.4014393,
          52.1609511
        ]
      },
      "properties": {
        "id": "tk_bbr_osm_n5335258875",
        "name": "EDEKA Getränkemarkt",
        "address": {},
        "sources": [
          {
            "type": "osm",
            "id": "node/5335258875",
            "version": 0
          },
          {
            "type": "gmaps",
            "id": "ChIJ_XIWdIdtqEcR74APftQIW2c"
          }
        ],
        "created": "2026-05-28",
        "updated": "2026-06-17",
        "hours": {
          "raw": "Tu 07:00-20:00; Th 07:00-20:00; Fr 07:00-20:00; We 07:00-20:00; Mo 07:00-20:00; Sa 07:00-20:00"
        },
        "tags": [
          "barrierefrei"
        ],
        "sources_by_field": {
          "name": "osm",
          "hours": "google",
          "payment.cards": "google",
          "payment.contactless": "google",
          "payment.girocard": "google"
        },
        "apple_id_attempted": "2026-05-29",
        "payment": {
          "cards": "no",
          "contactless": "yes",
          "girocard": "yes"
        },
        "google_attempted": "2026-06-17"
      }
    },
    {
      "type": "Feature",
      "geometry": {
        "type": "Point",
        "coordinates": [
          13.2183875,
          52.7500468
        ]
      },
      "properties": {
        "id": "tk_bbr_osm_n5407337523",
        "name": "Gerson",
        "address": {
          "street": "Eichendorffstraße",
          "number": "11",
          "postalcode": "16515",
          "city": "Oranienburg"
        },
        "sources": [
          {
            "type": "osm",
            "id": "node/5407337523",
            "version": 0
          },
          {
            "type": "gmaps",
            "id": "ChIJebnF8SUHqUcR1yj2jFqbbOk"
          }
        ],
        "created": "2026-05-28",
        "updated": "2026-06-17",
        "sources_by_field": {
          "name": "osm",
          "address.street": "osm",
          "address.number": "osm",
          "address.postalcode": "osm",
          "address.city": "osm",
          "payment.cards": "google",
          "payment.contactless": "google",
          "payment.girocard": "google",
          "hours": "google"
        },
        "apple_id_attempted": "2026-05-29",
        "payment": {
          "cards": "no",
          "contactless": "yes",
          "girocard": "yes"
        },
        "hours": {
          "raw": "Tu 14:00-18:00; Th 09:00-12:00,14:00-18:00; Fr 09:00-12:00,14:00-18:00; We 09:00-12:00,14:00-18:00; Mo 09:00-12:00,14:00-18:00; Sa 09:00-12:00"
        },
        "google_attempted": "2026-06-17"
      }
    },
    {
      "type": "Feature",
      "geometry": {
        "type": "Point",
        "coordinates": [
          14.6365586,
          52.1522184
        ]
      },
      "properties": {
        "id": "tk_bbr_osm_n548933437",
        "name": "Tabakbörse Böttcher",
        "address": {},
        "sources": [
          {
            "type": "osm",
            "id": "node/548933437",
            "version": 0
          },
          {
            "type": "gmaps",
            "id": "ChIJZzinAY24B0cRo4f6HDUVC3U"
          }
        ],
        "created": "2026-05-28",
        "updated": "2026-06-17",
        "hours": {
          "raw": "Tu 08:00-19:00; Th 08:00-19:00; Fr 08:00-19:00; We 08:00-19:00; Mo 08:00-19:00; Sa 08:00-18:00"
        },
        "tags": [
          "barrierefrei"
        ],
        "sources_by_field": {
          "name": "osm",
          "hours": "google"
        },
        "apple_id_attempted": "2026-05-29",
        "payment": {},
        "google_attempted": "2026-06-17"
      }
    },
    {
      "type": "Feature",
      "geometry": {
        "type": "Point",
        "coordinates": [
          13.4104689,
          52.3605958
        ]
      },
      "properties": {
        "id": "tk_bbr_osm_n5795692295",
        "name": "Lottoladen",
        "address": {
          "street": "Am Bahnhof",
          "number": "12",
          "postalcode": "15831",
          "city": "Blankenfelde-Mahlow",
          "district": "Mahlow"
        },
        "sources": [
          {
            "type": "osm",
            "id": "node/5795692295",
            "version": 0
          }
        ],
        "created": "2026-05-28",
        "updated": "2026-06-15",
        "hours": {
          "raw": "Mo-Fr 07:00-13:00,14:00-18:00; Sa 08:00-13:00; PH off"
        },
        "payment": {
          "cash": "unknown",
          "cards": "yes",
          "contactless": "unknown",
          "girocard": "unknown"
        },
        "sources_by_field": {
          "name": "osm",
          "address.street": "osm",
          "address.number": "osm",
          "address.postalcode": "osm",
          "address.city": "osm",
          "address.district": "osm",
          "hours": "osm",
          "payment.cash": "osm",
          "payment.cards": "osm",
          "payment.contactless": "osm",
          "payment.girocard": "osm"
        },
        "apple_id_attempted": "2026-05-29"
      }
    },
    {
      "type": "Feature",
      "geometry": {
        "type": "Point",
        "coordinates": [
          13.0067215,
          51.9678871
        ]
      },
      "properties": {
        "id": "tk_bbr_osm_n583066259",
        "name": "Pension Kiesling",
        "address": {
          "street": "Wittenberger Straße",
          "number": "12",
          "postalcode": "14913",
          "city": "Niedergörsdorf",
          "district": "Dennewitz"
        },
        "sources": [
          {
            "type": "osm",
            "id": "node/583066259",
            "version": 0
          }
        ],
        "created": "2026-05-28",
        "updated": "2026-06-15",
        "sources_by_field": {
          "name": "osm",
          "address.street": "osm",
          "address.number": "osm",
          "address.postalcode": "osm",
          "address.city": "osm",
          "address.district": "osm"
        },
        "apple_id_attempted": "2026-05-29",
        "payment": {},
        "google_attempted": "2026-06-17"
      }
    },
    {
      "type": "Feature",
      "geometry": {
        "type": "Point",
        "coordinates": [
          14.674555,
          52.1476313
        ]
      },
      "properties": {
        "id": "tk_bbr_osm_n583224626",
        "name": "Fürstenberger Getränkeeck",
        "address": {},
        "sources": [
          {
            "type": "osm",
            "id": "node/583224626",
            "version": 0
          },
          {
            "type": "gmaps",
            "id": "ChIJ35RGH2u4B0cRCFtFkk1-iz4"
          }
        ],
        "created": "2026-05-28",
        "updated": "2026-06-15",
        "sources_by_field": {
          "name": "osm"
        },
        "apple_id_attempted": "2026-05-29",
        "payment": {},
        "google_attempted": "2026-06-17"
      }
    },
    {
      "type": "Feature",
      "geometry": {
        "type": "Point",
        "coordinates": [
          13.085796,
          51.9894776
        ]
      },
      "properties": {
        "id": "tk_bbr_osm_n589271007",
        "name": "Getränke-Briegel GmbH",
        "address": {
          "street": "Große Straße",
          "number": "104",
          "postalcode": "14913",
          "city": "Jüterbog"
        },
        "sources": [
          {
            "type": "osm",
            "id": "node/589271007",
            "version": 0
          }
        ],
        "created": "2026-05-28",
        "updated": "2026-06-15",
        "sources_by_field": {
          "name": "osm",
          "address.street": "osm",
          "address.number": "osm",
          "address.postalcode": "osm",
          "address.city": "osm"
        },
        "apple_id_attempted": "2026-05-29",
        "payment": {},
        "google_attempted": "2026-06-17"
      }
    },
    {
      "type": "Feature",
      "geometry": {
        "type": "Point",
        "coordinates": [
          13.8699198,
          52.557659
        ]
      },
      "properties": {
        "id": "tk_bbr_osm_n5967554098",
        "name": "Presse-Shop",
        "address": {
          "street": "Herrenseeallee",
          "number": "15",
          "postalcode": "15344",
          "city": "Strausberg"
        },
        "sources": [
          {
            "type": "osm",
            "id": "node/5967554098",
            "version": 0
          }
        ],
        "created": "2026-05-28",
        "updated": "2026-06-15",
        "hours": {
          "raw": "Mo-Fr 10:00-17:00; Sa 10:00-15:00"
        },
        "payment": {
          "cash": "unknown",
          "cards": "yes",
          "contactless": "unknown",
          "girocard": "unknown"
        },
        "tags": [
          "barrierefrei"
        ],
        "sources_by_field": {
          "name": "osm",
          "address.street": "osm",
          "address.number": "osm",
          "address.postalcode": "osm",
          "address.city": "osm",
          "hours": "osm",
          "payment.cash": "osm",
          "payment.cards": "osm",
          "payment.contactless": "osm",
          "payment.girocard": "osm"
        },
        "apple_id_attempted": "2026-05-29"
      }
    },
    {
      "type": "Feature",
      "geometry": {
        "type": "Point",
        "coordinates": [
          13.6042024,
          53.2619122
        ]
      },
      "properties": {
        "id": "tk_bbr_osm_n6076102615",
        "name": "Braumanufaktur",
        "address": {
          "street": "Templiner Straße",
          "number": "5",
          "postalcode": "17268",
          "city": "Boitzenburger Land",
          "district": "Boitzenburg"
        },
        "sources": [
          {
            "type": "osm",
            "id": "node/6076102615",
            "version": 0
          },
          {
            "type": "gmaps",
            "id": "ChIJMZRNrQKBqUcRw4jR1qTQQxw"
          }
        ],
        "created": "2026-05-28",
        "updated": "2026-06-17",
        "sources_by_field": {
          "name": "osm",
          "address.street": "osm",
          "address.number": "osm",
          "address.postalcode": "osm",
          "address.city": "osm",
          "address.district": "osm",
          "payment.cards": "google",
          "payment.girocard": "google",
          "hours": "google"
        },
        "apple_id_attempted": "2026-05-29",
        "payment": {
          "cards": "no",
          "girocard": "yes"
        },
        "hours": {
          "raw": "Tu 12:00-21:00; Th 12:00-21:00; Fr 12:00-21:00; We 12:00-21:00; Sa 12:00-21:00; Su 12:00-19:00"
        },
        "google_attempted": "2026-06-17"
      }
    },
    {
      "type": "Feature",
      "geometry": {
        "type": "Point",
        "coordinates": [
          13.0539791,
          51.9972002
        ]
      },
      "properties": {
        "id": "tk_bbr_osm_n616774258",
        "name": "Ticket & More",
        "address": {},
        "sources": [
          {
            "type": "osm",
            "id": "node/616774258",
            "version": 0
          }
        ],
        "created": "2026-05-28",
        "updated": "2026-06-15",
        "hours": {
          "raw": "Mo-Fr 06:00-11:30, 12:30-16:30; Su 12:15-16:00, PH 09:00-11:00"
        },
        "sources_by_field": {
          "name": "osm",
          "hours": "osm"
        },
        "apple_id_attempted": "2026-05-29",
        "payment": {},
        "google_attempted": "2026-06-17"
      }
    },
    {
      "type": "Feature",
      "geometry": {
        "type": "Point",
        "coordinates": [
          13.4631765,
          52.7472809
        ]
      },
      "properties": {
        "id": "tk_bbr_osm_n6222614438",
        "name": "Getränke Hoffmann",
        "address": {},
        "sources": [
          {
            "type": "osm",
            "id": "node/6222614438",
            "version": 0
          }
        ],
        "created": "2026-05-28",
        "updated": "2026-06-15",
        "hours": {
          "raw": "Mo-Sa 08:00-20:00"
        },
        "tags": [
          "barrierefrei"
        ],
        "sources_by_field": {
          "name": "osm",
          "hours": "osm"
        },
        "apple_id_attempted": "2026-05-29",
        "payment": {},
        "google_attempted": "2026-06-17"
      }
    },
    {
      "type": "Feature",
      "geometry": {
        "type": "Point",
        "coordinates": [
          12.3300335,
          52.5346078
        ]
      },
      "properties": {
        "id": "tk_bbr_osm_n6293040167",
        "name": "C & C Getränke-Markt GmbH",
        "address": {
          "street": "Alte Hauptstraße",
          "number": "15 B",
          "postalcode": "14727",
          "city": "Premnitz"
        },
        "sources": [
          {
            "type": "osm",
            "id": "node/6293040167",
            "version": 0
          }
        ],
        "created": "2026-05-28",
        "updated": "2026-06-15",
        "sources_by_field": {
          "name": "osm",
          "address.street": "osm",
          "address.number": "osm",
          "address.postalcode": "osm",
          "address.city": "osm"
        },
        "apple_id_attempted": "2026-05-29",
        "payment": {},
        "google_attempted": "2026-06-17"
      }
    },
    {
      "type": "Feature",
      "geometry": {
        "type": "Point",
        "coordinates": [
          14.4826498,
          52.3006798
        ]
      },
      "properties": {
        "id": "tk_bbr_osm_n640119240",
        "name": "Klinik-Shop",
        "address": {},
        "sources": [
          {
            "type": "osm",
            "id": "node/640119240",
            "version": 0
          }
        ],
        "created": "2026-05-28",
        "updated": "2026-06-15",
        "hours": {
          "raw": "Mo-Fr 09:00-17:00; Su 09:00-12:00"
        },
        "tags": [
          "barrierefrei"
        ],
        "sources_by_field": {
          "name": "osm",
          "hours": "osm"
        },
        "apple_id_attempted": "2026-05-29",
        "payment": {},
        "google_attempted": "2026-06-17"
      }
    },
    {
      "type": "Feature",
      "geometry": {
        "type": "Point",
        "coordinates": [
          13.9399879,
          51.743137
        ]
      },
      "properties": {
        "id": "tk_bbr_osm_n654383231",
        "name": "Drinks",
        "address": {},
        "sources": [
          {
            "type": "osm",
            "id": "node/654383231",
            "version": 0
          }
        ],
        "created": "2026-05-28",
        "updated": "2026-06-15",
        "sources_by_field": {
          "name": "osm"
        },
        "apple_id_attempted": "2026-05-29",
        "payment": {},
        "google_attempted": "2026-06-17"
      }
    },
    {
      "type": "Feature",
      "geometry": {
        "type": "Point",
        "coordinates": [
          12.9995021,
          52.5803702
        ]
      },
      "properties": {
        "id": "tk_bbr_osm_n6545707887",
        "name": "G’Broi",
        "address": {
          "street": "Wustermarker Allee",
          "number": "37",
          "postalcode": "14656",
          "city": "Brieselang"
        },
        "sources": [
          {
            "type": "osm",
            "id": "node/6545707887",
            "version": 0
          }
        ],
        "created": "2026-05-28",
        "updated": "2026-06-15",
        "sources_by_field": {
          "name": "osm",
          "address.street": "osm",
          "address.number": "osm",
          "address.postalcode": "osm",
          "address.city": "osm"
        },
        "apple_id_attempted": "2026-05-29",
        "payment": {},
        "google_attempted": "2026-06-17"
      }
    },
    {
      "type": "Feature",
      "geometry": {
        "type": "Point",
        "coordinates": [
          12.5540863,
          52.4140614
        ]
      },
      "properties": {
        "id": "tk_bbr_osm_n6545707888",
        "name": "Privatebrauerei Heymann",
        "address": {
          "street": "Altstädtischer Markt",
          "number": "10/11",
          "postalcode": "14770",
          "city": "Brandenburg an der Havel"
        },
        "sources": [
          {
            "type": "osm",
            "id": "node/6545707888",
            "version": 0
          }
        ],
        "created": "2026-05-28",
        "updated": "2026-06-15",
        "sources_by_field": {
          "name": "osm",
          "address.street": "osm",
          "address.number": "osm",
          "address.postalcode": "osm",
          "address.city": "osm"
        },
        "apple_id_attempted": "2026-05-29",
        "payment": {},
        "google_attempted": "2026-06-17"
      }
    },
    {
      "type": "Feature",
      "geometry": {
        "type": "Point",
        "coordinates": [
          12.5885269,
          52.3900894
        ]
      },
      "properties": {
        "id": "tk_bbr_osm_n6545721785",
        "name": "Hebenbräu Brauerei",
        "address": {
          "street": "Altes Dorf",
          "number": "12",
          "postalcode": "14776",
          "city": "Brandenburg an der Havel",
          "district": "Schmerzke"
        },
        "sources": [
          {
            "type": "osm",
            "id": "node/6545721785",
            "version": 0
          }
        ],
        "created": "2026-05-28",
        "updated": "2026-06-15",
        "tags": [
          "barrierefrei"
        ],
        "sources_by_field": {
          "name": "osm",
          "address.street": "osm",
          "address.number": "osm",
          "address.postalcode": "osm",
          "address.city": "osm",
          "address.district": "osm"
        },
        "apple_id_attempted": "2026-05-29",
        "payment": {}
      }
    },
    {
      "type": "Feature",
      "geometry": {
        "type": "Point",
        "coordinates": [
          14.5514246,
          52.3423709
        ]
      },
      "properties": {
        "id": "tk_bbr_osm_n655274656",
        "name": "K Kiosk",
        "address": {},
        "sources": [
          {
            "type": "osm",
            "id": "node/655274656",
            "version": 0
          }
        ],
        "created": "2026-05-28",
        "updated": "2026-06-15",
        "hours": {
          "raw": "Mo-Fr 08:00-15:00"
        },
        "tags": [
          "barrierefrei"
        ],
        "sources_by_field": {
          "name": "osm",
          "hours": "osm"
        },
        "apple_id_attempted": "2026-05-29",
        "payment": {}
      }
    },
    {
      "type": "Feature",
      "geometry": {
        "type": "Point",
        "coordinates": [
          13.9007269,
          52.8408869
        ]
      },
      "properties": {
        "id": "tk_bbr_osm_n6641725199",
        "name": "Triangel Camping",
        "address": {
          "street": "Dorfstraße",
          "number": "31",
          "postalcode": "16248",
          "city": "Niederfinow"
        },
        "sources": [
          {
            "type": "osm",
            "id": "node/6641725199",
            "version": 0
          }
        ],
        "created": "2026-05-28",
        "updated": "2026-06-15",
        "hours": {
          "raw": "Mo-Su,PH 10:00-08:00,14:00-20:30"
        },
        "tags": [
          "draussen",
          "wc"
        ],
        "sources_by_field": {
          "name": "osm",
          "address.street": "osm",
          "address.number": "osm",
          "address.postalcode": "osm",
          "address.city": "osm",
          "hours": "osm"
        },
        "apple_id_attempted": "2026-05-29",
        "payment": {}
      }
    },
    {
      "type": "Feature",
      "geometry": {
        "type": "Point",
        "coordinates": [
          13.3316221,
          52.9737737
        ]
      },
      "properties": {
        "id": "tk_bbr_osm_n6738295786",
        "name": "Getränkeland",
        "address": {
          "street": "Marianne-Grunthal-Straße",
          "number": "1",
          "postalcode": "16792",
          "city": "Zehdenick"
        },
        "sources": [
          {
            "type": "osm",
            "id": "node/6738295786",
            "version": 0
          }
        ],
        "created": "2026-05-28",
        "updated": "2026-06-15",
        "sources_by_field": {
          "name": "osm",
          "address.street": "osm",
          "address.number": "osm",
          "address.postalcode": "osm",
          "address.city": "osm"
        },
        "apple_id_attempted": "2026-05-29",
        "payment": {}
      }
    },
    {
      "type": "Feature",
      "geometry": {
        "type": "Point",
        "coordinates": [
          12.8495295,
          52.0883243
        ]
      },
      "properties": {
        "id": "tk_bbr_osm_n678298988",
        "name": "Getränke Hoffmann",
        "address": {},
        "sources": [
          {
            "type": "osm",
            "id": "node/678298988",
            "version": 0
          }
        ],
        "created": "2026-05-28",
        "updated": "2026-06-15",
        "hours": {
          "raw": "Mo-Sa 09:00-20:00; Su,PH off"
        },
        "sources_by_field": {
          "name": "osm",
          "hours": "osm"
        },
        "apple_id_attempted": "2026-05-29",
        "payment": {}
      }
    },
    {
      "type": "Feature",
      "geometry": {
        "type": "Point",
        "coordinates": [
          12.7856903,
          52.1588143
        ]
      },
      "properties": {
        "id": "tk_bbr_osm_n688457416",
        "name": "Kaufland - Getränke",
        "address": {
          "street": "Dorfstraße",
          "number": "27",
          "postalcode": "14822",
          "city": "Linthe"
        },
        "sources": [
          {
            "type": "osm",
            "id": "node/688457416",
            "version": 0
          }
        ],
        "created": "2026-05-28",
        "updated": "2026-06-15",
        "hours": {
          "raw": "Mo-Sa 07:00-21:00"
        },
        "tags": [
          "barrierefrei"
        ],
        "sources_by_field": {
          "name": "osm",
          "address.street": "osm",
          "address.number": "osm",
          "address.postalcode": "osm",
          "address.city": "osm",
          "hours": "osm"
        },
        "apple_id_attempted": "2026-05-29",
        "payment": {}
      }
    },
    {
      "type": "Feature",
      "geometry": {
        "type": "Point",
        "coordinates": [
          13.4348377,
          52.7058267
        ]
      },
      "properties": {
        "id": "tk_bbr_osm_n691414796",
        "name": "Detta's Getränkeshop",
        "address": {
          "street": "Eichenstraße",
          "number": "12",
          "postalcode": "16348",
          "city": "Wandlitz",
          "district": "Basdorf"
        },
        "sources": [
          {
            "type": "osm",
            "id": "node/691414796",
            "version": 0
          }
        ],
        "created": "2026-05-28",
        "updated": "2026-06-15",
        "hours": {
          "raw": "Mo-Su 16:00+"
        },
        "sources_by_field": {
          "name": "osm",
          "address.street": "osm",
          "address.number": "osm",
          "address.postalcode": "osm",
          "address.city": "osm",
          "address.district": "osm",
          "hours": "osm"
        },
        "apple_id_attempted": "2026-05-29",
        "payment": {}
      }
    },
    {
      "type": "Feature",
      "geometry": {
        "type": "Point",
        "coordinates": [
          12.3352181,
          52.6127374
        ]
      },
      "properties": {
        "id": "tk_bbr_osm_n6953776087",
        "name": "Getränkeland",
        "address": {
          "street": "Curlandstraße",
          "number": "7",
          "postalcode": "14712",
          "city": "Rathenow"
        },
        "sources": [
          {
            "type": "osm",
            "id": "node/6953776087",
            "version": 0
          }
        ],
        "created": "2026-05-28",
        "updated": "2026-06-15",
        "hours": {
          "raw": "Mo-Fr 09:00-18:30; Sa 08:00-12:30"
        },
        "sources_by_field": {
          "name": "osm",
          "address.street": "osm",
          "address.number": "osm",
          "address.postalcode": "osm",
          "address.city": "osm",
          "hours": "osm"
        },
        "apple_id_attempted": "2026-05-29",
        "payment": {}
      }
    },
    {
      "type": "Feature",
      "geometry": {
        "type": "Point",
        "coordinates": [
          13.7168698,
          51.858157
        ]
      },
      "properties": {
        "id": "tk_bbr_osm_n6964920873",
        "name": "bilgro",
        "address": {
          "street": "Am Bahnhof",
          "number": "6",
          "postalcode": "15926",
          "city": "Luckau"
        },
        "sources": [
          {
            "type": "osm",
            "id": "node/6964920873",
            "version": 0
          }
        ],
        "created": "2026-05-28",
        "updated": "2026-06-15",
        "hours": {
          "raw": "Mo-Fr 08:00-18:00; Sa 08:00-12:00; Su,PH off"
        },
        "sources_by_field": {
          "name": "osm",
          "address.street": "osm",
          "address.number": "osm",
          "address.postalcode": "osm",
          "address.city": "osm",
          "hours": "osm"
        },
        "apple_id_attempted": "2026-05-29",
        "payment": {}
      }
    },
    {
      "type": "Feature",
      "geometry": {
        "type": "Point",
        "coordinates": [
          13.6057068,
          51.9726978
        ]
      },
      "properties": {
        "id": "tk_bbr_osm_n6964920876",
        "name": "Bilgro",
        "address": {
          "street": "Straße der Einheit",
          "number": "6",
          "postalcode": "15938",
          "city": "Golßen"
        },
        "sources": [
          {
            "type": "osm",
            "id": "node/6964920876",
            "version": 0
          }
        ],
        "created": "2026-05-28",
        "updated": "2026-06-15",
        "sources_by_field": {
          "name": "osm",
          "address.street": "osm",
          "address.number": "osm",
          "address.postalcode": "osm",
          "address.city": "osm"
        },
        "apple_id_attempted": "2026-05-29",
        "payment": {}
      }
    },
    {
      "type": "Feature",
      "geometry": {
        "type": "Point",
        "coordinates": [
          13.9414217,
          51.7436312
        ]
      },
      "properties": {
        "id": "tk_bbr_osm_n718486642",
        "name": "Agip",
        "address": {
          "street": "Finsterwalder Straße",
          "number": "14",
          "postalcode": "03205",
          "city": "Calau"
        },
        "sources": [
          {
            "type": "osm",
            "id": "node/718486642",
            "version": 0
          }
        ],
        "created": "2026-05-28",
        "updated": "2026-06-15",
        "hours": {
          "raw": "Mo-Fr 05:00-20:00; Sa 06:00-20:00; Su 07:00-20:00"
        },
        "sources_by_field": {
          "name": "osm",
          "address.street": "osm",
          "address.number": "osm",
          "address.postalcode": "osm",
          "address.city": "osm",
          "hours": "osm"
        },
        "apple_id_attempted": "2026-05-29",
        "payment": {}
      }
    },
    {
      "type": "Feature",
      "geometry": {
        "type": "Point",
        "coordinates": [
          11.4809704,
          53.0935151
        ]
      },
      "properties": {
        "id": "tk_bbr_osm_n7350882770",
        "name": "Getränkehaus meyer & simon",
        "address": {},
        "sources": [
          {
            "type": "osm",
            "id": "node/7350882770",
            "version": 0
          }
        ],
        "created": "2026-05-28",
        "updated": "2026-06-15",
        "hours": {
          "raw": "Mo-Fr 09:00-18:00; Sa 09:00-13:00"
        },
        "sources_by_field": {
          "name": "osm",
          "hours": "osm"
        },
        "apple_id_attempted": "2026-05-29",
        "payment": {}
      }
    },
    {
      "type": "Feature",
      "geometry": {
        "type": "Point",
        "coordinates": [
          13.2526167,
          52.3042339
        ]
      },
      "properties": {
        "id": "tk_bbr_osm_n736611252",
        "name": "Markgrafen Getränkemarkt",
        "address": {
          "street": "Erich-Weinert-Straße",
          "number": "51",
          "postalcode": "14974",
          "city": "Ludwigsfelde"
        },
        "sources": [
          {
            "type": "osm",
            "id": "node/736611252",
            "version": 0
          }
        ],
        "created": "2026-05-28",
        "updated": "2026-06-15",
        "hours": {
          "raw": "Mo-Th 09:00-19:00; Fr 08:30-20:00; Sa 08:30-15:00"
        },
        "tags": [
          "barrierefrei"
        ],
        "sources_by_field": {
          "name": "osm",
          "address.street": "osm",
          "address.number": "osm",
          "address.postalcode": "osm",
          "address.city": "osm",
          "hours": "osm"
        },
        "apple_id_attempted": "2026-05-29",
        "payment": {}
      }
    },
    {
      "type": "Feature",
      "geometry": {
        "type": "Point",
        "coordinates": [
          13.7061823,
          53.0324655
        ]
      },
      "properties": {
        "id": "tk_bbr_osm_n7685473683",
        "name": "Zum Biergarten",
        "address": {
          "street": "Ringenwalder Straße",
          "number": "5",
          "postalcode": "16247",
          "city": "Friedrichswalde"
        },
        "sources": [
          {
            "type": "osm",
            "id": "node/7685473683",
            "version": 0
          }
        ],
        "created": "2026-05-28",
        "updated": "2026-06-15",
        "hours": {
          "raw": "Mo, Tu off; We-Fr 15:00-19:00; Sa, Su 10:00-12:00"
        },
        "payment": {
          "cash": "yes",
          "cards": "unknown",
          "contactless": "unknown",
          "girocard": "unknown"
        },
        "sources_by_field": {
          "name": "osm",
          "address.street": "osm",
          "address.number": "osm",
          "address.postalcode": "osm",
          "address.city": "osm",
          "hours": "osm",
          "payment.cash": "osm",
          "payment.cards": "osm",
          "payment.contactless": "osm",
          "payment.girocard": "osm"
        },
        "apple_id_attempted": "2026-05-29"
      }
    },
    {
      "type": "Feature",
      "geometry": {
        "type": "Point",
        "coordinates": [
          14.6353372,
          52.1300392
        ]
      },
      "properties": {
        "id": "tk_bbr_osm_n775052795",
        "name": "Zeitungen & Tabakwaren",
        "address": {},
        "sources": [
          {
            "type": "osm",
            "id": "node/775052795",
            "version": 0
          }
        ],
        "created": "2026-05-28",
        "updated": "2026-06-15",
        "tags": [
          "barrierefrei"
        ],
        "sources_by_field": {
          "name": "osm"
        },
        "apple_id_attempted": "2026-05-29",
        "payment": {}
      }
    },
    {
      "type": "Feature",
      "geometry": {
        "type": "Point",
        "coordinates": [
          11.9461861,
          52.958531
        ]
      },
      "properties": {
        "id": "tk_bbr_osm_n7759210792",
        "name": "Getränkehaus Meyer und Simon",
        "address": {
          "street": "Bahnstraße",
          "number": "11",
          "postalcode": "19336",
          "city": "Bad Wilsnack"
        },
        "sources": [
          {
            "type": "osm",
            "id": "node/7759210792",
            "version": 0
          }
        ],
        "created": "2026-05-28",
        "updated": "2026-06-15",
        "hours": {
          "raw": "Mo-Fr 09:30-18:30; Sa 08:30-13:00"
        },
        "sources_by_field": {
          "name": "osm",
          "address.street": "osm",
          "address.number": "osm",
          "address.postalcode": "osm",
          "address.city": "osm",
          "hours": "osm"
        },
        "apple_id_attempted": "2026-05-29",
        "payment": {}
      }
    },
    {
      "type": "Feature",
      "geometry": {
        "type": "Point",
        "coordinates": [
          13.6219946,
          52.29442
        ]
      },
      "properties": {
        "id": "tk_bbr_osm_n7763206902",
        "name": "Presseshop Müller",
        "address": {
          "street": "Luckenwalder Straße",
          "number": "28",
          "postalcode": "15711",
          "city": "Königs Wusterhausen"
        },
        "sources": [
          {
            "type": "osm",
            "id": "node/7763206902",
            "version": 0
          }
        ],
        "created": "2026-05-28",
        "updated": "2026-06-15",
        "hours": {
          "raw": "Mo-Sa 08:00-19:00"
        },
        "payment": {
          "cash": "unknown",
          "cards": "yes",
          "contactless": "unknown",
          "girocard": "unknown"
        },
        "tags": [
          "barrierefrei"
        ],
        "sources_by_field": {
          "name": "osm",
          "address.street": "osm",
          "address.number": "osm",
          "address.postalcode": "osm",
          "address.city": "osm",
          "hours": "osm",
          "payment.cash": "osm",
          "payment.cards": "osm",
          "payment.contactless": "osm",
          "payment.girocard": "osm"
        },
        "apple_id_attempted": "2026-05-29"
      }
    },
    {
      "type": "Feature",
      "geometry": {
        "type": "Point",
        "coordinates": [
          13.2379592,
          51.6961144
        ]
      },
      "properties": {
        "id": "tk_bbr_osm_n7804351596",
        "name": "Presse-Pieper",
        "address": {
          "street": "Kaxdorfer Weg",
          "number": "1",
          "postalcode": "04916",
          "city": "Herzberg (Elster)"
        },
        "sources": [
          {
            "type": "osm",
            "id": "node/7804351596",
            "version": 0
          }
        ],
        "created": "2026-05-28",
        "updated": "2026-06-15",
        "tags": [
          "barrierefrei"
        ],
        "sources_by_field": {
          "name": "osm",
          "address.street": "osm",
          "address.number": "osm",
          "address.postalcode": "osm",
          "address.city": "osm"
        },
        "apple_id_attempted": "2026-05-29",
        "payment": {}
      }
    },
    {
      "type": "Feature",
      "geometry": {
        "type": "Point",
        "coordinates": [
          13.1271415,
          52.1015783
        ]
      },
      "properties": {
        "id": "tk_bbr_osm_n7830631194",
        "name": "Marktkauf Getränkemarkt",
        "address": {
          "street": "Frankenfelder Chaussee",
          "number": "9",
          "postalcode": "14943",
          "city": "Luckenwalde"
        },
        "sources": [
          {
            "type": "osm",
            "id": "node/7830631194",
            "version": 0
          }
        ],
        "created": "2026-05-28",
        "updated": "2026-06-15",
        "sources_by_field": {
          "name": "osm",
          "address.street": "osm",
          "address.number": "osm",
          "address.postalcode": "osm",
          "address.city": "osm"
        },
        "apple_id_attempted": "2026-05-29",
        "payment": {}
      }
    },
    {
      "type": "Feature",
      "geometry": {
        "type": "Point",
        "coordinates": [
          13.8352018,
          52.5321905
        ]
      },
      "properties": {
        "id": "tk_bbr_osm_n8155263907",
        "name": "ServiceStore DB",
        "address": {
          "street": "Bahnhofstraße",
          "number": "26",
          "postalcode": "15344",
          "city": "Strausberg"
        },
        "sources": [
          {
            "type": "osm",
            "id": "node/8155263907",
            "version": 0
          }
        ],
        "created": "2026-05-28",
        "updated": "2026-06-15",
        "hours": {
          "raw": "Mo-Fr 05:00-18:00; Sa,Su,PH 07:00-13:00"
        },
        "payment": {
          "cash": "yes",
          "cards": "yes",
          "contactless": "unknown",
          "girocard": "unknown"
        },
        "tags": [
          "barrierefrei"
        ],
        "sources_by_field": {
          "name": "osm",
          "address.street": "osm",
          "address.number": "osm",
          "address.postalcode": "osm",
          "address.city": "osm",
          "hours": "osm",
          "payment.cash": "osm",
          "payment.cards": "osm",
          "payment.contactless": "osm",
          "payment.girocard": "osm"
        },
        "apple_id_attempted": "2026-05-29"
      }
    },
    {
      "type": "Feature",
      "geometry": {
        "type": "Point",
        "coordinates": [
          13.247359,
          52.3088265
        ]
      },
      "properties": {
        "id": "tk_bbr_osm_n817872308",
        "name": "Getränke Hoffmann",
        "address": {},
        "sources": [
          {
            "type": "osm",
            "id": "node/817872308",
            "version": 0
          }
        ],
        "created": "2026-05-28",
        "updated": "2026-06-15",
        "hours": {
          "raw": "Mo-Fr 09:00-20:00; Sa 09:00-18:00; PH off"
        },
        "tags": [
          "barrierefrei"
        ],
        "sources_by_field": {
          "name": "osm",
          "hours": "osm"
        },
        "apple_id_attempted": "2026-05-29",
        "payment": {}
      }
    },
    {
      "type": "Feature",
      "geometry": {
        "type": "Point",
        "coordinates": [
          12.9675119,
          52.2387534
        ]
      },
      "properties": {
        "id": "tk_bbr_osm_n8235563423",
        "name": "Getränke Hoffmann",
        "address": {
          "street": "Virchowstraße",
          "number": "42",
          "postalcode": "14547",
          "city": "Beelitz"
        },
        "sources": [
          {
            "type": "osm",
            "id": "node/8235563423",
            "version": 0
          }
        ],
        "created": "2026-05-28",
        "updated": "2026-06-15",
        "hours": {
          "raw": "Mo-Fr 08:30-20:00; Sa 08:00-18:00; Su,PH off"
        },
        "tags": [
          "barrierefrei"
        ],
        "sources_by_field": {
          "name": "osm",
          "address.street": "osm",
          "address.number": "osm",
          "address.postalcode": "osm",
          "address.city": "osm",
          "hours": "osm"
        },
        "apple_id_attempted": "2026-05-29",
        "payment": {}
      }
    },
    {
      "type": "Feature",
      "geometry": {
        "type": "Point",
        "coordinates": [
          14.6482555,
          52.1444303
        ]
      },
      "properties": {
        "id": "tk_bbr_osm_n843087728",
        "name": "Tabak & Geschenke",
        "address": {},
        "sources": [
          {
            "type": "osm",
            "id": "node/843087728",
            "version": 0
          }
        ],
        "created": "2026-05-28",
        "updated": "2026-06-15",
        "sources_by_field": {
          "name": "osm"
        },
        "apple_id_attempted": "2026-05-29",
        "payment": {}
      }
    },
    {
      "type": "Feature",
      "geometry": {
        "type": "Point",
        "coordinates": [
          13.7034906,
          52.300156
        ]
      },
      "properties": {
        "id": "tk_bbr_osm_n8442389764",
        "name": "Getränkemarkt Rössler",
        "address": {},
        "sources": [
          {
            "type": "osm",
            "id": "node/8442389764",
            "version": 0
          }
        ],
        "created": "2026-05-28",
        "updated": "2026-06-15",
        "hours": {
          "raw": "Mo-Fr 09:00-18:00; Tu 10:00-16:00; Th 11:00-18:00; Sa 09:00-12:00;PH off"
        },
        "sources_by_field": {
          "name": "osm",
          "hours": "osm"
        },
        "apple_id_attempted": "2026-05-29",
        "payment": {}
      }
    },
    {
      "type": "Feature",
      "geometry": {
        "type": "Point",
        "coordinates": [
          14.6363227,
          52.1292004
        ]
      },
      "properties": {
        "id": "tk_bbr_osm_n8574123589",
        "name": "Getränkemarkt",
        "address": {},
        "sources": [
          {
            "type": "osm",
            "id": "node/8574123589",
            "version": 0
          }
        ],
        "created": "2026-05-28",
        "updated": "2026-06-15",
        "sources_by_field": {
          "name": "osm"
        },
        "apple_id_attempted": "2026-05-29",
        "payment": {}
      }
    },
    {
      "type": "Feature",
      "geometry": {
        "type": "Point",
        "coordinates": [
          13.8449119,
          52.5361726
        ]
      },
      "properties": {
        "id": "tk_bbr_osm_n8590052170",
        "name": "Getränke Hoffmann",
        "address": {},
        "sources": [
          {
            "type": "osm",
            "id": "node/8590052170",
            "version": 0
          }
        ],
        "created": "2026-05-28",
        "updated": "2026-06-15",
        "hours": {
          "raw": "Sa 09:00-16:00; Mo-Fr 09:00-20:00"
        },
        "tags": [
          "barrierefrei"
        ],
        "sources_by_field": {
          "name": "osm",
          "hours": "osm"
        },
        "apple_id_attempted": "2026-05-29",
        "payment": {}
      }
    },
    {
      "type": "Feature",
      "geometry": {
        "type": "Point",
        "coordinates": [
          14.5471959,
          52.3422553
        ]
      },
      "properties": {
        "id": "tk_bbr_osm_n863061107",
        "name": "Tabac&co",
        "address": {},
        "sources": [
          {
            "type": "osm",
            "id": "node/863061107",
            "version": 0
          }
        ],
        "created": "2026-05-28",
        "updated": "2026-06-15",
        "hours": {
          "raw": "Mo-Sa 09:00-19:00"
        },
        "tags": [
          "barrierefrei"
        ],
        "sources_by_field": {
          "name": "osm",
          "hours": "osm"
        },
        "apple_id_attempted": "2026-05-29",
        "payment": {}
      }
    },
    {
      "type": "Feature",
      "geometry": {
        "type": "Point",
        "coordinates": [
          13.7145459,
          52.473972
        ]
      },
      "properties": {
        "id": "tk_bbr_osm_n882491956",
        "name": "Getränke Hoffmann",
        "address": {},
        "sources": [
          {
            "type": "osm",
            "id": "node/882491956",
            "version": 0
          }
        ],
        "created": "2026-05-28",
        "updated": "2026-06-15",
        "hours": {
          "raw": "Mo-Fr 09:00-20:00; Sa 09:00-18:00"
        },
        "tags": [
          "barrierefrei"
        ],
        "sources_by_field": {
          "name": "osm",
          "hours": "osm"
        },
        "apple_id_attempted": "2026-05-29",
        "payment": {}
      }
    },
    {
      "type": "Feature",
      "geometry": {
        "type": "Point",
        "coordinates": [
          12.3050994,
          52.5617163
        ]
      },
      "properties": {
        "id": "tk_bbr_osm_n8972070726",
        "name": "Imbiss am Königsgraben",
        "address": {},
        "sources": [
          {
            "type": "osm",
            "id": "node/8972070726",
            "version": 0
          }
        ],
        "created": "2026-05-28",
        "updated": "2026-06-15",
        "hours": {
          "raw": "Tu-Su 11:00-17:00"
        },
        "sources_by_field": {
          "name": "osm",
          "hours": "osm"
        },
        "apple_id_attempted": "2026-05-29",
        "payment": {}
      }
    },
    {
      "type": "Feature",
      "geometry": {
        "type": "Point",
        "coordinates": [
          14.0998569,
          51.8269849
        ]
      },
      "properties": {
        "id": "tk_bbr_osm_n8972741247",
        "name": "Imbiss",
        "address": {},
        "sources": [
          {
            "type": "osm",
            "id": "node/8972741247",
            "version": 0
          }
        ],
        "created": "2026-05-28",
        "updated": "2026-06-15",
        "sources_by_field": {
          "name": "osm"
        },
        "apple_id_attempted": "2026-05-29",
        "payment": {}
      }
    },
    {
      "type": "Feature",
      "geometry": {
        "type": "Point",
        "coordinates": [
          13.8444223,
          52.5022185
        ]
      },
      "properties": {
        "id": "tk_bbr_osm_n8977837679",
        "name": "Getränke Hoffmann",
        "address": {},
        "sources": [
          {
            "type": "osm",
            "id": "node/8977837679",
            "version": 0
          }
        ],
        "created": "2026-05-28",
        "updated": "2026-06-15",
        "hours": {
          "raw": "Mo-Fr 09:00-20:00; Sa 09:00-18:00"
        },
        "sources_by_field": {
          "name": "osm",
          "hours": "osm"
        },
        "apple_id_attempted": "2026-05-29",
        "payment": {}
      }
    },
    {
      "type": "Feature",
      "geometry": {
        "type": "Point",
        "coordinates": [
          13.6473716,
          52.7644509
        ]
      },
      "properties": {
        "id": "tk_bbr_osm_n8986748571",
        "name": "Getränke von A-Z",
        "address": {},
        "sources": [
          {
            "type": "osm",
            "id": "node/8986748571",
            "version": 0
          }
        ],
        "created": "2026-05-28",
        "updated": "2026-06-15",
        "hours": {
          "raw": "Mo-Fr 09:00-19:00; Sa 09:00-16:00"
        },
        "sources_by_field": {
          "name": "osm",
          "hours": "osm"
        },
        "apple_id_attempted": "2026-05-29",
        "payment": {}
      }
    },
    {
      "type": "Feature",
      "geometry": {
        "type": "Point",
        "coordinates": [
          13.5928192,
          52.6762328
        ]
      },
      "properties": {
        "id": "tk_bbr_osm_n9531068146",
        "name": "Eckert",
        "address": {},
        "sources": [
          {
            "type": "osm",
            "id": "node/9531068146",
            "version": 0
          }
        ],
        "created": "2026-05-28",
        "updated": "2026-06-15",
        "hours": {
          "raw": "Mo-Fr 05:00-20:00; Sa,Su 08:00-16:00"
        },
        "payment": {
          "cash": "unknown",
          "cards": "yes",
          "contactless": "unknown",
          "girocard": "unknown"
        },
        "tags": [
          "barrierefrei"
        ],
        "sources_by_field": {
          "name": "osm",
          "hours": "osm",
          "payment.cash": "osm",
          "payment.cards": "osm",
          "payment.contactless": "osm",
          "payment.girocard": "osm"
        },
        "apple_id_attempted": "2026-05-29"
      }
    },
    {
      "type": "Feature",
      "geometry": {
        "type": "Point",
        "coordinates": [
          13.6501726,
          52.3170161
        ]
      },
      "properties": {
        "id": "tk_bbr_osm_n9622958329",
        "name": "1000 kleine Dinge",
        "address": {
          "street": "Karl-Marx-Straße",
          "number": "71",
          "postalcode": "15713",
          "city": "Königs Wusterhausen"
        },
        "sources": [
          {
            "type": "osm",
            "id": "node/9622958329",
            "version": 0
          }
        ],
        "created": "2026-05-28",
        "updated": "2026-06-15",
        "hours": {
          "raw": "Mo off; Tu-Fr 09:00-18:00; Sa 09:00-12:00"
        },
        "payment": {
          "cash": "yes",
          "cards": "yes",
          "contactless": "unknown",
          "girocard": "unknown"
        },
        "sources_by_field": {
          "name": "osm",
          "address.street": "osm",
          "address.number": "osm",
          "address.postalcode": "osm",
          "address.city": "osm",
          "hours": "osm",
          "payment.cash": "osm",
          "payment.cards": "osm",
          "payment.contactless": "osm",
          "payment.girocard": "osm"
        },
        "apple_id_attempted": "2026-05-29"
      }
    },
    {
      "type": "Feature",
      "geometry": {
        "type": "Point",
        "coordinates": [
          12.6651398,
          52.6410307
        ]
      },
      "properties": {
        "id": "tk_bbr_osm_n9831766459",
        "name": "Moni's Getränkeshop",
        "address": {},
        "sources": [
          {
            "type": "osm",
            "id": "node/9831766459",
            "version": 0
          }
        ],
        "created": "2026-05-28",
        "updated": "2026-06-15",
        "hours": {
          "raw": "Mo 08:00-11:30,15:00-18:00; Tu-Fr 08:00-12:00,15:00-18:00; Sa 08:00-12:00; Su,Ph 10:00-12:00"
        },
        "sources_by_field": {
          "name": "osm",
          "hours": "osm"
        },
        "apple_id_attempted": "2026-05-29",
        "payment": {}
      }
    },
    {
      "type": "Feature",
      "geometry": {
        "type": "Point",
        "coordinates": [
          14.1482721,
          52.5807182
        ]
      },
      "properties": {
        "id": "tk_bbr_osm_n9956855236",
        "name": "Getränkewagen",
        "address": {},
        "sources": [
          {
            "type": "osm",
            "id": "node/9956855236",
            "version": 0
          }
        ],
        "created": "2026-05-28",
        "updated": "2026-06-15",
        "sources_by_field": {
          "name": "osm"
        },
        "apple_id_attempted": "2026-05-29",
        "payment": {}
      }
    },
    {
      "type": "Feature",
      "geometry": {
        "type": "Point",
        "coordinates": [
          14.5272831,
          52.3425804
        ]
      },
      "properties": {
        "id": "tk_bbr_osm_w1019768498",
        "name": "Getränkeland",
        "address": {
          "street": "Markendorfer Straße",
          "number": "20A",
          "postalcode": "15234",
          "city": "Frankfurt (Oder)"
        },
        "sources": [
          {
            "type": "osm",
            "id": "way/1019768498",
            "version": 0
          }
        ],
        "created": "2026-05-28",
        "updated": "2026-06-15",
        "sources_by_field": {
          "name": "osm",
          "address.street": "osm",
          "address.number": "osm",
          "address.postalcode": "osm",
          "address.city": "osm"
        },
        "apple_id_attempted": "2026-05-29",
        "payment": {}
      }
    },
    {
      "type": "Feature",
      "geometry": {
        "type": "Point",
        "coordinates": [
          14.2418971,
          52.1816955
        ]
      },
      "properties": {
        "id": "tk_bbr_osm_w109856371",
        "name": "Getränke Gröschke",
        "address": {
          "street": "Fürstenwalder Straße",
          "number": "10E",
          "postalcode": "15848",
          "city": "Beeskow",
          "district": "Neuendorf"
        },
        "sources": [
          {
            "type": "osm",
            "id": "way/109856371",
            "version": 0
          }
        ],
        "created": "2026-05-28",
        "updated": "2026-06-15",
        "sources_by_field": {
          "name": "osm",
          "address.street": "osm",
          "address.number": "osm",
          "address.postalcode": "osm",
          "address.city": "osm",
          "address.district": "osm"
        },
        "apple_id_attempted": "2026-05-29",
        "payment": {}
      }
    },
    {
      "type": "Feature",
      "geometry": {
        "type": "Point",
        "coordinates": [
          14.5961016,
          52.2263187
        ]
      },
      "properties": {
        "id": "tk_bbr_osm_w1118722583",
        "name": "LOKO Getränkewelt",
        "address": {},
        "sources": [
          {
            "type": "osm",
            "id": "way/1118722583",
            "version": 0
          }
        ],
        "created": "2026-05-28",
        "updated": "2026-06-15",
        "sources_by_field": {
          "name": "osm"
        },
        "apple_id_attempted": "2026-05-29",
        "payment": {}
      }
    },
    {
      "type": "Feature",
      "geometry": {
        "type": "Point",
        "coordinates": [
          14.0664842,
          51.7849317
        ]
      },
      "properties": {
        "id": "tk_bbr_osm_w116775393",
        "name": "Aral",
        "address": {
          "city": "Vetschau/Spreewald"
        },
        "sources": [
          {
            "type": "osm",
            "id": "way/116775393",
            "version": 0
          }
        ],
        "created": "2026-05-28",
        "updated": "2026-06-15",
        "hours": {
          "raw": "24/7"
        },
        "sources_by_field": {
          "name": "osm",
          "address.city": "osm",
          "hours": "osm"
        },
        "apple_id_attempted": "2026-05-29",
        "payment": {}
      }
    },
    {
      "type": "Feature",
      "geometry": {
        "type": "Point",
        "coordinates": [
          13.3236204,
          51.9519502
        ]
      },
      "properties": {
        "id": "tk_bbr_osm_w122289319",
        "name": "Imbiss im Freibad",
        "address": {
          "street": "Wahlsdorf",
          "number": "16",
          "postalcode": "15936",
          "city": "Dahme/Mark",
          "district": "Wahlsdorf"
        },
        "sources": [
          {
            "type": "osm",
            "id": "way/122289319",
            "version": 0
          }
        ],
        "created": "2026-05-28",
        "updated": "2026-06-15",
        "sources_by_field": {
          "name": "osm",
          "address.street": "osm",
          "address.number": "osm",
          "address.postalcode": "osm",
          "address.city": "osm",
          "address.district": "osm"
        },
        "apple_id_attempted": "2026-05-29",
        "payment": {}
      }
    },
    {
      "type": "Feature",
      "geometry": {
        "type": "Point",
        "coordinates": [
          14.674535,
          51.9568106
        ]
      },
      "properties": {
        "id": "tk_bbr_osm_w123739329",
        "name": "Star",
        "address": {
          "street": "Cottbuser Straße",
          "number": "104",
          "postalcode": "03172",
          "city": "Guben"
        },
        "sources": [
          {
            "type": "osm",
            "id": "way/123739329",
            "version": 0
          }
        ],
        "created": "2026-05-28",
        "updated": "2026-06-15",
        "hours": {
          "raw": "24/7"
        },
        "tags": [
          "barrierefrei"
        ],
        "sources_by_field": {
          "name": "osm",
          "address.street": "osm",
          "address.number": "osm",
          "address.postalcode": "osm",
          "address.city": "osm",
          "hours": "osm"
        },
        "apple_id_attempted": "2026-05-29",
        "payment": {}
      }
    },
    {
      "type": "Feature",
      "geometry": {
        "type": "Point",
        "coordinates": [
          13.8739023,
          52.5705885
        ]
      },
      "properties": {
        "id": "tk_bbr_osm_w124018382",
        "name": "Getränke Hoffmann",
        "address": {
          "street": "Berliner Straße",
          "number": "102",
          "postalcode": "15344",
          "city": "Strausberg"
        },
        "sources": [
          {
            "type": "osm",
            "id": "way/124018382",
            "version": 0
          }
        ],
        "created": "2026-05-28",
        "updated": "2026-06-15",
        "tags": [
          "barrierefrei"
        ],
        "sources_by_field": {
          "name": "osm",
          "address.street": "osm",
          "address.number": "osm",
          "address.postalcode": "osm",
          "address.city": "osm"
        },
        "apple_id_attempted": "2026-05-29",
        "payment": {}
      }
    },
    {
      "type": "Feature",
      "geometry": {
        "type": "Point",
        "coordinates": [
          13.1716422,
          52.0935056
        ]
      },
      "properties": {
        "id": "tk_bbr_osm_w1245106998",
        "name": "Getränke Hoffmann",
        "address": {
          "street": "Beelitzer Straße",
          "number": "31",
          "postalcode": "14943",
          "city": "Luckenwalde"
        },
        "sources": [
          {
            "type": "osm",
            "id": "way/1245106998",
            "version": 0
          }
        ],
        "created": "2026-05-28",
        "updated": "2026-06-15",
        "hours": {
          "raw": "Mo-Fr 09:00-20:00; Sa 09:00-18:00"
        },
        "sources_by_field": {
          "name": "osm",
          "address.street": "osm",
          "address.number": "osm",
          "address.postalcode": "osm",
          "address.city": "osm",
          "hours": "osm"
        },
        "apple_id_attempted": "2026-05-29",
        "payment": {}
      }
    },
    {
      "type": "Feature",
      "geometry": {
        "type": "Point",
        "coordinates": [
          14.1467753,
          52.5019252
        ]
      },
      "properties": {
        "id": "tk_bbr_osm_w128569505",
        "name": "Getränke Hoffmann",
        "address": {
          "street": "Ernst-Thälmann-Straße",
          "number": "20",
          "postalcode": "15374",
          "city": "Müncheberg"
        },
        "sources": [
          {
            "type": "osm",
            "id": "way/128569505",
            "version": 0
          }
        ],
        "created": "2026-05-28",
        "updated": "2026-06-15",
        "hours": {
          "raw": "Mo-Sa 08:00-20:00"
        },
        "tags": [
          "barrierefrei"
        ],
        "sources_by_field": {
          "name": "osm",
          "address.street": "osm",
          "address.number": "osm",
          "address.postalcode": "osm",
          "address.city": "osm",
          "hours": "osm"
        },
        "apple_id_attempted": "2026-05-29",
        "payment": {}
      }
    },
    {
      "type": "Feature",
      "geometry": {
        "type": "Point",
        "coordinates": [
          14.1459359,
          51.8368899
        ]
      },
      "properties": {
        "id": "tk_bbr_osm_w132465267",
        "name": "Getränke Hoffmann",
        "address": {},
        "sources": [
          {
            "type": "osm",
            "id": "way/132465267",
            "version": 0
          }
        ],
        "created": "2026-05-28",
        "updated": "2026-06-15",
        "sources_by_field": {
          "name": "osm"
        },
        "apple_id_attempted": "2026-05-29",
        "payment": {}
      }
    },
    {
      "type": "Feature",
      "geometry": {
        "type": "Point",
        "coordinates": [
          14.7030066,
          51.9506751
        ]
      },
      "properties": {
        "id": "tk_bbr_osm_w135776684",
        "name": "Getränkeland",
        "address": {
          "street": "Karl-Marx-Straße",
          "number": "86",
          "postalcode": "03172",
          "city": "Guben"
        },
        "sources": [
          {
            "type": "osm",
            "id": "way/135776684",
            "version": 0
          }
        ],
        "created": "2026-05-28",
        "updated": "2026-06-15",
        "hours": {
          "raw": "Mo-Fr 08:30-19:00; Sa 08:00-13:00"
        },
        "tags": [
          "barrierefrei"
        ],
        "sources_by_field": {
          "name": "osm",
          "address.street": "osm",
          "address.number": "osm",
          "address.postalcode": "osm",
          "address.city": "osm",
          "hours": "osm"
        },
        "apple_id_attempted": "2026-05-29",
        "payment": {}
      }
    },
    {
      "type": "Feature",
      "geometry": {
        "type": "Point",
        "coordinates": [
          14.4696169,
          52.2931124
        ]
      },
      "properties": {
        "id": "tk_bbr_osm_w1374091145",
        "name": "Getränke Hoffmann",
        "address": {},
        "sources": [
          {
            "type": "osm",
            "id": "way/1374091145",
            "version": 0
          }
        ],
        "created": "2026-05-28",
        "updated": "2026-06-15",
        "hours": {
          "raw": "Mo-Fr 09:00-19:00; Sa 09:00-18:00; Su, PH off"
        },
        "sources_by_field": {
          "name": "osm",
          "hours": "osm"
        },
        "apple_id_attempted": "2026-05-29",
        "payment": {}
      }
    },
    {
      "type": "Feature",
      "geometry": {
        "type": "Point",
        "coordinates": [
          14.519275,
          52.3487375
        ]
      },
      "properties": {
        "id": "tk_bbr_osm_w1393810701",
        "name": "Kaufland Getränke",
        "address": {},
        "sources": [
          {
            "type": "osm",
            "id": "way/1393810701",
            "version": 0
          }
        ],
        "created": "2026-05-28",
        "updated": "2026-06-15",
        "sources_by_field": {
          "name": "osm"
        },
        "apple_id_attempted": "2026-05-29",
        "payment": {}
      }
    },
    {
      "type": "Feature",
      "geometry": {
        "type": "Point",
        "coordinates": [
          14.5273566,
          52.1465599
        ]
      },
      "properties": {
        "id": "tk_bbr_osm_w1464168208",
        "name": "Eisladen",
        "address": {},
        "sources": [
          {
            "type": "osm",
            "id": "way/1464168208",
            "version": 0
          }
        ],
        "created": "2026-05-28",
        "updated": "2026-06-15",
        "sources_by_field": {
          "name": "osm"
        },
        "apple_id_attempted": "2026-05-29",
        "payment": {}
      }
    },
    {
      "type": "Feature",
      "geometry": {
        "type": "Point",
        "coordinates": [
          13.8192078,
          52.5400916
        ]
      },
      "properties": {
        "id": "tk_bbr_osm_w1466541665",
        "name": "Getränke Hoffmann",
        "address": {
          "street": "Karl-Marx-Straße",
          "number": "21-23",
          "postalcode": "15345",
          "city": "Petershagen/Eggersdorf"
        },
        "sources": [
          {
            "type": "osm",
            "id": "way/1466541665",
            "version": 0
          }
        ],
        "created": "2026-05-28",
        "updated": "2026-06-15",
        "hours": {
          "raw": "Mo-Fr 08:00-20:00; Sa 08:00-18:00"
        },
        "tags": [
          "barrierefrei"
        ],
        "sources_by_field": {
          "name": "osm",
          "address.street": "osm",
          "address.number": "osm",
          "address.postalcode": "osm",
          "address.city": "osm",
          "hours": "osm"
        },
        "apple_id_attempted": "2026-05-29",
        "payment": {}
      }
    },
    {
      "type": "Feature",
      "geometry": {
        "type": "Point",
        "coordinates": [
          14.3725534,
          53.2112861
        ]
      },
      "properties": {
        "id": "tk_bbr_osm_w178321166",
        "name": "Getränkeland",
        "address": {
          "street": "Kastanienallee",
          "number": "82B",
          "postalcode": "16307",
          "city": "Gartz (Oder)"
        },
        "sources": [
          {
            "type": "osm",
            "id": "way/178321166",
            "version": 0
          }
        ],
        "created": "2026-05-28",
        "updated": "2026-06-15",
        "sources_by_field": {
          "name": "osm",
          "address.street": "osm",
          "address.number": "osm",
          "address.postalcode": "osm",
          "address.city": "osm"
        },
        "apple_id_attempted": "2026-05-29",
        "payment": {}
      }
    },
    {
      "type": "Feature",
      "geometry": {
        "type": "Point",
        "coordinates": [
          14.0698849,
          52.3778915
        ]
      },
      "properties": {
        "id": "tk_bbr_osm_w179160062",
        "name": "LOKO",
        "address": {
          "street": "Triftstraße",
          "number": "35",
          "postalcode": "15517",
          "city": "Fürstenwalde/Spree"
        },
        "sources": [
          {
            "type": "osm",
            "id": "way/179160062",
            "version": 0
          }
        ],
        "created": "2026-05-28",
        "updated": "2026-06-15",
        "sources_by_field": {
          "name": "osm",
          "address.street": "osm",
          "address.number": "osm",
          "address.postalcode": "osm",
          "address.city": "osm"
        },
        "apple_id_attempted": "2026-05-29",
        "payment": {}
      }
    },
    {
      "type": "Feature",
      "geometry": {
        "type": "Point",
        "coordinates": [
          14.6398141,
          52.1507098
        ]
      },
      "properties": {
        "id": "tk_bbr_osm_w180369962",
        "name": "SB Tank",
        "address": {
          "street": "Beeskower Straße",
          "number": "36",
          "postalcode": "15890",
          "city": "Eisenhüttenstadt"
        },
        "sources": [
          {
            "type": "osm",
            "id": "way/180369962",
            "version": 0
          }
        ],
        "created": "2026-05-28",
        "updated": "2026-06-15",
        "hours": {
          "raw": "05:00-23:00"
        },
        "sources_by_field": {
          "name": "osm",
          "address.street": "osm",
          "address.number": "osm",
          "address.postalcode": "osm",
          "address.city": "osm",
          "hours": "osm"
        },
        "apple_id_attempted": "2026-05-29",
        "payment": {}
      }
    },
    {
      "type": "Feature",
      "geometry": {
        "type": "Point",
        "coordinates": [
          13.2328699,
          52.7503385
        ]
      },
      "properties": {
        "id": "tk_bbr_osm_w193383995",
        "name": "Getränke Hoffmann",
        "address": {},
        "sources": [
          {
            "type": "osm",
            "id": "way/193383995",
            "version": 0
          }
        ],
        "created": "2026-05-28",
        "updated": "2026-06-15",
        "hours": {
          "raw": "Mo-Fr 09:00-20:00; Sa 09:00-16:00"
        },
        "sources_by_field": {
          "name": "osm",
          "hours": "osm"
        },
        "apple_id_attempted": "2026-05-29",
        "payment": {}
      }
    },
    {
      "type": "Feature",
      "geometry": {
        "type": "Point",
        "coordinates": [
          13.2360034,
          52.7477722
        ]
      },
      "properties": {
        "id": "tk_bbr_osm_w193383999",
        "name": "Getränke Hoffmann",
        "address": {
          "street": "Berliner Straße",
          "number": "51",
          "postalcode": "16515",
          "city": "Oranienburg"
        },
        "sources": [
          {
            "type": "osm",
            "id": "way/193383999",
            "version": 0
          }
        ],
        "created": "2026-05-28",
        "updated": "2026-06-15",
        "hours": {
          "raw": "Mo-Fr 09:00-20:00; Sa 08:00-18:00"
        },
        "sources_by_field": {
          "name": "osm",
          "address.street": "osm",
          "address.number": "osm",
          "address.postalcode": "osm",
          "address.city": "osm",
          "hours": "osm"
        },
        "apple_id_attempted": "2026-05-29",
        "payment": {}
      }
    },
    {
      "type": "Feature",
      "geometry": {
        "type": "Point",
        "coordinates": [
          13.2547831,
          52.7445055
        ]
      },
      "properties": {
        "id": "tk_bbr_osm_w197030215",
        "name": "Getränke Hoffmann",
        "address": {
          "street": "Lehnitzstraße",
          "number": "89A",
          "postalcode": "16515",
          "city": "Oranienburg"
        },
        "sources": [
          {
            "type": "osm",
            "id": "way/197030215",
            "version": 0
          }
        ],
        "created": "2026-05-28",
        "updated": "2026-06-15",
        "hours": {
          "raw": "Mo-Fr 09:00-20:00; Sa 08:00-16:00"
        },
        "payment": {
          "cash": "yes",
          "cards": "unknown",
          "contactless": "unknown",
          "girocard": "yes"
        },
        "sources_by_field": {
          "name": "osm",
          "address.street": "osm",
          "address.number": "osm",
          "address.postalcode": "osm",
          "address.city": "osm",
          "hours": "osm",
          "payment.cash": "osm",
          "payment.cards": "osm",
          "payment.contactless": "osm",
          "payment.girocard": "osm"
        },
        "apple_id_attempted": "2026-05-29"
      }
    },
    {
      "type": "Feature",
      "geometry": {
        "type": "Point",
        "coordinates": [
          13.4416211,
          52.6856721
        ]
      },
      "properties": {
        "id": "tk_bbr_osm_w198765033",
        "name": "Getränke Hoffmann",
        "address": {
          "street": "Hauptstraße",
          "number": "63",
          "postalcode": "16348",
          "city": "Wandlitz",
          "district": "Schönwalde"
        },
        "sources": [
          {
            "type": "osm",
            "id": "way/198765033",
            "version": 0
          }
        ],
        "created": "2026-05-28",
        "updated": "2026-06-15",
        "hours": {
          "raw": "Mo-Sa 09:00-20:00"
        },
        "sources_by_field": {
          "name": "osm",
          "address.street": "osm",
          "address.number": "osm",
          "address.postalcode": "osm",
          "address.city": "osm",
          "address.district": "osm",
          "hours": "osm"
        },
        "apple_id_attempted": "2026-05-29",
        "payment": {}
      }
    },
    {
      "type": "Feature",
      "geometry": {
        "type": "Point",
        "coordinates": [
          13.182215,
          52.6847616
        ]
      },
      "properties": {
        "id": "tk_bbr_osm_w200300647",
        "name": "Getränke Hoffmann",
        "address": {
          "street": "Rosa-Luxemburg-Straße",
          "number": "121",
          "postalcode": "16727",
          "city": "Velten"
        },
        "sources": [
          {
            "type": "osm",
            "id": "way/200300647",
            "version": 0
          }
        ],
        "created": "2026-05-28",
        "updated": "2026-06-15",
        "hours": {
          "raw": "Mo-Fr 08:00-20:00, Sa 08:00-18:00"
        },
        "tags": [
          "barrierefrei"
        ],
        "sources_by_field": {
          "name": "osm",
          "address.street": "osm",
          "address.number": "osm",
          "address.postalcode": "osm",
          "address.city": "osm",
          "hours": "osm"
        },
        "apple_id_attempted": "2026-05-29",
        "payment": {}
      }
    },
    {
      "type": "Feature",
      "geometry": {
        "type": "Point",
        "coordinates": [
          13.5805725,
          52.6655172
        ]
      },
      "properties": {
        "id": "tk_bbr_osm_w202919196",
        "name": "Getränke Hoffmann",
        "address": {
          "street": "Schwanebecker Chaussee",
          "number": "47",
          "postalcode": "16321",
          "city": "Bernau bei Berlin"
        },
        "sources": [
          {
            "type": "osm",
            "id": "way/202919196",
            "version": 0
          }
        ],
        "created": "2026-05-28",
        "updated": "2026-06-15",
        "hours": {
          "raw": "Mo-Fr 09:00-20:00; Sa 09:00-18:00"
        },
        "tags": [
          "barrierefrei"
        ],
        "sources_by_field": {
          "name": "osm",
          "address.street": "osm",
          "address.number": "osm",
          "address.postalcode": "osm",
          "address.city": "osm",
          "hours": "osm"
        },
        "apple_id_attempted": "2026-05-29",
        "payment": {}
      }
    },
    {
      "type": "Feature",
      "geometry": {
        "type": "Point",
        "coordinates": [
          13.2470236,
          51.6963178
        ]
      },
      "properties": {
        "id": "tk_bbr_osm_w203363747",
        "name": "Getränke Hoffmann",
        "address": {
          "street": "Berliner Straße",
          "number": "1",
          "postalcode": "04916",
          "city": "Herzberg (Elster)"
        },
        "sources": [
          {
            "type": "osm",
            "id": "way/203363747",
            "version": 0
          }
        ],
        "created": "2026-05-28",
        "updated": "2026-06-15",
        "hours": {
          "raw": "Mo-Fr 09:00-20:00; Sa 09:00-18:00"
        },
        "tags": [
          "barrierefrei"
        ],
        "sources_by_field": {
          "name": "osm",
          "address.street": "osm",
          "address.number": "osm",
          "address.postalcode": "osm",
          "address.city": "osm",
          "hours": "osm"
        },
        "apple_id_attempted": "2026-05-29",
        "payment": {}
      }
    },
    {
      "type": "Feature",
      "geometry": {
        "type": "Point",
        "coordinates": [
          12.6111046,
          52.1472705
        ]
      },
      "properties": {
        "id": "tk_bbr_osm_w211685636",
        "name": "roka",
        "address": {
          "street": "Im Gewerbepark Seedoche",
          "number": "10",
          "postalcode": "14806",
          "city": "Bad Belzig"
        },
        "sources": [
          {
            "type": "osm",
            "id": "way/211685636",
            "version": 0
          }
        ],
        "created": "2026-05-28",
        "updated": "2026-06-15",
        "sources_by_field": {
          "name": "osm",
          "address.street": "osm",
          "address.number": "osm",
          "address.postalcode": "osm",
          "address.city": "osm"
        },
        "apple_id_attempted": "2026-05-29",
        "payment": {}
      }
    },
    {
      "type": "Feature",
      "geometry": {
        "type": "Point",
        "coordinates": [
          13.4042806,
          52.330034
        ]
      },
      "properties": {
        "id": "tk_bbr_osm_w215477157",
        "name": "Total",
        "address": {
          "street": "Zossener Damm",
          "number": "19",
          "postalcode": "15827",
          "city": "Blankenfelde-Mahlow",
          "district": "Blankenfelde"
        },
        "sources": [
          {
            "type": "osm",
            "id": "way/215477157",
            "version": 0
          }
        ],
        "created": "2026-05-28",
        "updated": "2026-06-15",
        "hours": {
          "raw": "24/7"
        },
        "sources_by_field": {
          "name": "osm",
          "address.street": "osm",
          "address.number": "osm",
          "address.postalcode": "osm",
          "address.city": "osm",
          "address.district": "osm",
          "hours": "osm"
        },
        "apple_id_attempted": "2026-05-29",
        "payment": {}
      }
    },
    {
      "type": "Feature",
      "geometry": {
        "type": "Point",
        "coordinates": [
          13.4338537,
          52.3588302
        ]
      },
      "properties": {
        "id": "tk_bbr_osm_w224215289",
        "name": "Getränke Hoffmann",
        "address": {
          "street": "Am Lückefeld",
          "number": "14",
          "postalcode": "15831",
          "city": "Blankenfelde-Mahlow",
          "district": "Mahlow"
        },
        "sources": [
          {
            "type": "osm",
            "id": "way/224215289",
            "version": 0
          }
        ],
        "created": "2026-05-28",
        "updated": "2026-06-15",
        "hours": {
          "raw": "Mo-Fr 09:00-20:00; Sa 09:00-18:00"
        },
        "sources_by_field": {
          "name": "osm",
          "address.street": "osm",
          "address.number": "osm",
          "address.postalcode": "osm",
          "address.city": "osm",
          "address.district": "osm",
          "hours": "osm"
        },
        "apple_id_attempted": "2026-05-29",
        "payment": {}
      }
    },
    {
      "type": "Feature",
      "geometry": {
        "type": "Point",
        "coordinates": [
          13.3768489,
          52.6616985
        ]
      },
      "properties": {
        "id": "tk_bbr_osm_w225879969",
        "name": "Getränke Hoffmann",
        "address": {
          "street": "Schönfließer Straße",
          "number": "3",
          "postalcode": "16567",
          "city": "Mühlenbecker Land",
          "district": "Mühlenbeck"
        },
        "sources": [
          {
            "type": "osm",
            "id": "way/225879969",
            "version": 0
          }
        ],
        "created": "2026-05-28",
        "updated": "2026-06-15",
        "hours": {
          "raw": "Mo-Fr 09:00-20:00; Sa 09:00-18:00"
        },
        "payment": {
          "cash": "unknown",
          "cards": "yes",
          "contactless": "unknown",
          "girocard": "unknown"
        },
        "tags": [
          "barrierefrei"
        ],
        "sources_by_field": {
          "name": "osm",
          "address.street": "osm",
          "address.number": "osm",
          "address.postalcode": "osm",
          "address.city": "osm",
          "address.district": "osm",
          "hours": "osm",
          "payment.cash": "osm",
          "payment.cards": "osm",
          "payment.contactless": "osm",
          "payment.girocard": "osm"
        },
        "apple_id_attempted": "2026-05-29"
      }
    },
    {
      "type": "Feature",
      "geometry": {
        "type": "Point",
        "coordinates": [
          13.3751133,
          52.6372244
        ]
      },
      "properties": {
        "id": "tk_bbr_osm_w244459236",
        "name": "Getränke Hoffmann",
        "address": {
          "street": "Hauptstraße",
          "number": "25",
          "postalcode": "16552",
          "city": "Mühlenbecker Land",
          "district": "Schildow"
        },
        "sources": [
          {
            "type": "osm",
            "id": "way/244459236",
            "version": 0
          }
        ],
        "created": "2026-05-28",
        "updated": "2026-06-15",
        "sources_by_field": {
          "name": "osm",
          "address.street": "osm",
          "address.number": "osm",
          "address.postalcode": "osm",
          "address.city": "osm",
          "address.district": "osm"
        },
        "apple_id_attempted": "2026-05-29",
        "payment": {}
      }
    },
    {
      "type": "Feature",
      "geometry": {
        "type": "Point",
        "coordinates": [
          13.9849317,
          53.0118422
        ]
      },
      "properties": {
        "id": "tk_bbr_osm_w244565882",
        "name": "Getränkemarkt Rössler",
        "address": {
          "street": "Rudolf-Breitscheid-Straße",
          "number": "88",
          "postalcode": "16278",
          "city": "Angermünde"
        },
        "sources": [
          {
            "type": "osm",
            "id": "way/244565882",
            "version": 0
          }
        ],
        "created": "2026-05-28",
        "updated": "2026-06-15",
        "hours": {
          "raw": "Mo-Fr 10:00-18:00; Sa 08:00-19:00; Su 10:00-12:00,14:00-18:0"
        },
        "tags": [
          "barrierefrei"
        ],
        "sources_by_field": {
          "name": "osm",
          "address.street": "osm",
          "address.number": "osm",
          "address.postalcode": "osm",
          "address.city": "osm",
          "hours": "osm"
        },
        "apple_id_attempted": "2026-05-29",
        "payment": {}
      }
    },
    {
      "type": "Feature",
      "geometry": {
        "type": "Point",
        "coordinates": [
          13.1019135,
          51.9813051
        ]
      },
      "properties": {
        "id": "tk_bbr_osm_w254351171",
        "name": "Getränkemarkt Rössler",
        "address": {},
        "sources": [
          {
            "type": "osm",
            "id": "way/254351171",
            "version": 0
          }
        ],
        "created": "2026-05-28",
        "updated": "2026-06-15",
        "sources_by_field": {
          "name": "osm"
        },
        "apple_id_attempted": "2026-05-29",
        "payment": {}
      }
    },
    {
      "type": "Feature",
      "geometry": {
        "type": "Point",
        "coordinates": [
          13.079209,
          51.9958798
        ]
      },
      "properties": {
        "id": "tk_bbr_osm_w257746414",
        "name": "Getränkemarkt",
        "address": {},
        "sources": [
          {
            "type": "osm",
            "id": "way/257746414",
            "version": 0
          }
        ],
        "created": "2026-05-28",
        "updated": "2026-06-15",
        "sources_by_field": {
          "name": "osm"
        },
        "apple_id_attempted": "2026-05-29",
        "payment": {}
      }
    },
    {
      "type": "Feature",
      "geometry": {
        "type": "Point",
        "coordinates": [
          13.7704801,
          52.4733533
        ]
      },
      "properties": {
        "id": "tk_bbr_osm_w264959038",
        "name": "Getränke Hoffmann",
        "address": {
          "street": "Mühlenstraße",
          "number": "8",
          "postalcode": "15562",
          "city": "Rüdersdorf bei Berlin"
        },
        "sources": [
          {
            "type": "osm",
            "id": "way/264959038",
            "version": 0
          }
        ],
        "created": "2026-05-28",
        "updated": "2026-06-15",
        "sources_by_field": {
          "name": "osm",
          "address.street": "osm",
          "address.number": "osm",
          "address.postalcode": "osm",
          "address.city": "osm"
        },
        "apple_id_attempted": "2026-05-29",
        "payment": {}
      }
    },
    {
      "type": "Feature",
      "geometry": {
        "type": "Point",
        "coordinates": [
          13.7423854,
          52.4531
        ]
      },
      "properties": {
        "id": "tk_bbr_osm_w265852881",
        "name": "Getränke Hoffmann",
        "address": {
          "street": "Berliner Straße",
          "number": "113",
          "postalcode": "15569",
          "city": "Woltersdorf"
        },
        "sources": [
          {
            "type": "osm",
            "id": "way/265852881",
            "version": 0
          }
        ],
        "created": "2026-05-28",
        "updated": "2026-06-15",
        "hours": {
          "raw": "Mo-Fr 09:00-20:00; Sa 09:00-18:00"
        },
        "tags": [
          "barrierefrei"
        ],
        "sources_by_field": {
          "name": "osm",
          "address.street": "osm",
          "address.number": "osm",
          "address.postalcode": "osm",
          "address.city": "osm",
          "hours": "osm"
        },
        "apple_id_attempted": "2026-05-29",
        "payment": {}
      }
    },
    {
      "type": "Feature",
      "geometry": {
        "type": "Point",
        "coordinates": [
          13.7372321,
          52.6295686
        ]
      },
      "properties": {
        "id": "tk_bbr_osm_w267404290",
        "name": "Getränkeland",
        "address": {
          "street": "Freienwalder Straße",
          "number": "30",
          "postalcode": "16356",
          "city": "Werneuchen"
        },
        "sources": [
          {
            "type": "osm",
            "id": "way/267404290",
            "version": 0
          }
        ],
        "created": "2026-05-28",
        "updated": "2026-06-15",
        "hours": {
          "raw": "Mo-Fr 08:00-19:00; Sa 08:00-13:00"
        },
        "sources_by_field": {
          "name": "osm",
          "address.street": "osm",
          "address.number": "osm",
          "address.postalcode": "osm",
          "address.city": "osm",
          "hours": "osm"
        },
        "apple_id_attempted": "2026-05-29",
        "payment": {}
      }
    },
    {
      "type": "Feature",
      "geometry": {
        "type": "Point",
        "coordinates": [
          13.2714422,
          52.2941639
        ]
      },
      "properties": {
        "id": "tk_bbr_osm_w27158402",
        "name": "Getränke Hoffmann",
        "address": {
          "street": "Nuthedamm",
          "number": "2",
          "postalcode": "14974",
          "city": "Ludwigsfelde"
        },
        "sources": [
          {
            "type": "osm",
            "id": "way/27158402",
            "version": 0
          }
        ],
        "created": "2026-05-28",
        "updated": "2026-06-15",
        "hours": {
          "raw": "Mo-Fr 09:00-20:00; Sa 09:00-16:00"
        },
        "sources_by_field": {
          "name": "osm",
          "address.street": "osm",
          "address.number": "osm",
          "address.postalcode": "osm",
          "address.city": "osm",
          "hours": "osm"
        },
        "apple_id_attempted": "2026-05-29",
        "payment": {}
      }
    },
    {
      "type": "Feature",
      "geometry": {
        "type": "Point",
        "coordinates": [
          13.2578728,
          52.8929592
        ]
      },
      "properties": {
        "id": "tk_bbr_osm_w273658736",
        "name": "Gutshofladen",
        "address": {},
        "sources": [
          {
            "type": "osm",
            "id": "way/273658736",
            "version": 0
          }
        ],
        "created": "2026-05-28",
        "updated": "2026-06-15",
        "hours": {
          "raw": "Mo-Fr 11:00-17:00; PH,Sa,Su 11:00-18:00"
        },
        "sources_by_field": {
          "name": "osm",
          "hours": "osm"
        },
        "apple_id_attempted": "2026-05-29",
        "payment": {}
      }
    },
    {
      "type": "Feature",
      "geometry": {
        "type": "Point",
        "coordinates": [
          14.2500295,
          53.060716
        ]
      },
      "properties": {
        "id": "tk_bbr_osm_w289917691",
        "name": "Getränke Rössler",
        "address": {
          "street": "Dobberziner Straße",
          "number": "28",
          "postalcode": "16303",
          "city": "Schwedt/Oder"
        },
        "sources": [
          {
            "type": "osm",
            "id": "way/289917691",
            "version": 0
          }
        ],
        "created": "2026-05-28",
        "updated": "2026-06-15",
        "sources_by_field": {
          "name": "osm",
          "address.street": "osm",
          "address.number": "osm",
          "address.postalcode": "osm",
          "address.city": "osm"
        },
        "apple_id_attempted": "2026-05-29",
        "payment": {}
      }
    },
    {
      "type": "Feature",
      "geometry": {
        "type": "Point",
        "coordinates": [
          14.6151472,
          51.7163635
        ]
      },
      "properties": {
        "id": "tk_bbr_osm_w292292400",
        "name": "Agip",
        "address": {
          "street": "Döberner Straße",
          "number": "20",
          "postalcode": "03149",
          "city": "Forst (Lausitz)"
        },
        "sources": [
          {
            "type": "osm",
            "id": "way/292292400",
            "version": 0
          }
        ],
        "created": "2026-05-28",
        "updated": "2026-06-15",
        "hours": {
          "raw": "05:00-22:00"
        },
        "tags": [
          "barrierefrei"
        ],
        "sources_by_field": {
          "name": "osm",
          "address.street": "osm",
          "address.number": "osm",
          "address.postalcode": "osm",
          "address.city": "osm",
          "hours": "osm"
        },
        "apple_id_attempted": "2026-05-29",
        "payment": {}
      }
    },
    {
      "type": "Feature",
      "geometry": {
        "type": "Point",
        "coordinates": [
          12.7755198,
          52.8090954
        ]
      },
      "properties": {
        "id": "tk_bbr_osm_w294833888",
        "name": "Getränkeland",
        "address": {
          "street": "Berliner Allee",
          "number": "30b",
          "postalcode": "16833",
          "city": "Fehrbellin"
        },
        "sources": [
          {
            "type": "osm",
            "id": "way/294833888",
            "version": 0
          }
        ],
        "created": "2026-05-28",
        "updated": "2026-06-15",
        "sources_by_field": {
          "name": "osm",
          "address.street": "osm",
          "address.number": "osm",
          "address.postalcode": "osm",
          "address.city": "osm"
        },
        "apple_id_attempted": "2026-05-29",
        "payment": {}
      }
    },
    {
      "type": "Feature",
      "geometry": {
        "type": "Point",
        "coordinates": [
          14.6406638,
          51.7446648
        ]
      },
      "properties": {
        "id": "tk_bbr_osm_w298631467",
        "name": "Getränkemarkt Schneider",
        "address": {
          "street": "Bahnhofstraße",
          "number": "55a",
          "postalcode": "03149",
          "city": "Forst (Lausitz)"
        },
        "sources": [
          {
            "type": "osm",
            "id": "way/298631467",
            "version": 0
          }
        ],
        "created": "2026-05-28",
        "updated": "2026-06-15",
        "sources_by_field": {
          "name": "osm",
          "address.street": "osm",
          "address.number": "osm",
          "address.postalcode": "osm",
          "address.city": "osm"
        },
        "apple_id_attempted": "2026-05-29",
        "payment": {}
      }
    },
    {
      "type": "Feature",
      "geometry": {
        "type": "Point",
        "coordinates": [
          13.1897148,
          52.6403848
        ]
      },
      "properties": {
        "id": "tk_bbr_osm_w305706908",
        "name": "Getränke Hoffmann",
        "address": {
          "street": "Fichtenstraße",
          "number": "9A",
          "postalcode": "16761",
          "city": "Hennigsdorf"
        },
        "sources": [
          {
            "type": "osm",
            "id": "way/305706908",
            "version": 0
          }
        ],
        "created": "2026-05-28",
        "updated": "2026-06-15",
        "sources_by_field": {
          "name": "osm",
          "address.street": "osm",
          "address.number": "osm",
          "address.postalcode": "osm",
          "address.city": "osm"
        },
        "apple_id_attempted": "2026-05-29",
        "payment": {}
      }
    },
    {
      "type": "Feature",
      "geometry": {
        "type": "Point",
        "coordinates": [
          12.3327724,
          52.5305822
        ]
      },
      "properties": {
        "id": "tk_bbr_osm_w307063879",
        "name": "Star Tankstelle",
        "address": {
          "street": "Alte Hauptstraße",
          "number": "41",
          "postalcode": "14727",
          "city": "Premnitz"
        },
        "sources": [
          {
            "type": "osm",
            "id": "way/307063879",
            "version": 0
          }
        ],
        "created": "2026-05-28",
        "updated": "2026-06-15",
        "hours": {
          "raw": "Mo-Su 06:00-22:00"
        },
        "payment": {
          "cash": "yes",
          "cards": "unknown",
          "contactless": "unknown",
          "girocard": "unknown"
        },
        "sources_by_field": {
          "name": "osm",
          "address.street": "osm",
          "address.number": "osm",
          "address.postalcode": "osm",
          "address.city": "osm",
          "hours": "osm",
          "payment.cash": "osm",
          "payment.cards": "osm",
          "payment.contactless": "osm",
          "payment.girocard": "osm"
        },
        "apple_id_attempted": "2026-05-29"
      }
    },
    {
      "type": "Feature",
      "geometry": {
        "type": "Point",
        "coordinates": [
          13.384778,
          51.7247282
        ]
      },
      "properties": {
        "id": "tk_bbr_osm_w308255031",
        "name": "GP Getränkemarkt",
        "address": {
          "street": "Kleiner Markt",
          "number": "5",
          "postalcode": "04936",
          "city": "Schlieben"
        },
        "sources": [
          {
            "type": "osm",
            "id": "way/308255031",
            "version": 0
          }
        ],
        "created": "2026-05-28",
        "updated": "2026-06-15",
        "sources_by_field": {
          "name": "osm",
          "address.street": "osm",
          "address.number": "osm",
          "address.postalcode": "osm",
          "address.city": "osm"
        },
        "apple_id_attempted": "2026-05-29",
        "payment": {}
      }
    },
    {
      "type": "Feature",
      "geometry": {
        "type": "Point",
        "coordinates": [
          12.8821487,
          52.6125867
        ]
      },
      "properties": {
        "id": "tk_bbr_osm_w319148134",
        "name": "Getränke Hoffmann",
        "address": {
          "street": "Dammstraße",
          "number": "25",
          "postalcode": "14641",
          "city": "Nauen"
        },
        "sources": [
          {
            "type": "osm",
            "id": "way/319148134",
            "version": 0
          }
        ],
        "created": "2026-05-28",
        "updated": "2026-06-15",
        "hours": {
          "raw": "Mo-We 08:00-18:30; Th,Fr 08:00-19:00; Sa 08:00-13:00"
        },
        "tags": [
          "barrierefrei"
        ],
        "sources_by_field": {
          "name": "osm",
          "address.street": "osm",
          "address.number": "osm",
          "address.postalcode": "osm",
          "address.city": "osm",
          "hours": "osm"
        },
        "apple_id_attempted": "2026-05-29",
        "payment": {}
      }
    },
    {
      "type": "Feature",
      "geometry": {
        "type": "Point",
        "coordinates": [
          13.4539296,
          52.74321
        ]
      },
      "properties": {
        "id": "tk_bbr_osm_w322687262",
        "name": "Markgrafen Getränkemarkt",
        "address": {
          "street": "Berliner Weg",
          "number": "8a",
          "postalcode": "16348",
          "city": "Wandlitz"
        },
        "sources": [
          {
            "type": "osm",
            "id": "way/322687262",
            "version": 0
          }
        ],
        "created": "2026-05-28",
        "updated": "2026-06-15",
        "tags": [
          "barrierefrei"
        ],
        "sources_by_field": {
          "name": "osm",
          "address.street": "osm",
          "address.number": "osm",
          "address.postalcode": "osm",
          "address.city": "osm"
        },
        "apple_id_attempted": "2026-05-29",
        "payment": {}
      }
    },
    {
      "type": "Feature",
      "geometry": {
        "type": "Point",
        "coordinates": [
          13.2063784,
          52.7489329
        ]
      },
      "properties": {
        "id": "tk_bbr_osm_w326938303",
        "name": "Mosterei Köhler",
        "address": {},
        "sources": [
          {
            "type": "osm",
            "id": "way/326938303",
            "version": 0
          }
        ],
        "created": "2026-05-28",
        "updated": "2026-06-15",
        "sources_by_field": {
          "name": "osm"
        },
        "apple_id_attempted": "2026-05-29",
        "payment": {}
      }
    },
    {
      "type": "Feature",
      "geometry": {
        "type": "Point",
        "coordinates": [
          13.5296025,
          52.628974
        ]
      },
      "properties": {
        "id": "tk_bbr_osm_w333362418",
        "name": "Getränke Hoffmann",
        "address": {},
        "sources": [
          {
            "type": "osm",
            "id": "way/333362418",
            "version": 0
          }
        ],
        "created": "2026-05-28",
        "updated": "2026-06-15",
        "hours": {
          "raw": "Mo-Fr 09:00-20:00; Sa 09:00-18:00"
        },
        "sources_by_field": {
          "name": "osm",
          "hours": "osm"
        },
        "apple_id_attempted": "2026-05-29",
        "payment": {}
      }
    },
    {
      "type": "Feature",
      "geometry": {
        "type": "Point",
        "coordinates": [
          11.7464937,
          53.0098755
        ]
      },
      "properties": {
        "id": "tk_bbr_osm_w335057041",
        "name": "Getränke Universum",
        "address": {
          "street": "Kyritzer Straße",
          "number": "56a",
          "postalcode": "19322",
          "city": "Wittenberge"
        },
        "sources": [
          {
            "type": "osm",
            "id": "way/335057041",
            "version": 0
          }
        ],
        "created": "2026-05-28",
        "updated": "2026-06-15",
        "sources_by_field": {
          "name": "osm",
          "address.street": "osm",
          "address.number": "osm",
          "address.postalcode": "osm",
          "address.city": "osm"
        },
        "apple_id_attempted": "2026-05-29",
        "payment": {}
      }
    },
    {
      "type": "Feature",
      "geometry": {
        "type": "Point",
        "coordinates": [
          13.5424979,
          52.6520749
        ]
      },
      "properties": {
        "id": "tk_bbr_osm_w34605361",
        "name": "Getränke Hoffmann",
        "address": {
          "street": "Alt Zepernick",
          "number": "6",
          "postalcode": "16341",
          "city": "Panketal",
          "district": "Zepernick"
        },
        "sources": [
          {
            "type": "osm",
            "id": "way/34605361",
            "version": 0
          }
        ],
        "created": "2026-05-28",
        "updated": "2026-06-15",
        "tags": [
          "barrierefrei"
        ],
        "sources_by_field": {
          "name": "osm",
          "address.street": "osm",
          "address.number": "osm",
          "address.postalcode": "osm",
          "address.city": "osm",
          "address.district": "osm"
        },
        "apple_id_attempted": "2026-05-29",
        "payment": {}
      }
    },
    {
      "type": "Feature",
      "geometry": {
        "type": "Point",
        "coordinates": [
          13.631447,
          52.5354906
        ]
      },
      "properties": {
        "id": "tk_bbr_osm_w35002108",
        "name": "Getränke Hoffmann",
        "address": {},
        "sources": [
          {
            "type": "osm",
            "id": "way/35002108",
            "version": 0
          }
        ],
        "created": "2026-05-28",
        "updated": "2026-06-15",
        "tags": [
          "barrierefrei"
        ],
        "sources_by_field": {
          "name": "osm"
        },
        "apple_id_attempted": "2026-05-29",
        "payment": {}
      }
    },
    {
      "type": "Feature",
      "geometry": {
        "type": "Point",
        "coordinates": [
          12.9979544,
          52.5817079
        ]
      },
      "properties": {
        "id": "tk_bbr_osm_w36002208",
        "name": "REWE Getränkemarkt",
        "address": {
          "street": "Haslacher Straße",
          "number": "1",
          "postalcode": "14656",
          "city": "Brieselang"
        },
        "sources": [
          {
            "type": "osm",
            "id": "way/36002208",
            "version": 0
          }
        ],
        "created": "2026-05-28",
        "updated": "2026-06-15",
        "hours": {
          "raw": "Mo-Sa 07:00-22:00"
        },
        "tags": [
          "barrierefrei"
        ],
        "sources_by_field": {
          "name": "osm",
          "address.street": "osm",
          "address.number": "osm",
          "address.postalcode": "osm",
          "address.city": "osm",
          "hours": "osm"
        },
        "apple_id_attempted": "2026-05-29",
        "payment": {}
      }
    },
    {
      "type": "Feature",
      "geometry": {
        "type": "Point",
        "coordinates": [
          14.347525,
          53.2726214
        ]
      },
      "properties": {
        "id": "tk_bbr_osm_w362759818",
        "name": "Getränke-Markt Rössler",
        "address": {},
        "sources": [
          {
            "type": "osm",
            "id": "way/362759818",
            "version": 0
          }
        ],
        "created": "2026-05-28",
        "updated": "2026-06-15",
        "hours": {
          "raw": "Mo-Fr 10:00-18:00; Sa 09:00-12:00"
        },
        "sources_by_field": {
          "name": "osm",
          "hours": "osm"
        },
        "apple_id_attempted": "2026-05-29",
        "payment": {}
      }
    },
    {
      "type": "Feature",
      "geometry": {
        "type": "Point",
        "coordinates": [
          13.5012481,
          53.119393
        ]
      },
      "properties": {
        "id": "tk_bbr_osm_w379503899",
        "name": "Heimatkiosk",
        "address": {
          "street": "Am Markt",
          "postalcode": "17268",
          "city": "Templin"
        },
        "sources": [
          {
            "type": "osm",
            "id": "way/379503899",
            "version": 0
          }
        ],
        "created": "2026-05-28",
        "updated": "2026-06-15",
        "sources_by_field": {
          "name": "osm",
          "address.street": "osm",
          "address.postalcode": "osm",
          "address.city": "osm"
        },
        "apple_id_attempted": "2026-05-29",
        "payment": {}
      }
    },
    {
      "type": "Feature",
      "geometry": {
        "type": "Point",
        "coordinates": [
          13.4712692,
          52.3202176
        ]
      },
      "properties": {
        "id": "tk_bbr_osm_w39321630",
        "name": "Getränke Hoffmann",
        "address": {
          "street": "Weidendamm",
          "number": "1",
          "postalcode": "15831",
          "city": "Blankenfelde-Mahlow",
          "district": "Groß Kienitz"
        },
        "sources": [
          {
            "type": "osm",
            "id": "way/39321630",
            "version": 0
          }
        ],
        "created": "2026-05-28",
        "updated": "2026-06-15",
        "sources_by_field": {
          "name": "osm",
          "address.street": "osm",
          "address.number": "osm",
          "address.postalcode": "osm",
          "address.city": "osm",
          "address.district": "osm"
        },
        "apple_id_attempted": "2026-05-29",
        "payment": {}
      }
    },
    {
      "type": "Feature",
      "geometry": {
        "type": "Point",
        "coordinates": [
          14.6343464,
          52.1400729
        ]
      },
      "properties": {
        "id": "tk_bbr_osm_w41242773",
        "name": "Aral",
        "address": {},
        "sources": [
          {
            "type": "osm",
            "id": "way/41242773",
            "version": 0
          }
        ],
        "created": "2026-05-28",
        "updated": "2026-06-15",
        "hours": {
          "raw": "24/7"
        },
        "sources_by_field": {
          "name": "osm",
          "hours": "osm"
        },
        "apple_id_attempted": "2026-05-29",
        "payment": {}
      }
    },
    {
      "type": "Feature",
      "geometry": {
        "type": "Point",
        "coordinates": [
          12.8852763,
          52.6125073
        ]
      },
      "properties": {
        "id": "tk_bbr_osm_w424510240",
        "name": "ServiceStore DB",
        "address": {
          "street": "Zum Güterbahnhof",
          "number": "2",
          "postalcode": "14641",
          "city": "Nauen"
        },
        "sources": [
          {
            "type": "osm",
            "id": "way/424510240",
            "version": 0
          }
        ],
        "created": "2026-05-28",
        "updated": "2026-06-15",
        "hours": {
          "raw": "Mo-Fr 07:00-11:30,12:30-17:00; Sa 09:00-14:00; PH,Su off"
        },
        "sources_by_field": {
          "name": "osm",
          "address.street": "osm",
          "address.number": "osm",
          "address.postalcode": "osm",
          "address.city": "osm",
          "hours": "osm"
        },
        "apple_id_attempted": "2026-05-29",
        "payment": {}
      }
    },
    {
      "type": "Feature",
      "geometry": {
        "type": "Point",
        "coordinates": [
          11.762616,
          53.0028227
        ]
      },
      "properties": {
        "id": "tk_bbr_osm_w424598700",
        "name": "ServiceStore DB",
        "address": {
          "street": "Am Bahnhof",
          "number": "1",
          "postalcode": "19322",
          "city": "Wittenberge"
        },
        "sources": [
          {
            "type": "osm",
            "id": "way/424598700",
            "version": 0
          }
        ],
        "created": "2026-05-28",
        "updated": "2026-06-15",
        "hours": {
          "raw": "Mo-Fr 05:00-20:00; Sa,Su,PH 07:00-20:00"
        },
        "payment": {
          "cash": "unknown",
          "cards": "unknown",
          "contactless": "unknown",
          "girocard": "yes"
        },
        "tags": [
          "barrierefrei"
        ],
        "sources_by_field": {
          "name": "osm",
          "address.street": "osm",
          "address.number": "osm",
          "address.postalcode": "osm",
          "address.city": "osm",
          "hours": "osm",
          "payment.cash": "osm",
          "payment.cards": "osm",
          "payment.contactless": "osm",
          "payment.girocard": "osm"
        },
        "apple_id_attempted": "2026-05-29"
      }
    },
    {
      "type": "Feature",
      "geometry": {
        "type": "Point",
        "coordinates": [
          13.5705039,
          52.6777751
        ]
      },
      "properties": {
        "id": "tk_bbr_osm_w42938081",
        "name": "Neumann Süßmostkelterei",
        "address": {
          "street": "Im Blumenhag",
          "number": "36-42",
          "postalcode": "16321",
          "city": "Bernau bei Berlin"
        },
        "sources": [
          {
            "type": "osm",
            "id": "way/42938081",
            "version": 0
          }
        ],
        "created": "2026-05-28",
        "updated": "2026-06-15",
        "sources_by_field": {
          "name": "osm",
          "address.street": "osm",
          "address.number": "osm",
          "address.postalcode": "osm",
          "address.city": "osm"
        },
        "apple_id_attempted": "2026-05-29",
        "payment": {}
      }
    },
    {
      "type": "Feature",
      "geometry": {
        "type": "Point",
        "coordinates": [
          14.5479057,
          52.3368548
        ]
      },
      "properties": {
        "id": "tk_bbr_osm_w437774788",
        "name": "Point",
        "address": {
          "street": "Bahnhofsplatz",
          "number": "11",
          "postalcode": "15230",
          "city": "Frankfurt (Oder)"
        },
        "sources": [
          {
            "type": "osm",
            "id": "way/437774788",
            "version": 0
          }
        ],
        "created": "2026-05-28",
        "updated": "2026-06-15",
        "hours": {
          "raw": "Mo-Fr 04:45-20:00; Sa,Su 08:00-20:00"
        },
        "tags": [
          "barrierefrei"
        ],
        "sources_by_field": {
          "name": "osm",
          "address.street": "osm",
          "address.number": "osm",
          "address.postalcode": "osm",
          "address.city": "osm",
          "hours": "osm"
        },
        "apple_id_attempted": "2026-05-29",
        "payment": {}
      }
    },
    {
      "type": "Feature",
      "geometry": {
        "type": "Point",
        "coordinates": [
          13.3058811,
          52.3522064
        ]
      },
      "properties": {
        "id": "tk_bbr_osm_w440299572",
        "name": "Getränke Hoffmann",
        "address": {
          "street": "Dorfaue",
          "number": "22",
          "postalcode": "14979",
          "city": "Großbeeren"
        },
        "sources": [
          {
            "type": "osm",
            "id": "way/440299572",
            "version": 0
          }
        ],
        "created": "2026-05-28",
        "updated": "2026-06-15",
        "hours": {
          "raw": "Mo-Fr 09:00-20:00, Sa 08:00-16:00"
        },
        "sources_by_field": {
          "name": "osm",
          "address.street": "osm",
          "address.number": "osm",
          "address.postalcode": "osm",
          "address.city": "osm",
          "hours": "osm"
        },
        "apple_id_attempted": "2026-05-29",
        "payment": {}
      }
    },
    {
      "type": "Feature",
      "geometry": {
        "type": "Point",
        "coordinates": [
          14.0649869,
          52.243908
        ]
      },
      "properties": {
        "id": "tk_bbr_osm_w479142573",
        "name": "Strandidyll",
        "address": {
          "city": "Diensdorf-Radlow"
        },
        "sources": [
          {
            "type": "osm",
            "id": "way/479142573",
            "version": 0
          }
        ],
        "created": "2026-05-28",
        "updated": "2026-06-15",
        "hours": {
          "raw": "Mo-Su 11:00-20:00"
        },
        "sources_by_field": {
          "name": "osm",
          "address.city": "osm",
          "hours": "osm"
        },
        "apple_id_attempted": "2026-05-29",
        "payment": {}
      }
    },
    {
      "type": "Feature",
      "geometry": {
        "type": "Point",
        "coordinates": [
          13.1898055,
          52.7234154
        ]
      },
      "properties": {
        "id": "tk_bbr_osm_w490127511",
        "name": "Getränkeland",
        "address": {},
        "sources": [
          {
            "type": "osm",
            "id": "way/490127511",
            "version": 0
          }
        ],
        "created": "2026-05-28",
        "updated": "2026-06-15",
        "tags": [
          "barrierefrei"
        ],
        "sources_by_field": {
          "name": "osm"
        },
        "apple_id_attempted": "2026-05-29",
        "payment": {}
      }
    },
    {
      "type": "Feature",
      "geometry": {
        "type": "Point",
        "coordinates": [
          13.5728625,
          52.6851487
        ]
      },
      "properties": {
        "id": "tk_bbr_osm_w504106297",
        "name": "Getränke Hoffmann",
        "address": {
          "street": "Konrad-Zuse-Straße",
          "number": "28",
          "postalcode": "16321",
          "city": "Bernau bei Berlin"
        },
        "sources": [
          {
            "type": "osm",
            "id": "way/504106297",
            "version": 0
          }
        ],
        "created": "2026-05-28",
        "updated": "2026-06-15",
        "hours": {
          "raw": "Mo-Fr 09:00-20:00; Sa 09:00-18:00"
        },
        "tags": [
          "barrierefrei"
        ],
        "sources_by_field": {
          "name": "osm",
          "address.street": "osm",
          "address.number": "osm",
          "address.postalcode": "osm",
          "address.city": "osm",
          "hours": "osm"
        },
        "apple_id_attempted": "2026-05-29",
        "payment": {}
      }
    },
    {
      "type": "Feature",
      "geometry": {
        "type": "Point",
        "coordinates": [
          13.8789191,
          53.3034373
        ]
      },
      "properties": {
        "id": "tk_bbr_osm_w504204933",
        "name": "Marktkauf Getränkemarkt",
        "address": {
          "street": "Seelübber Weg",
          "number": "3",
          "postalcode": "17291",
          "city": "Prenzlau"
        },
        "sources": [
          {
            "type": "osm",
            "id": "way/504204933",
            "version": 0
          }
        ],
        "created": "2026-05-28",
        "updated": "2026-06-15",
        "hours": {
          "raw": "Mo-We,Sa 08:00-20:00; Th,Fr 08:00-21:00"
        },
        "tags": [
          "barrierefrei"
        ],
        "sources_by_field": {
          "name": "osm",
          "address.street": "osm",
          "address.number": "osm",
          "address.postalcode": "osm",
          "address.city": "osm",
          "hours": "osm"
        },
        "apple_id_attempted": "2026-05-29",
        "payment": {}
      }
    },
    {
      "type": "Feature",
      "geometry": {
        "type": "Point",
        "coordinates": [
          13.8511271,
          52.3813748
        ]
      },
      "properties": {
        "id": "tk_bbr_osm_w511846787",
        "name": "Strandbar",
        "address": {},
        "sources": [
          {
            "type": "osm",
            "id": "way/511846787",
            "version": 0
          }
        ],
        "created": "2026-05-28",
        "updated": "2026-06-15",
        "sources_by_field": {
          "name": "osm"
        },
        "apple_id_attempted": "2026-05-29",
        "payment": {}
      }
    },
    {
      "type": "Feature",
      "geometry": {
        "type": "Point",
        "coordinates": [
          14.5992515,
          52.1703564
        ]
      },
      "properties": {
        "id": "tk_bbr_osm_w51813884",
        "name": "Esso",
        "address": {
          "street": "An der Pohlitzer Mühle",
          "city": "Eisenhüttenstadt"
        },
        "sources": [
          {
            "type": "osm",
            "id": "way/51813884",
            "version": 0
          }
        ],
        "created": "2026-05-28",
        "updated": "2026-06-15",
        "sources_by_field": {
          "name": "osm",
          "address.street": "osm",
          "address.city": "osm"
        },
        "apple_id_attempted": "2026-05-29",
        "payment": {}
      }
    },
    {
      "type": "Feature",
      "geometry": {
        "type": "Point",
        "coordinates": [
          13.9270564,
          52.2512503
        ]
      },
      "properties": {
        "id": "tk_bbr_osm_w548121433",
        "name": "Getränke Hoffmann",
        "address": {
          "street": "Goethestraße",
          "number": "2"
        },
        "sources": [
          {
            "type": "osm",
            "id": "way/548121433",
            "version": 0
          }
        ],
        "created": "2026-05-28",
        "updated": "2026-06-15",
        "tags": [
          "barrierefrei"
        ],
        "sources_by_field": {
          "name": "osm",
          "address.street": "osm",
          "address.number": "osm"
        },
        "apple_id_attempted": "2026-05-29",
        "payment": {}
      }
    },
    {
      "type": "Feature",
      "geometry": {
        "type": "Point",
        "coordinates": [
          14.648319,
          51.7417233
        ]
      },
      "properties": {
        "id": "tk_bbr_osm_w54850022",
        "name": "Getränke Hoffmann",
        "address": {
          "street": "Am Haag",
          "number": "5",
          "postalcode": "03149",
          "city": "Forst (Lausitz)"
        },
        "sources": [
          {
            "type": "osm",
            "id": "way/54850022",
            "version": 0
          }
        ],
        "created": "2026-05-28",
        "updated": "2026-06-15",
        "sources_by_field": {
          "name": "osm",
          "address.street": "osm",
          "address.number": "osm",
          "address.postalcode": "osm",
          "address.city": "osm"
        },
        "apple_id_attempted": "2026-05-29",
        "payment": {}
      }
    },
    {
      "type": "Feature",
      "geometry": {
        "type": "Point",
        "coordinates": [
          13.7484998,
          52.4279235
        ]
      },
      "properties": {
        "id": "tk_bbr_osm_w60917878",
        "name": "Getränke Hoffmann",
        "address": {
          "street": "Berliner Straße",
          "number": "3",
          "postalcode": "15537",
          "city": "Erkner"
        },
        "sources": [
          {
            "type": "osm",
            "id": "way/60917878",
            "version": 0
          }
        ],
        "created": "2026-05-28",
        "updated": "2026-06-15",
        "hours": {
          "raw": "Mo-Fr 09:00-20:00; Sa 09:00-18:00"
        },
        "tags": [
          "barrierefrei"
        ],
        "sources_by_field": {
          "name": "osm",
          "address.street": "osm",
          "address.number": "osm",
          "address.postalcode": "osm",
          "address.city": "osm",
          "hours": "osm"
        },
        "apple_id_attempted": "2026-05-29",
        "payment": {}
      }
    },
    {
      "type": "Feature",
      "geometry": {
        "type": "Point",
        "coordinates": [
          12.5490551,
          52.4340601
        ]
      },
      "properties": {
        "id": "tk_bbr_osm_w611633952",
        "name": "Günstig Tanken",
        "address": {
          "street": "Brielower Landstraße",
          "number": "19",
          "postalcode": "14772",
          "city": "Brandenburg an der Havel"
        },
        "sources": [
          {
            "type": "osm",
            "id": "way/611633952",
            "version": 0
          }
        ],
        "created": "2026-05-28",
        "updated": "2026-06-15",
        "tags": [
          "barrierefrei"
        ],
        "sources_by_field": {
          "name": "osm",
          "address.street": "osm",
          "address.number": "osm",
          "address.postalcode": "osm",
          "address.city": "osm"
        },
        "apple_id_attempted": "2026-05-29",
        "payment": {}
      }
    },
    {
      "type": "Feature",
      "geometry": {
        "type": "Point",
        "coordinates": [
          13.4264351,
          51.8696074
        ]
      },
      "properties": {
        "id": "tk_bbr_osm_w616325974",
        "name": "Lotto Tabak",
        "address": {
          "street": "Hauptstraße",
          "number": "57",
          "postalcode": "15936",
          "city": "Dahme/Mark"
        },
        "sources": [
          {
            "type": "osm",
            "id": "way/616325974",
            "version": 0
          }
        ],
        "created": "2026-05-28",
        "updated": "2026-06-15",
        "hours": {
          "raw": "Mo-Fr 08:00-13:00, 14:00-18:00; Sa 08:00-12:00"
        },
        "sources_by_field": {
          "name": "osm",
          "address.street": "osm",
          "address.number": "osm",
          "address.postalcode": "osm",
          "address.city": "osm",
          "hours": "osm"
        },
        "apple_id_attempted": "2026-05-29",
        "payment": {}
      }
    },
    {
      "type": "Feature",
      "geometry": {
        "type": "Point",
        "coordinates": [
          14.0505613,
          52.3578939
        ]
      },
      "properties": {
        "id": "tk_bbr_osm_w760766406",
        "name": "Getränke Hoffmann",
        "address": {
          "street": "Rudolf-Breitscheid-Straße",
          "number": "13",
          "postalcode": "15517",
          "city": "Fürstenwalde/Spree"
        },
        "sources": [
          {
            "type": "osm",
            "id": "way/760766406",
            "version": 0
          }
        ],
        "created": "2026-05-28",
        "updated": "2026-06-15",
        "hours": {
          "raw": "Mo-Fr 09:00-20:00, Sa 09:00-18:00"
        },
        "payment": {
          "cash": "yes",
          "cards": "unknown",
          "contactless": "unknown",
          "girocard": "unknown"
        },
        "sources_by_field": {
          "name": "osm",
          "address.street": "osm",
          "address.number": "osm",
          "address.postalcode": "osm",
          "address.city": "osm",
          "hours": "osm",
          "payment.cash": "osm",
          "payment.cards": "osm",
          "payment.contactless": "osm",
          "payment.girocard": "osm"
        },
        "apple_id_attempted": "2026-05-29"
      }
    },
    {
      "type": "Feature",
      "geometry": {
        "type": "Point",
        "coordinates": [
          14.6286915,
          51.7288747
        ]
      },
      "properties": {
        "id": "tk_bbr_osm_w787100448",
        "name": "Total",
        "address": {
          "street": "Schwerinstraße",
          "number": "9-12",
          "postalcode": "03149",
          "city": "Forst (Lausitz)"
        },
        "sources": [
          {
            "type": "osm",
            "id": "way/787100448",
            "version": 0
          }
        ],
        "created": "2026-05-28",
        "updated": "2026-06-15",
        "hours": {
          "raw": "Mo-Fr 05:00-22:00; Sa, So, PH 07:00-22:00"
        },
        "tags": [
          "barrierefrei"
        ],
        "sources_by_field": {
          "name": "osm",
          "address.street": "osm",
          "address.number": "osm",
          "address.postalcode": "osm",
          "address.city": "osm",
          "hours": "osm"
        },
        "apple_id_attempted": "2026-05-29",
        "payment": {}
      }
    },
    {
      "type": "Feature",
      "geometry": {
        "type": "Point",
        "coordinates": [
          13.8774297,
          51.9413211
        ]
      },
      "properties": {
        "id": "tk_bbr_osm_w79616202",
        "name": "Getränke Gröschke",
        "address": {
          "street": "An der Exerzierhalle",
          "number": "1",
          "postalcode": "15907",
          "city": "Lübben (Spreewald)"
        },
        "sources": [
          {
            "type": "osm",
            "id": "way/79616202",
            "version": 0
          }
        ],
        "created": "2026-05-28",
        "updated": "2026-06-15",
        "tags": [
          "barrierefrei"
        ],
        "sources_by_field": {
          "name": "osm",
          "address.street": "osm",
          "address.number": "osm",
          "address.postalcode": "osm",
          "address.city": "osm"
        },
        "apple_id_attempted": "2026-05-29",
        "payment": {}
      }
    },
    {
      "type": "Feature",
      "geometry": {
        "type": "Point",
        "coordinates": [
          13.6360964,
          52.1529293
        ]
      },
      "properties": {
        "id": "tk_bbr_osm_w810420238",
        "name": "ehem. Quelle Landen",
        "address": {
          "street": "Seestraße",
          "number": "20",
          "postalcode": "15755",
          "city": "Schwerin"
        },
        "sources": [
          {
            "type": "osm",
            "id": "way/810420238",
            "version": 0
          }
        ],
        "created": "2026-05-28",
        "updated": "2026-06-15",
        "sources_by_field": {
          "name": "osm",
          "address.street": "osm",
          "address.number": "osm",
          "address.postalcode": "osm",
          "address.city": "osm"
        },
        "apple_id_attempted": "2026-05-29",
        "payment": {}
      }
    },
    {
      "type": "Feature",
      "geometry": {
        "type": "Point",
        "coordinates": [
          14.2326737,
          52.5965169
        ]
      },
      "properties": {
        "id": "tk_bbr_osm_w857752128",
        "name": "Getränkefachmarkt und Post",
        "address": {
          "street": "Birkenweg",
          "number": "2",
          "postalcode": "15320",
          "city": "Neuhardenberg"
        },
        "sources": [
          {
            "type": "osm",
            "id": "way/857752128",
            "version": 0
          }
        ],
        "created": "2026-05-28",
        "updated": "2026-06-15",
        "sources_by_field": {
          "name": "osm",
          "address.street": "osm",
          "address.number": "osm",
          "address.postalcode": "osm",
          "address.city": "osm"
        },
        "apple_id_attempted": "2026-05-29",
        "payment": {}
      }
    },
    {
      "type": "Feature",
      "geometry": {
        "type": "Point",
        "coordinates": [
          13.2180424,
          52.2218582
        ]
      },
      "properties": {
        "id": "tk_bbr_osm_w865141091",
        "name": "Getränke Hoffmann",
        "address": {
          "street": "Berliner Tor",
          "number": "5",
          "postalcode": "14959",
          "city": "Trebbin"
        },
        "sources": [
          {
            "type": "osm",
            "id": "way/865141091",
            "version": 0
          }
        ],
        "created": "2026-05-28",
        "updated": "2026-06-15",
        "hours": {
          "raw": "Mo-Fr 09:00-20:00; Sa 09:00-18:00"
        },
        "payment": {
          "cash": "yes",
          "cards": "yes",
          "contactless": "unknown",
          "girocard": "unknown"
        },
        "sources_by_field": {
          "name": "osm",
          "address.street": "osm",
          "address.number": "osm",
          "address.postalcode": "osm",
          "address.city": "osm",
          "hours": "osm",
          "payment.cash": "osm",
          "payment.cards": "osm",
          "payment.contactless": "osm",
          "payment.girocard": "osm"
        },
        "apple_id_attempted": "2026-05-29"
      }
    },
    {
      "type": "Feature",
      "geometry": {
        "type": "Point",
        "coordinates": [
          12.5319162,
          52.4320814
        ]
      },
      "properties": {
        "id": "tk_bbr_osm_w87535960",
        "name": "Netto Getränke-Discount",
        "address": {
          "street": "Willibald-Alexis-Straße",
          "number": "40",
          "postalcode": "14772",
          "city": "Brandenburg an der Havel"
        },
        "sources": [
          {
            "type": "osm",
            "id": "way/87535960",
            "version": 0
          }
        ],
        "created": "2026-05-28",
        "updated": "2026-06-15",
        "hours": {
          "raw": "Mo-Sa 07:00 - 20:00"
        },
        "sources_by_field": {
          "name": "osm",
          "address.street": "osm",
          "address.number": "osm",
          "address.postalcode": "osm",
          "address.city": "osm",
          "hours": "osm"
        },
        "apple_id_attempted": "2026-05-29",
        "payment": {}
      }
    },
    {
      "type": "Feature",
      "geometry": {
        "type": "Point",
        "coordinates": [
          12.5425944,
          52.4367548
        ]
      },
      "properties": {
        "id": "tk_bbr_osm_w87719940",
        "name": "Whiskyzone",
        "address": {
          "street": "Friedrichshafener Straße",
          "number": "11",
          "postalcode": "14772",
          "city": "Brandenburg an der Havel"
        },
        "sources": [
          {
            "type": "osm",
            "id": "way/87719940",
            "version": 0
          }
        ],
        "created": "2026-05-28",
        "updated": "2026-06-15",
        "hours": {
          "raw": "Mo-Fr 08:00-16:00"
        },
        "sources_by_field": {
          "name": "osm",
          "address.street": "osm",
          "address.number": "osm",
          "address.postalcode": "osm",
          "address.city": "osm",
          "hours": "osm"
        },
        "apple_id_attempted": "2026-05-29",
        "payment": {}
      }
    },
    {
      "type": "Feature",
      "geometry": {
        "type": "Point",
        "coordinates": [
          12.3994882,
          52.4072228
        ]
      },
      "properties": {
        "id": "tk_bbr_osm_w89197756",
        "name": "Sprint",
        "address": {
          "street": "Chausseestraße",
          "number": "69b",
          "postalcode": "14774",
          "city": "Brandenburg an der Havel",
          "district": "Plaue"
        },
        "sources": [
          {
            "type": "osm",
            "id": "way/89197756",
            "version": 0
          }
        ],
        "created": "2026-05-28",
        "updated": "2026-06-15",
        "hours": {
          "raw": "Mo-Fr 06:00-21:00; Sa 07:00-21:00; PH,Su 08:00-21:00"
        },
        "payment": {
          "cash": "unknown",
          "cards": "unknown",
          "contactless": "unknown",
          "girocard": "yes"
        },
        "sources_by_field": {
          "name": "osm",
          "address.street": "osm",
          "address.number": "osm",
          "address.postalcode": "osm",
          "address.city": "osm",
          "address.district": "osm",
          "hours": "osm",
          "payment.cash": "osm",
          "payment.cards": "osm",
          "payment.contactless": "osm",
          "payment.girocard": "osm"
        },
        "apple_id_attempted": "2026-05-29"
      }
    },
    {
      "type": "Feature",
      "geometry": {
        "type": "Point",
        "coordinates": [
          13.6000933,
          52.6866196
        ]
      },
      "properties": {
        "id": "tk_bbr_osm_w914576234",
        "name": "Getränke Hoffmann",
        "address": {
          "street": "Am Pankeborn",
          "number": "1a",
          "postalcode": "16321",
          "city": "Bernau bei Berlin"
        },
        "sources": [
          {
            "type": "osm",
            "id": "way/914576234",
            "version": 0
          }
        ],
        "created": "2026-05-28",
        "updated": "2026-06-15",
        "sources_by_field": {
          "name": "osm",
          "address.street": "osm",
          "address.number": "osm",
          "address.postalcode": "osm",
          "address.city": "osm"
        },
        "apple_id_attempted": "2026-05-29",
        "payment": {}
      }
    },
    {
      "type": "Feature",
      "geometry": {
        "type": "Point",
        "coordinates": [
          14.0415651,
          52.7950903
        ]
      },
      "properties": {
        "id": "tk_bbr_osm_w940998287",
        "name": "Getränke Hoffmann",
        "address": {
          "street": "Eduardshof",
          "number": "1a",
          "postalcode": "16259",
          "city": "Bad Freienwalde (Oder)"
        },
        "sources": [
          {
            "type": "osm",
            "id": "way/940998287",
            "version": 0
          }
        ],
        "created": "2026-05-28",
        "updated": "2026-06-15",
        "sources_by_field": {
          "name": "osm",
          "address.street": "osm",
          "address.number": "osm",
          "address.postalcode": "osm",
          "address.city": "osm"
        },
        "apple_id_attempted": "2026-05-29",
        "payment": {}
      }
    },
    {
      "type": "Feature",
      "geometry": {
        "type": "Point",
        "coordinates": [
          12.7938599,
          52.4005432
        ]
      },
      "properties": {
        "id": "tk_bbr_osm_w946409244",
        "name": "Getränke Hoffmann",
        "address": {},
        "sources": [
          {
            "type": "osm",
            "id": "way/946409244",
            "version": 0
          }
        ],
        "created": "2026-05-28",
        "updated": "2026-06-15",
        "hours": {
          "raw": "Mo-Fr 09:00-20:00; Sa 09:00-18:00; PH off"
        },
        "tags": [
          "barrierefrei"
        ],
        "sources_by_field": {
          "name": "osm",
          "hours": "osm"
        },
        "apple_id_attempted": "2026-05-29",
        "payment": {}
      }
    },
    {
      "type": "Feature",
      "geometry": {
        "type": "Point",
        "coordinates": [
          13.198576,
          52.6083858
        ]
      },
      "properties": {
        "id": "tk_bbr_osm_w96856095",
        "name": "Getränke Hoffmann",
        "address": {
          "street": "Dorfstraße",
          "number": "44",
          "postalcode": "16761",
          "city": "Hennigsdorf",
          "district": "Nieder Neuendorf"
        },
        "sources": [
          {
            "type": "osm",
            "id": "way/96856095",
            "version": 0
          }
        ],
        "created": "2026-05-28",
        "updated": "2026-06-15",
        "hours": {
          "raw": "Mo-Fr 08:00-20:00; Sa 08:00-18:00"
        },
        "sources_by_field": {
          "name": "osm",
          "address.street": "osm",
          "address.number": "osm",
          "address.postalcode": "osm",
          "address.city": "osm",
          "address.district": "osm",
          "hours": "osm"
        },
        "apple_id_attempted": "2026-05-29",
        "payment": {}
      }
    }
  ]
}
