{
  "type": "FeatureCollection",
  "features": [
    {
      "type": "Feature",
      "geometry": {
        "type": "Point",
        "coordinates": [
          14.4620218,
          51.2524684
        ]
      },
      "properties": {
        "id": "tk_snr_osm_n1003650544",
        "name": "Tankstelle Jentsch",
        "address": {
          "street": "Ernst-Thälmann-Straße",
          "number": "25a",
          "postalcode": "02694",
          "city": "Großdubrau"
        },
        "sources": [
          {
            "type": "osm",
            "id": "node/1003650544",
            "version": 0
          },
          {
            "type": "apple",
            "id": "10330843578817214257"
          }
        ],
        "created": "2026-05-29",
        "updated": "2026-08-17",
        "hours": {
          "raw": "Su 08:00-12:00; Mo-Fr 06:00-19:00; Sa 07:00-18:00"
        },
        "sources_by_field": {
          "name": "osm",
          "address.street": "osm",
          "address.number": "osm",
          "address.postalcode": "osm",
          "address.city": "osm",
          "hours": "apple",
          "payment.cards": "apple",
          "payment.contactless": "apple"
        },
        "apple_attempted": "2026-05-29",
        "payment": {
          "cards": "yes",
          "contactless": "yes"
        }
      }
    },
    {
      "type": "Feature",
      "geometry": {
        "type": "Point",
        "coordinates": [
          13.6339571,
          51.1049946
        ]
      },
      "properties": {
        "id": "tk_snr_osm_n10049063798",
        "name": "Marktgrafen",
        "address": {
          "street": "Vorwerkstraße",
          "number": "17",
          "postalcode": "01445",
          "city": "Radebeul"
        },
        "sources": [
          {
            "type": "osm",
            "id": "node/10049063798",
            "version": 0
          },
          {
            "type": "gmaps",
            "id": "ChIJFXA0MbDRCUcRISDBODe35F0"
          }
        ],
        "created": "2026-05-29",
        "updated": "2026-08-17",
        "hours": {
          "raw": "Tu 09:00-13:00,14:00-19:00; Th 09:00-13:00,14:00-19:00; Fr 09:00-19:00; We 09:00-13:00,14:00-19:00; Mo 09:00-13:00,14:00-19:00; Sa 08:00-13:00"
        },
        "sources_by_field": {
          "name": "osm",
          "address.street": "osm",
          "address.number": "osm",
          "address.postalcode": "osm",
          "address.city": "osm",
          "hours": "google",
          "payment.cards": "google",
          "payment.contactless": "google",
          "payment.girocard": "google"
        },
        "apple_id_attempted": "2026-08-04",
        "google_attempted": "2026-05-29",
        "payment": {
          "cards": "no",
          "contactless": "yes",
          "girocard": "yes"
        }
      }
    },
    {
      "type": "Feature",
      "geometry": {
        "type": "Point",
        "coordinates": [
          13.5240301,
          51.2722425
        ]
      },
      "properties": {
        "id": "tk_snr_osm_n10592385049",
        "name": "Getränke - Dietrich",
        "address": {
          "street": "Eichenallee",
          "number": "25",
          "postalcode": "01558"
        },
        "sources": [
          {
            "type": "osm",
            "id": "node/10592385049",
            "version": 0
          },
          {
            "type": "gmaps",
            "id": "ChIJP8UoWIIqCEcRkuK5sdnag_E"
          }
        ],
        "created": "2026-05-29",
        "updated": "2026-08-17",
        "tags": [
          "barrierefrei"
        ],
        "sources_by_field": {
          "name": "osm",
          "address.street": "osm",
          "address.number": "osm",
          "address.postalcode": "osm",
          "hours": "google",
          "payment.cards": "google",
          "payment.contactless": "google",
          "payment.girocard": "google"
        },
        "apple_id_attempted": "2026-08-04",
        "google_attempted": "2026-05-29",
        "hours": {
          "raw": "Tu 07:00-18:00; Th 07:00-18:00; Fr 07:00-18:00; We 07:00-18:00; Mo 07:00-18:00"
        },
        "payment": {
          "cards": "yes",
          "contactless": "yes",
          "girocard": "yes"
        }
      }
    },
    {
      "type": "Feature",
      "geometry": {
        "type": "Point",
        "coordinates": [
          13.1081936,
          50.9823637
        ]
      },
      "properties": {
        "id": "tk_snr_osm_n1059939226",
        "name": "bilgro",
        "address": {
          "street": "Kastanienring",
          "number": "2",
          "postalcode": "09661",
          "city": "Hainichen"
        },
        "sources": [
          {
            "type": "osm",
            "id": "node/1059939226",
            "version": 0
          },
          {
            "type": "gmaps",
            "id": "ChIJ-UXVHVxop0cRYhQymh9CKzk"
          }
        ],
        "created": "2026-05-29",
        "updated": "2026-06-15",
        "hours": {
          "raw": "Tu 08:00-18:00; Th 08:00-18:00; Fr 08:00-18:00; We 08:00-18:00; Mo 08:00-18:00; Sa 08:00-13:00"
        },
        "tags": [
          "barrierefrei"
        ],
        "sources_by_field": {
          "name": "osm",
          "address.street": "osm",
          "address.number": "osm",
          "address.postalcode": "osm",
          "address.city": "osm",
          "hours": "google",
          "payment.cards": "google",
          "payment.contactless": "google",
          "payment.girocard": "google"
        },
        "apple_id_attempted": "2026-08-04",
        "google_attempted": "2026-05-29",
        "payment": {
          "cards": "no",
          "contactless": "yes",
          "girocard": "yes"
        }
      }
    },
    {
      "type": "Feature",
      "geometry": {
        "type": "Point",
        "coordinates": [
          13.5223174,
          51.2876528
        ]
      },
      "properties": {
        "id": "tk_snr_osm_n10605656921",
        "name": "Getränkewelt - Die Getränkekönner",
        "address": {
          "street": "Meißner Straße",
          "number": "82b",
          "postalcode": "01558",
          "city": "Großenhain"
        },
        "sources": [
          {
            "type": "osm",
            "id": "node/10605656921",
            "version": 0
          },
          {
            "type": "gmaps",
            "id": "ChIJa7YTm4OAp0cRGaSNlJ4h4CE"
          }
        ],
        "created": "2026-05-29",
        "updated": "2026-06-15",
        "hours": {
          "raw": "Tu 09:00-18:00; Th 09:00-18:00; Fr 09:00-18:00; We 09:00-18:00; Mo 09:00-18:00; Sa 09:00-14:00"
        },
        "sources_by_field": {
          "name": "osm",
          "address.street": "osm",
          "address.number": "osm",
          "address.postalcode": "osm",
          "address.city": "osm",
          "hours": "google",
          "payment.cards": "google",
          "payment.contactless": "google",
          "payment.girocard": "google"
        },
        "apple_id_attempted": "2026-08-04",
        "google_attempted": "2026-05-29",
        "payment": {
          "cards": "no",
          "contactless": "yes",
          "girocard": "yes"
        }
      }
    },
    {
      "type": "Feature",
      "geometry": {
        "type": "Point",
        "coordinates": [
          12.386647,
          50.8048368
        ]
      },
      "properties": {
        "id": "tk_snr_osm_n1067584325",
        "name": "heiloo Getränke",
        "address": {},
        "sources": [
          {
            "type": "osm",
            "id": "node/1067584325",
            "version": 0
          },
          {
            "type": "gmaps",
            "id": "ChIJ8_K1W8gpp0cRSUZtONq54pc"
          }
        ],
        "created": "2026-05-29",
        "updated": "2026-08-17",
        "hours": {
          "raw": "Tu 10:00-18:00; Th 10:00-18:00; Fr 10:00-18:00; We 10:00-18:00; Mo 10:00-18:00; Sa 09:00-12:00"
        },
        "sources_by_field": {
          "name": "osm",
          "hours": "google",
          "payment.cards": "google",
          "payment.contactless": "google",
          "payment.girocard": "google"
        },
        "apple_id_attempted": "2026-08-04",
        "google_attempted": "2026-05-29",
        "payment": {
          "cards": "no",
          "contactless": "yes",
          "girocard": "yes"
        }
      }
    },
    {
      "type": "Feature",
      "geometry": {
        "type": "Point",
        "coordinates": [
          12.4566494,
          50.3635042
        ]
      },
      "properties": {
        "id": "tk_snr_osm_n10964967816",
        "name": "Haisla",
        "address": {},
        "sources": [
          {
            "type": "osm",
            "id": "node/10964967816",
            "version": 0
          },
          {
            "type": "gmaps",
            "id": "ChIJQzvSqGDCoEcRNCYPExWN7vw"
          }
        ],
        "created": "2026-05-29",
        "updated": "2026-08-17",
        "sources_by_field": {
          "name": "osm",
          "hours": "google"
        },
        "apple_id_attempted": "2026-08-04",
        "google_attempted": "2026-08-04",
        "hours": {
          "raw": "Fr 16:00-21:00; Su 17:00-21:00"
        },
        "payment": {}
      }
    },
    {
      "type": "Feature",
      "geometry": {
        "type": "Point",
        "coordinates": [
          14.2261085,
          51.0604402
        ]
      },
      "properties": {
        "id": "tk_snr_osm_n11012811903",
        "name": "Getränke Schott",
        "address": {
          "street": "Bischofswerdaer Straße",
          "number": "240",
          "postalcode": "01844",
          "city": "Neustadt in Sachsen"
        },
        "sources": [
          {
            "type": "osm",
            "id": "node/11012811903",
            "version": 0
          },
          {
            "type": "gmaps",
            "id": "ChIJ81MfRaKuCUcRNrbvI_pvCqg"
          }
        ],
        "created": "2026-05-29",
        "updated": "2026-08-17",
        "hours": {
          "raw": "Tu 09:00-12:00,16:00-18:00; Th 16:00-18:00; Fr 16:00-18:00"
        },
        "sources_by_field": {
          "name": "osm",
          "address.street": "osm",
          "address.number": "osm",
          "address.postalcode": "osm",
          "address.city": "osm",
          "hours": "google",
          "payment.cards": "google",
          "payment.contactless": "google",
          "payment.girocard": "google"
        },
        "apple_id_attempted": "2026-08-04",
        "google_attempted": "2026-05-29",
        "payment": {
          "cards": "no",
          "contactless": "yes",
          "girocard": "yes"
        }
      }
    },
    {
      "type": "Feature",
      "geometry": {
        "type": "Point",
        "coordinates": [
          13.8487237,
          51.0044146
        ]
      },
      "properties": {
        "id": "tk_snr_osm_n11115082418",
        "name": "Lotto Krause",
        "address": {
          "street": "Putjatinstraße",
          "number": "14",
          "postalcode": "01259",
          "city": "Dresden"
        },
        "sources": [
          {
            "type": "osm",
            "id": "node/11115082418",
            "version": 0
          },
          {
            "type": "apple",
            "id": "1278642912938541878"
          },
          {
            "type": "gmaps",
            "id": "ChIJS-dew2DHCUcRZmmMAhg44iM"
          }
        ],
        "created": "2026-05-29",
        "updated": "2026-08-17",
        "hours": {
          "raw": "Tu 09:00-19:00; Th 09:00-19:00; Fr 09:00-19:00; We 09:00-19:00; Mo 09:00-19:00; Sa 09:00-13:00"
        },
        "sources_by_field": {
          "name": "osm",
          "address.street": "osm",
          "address.number": "osm",
          "address.postalcode": "osm",
          "address.city": "osm",
          "hours": "google",
          "payment.cards": "google",
          "payment.contactless": "google",
          "payment.girocard": "google"
        },
        "apple_attempted": "2026-05-29",
        "google_attempted": "2026-05-29",
        "payment": {
          "cards": "yes",
          "contactless": "yes",
          "girocard": "yes"
        }
      }
    },
    {
      "type": "Feature",
      "geometry": {
        "type": "Point",
        "coordinates": [
          13.1865418,
          51.0648008
        ]
      },
      "properties": {
        "id": "tk_snr_osm_n11375773595",
        "name": "Getränkehandel Zausch \"Sächsischer Hof\"",
        "address": {
          "street": "Nossener Straße",
          "number": "14",
          "postalcode": "04741",
          "city": "Roßwein"
        },
        "sources": [
          {
            "type": "osm",
            "id": "node/11375773595",
            "version": 0
          },
          {
            "type": "apple",
            "id": "10409699388241888991"
          },
          {
            "type": "gmaps",
            "id": "ChIJj-4W-9llp0cReDocgwA8fkk"
          }
        ],
        "created": "2026-05-29",
        "updated": "2026-08-17",
        "sources_by_field": {
          "name": "osm",
          "address.street": "osm",
          "address.number": "osm",
          "address.postalcode": "osm",
          "address.city": "osm",
          "hours": "google",
          "payment.cards": "google",
          "payment.contactless": "google",
          "payment.girocard": "google"
        },
        "apple_attempted": "2026-05-29",
        "google_attempted": "2026-05-29",
        "hours": {
          "raw": "Tu 08:30-19:00; Th 08:00-19:00; Fr 08:30-19:00; We 08:30-19:00; Mo 08:30-19:00; Sa 08:00-19:00"
        },
        "payment": {
          "cards": "yes",
          "contactless": "yes",
          "girocard": "yes"
        }
      }
    },
    {
      "type": "Feature",
      "geometry": {
        "type": "Point",
        "coordinates": [
          13.908133,
          51.265247
        ]
      },
      "properties": {
        "id": "tk_snr_osm_n11511865482",
        "name": "Sachsenland Trinkparadies",
        "address": {},
        "sources": [
          {
            "type": "osm",
            "id": "node/11511865482",
            "version": 0
          },
          {
            "type": "gmaps",
            "id": "ChIJ_XbbWj00CEcRixAQUdk1uGs"
          }
        ],
        "created": "2026-05-29",
        "updated": "2026-08-17",
        "hours": {
          "raw": "Tu 08:00-18:00; Th 08:00-18:00; Fr 08:00-18:00; We 08:00-18:00; Mo 08:00-18:00; Sa 08:00-16:00"
        },
        "sources_by_field": {
          "name": "osm",
          "hours": "google",
          "payment.cards": "google",
          "payment.contactless": "google",
          "payment.girocard": "google"
        },
        "apple_id_attempted": "2026-08-04",
        "google_attempted": "2026-05-29",
        "payment": {
          "cards": "no",
          "contactless": "yes",
          "girocard": "yes"
        }
      }
    },
    {
      "type": "Feature",
      "geometry": {
        "type": "Point",
        "coordinates": [
          12.7495329,
          51.3697812
        ]
      },
      "properties": {
        "id": "tk_snr_osm_n1195823961",
        "name": "Lösch Depot",
        "address": {
          "street": "Torgauer Straße",
          "number": "32",
          "postalcode": "04808",
          "city": "Wurzen"
        },
        "sources": [
          {
            "type": "osm",
            "id": "node/1195823961",
            "version": 0
          },
          {
            "type": "gmaps",
            "id": "ChIJ6VaBM1mpp0cR0hQqimmKnuY"
          }
        ],
        "created": "2026-05-29",
        "updated": "2026-08-17",
        "hours": {
          "raw": "Tu 08:00-18:00; Th 08:00-18:00; Fr 08:00-18:00; We 08:00-18:00; Mo 08:00-18:00; Sa 08:00-12:00"
        },
        "tags": [
          "barrierefrei"
        ],
        "sources_by_field": {
          "name": "osm",
          "address.street": "osm",
          "address.number": "osm",
          "address.postalcode": "osm",
          "address.city": "osm",
          "hours": "google",
          "payment.cards": "google",
          "payment.contactless": "google",
          "payment.girocard": "google"
        },
        "apple_id_attempted": "2026-08-04",
        "google_attempted": "2026-05-29",
        "payment": {
          "cards": "yes",
          "contactless": "yes",
          "girocard": "yes"
        }
      }
    },
    {
      "type": "Feature",
      "geometry": {
        "type": "Point",
        "coordinates": [
          12.7101421,
          50.5851328
        ]
      },
      "properties": {
        "id": "tk_snr_osm_n12061436974",
        "name": "Sachsenland Trinkparadies",
        "address": {},
        "sources": [
          {
            "type": "osm",
            "id": "node/12061436974",
            "version": 0
          },
          {
            "type": "gmaps",
            "id": "ChIJtUSemg3KoEcRSDes7toj3M0"
          }
        ],
        "created": "2026-05-29",
        "updated": "2026-08-17",
        "hours": {
          "raw": "Tu 09:00-18:00; Th 09:00-18:00; Fr 09:00-18:00; We 09:00-18:00; Mo 09:00-18:00; Sa 09:00-14:00"
        },
        "sources_by_field": {
          "name": "osm",
          "hours": "google",
          "payment.cards": "google",
          "payment.contactless": "google",
          "payment.girocard": "google"
        },
        "apple_id_attempted": "2026-08-04",
        "google_attempted": "2026-06-29",
        "payment": {
          "cards": "yes",
          "contactless": "yes",
          "girocard": "yes"
        }
      }
    },
    {
      "type": "Feature",
      "geometry": {
        "type": "Point",
        "coordinates": [
          13.2660583,
          51.3207923
        ]
      },
      "properties": {
        "id": "tk_snr_osm_n12400898113",
        "name": "Getränkewelt | DIE GETRÄNKEKÖNNER",
        "address": {
          "city": "Riesa"
        },
        "sources": [
          {
            "type": "osm",
            "id": "node/12400898113",
            "version": 0
          },
          {
            "type": "gmaps",
            "id": "ChIJB-PiYO-cp0cRopIV26hkhW8"
          }
        ],
        "created": "2026-05-29",
        "updated": "2026-06-15",
        "hours": {
          "raw": "Tu 08:00-18:00; Th 08:00-18:00; Fr 08:00-18:00; We 08:00-18:00; Mo 08:00-18:00; Sa 08:00-13:00"
        },
        "tags": [
          "barrierefrei"
        ],
        "sources_by_field": {
          "name": "osm",
          "address.city": "osm",
          "hours": "google",
          "payment.cards": "google",
          "payment.contactless": "google",
          "payment.girocard": "google"
        },
        "apple_id_attempted": "2026-08-04",
        "google_attempted": "2026-05-29",
        "payment": {
          "cards": "no",
          "contactless": "yes",
          "girocard": "yes"
        }
      }
    },
    {
      "type": "Feature",
      "geometry": {
        "type": "Point",
        "coordinates": [
          12.7446894,
          51.3771027
        ]
      },
      "properties": {
        "id": "tk_snr_osm_n1250556513",
        "name": "Bilgro",
        "address": {
          "street": "Georg-Schumann-Straße",
          "number": "38",
          "postalcode": "04808",
          "city": "Wurzen"
        },
        "sources": [
          {
            "type": "osm",
            "id": "node/1250556513",
            "version": 0
          },
          {
            "type": "gmaps",
            "id": "ChIJSZWUm2qpp0cRH3D36rObpiY"
          }
        ],
        "created": "2026-05-29",
        "updated": "2026-08-17",
        "hours": {
          "raw": "Tu 08:00-18:00; Th 08:00-18:00; Fr 08:00-18:00; We 08:00-18:00; Mo 08:00-18:00; Sa 08:00-12:00"
        },
        "tags": [
          "barrierefrei"
        ],
        "sources_by_field": {
          "name": "osm",
          "address.street": "osm",
          "address.number": "osm",
          "address.postalcode": "osm",
          "address.city": "osm",
          "hours": "google",
          "payment.cards": "google",
          "payment.contactless": "google",
          "payment.girocard": "google"
        },
        "apple_id_attempted": "2026-08-04",
        "google_attempted": "2026-05-29",
        "payment": {
          "cards": "no",
          "contactless": "yes",
          "girocard": "yes"
        }
      }
    },
    {
      "type": "Feature",
      "geometry": {
        "type": "Point",
        "coordinates": [
          13.869001,
          50.9806635
        ]
      },
      "properties": {
        "id": "tk_snr_osm_n12641049865",
        "name": "Netto Getränke-Discount",
        "address": {
          "street": "Bahnhofstraße",
          "number": "32",
          "postalcode": "01809",
          "city": "Heidenau"
        },
        "sources": [
          {
            "type": "osm",
            "id": "node/12641049865",
            "version": 0
          },
          {
            "type": "gmaps",
            "id": "ChIJ7-C6C3e5CUcRMMZAFZU6wc8"
          }
        ],
        "created": "2026-05-29",
        "updated": "2026-06-29",
        "hours": {
          "raw": "Tu 08:00-20:00; Th 08:00-20:00; Fr 08:00-20:00; We 08:00-20:00; Mo 08:00-20:00; Sa 08:00-20:00"
        },
        "tags": [
          "barrierefrei"
        ],
        "sources_by_field": {
          "name": "osm",
          "address.street": "osm",
          "address.number": "osm",
          "address.postalcode": "osm",
          "address.city": "osm",
          "hours": "google",
          "payment.cards": "google",
          "payment.contactless": "google",
          "payment.girocard": "google"
        },
        "apple_id_attempted": "2026-08-04",
        "google_attempted": "2026-06-29",
        "payment": {
          "cards": "yes",
          "contactless": "yes",
          "girocard": "yes"
        },
        "osm_removed": true
      }
    },
    {
      "type": "Feature",
      "geometry": {
        "type": "Point",
        "coordinates": [
          13.1361159,
          50.7522035
        ]
      },
      "properties": {
        "id": "tk_snr_osm_n12688929970",
        "name": "Mobile Mosterei Auerbach",
        "address": {
          "street": "Turnhallenweg",
          "number": "2",
          "postalcode": "09437",
          "city": "Börnichen"
        },
        "sources": [
          {
            "type": "osm",
            "id": "node/12688929970",
            "version": 0
          },
          {
            "type": "apple",
            "id": "4069289532357608105"
          },
          {
            "type": "gmaps",
            "id": "ChIJaSqAArhQp0cRKJC-0arWN_s"
          }
        ],
        "created": "2026-05-29",
        "updated": "2026-08-17",
        "sources_by_field": {
          "name": "osm",
          "address.street": "osm",
          "address.number": "osm",
          "address.postalcode": "osm",
          "address.city": "osm"
        },
        "apple_attempted": "2026-08-04",
        "google_attempted": "2026-08-04",
        "payment": {}
      }
    },
    {
      "type": "Feature",
      "geometry": {
        "type": "Point",
        "coordinates": [
          13.3241386,
          50.6627246
        ]
      },
      "properties": {
        "id": "tk_snr_osm_n13198230484",
        "name": "Olbernhauer Getränke",
        "address": {
          "street": "Blumenauer Straße",
          "number": "25",
          "postalcode": "09526",
          "city": "Olbernhau"
        },
        "sources": [
          {
            "type": "osm",
            "id": "node/13198230484",
            "version": 0
          },
          {
            "type": "apple",
            "id": "16017925310273810339"
          },
          {
            "type": "gmaps",
            "id": "ChIJf5XcXab-CUcR4D157YjKjaY"
          }
        ],
        "created": "2026-05-29",
        "updated": "2026-08-17",
        "hours": {
          "raw": "Tu 08:00-17:00; Th 08:00-17:00; Fr 08:00-17:00; We 08:00-17:00; Mo 08:00-17:00"
        },
        "sources_by_field": {
          "name": "osm",
          "address.street": "osm",
          "address.number": "osm",
          "address.postalcode": "osm",
          "address.city": "osm",
          "hours": "google"
        },
        "apple_attempted": "2026-08-04",
        "google_attempted": "2026-08-04",
        "payment": {}
      }
    },
    {
      "type": "Feature",
      "geometry": {
        "type": "Point",
        "coordinates": [
          12.4718106,
          50.5309474
        ]
      },
      "properties": {
        "id": "tk_snr_osm_n13304576065",
        "name": "Getränkevertrieb Eugen Männel",
        "address": {
          "street": "Brauereistraße",
          "number": "76",
          "postalcode": "08237",
          "city": "Steinberg"
        },
        "sources": [
          {
            "type": "osm",
            "id": "node/13304576065",
            "version": 0
          },
          {
            "type": "gmaps",
            "id": "ChIJ-3Sg09_PoEcRoSsB9AJd4Ps"
          }
        ],
        "created": "2026-05-29",
        "updated": "2026-08-17",
        "sources_by_field": {
          "name": "osm",
          "address.street": "osm",
          "address.number": "osm",
          "address.postalcode": "osm",
          "address.city": "osm",
          "hours": "google"
        },
        "apple_id_attempted": "2026-08-04",
        "google_attempted": "2026-08-04",
        "hours": {
          "raw": "Tu 09:00-18:00; Th 09:00-18:00; Fr 09:00-18:00; We 09:00-18:00; Mo 09:00-18:00; Sa 09:00-14:00"
        },
        "payment": {}
      }
    },
    {
      "type": "Feature",
      "geometry": {
        "type": "Point",
        "coordinates": [
          12.9140918,
          50.6829111
        ]
      },
      "properties": {
        "id": "tk_snr_osm_n1331086435",
        "name": "Meischner",
        "address": {
          "street": "Obere Hauptstraße",
          "number": "22",
          "postalcode": "09392",
          "city": "Auerbach"
        },
        "sources": [
          {
            "type": "osm",
            "id": "node/1331086435",
            "version": 0
          },
          {
            "type": "gmaps",
            "id": "ChIJ2fWMoUJMp0cRhpxjPOeE9GE"
          }
        ],
        "created": "2026-05-29",
        "updated": "2026-08-17",
        "sources_by_field": {
          "name": "osm",
          "address.street": "osm",
          "address.number": "osm",
          "address.postalcode": "osm",
          "address.city": "osm",
          "hours": "google"
        },
        "apple_id_attempted": "2026-08-04",
        "google_attempted": "2026-08-04",
        "hours": {
          "raw": "Th 09:00-18:00; Fr 09:00-18:00; We 12:30-18:00; Mo 09:00-18:00; Sa 08:00-12:00"
        },
        "payment": {}
      }
    },
    {
      "type": "Feature",
      "geometry": {
        "type": "Point",
        "coordinates": [
          12.4856022,
          51.123768
        ]
      },
      "properties": {
        "id": "tk_snr_osm_n1364479879",
        "name": "bilgro",
        "address": {
          "street": "Lobstädter Straße",
          "number": "25b",
          "postalcode": "04552",
          "city": "Borna"
        },
        "sources": [
          {
            "type": "osm",
            "id": "node/1364479879",
            "version": 0
          },
          {
            "type": "gmaps",
            "id": "ChIJvaWs6CzjpkcRRAJSr1RC4Rk"
          }
        ],
        "created": "2026-05-29",
        "updated": "2026-06-15",
        "hours": {
          "raw": "Tu 08:00-18:00; Th 08:00-18:00; Fr 08:00-18:00; We 08:00-18:00; Mo 08:00-18:00; Sa 08:00-12:00"
        },
        "tags": [
          "barrierefrei"
        ],
        "sources_by_field": {
          "name": "osm",
          "address.street": "osm",
          "address.number": "osm",
          "address.postalcode": "osm",
          "address.city": "osm",
          "hours": "google",
          "payment.cards": "google",
          "payment.contactless": "google",
          "payment.girocard": "google"
        },
        "apple_id_attempted": "2026-08-04",
        "google_attempted": "2026-05-31",
        "payment": {
          "cards": "no",
          "contactless": "yes",
          "girocard": "yes"
        }
      }
    },
    {
      "type": "Feature",
      "geometry": {
        "type": "Point",
        "coordinates": [
          12.6419858,
          50.5951387
        ]
      },
      "properties": {
        "id": "tk_snr_osm_n13798855623",
        "name": "E24 Shop",
        "address": {},
        "sources": [
          {
            "type": "osm",
            "id": "node/13798855623",
            "version": 0
          },
          {
            "type": "gmaps",
            "id": "ChIJq2kKXsLLoEcRHzMLQ2k2BNM"
          }
        ],
        "created": "2026-05-29",
        "updated": "2026-08-17",
        "sources_by_field": {
          "name": "osm",
          "payment.cards": "google",
          "payment.contactless": "google",
          "payment.girocard": "google"
        },
        "apple_id_attempted": "2026-08-04",
        "google_attempted": "2026-08-11",
        "payment": {
          "cards": "yes",
          "contactless": "yes",
          "girocard": "yes"
        }
      }
    },
    {
      "type": "Feature",
      "geometry": {
        "type": "Point",
        "coordinates": [
          14.7351953,
          51.2748321
        ]
      },
      "properties": {
        "id": "tk_snr_osm_n1380471292",
        "name": "Kiosk & Gaststube Kollm-Nord",
        "address": {
          "street": "Quitzdorfer Weg",
          "number": "1",
          "postalcode": "02906",
          "city": "Quitzdorf am See"
        },
        "sources": [
          {
            "type": "osm",
            "id": "node/1380471292",
            "version": 0
          },
          {
            "type": "gmaps",
            "id": "ChIJbSyezePvCEcRMvoMyOitOBM"
          }
        ],
        "created": "2026-05-29",
        "updated": "2026-08-17",
        "sources_by_field": {
          "name": "osm",
          "address.street": "osm",
          "address.number": "osm",
          "address.postalcode": "osm",
          "address.city": "osm",
          "hours": "google"
        },
        "apple_id_attempted": "2026-08-04",
        "google_attempted": "2026-08-11",
        "hours": {
          "raw": "Tu 11:30-19:00; Th 11:30-19:00; Fr 11:30-19:00; Mo 11:30-19:00; Sa 11:30-19:00; Su 11:30-19:00"
        },
        "payment": {}
      }
    },
    {
      "type": "Feature",
      "geometry": {
        "type": "Point",
        "coordinates": [
          14.0578214,
          50.9670784
        ]
      },
      "properties": {
        "id": "tk_snr_osm_n13893415601",
        "name": "Steinerner Tisch - Getränkekasse des Vertrauens",
        "address": {},
        "sources": [
          {
            "type": "osm",
            "id": "node/13893415601",
            "version": 0
          },
          {
            "type": "gmaps",
            "id": "ChIJ9TuZv926CUcRAAkkux-lj_8"
          }
        ],
        "created": "2026-06-01",
        "updated": "2026-08-17",
        "hours": {
          "raw": "Apr-Oct Mo-Su 10:00-18:00"
        },
        "sources_by_field": {
          "name": "osm",
          "hours": "osm"
        },
        "apple_id_attempted": "2026-08-11",
        "google_attempted": "2026-07-20",
        "payment": {}
      }
    },
    {
      "type": "Feature",
      "geometry": {
        "type": "Point",
        "coordinates": [
          13.1630647,
          51.2000352
        ]
      },
      "properties": {
        "id": "tk_snr_osm_n1396121753",
        "name": "Löschdepot",
        "address": {
          "street": "Karl-Marx-Straße",
          "number": "1",
          "postalcode": "04749",
          "city": "Jahnatal",
          "district": "Ostrau"
        },
        "sources": [
          {
            "type": "osm",
            "id": "node/1396121753",
            "version": 0
          },
          {
            "type": "gmaps",
            "id": "ChIJtZglalx3p0cRe6COZGrWJvE"
          }
        ],
        "created": "2026-05-29",
        "updated": "2026-08-17",
        "hours": {
          "raw": "Tu 08:00-18:00; Th 08:00-18:00; Fr 08:00-18:00; We 08:00-18:00; Mo 08:00-18:00; Sa 08:00-12:00"
        },
        "tags": [
          "barrierefrei"
        ],
        "sources_by_field": {
          "name": "osm",
          "address.street": "osm",
          "address.number": "osm",
          "address.postalcode": "osm",
          "address.city": "osm",
          "address.district": "osm",
          "hours": "google",
          "payment.cards": "google",
          "payment.contactless": "google",
          "payment.girocard": "google"
        },
        "apple_id_attempted": "2026-08-04",
        "google_attempted": "2026-05-31",
        "payment": {
          "cards": "yes",
          "contactless": "yes",
          "girocard": "yes"
        }
      }
    },
    {
      "type": "Feature",
      "geometry": {
        "type": "Point",
        "coordinates": [
          13.1444265,
          51.1217821
        ]
      },
      "properties": {
        "id": "tk_snr_osm_n1445310912",
        "name": "Markgrafen",
        "address": {},
        "sources": [
          {
            "type": "osm",
            "id": "node/1445310912",
            "version": 0
          },
          {
            "type": "gmaps",
            "id": "ChIJl56qktFxp0cRWOEIvfJJFXk"
          }
        ],
        "created": "2026-05-29",
        "updated": "2026-08-17",
        "hours": {
          "raw": "Tu 09:00-18:00; Th 09:00-18:00; Fr 09:00-18:00; We 09:00-18:00; Mo 09:00-18:00; Sa 09:00-12:00"
        },
        "sources_by_field": {
          "name": "osm",
          "hours": "google",
          "payment.cards": "google",
          "payment.contactless": "google",
          "payment.girocard": "google"
        },
        "apple_id_attempted": "2026-08-04",
        "google_attempted": "2026-05-31",
        "payment": {
          "cards": "no",
          "contactless": "yes",
          "girocard": "yes"
        }
      }
    },
    {
      "type": "Feature",
      "geometry": {
        "type": "Point",
        "coordinates": [
          12.4938786,
          51.1138711
        ]
      },
      "properties": {
        "id": "tk_snr_osm_n1453674194",
        "name": "Getränke Donat",
        "address": {
          "street": "Gnandorfer Straße",
          "number": "33",
          "postalcode": "04552",
          "city": "Borna"
        },
        "sources": [
          {
            "type": "osm",
            "id": "node/1453674194",
            "version": 0
          },
          {
            "type": "gmaps",
            "id": "ChIJu4lSWQnipkcR9aH10i6Vl6o"
          },
          {
            "type": "apple",
            "id": "2593981193131426181"
          }
        ],
        "created": "2026-05-29",
        "updated": "2026-08-17",
        "hours": {
          "raw": "Tu 08:00-18:00; Th 08:00-18:00; Fr 08:00-18:00; We 08:00-18:00; Mo 08:00-18:00; Sa 08:00-12:00"
        },
        "tags": [
          "barrierefrei"
        ],
        "sources_by_field": {
          "name": "osm",
          "address.street": "osm",
          "address.number": "osm",
          "address.postalcode": "osm",
          "address.city": "osm",
          "hours": "google",
          "payment.cards": "google",
          "payment.contactless": "google",
          "payment.girocard": "google"
        },
        "google_attempted": "2026-05-31",
        "payment": {
          "cards": "no",
          "contactless": "yes",
          "girocard": "yes"
        }
      }
    },
    {
      "type": "Feature",
      "geometry": {
        "type": "Point",
        "coordinates": [
          12.6777607,
          50.9420981
        ]
      },
      "properties": {
        "id": "tk_snr_osm_n1576487843",
        "name": "Getränkehandel Singer",
        "address": {
          "street": "Wernsdorfer Straße",
          "number": "1 C",
          "postalcode": "09322",
          "city": "Penig",
          "district": "Wernsdorf"
        },
        "sources": [
          {
            "type": "osm",
            "id": "node/1576487843",
            "version": 0
          },
          {
            "type": "gmaps",
            "id": "ChIJP_i8YNs8p0cRA5F-aOkh2Xg"
          }
        ],
        "created": "2026-05-29",
        "updated": "2026-08-17",
        "sources_by_field": {
          "name": "osm",
          "address.street": "osm",
          "address.number": "osm",
          "address.postalcode": "osm",
          "address.city": "osm",
          "address.district": "osm",
          "hours": "google"
        },
        "apple_id_attempted": "2026-08-04",
        "google_attempted": "2026-08-11",
        "hours": {
          "raw": "Tu 08:00-18:30; Th 08:00-18:30; Fr 08:00-18:30; We 08:00-18:30; Mo 08:00-18:30; Sa 08:00-14:00"
        },
        "payment": {}
      }
    },
    {
      "type": "Feature",
      "geometry": {
        "type": "Point",
        "coordinates": [
          12.9747713,
          50.4858528
        ]
      },
      "properties": {
        "id": "tk_snr_osm_n1599113972",
        "name": "Fa. Max Sonntag Likörherstellung",
        "address": {
          "street": "Karlsbader Straße",
          "number": "85",
          "postalcode": "09465",
          "city": "Sehmatal",
          "district": "Neudorf"
        },
        "sources": [
          {
            "type": "osm",
            "id": "node/1599113972",
            "version": 0
          },
          {
            "type": "gmaps",
            "id": "ChIJefMvbXWxc0ER7N0jmkFWFx4"
          }
        ],
        "created": "2026-05-29",
        "updated": "2026-08-17",
        "hours": {
          "raw": "Tu 09:00-16:00; Th 09:00-16:00; Fr 09:00-16:00; We 09:00-16:00; Mo 09:00-16:00; Sa 09:00-11:00"
        },
        "sources_by_field": {
          "name": "osm",
          "address.street": "osm",
          "address.number": "osm",
          "address.postalcode": "osm",
          "address.city": "osm",
          "address.district": "osm",
          "hours": "google"
        },
        "apple_id_attempted": "2026-08-04",
        "google_attempted": "2026-08-11",
        "payment": {}
      }
    },
    {
      "type": "Feature",
      "geometry": {
        "type": "Point",
        "coordinates": [
          13.6621809,
          50.8918329
        ]
      },
      "properties": {
        "id": "tk_snr_osm_n1739083755",
        "name": "Freitaler Fruchtsaft",
        "address": {},
        "sources": [
          {
            "type": "osm",
            "id": "node/1739083755",
            "version": 0
          },
          {
            "type": "gmaps",
            "id": "ChIJV4PsnhLCCUcRy3UXfZlH0p0"
          }
        ],
        "created": "2026-05-29",
        "updated": "2026-08-17",
        "sources_by_field": {
          "name": "osm",
          "hours": "google"
        },
        "apple_id_attempted": "2026-08-04",
        "google_attempted": "2026-08-11",
        "hours": {
          "raw": "Tu 09:00-18:00; Th 09:00-18:00; Fr 09:00-18:00; We 09:00-18:00; Mo 09:00-18:00; Sa 09:00-12:00"
        },
        "payment": {}
      }
    },
    {
      "type": "Feature",
      "geometry": {
        "type": "Point",
        "coordinates": [
          13.5841812,
          51.0333414
        ]
      },
      "properties": {
        "id": "tk_snr_osm_n1825221817",
        "name": "bilgro",
        "address": {
          "street": "Grumbacher Straße",
          "number": "18",
          "postalcode": "01723",
          "city": "Wilsdruff",
          "district": "Kesselsdorf"
        },
        "sources": [
          {
            "type": "osm",
            "id": "node/1825221817",
            "version": 0
          },
          {
            "type": "gmaps",
            "id": "ChIJ2-3xbDDbCUcR9ZH_7cev6P4"
          }
        ],
        "created": "2026-05-29",
        "updated": "2026-06-15",
        "hours": {
          "raw": "Tu 08:00-19:00; Th 08:00-19:00; Fr 08:00-19:00; We 08:00-19:00; Mo 08:00-19:00; Sa 08:00-16:00"
        },
        "tags": [
          "barrierefrei"
        ],
        "sources_by_field": {
          "name": "osm",
          "address.street": "osm",
          "address.number": "osm",
          "address.postalcode": "osm",
          "address.city": "osm",
          "address.district": "osm",
          "hours": "google",
          "payment.cards": "google",
          "payment.contactless": "google",
          "payment.girocard": "google"
        },
        "apple_id_attempted": "2026-08-04",
        "google_attempted": "2026-05-31",
        "payment": {
          "cards": "no",
          "contactless": "yes",
          "girocard": "yes"
        }
      }
    },
    {
      "type": "Feature",
      "geometry": {
        "type": "Point",
        "coordinates": [
          13.6329269,
          51.0405633
        ]
      },
      "properties": {
        "id": "tk_snr_osm_n1915829615",
        "name": "Getränkewelt",
        "address": {},
        "sources": [
          {
            "type": "osm",
            "id": "node/1915829615",
            "version": 0
          },
          {
            "type": "gmaps",
            "id": "ChIJPwuV0bDaCUcRt3sdgo6Jv4Q"
          }
        ],
        "created": "2026-05-29",
        "updated": "2026-06-15",
        "hours": {
          "raw": "Tu 09:00-18:00; Th 09:00-18:00; Fr 09:00-18:00; We 09:00-18:00; Mo 09:00-18:00; Sa 08:00-13:00"
        },
        "tags": [
          "barrierefrei"
        ],
        "sources_by_field": {
          "name": "osm",
          "hours": "google",
          "payment.cards": "google",
          "payment.contactless": "google",
          "payment.girocard": "google"
        },
        "apple_id_attempted": "2026-08-04",
        "google_attempted": "2026-05-31",
        "payment": {
          "cards": "no",
          "contactless": "yes",
          "girocard": "yes"
        }
      }
    },
    {
      "type": "Feature",
      "geometry": {
        "type": "Point",
        "coordinates": [
          12.7321072,
          50.8033781
        ]
      },
      "properties": {
        "id": "tk_snr_osm_n2068470555",
        "name": "Huster-Getränke-Fachmarkt",
        "address": {
          "street": "Dresdner Straße",
          "number": "122",
          "postalcode": "09337",
          "city": "Hohenstein-Ernstthal"
        },
        "sources": [
          {
            "type": "osm",
            "id": "node/2068470555",
            "version": 0
          },
          {
            "type": "gmaps",
            "id": "ChIJF7qrq0M3p0cRkZ1mIt0R32Y"
          }
        ],
        "created": "2026-05-29",
        "updated": "2026-08-17",
        "hours": {
          "raw": "Tu 08:30-19:00; Th 08:30-19:00; Fr 08:30-19:00; We 08:30-19:00; Mo 08:30-19:00; Sa 08:00-14:00"
        },
        "tags": [
          "barrierefrei"
        ],
        "sources_by_field": {
          "name": "osm",
          "address.street": "osm",
          "address.number": "osm",
          "address.postalcode": "osm",
          "address.city": "osm",
          "hours": "google",
          "payment.cards": "google",
          "payment.contactless": "google",
          "payment.girocard": "google"
        },
        "apple_id_attempted": "2026-08-04",
        "google_attempted": "2026-05-31",
        "payment": {
          "cards": "no",
          "contactless": "yes",
          "girocard": "yes"
        }
      }
    },
    {
      "type": "Feature",
      "geometry": {
        "type": "Point",
        "coordinates": [
          13.0366425,
          51.2362736
        ]
      },
      "properties": {
        "id": "tk_snr_osm_n2090113729",
        "name": "Getränke Huster",
        "address": {},
        "sources": [
          {
            "type": "osm",
            "id": "node/2090113729",
            "version": 0
          },
          {
            "type": "gmaps",
            "id": "ChIJmV4Uvs50p0cRkNYItL6XVUw"
          }
        ],
        "created": "2026-05-29",
        "updated": "2026-08-17",
        "hours": {
          "raw": "Tu 08:00-18:00; Th 08:00-18:00; Fr 08:00-18:00; We 08:00-18:00; Mo 08:00-18:00; Sa 08:00-14:00"
        },
        "sources_by_field": {
          "name": "osm",
          "hours": "google",
          "payment.cards": "google",
          "payment.contactless": "google",
          "payment.girocard": "google"
        },
        "apple_id_attempted": "2026-08-04",
        "google_attempted": "2026-08-11",
        "payment": {
          "cards": "yes",
          "contactless": "yes",
          "girocard": "yes"
        }
      }
    },
    {
      "type": "Feature",
      "geometry": {
        "type": "Point",
        "coordinates": [
          13.8292314,
          50.997898
        ]
      },
      "properties": {
        "id": "tk_snr_osm_n2110832060",
        "name": "bilgro",
        "address": {},
        "sources": [
          {
            "type": "osm",
            "id": "node/2110832060",
            "version": 0
          },
          {
            "type": "gmaps",
            "id": "ChIJwV-p3qLHCUcRGTlP_dBYVYg"
          }
        ],
        "created": "2026-05-29",
        "updated": "2026-06-15",
        "sources_by_field": {
          "name": "osm",
          "hours": "google",
          "payment.cards": "google",
          "payment.contactless": "google",
          "payment.girocard": "google"
        },
        "apple_id_attempted": "2026-08-04",
        "google_attempted": "2026-05-31",
        "hours": {
          "raw": "Tu 09:00-18:00; Th 09:00-18:00; Fr 09:00-18:00; We 09:00-18:00; Mo 09:00-18:00; Sa 09:00-13:00"
        },
        "payment": {
          "cards": "no",
          "contactless": "yes",
          "girocard": "yes"
        }
      }
    },
    {
      "type": "Feature",
      "geometry": {
        "type": "Point",
        "coordinates": [
          14.5765731,
          51.079691
        ]
      },
      "properties": {
        "id": "tk_snr_osm_n2135866180",
        "name": "Kekila",
        "address": {
          "street": "Grüne Aue",
          "number": "18",
          "postalcode": "02708",
          "city": "Lawalde",
          "district": "Lauba"
        },
        "sources": [
          {
            "type": "osm",
            "id": "node/2135866180",
            "version": 0
          },
          {
            "type": "apple",
            "id": "12019781282850481283"
          }
        ],
        "created": "2026-05-29",
        "updated": "2026-08-17",
        "sources_by_field": {
          "name": "osm",
          "address.street": "osm",
          "address.number": "osm",
          "address.postalcode": "osm",
          "address.city": "osm",
          "address.district": "osm",
          "hours": "apple",
          "payment.cards": "apple",
          "payment.contactless": "apple"
        },
        "apple_attempted": "2026-05-29",
        "hours": {
          "raw": "Mo-Fr 08:00-12:00,14:00-18:00; Sa 09:00-12:00"
        },
        "payment": {
          "cards": "yes",
          "contactless": "yes"
        }
      }
    },
    {
      "type": "Feature",
      "geometry": {
        "type": "Point",
        "coordinates": [
          14.4222735,
          51.1810773
        ]
      },
      "properties": {
        "id": "tk_snr_osm_n2360182540",
        "name": "Bautzner Senfladen",
        "address": {
          "street": "Heringstraße",
          "number": "13",
          "postalcode": "02625",
          "city": "Bautzen"
        },
        "sources": [
          {
            "type": "osm",
            "id": "node/2360182540",
            "version": 0
          },
          {
            "type": "apple",
            "id": "8251075993260044135"
          }
        ],
        "created": "2026-05-29",
        "updated": "2026-08-17",
        "hours": {
          "raw": "Mo,We,Fr 10:00-17:00; Tu,Th 10:00-18:00; Sa 10:00-14:00"
        },
        "sources_by_field": {
          "name": "osm",
          "address.street": "osm",
          "address.number": "osm",
          "address.postalcode": "osm",
          "address.city": "osm",
          "hours": "apple",
          "payment.cards": "apple",
          "payment.contactless": "apple"
        },
        "apple_attempted": "2026-05-29",
        "payment": {
          "cards": "yes",
          "contactless": "yes"
        }
      }
    },
    {
      "type": "Feature",
      "geometry": {
        "type": "Point",
        "coordinates": [
          12.8036475,
          51.1277169
        ]
      },
      "properties": {
        "id": "tk_snr_osm_n2362840178",
        "name": "Hofmann's Getränkehandel",
        "address": {
          "street": "Nicolaistraße",
          "number": "12",
          "postalcode": "04680",
          "city": "Colditz"
        },
        "sources": [
          {
            "type": "osm",
            "id": "node/2362840178",
            "version": 0
          },
          {
            "type": "gmaps",
            "id": "ChIJpZQo0RZ8tAERA-oY8CWg4Q4"
          }
        ],
        "created": "2026-05-29",
        "updated": "2026-08-17",
        "hours": {
          "raw": "Tu 09:00-18:00; Th 09:00-18:00; Fr 09:00-18:00; We 09:00-18:00; Mo 09:00-18:00; Sa 09:00-12:00"
        },
        "tags": [
          "barrierefrei"
        ],
        "sources_by_field": {
          "name": "osm",
          "address.street": "osm",
          "address.number": "osm",
          "address.postalcode": "osm",
          "address.city": "osm",
          "hours": "google",
          "payment.cards": "google",
          "payment.contactless": "google",
          "payment.girocard": "google"
        },
        "apple_id_attempted": "2026-08-04",
        "google_attempted": "2026-05-31",
        "payment": {
          "cards": "yes",
          "contactless": "yes",
          "girocard": "yes"
        }
      }
    },
    {
      "type": "Feature",
      "geometry": {
        "type": "Point",
        "coordinates": [
          12.5556645,
          50.69129
        ]
      },
      "properties": {
        "id": "tk_snr_osm_n2396078622",
        "name": "Huster",
        "address": {
          "street": "August-Horch-Straße",
          "number": "2",
          "postalcode": "08141",
          "city": "Reinsdorf"
        },
        "sources": [
          {
            "type": "osm",
            "id": "node/2396078622",
            "version": 0
          },
          {
            "type": "gmaps",
            "id": "ChIJAxLBjJcyp0cReNV9SUU1hgk"
          }
        ],
        "created": "2026-05-29",
        "updated": "2026-08-17",
        "hours": {
          "raw": "Tu 09:00-18:00; Th 09:00-18:00; Fr 09:00-18:00; We 09:00-18:00; Mo 09:00-18:00; Sa 08:30-13:00"
        },
        "sources_by_field": {
          "name": "osm",
          "address.street": "osm",
          "address.number": "osm",
          "address.postalcode": "osm",
          "address.city": "osm",
          "hours": "google",
          "payment.cards": "google",
          "payment.contactless": "google",
          "payment.girocard": "google"
        },
        "apple_id_attempted": "2026-08-04",
        "google_attempted": "2026-08-11",
        "payment": {
          "cards": "yes",
          "contactless": "yes",
          "girocard": "yes"
        }
      }
    },
    {
      "type": "Feature",
      "geometry": {
        "type": "Point",
        "coordinates": [
          13.5372438,
          50.8029374
        ]
      },
      "properties": {
        "id": "tk_snr_osm_n2422798639",
        "name": "Grahl",
        "address": {
          "street": "Markt",
          "number": "27",
          "postalcode": "09623",
          "city": "Frauenstein"
        },
        "sources": [
          {
            "type": "osm",
            "id": "node/2422798639",
            "version": 0
          },
          {
            "type": "gmaps",
            "id": "ChIJwRihGFHvCUcRDgmPO9nz9iM"
          }
        ],
        "created": "2026-05-29",
        "updated": "2026-08-17",
        "hours": {
          "raw": "Tu 08:00-18:00; Th 08:00-18:00; Fr 08:00-18:00; We 08:00-18:00; Mo 08:00-18:00; Sa 08:00-12:00"
        },
        "sources_by_field": {
          "name": "osm",
          "address.street": "osm",
          "address.number": "osm",
          "address.postalcode": "osm",
          "address.city": "osm",
          "hours": "google",
          "payment.cards": "google",
          "payment.girocard": "google"
        },
        "apple_id_attempted": "2026-08-04",
        "google_attempted": "2026-05-31",
        "payment": {
          "cards": "yes",
          "girocard": "yes"
        }
      }
    },
    {
      "type": "Feature",
      "geometry": {
        "type": "Point",
        "coordinates": [
          14.2049226,
          51.070986
        ]
      },
      "properties": {
        "id": "tk_snr_osm_n2423082902",
        "name": "Getränke Jäkel",
        "address": {
          "street": "Oberdorf",
          "number": "5",
          "postalcode": "01844",
          "city": "Neustadt in Sachsen"
        },
        "sources": [
          {
            "type": "osm",
            "id": "node/2423082902",
            "version": 0
          },
          {
            "type": "apple",
            "id": "13987307900047325503"
          },
          {
            "type": "gmaps",
            "id": "ChIJZ5LuEiqsCUcRtIovIDJVOV0"
          }
        ],
        "created": "2026-05-29",
        "updated": "2026-08-17",
        "payment": {
          "cash": "yes",
          "cards": "unknown",
          "contactless": "unknown",
          "girocard": "unknown"
        },
        "sources_by_field": {
          "name": "osm",
          "address.street": "osm",
          "address.number": "osm",
          "address.postalcode": "osm",
          "address.city": "osm",
          "payment.cash": "osm",
          "payment.cards": "osm",
          "payment.contactless": "osm",
          "payment.girocard": "osm"
        },
        "apple_attempted": "2026-08-04",
        "google_attempted": "2026-08-11"
      }
    },
    {
      "type": "Feature",
      "geometry": {
        "type": "Point",
        "coordinates": [
          14.0771416,
          51.3753465
        ]
      },
      "properties": {
        "id": "tk_snr_osm_n253769504",
        "name": "Getränke-Service-Renner",
        "address": {
          "street": "Bernhardstraße",
          "number": "1"
        },
        "sources": [
          {
            "type": "osm",
            "id": "node/253769504",
            "version": 0
          },
          {
            "type": "gmaps",
            "id": "ChIJ0aZpxcJHCEcRI1NbGc8ntec"
          },
          {
            "type": "apple",
            "id": "11614215965013726730"
          }
        ],
        "created": "2026-05-29",
        "updated": "2026-08-17",
        "sources_by_field": {
          "name": "osm",
          "address.street": "osm",
          "address.number": "osm",
          "hours": "google"
        },
        "apple_attempted": "2026-08-04",
        "google_attempted": "2026-08-11",
        "hours": {
          "raw": "Tu 08:00-19:00; Th 13:00-19:00; Fr 13:00-19:00; We 14:00-19:00; Mo 14:00-19:00; Sa 09:00-14:00"
        },
        "payment": {}
      }
    },
    {
      "type": "Feature",
      "geometry": {
        "type": "Point",
        "coordinates": [
          13.5783484,
          51.1465734
        ]
      },
      "properties": {
        "id": "tk_snr_osm_n2599940356",
        "name": "Süßmost und Weinkkelterei Sell GmbH",
        "address": {
          "street": "Steinbacher Weg",
          "number": "115",
          "postalcode": "01640",
          "city": "Coswig"
        },
        "sources": [
          {
            "type": "osm",
            "id": "node/2599940356",
            "version": 0
          },
          {
            "type": "apple",
            "id": "18444768573418495082"
          },
          {
            "type": "gmaps",
            "id": "ChIJaYNS_v_TCUcRE93qhxKzw8k"
          }
        ],
        "created": "2026-05-29",
        "updated": "2026-08-17",
        "sources_by_field": {
          "name": "osm",
          "address.street": "osm",
          "address.number": "osm",
          "address.postalcode": "osm",
          "address.city": "osm",
          "hours": "apple"
        },
        "apple_attempted": "2026-08-04",
        "google_attempted": "2026-08-11",
        "hours": {
          "raw": "Mo-We 14:00-18:00"
        },
        "payment": {}
      }
    },
    {
      "type": "Feature",
      "geometry": {
        "type": "Point",
        "coordinates": [
          13.1117391,
          50.8288476
        ]
      },
      "properties": {
        "id": "tk_snr_osm_n2625962067",
        "name": "Lesch's Laden",
        "address": {
          "street": "Hauptstraße",
          "number": "48",
          "postalcode": "09573",
          "city": "Augustusburg",
          "district": "Grünberg"
        },
        "sources": [
          {
            "type": "osm",
            "id": "node/2625962067",
            "version": 0
          },
          {
            "type": "gmaps",
            "id": "ChIJEe5GcRBbp0cRJo223N9nF30"
          }
        ],
        "created": "2026-05-29",
        "updated": "2026-08-17",
        "sources_by_field": {
          "name": "osm",
          "address.street": "osm",
          "address.number": "osm",
          "address.postalcode": "osm",
          "address.city": "osm",
          "address.district": "osm"
        },
        "apple_id_attempted": "2026-08-04",
        "google_attempted": "2026-08-11",
        "payment": {}
      }
    },
    {
      "type": "Feature",
      "geometry": {
        "type": "Point",
        "coordinates": [
          12.7010473,
          50.7812722
        ]
      },
      "properties": {
        "id": "tk_snr_osm_n277079829",
        "name": "Getränkeoase Oberlungwitz",
        "address": {},
        "sources": [
          {
            "type": "osm",
            "id": "node/277079829",
            "version": 0
          },
          {
            "type": "gmaps",
            "id": "ChIJY9cm8So3p0cR7VSk_gqQ-xU"
          }
        ],
        "created": "2026-05-29",
        "updated": "2026-08-17",
        "sources_by_field": {
          "name": "osm",
          "hours": "google",
          "payment.cards": "google",
          "payment.contactless": "google",
          "payment.girocard": "google"
        },
        "apple_id_attempted": "2026-08-04",
        "google_attempted": "2026-05-31",
        "hours": {
          "raw": "Tu 08:30-18:30; Th 08:30-18:30; Fr 08:30-18:30; We 08:30-18:30; Mo 08:30-18:30; Sa 08:00-13:00"
        },
        "payment": {
          "cards": "no",
          "contactless": "yes",
          "girocard": "yes"
        }
      }
    },
    {
      "type": "Feature",
      "geometry": {
        "type": "Point",
        "coordinates": [
          14.1313468,
          50.9277434
        ]
      },
      "properties": {
        "id": "tk_snr_osm_n2772913958",
        "name": "Ebermann Getränke-GmbH",
        "address": {},
        "sources": [
          {
            "type": "osm",
            "id": "node/2772913958",
            "version": 0
          },
          {
            "type": "apple",
            "id": "3252135065983838795"
          }
        ],
        "created": "2026-05-29",
        "updated": "2026-08-17",
        "hours": {
          "raw": "Mo-Fr 08:00-18:00; Sa 08:00-12:00"
        },
        "sources_by_field": {
          "name": "osm",
          "hours": "apple",
          "payment.cards": "apple",
          "payment.contactless": "apple"
        },
        "apple_attempted": "2026-05-29",
        "payment": {
          "cards": "yes",
          "contactless": "yes"
        }
      }
    },
    {
      "type": "Feature",
      "geometry": {
        "type": "Point",
        "coordinates": [
          12.3563981,
          51.2138952
        ]
      },
      "properties": {
        "id": "tk_snr_osm_n289903410",
        "name": "Imbiss „Waldeck“",
        "address": {},
        "sources": [
          {
            "type": "osm",
            "id": "node/289903410",
            "version": 0
          },
          {
            "type": "gmaps",
            "id": "ChIJ-Zo-Wtv6pkcRTV_nf0Th7pY"
          }
        ],
        "created": "2026-05-29",
        "updated": "2026-08-17",
        "hours": {
          "raw": "Tu 09:30-14:00; Th 09:30-14:00; Fr 09:30-13:00; We 09:30-14:00; Mo 09:30-14:00"
        },
        "sources_by_field": {
          "name": "osm",
          "hours": "google"
        },
        "apple_id_attempted": "2026-08-04",
        "google_attempted": "2026-08-11",
        "payment": {}
      }
    },
    {
      "type": "Feature",
      "geometry": {
        "type": "Point",
        "coordinates": [
          13.118249,
          51.4815478
        ]
      },
      "properties": {
        "id": "tk_snr_osm_n2956954264",
        "name": "Getränkehandel Enrico Storm",
        "address": {
          "street": "Bahnhofstraße",
          "number": "11",
          "postalcode": "04874",
          "city": "Belgern-Schildau",
          "district": "Belgern"
        },
        "sources": [
          {
            "type": "osm",
            "id": "node/2956954264",
            "version": 0
          },
          {
            "type": "apple",
            "id": "9965928081548519315"
          },
          {
            "type": "gmaps",
            "id": "ChIJ4-LuPns0cEERkwh3CkYWl_k"
          }
        ],
        "created": "2026-05-29",
        "updated": "2026-08-17",
        "sources_by_field": {
          "name": "osm",
          "address.street": "osm",
          "address.number": "osm",
          "address.postalcode": "osm",
          "address.city": "osm",
          "address.district": "osm",
          "hours": "google",
          "payment.cards": "google",
          "payment.contactless": "google",
          "payment.girocard": "google"
        },
        "apple_attempted": "2026-05-29",
        "google_attempted": "2026-05-31",
        "hours": {
          "raw": "Tu 08:30-18:30; Th 08:30-18:30; Fr 08:30-18:30; We 08:30-18:30; Mo 08:30-18:30; Sa 08:00-17:00"
        },
        "payment": {
          "cards": "yes",
          "contactless": "yes",
          "girocard": "yes"
        }
      }
    },
    {
      "type": "Feature",
      "geometry": {
        "type": "Point",
        "coordinates": [
          13.7576157,
          50.7653625
        ]
      },
      "properties": {
        "id": "tk_snr_osm_n317171227",
        "name": "Kräuterlikörfabrik Altenberg GmbH",
        "address": {
          "street": "Rathausstraße",
          "number": "27",
          "postalcode": "01773",
          "city": "Altenberg"
        },
        "sources": [
          {
            "type": "osm",
            "id": "node/317171227",
            "version": 0
          },
          {
            "type": "apple",
            "id": "13222701968865814808"
          }
        ],
        "created": "2026-05-29",
        "updated": "2026-08-17",
        "hours": {
          "raw": "Tu-We 10:00-16:00; Th-Fr 10:00-17:30; Sa 09:00-13:00"
        },
        "sources_by_field": {
          "name": "osm",
          "address.street": "osm",
          "address.number": "osm",
          "address.postalcode": "osm",
          "address.city": "osm",
          "hours": "apple",
          "payment.cards": "apple",
          "payment.contactless": "apple"
        },
        "apple_attempted": "2026-05-29",
        "payment": {
          "cards": "yes",
          "contactless": "yes"
        }
      }
    },
    {
      "type": "Feature",
      "geometry": {
        "type": "Point",
        "coordinates": [
          13.5567703,
          50.7364298
        ]
      },
      "properties": {
        "id": "tk_snr_osm_n3245711695",
        "name": "Brauereishop",
        "address": {
          "street": "An der Schanze",
          "number": "3",
          "postalcode": "09623",
          "city": "Rechenberg-Bienenmühle"
        },
        "sources": [
          {
            "type": "osm",
            "id": "node/3245711695",
            "version": 0
          },
          {
            "type": "gmaps",
            "id": "ChIJZTfs6DLuCUcRB2fQ9YtM9rQ"
          }
        ],
        "created": "2026-05-29",
        "updated": "2026-08-17",
        "hours": {
          "raw": "Th 10:00-14:00; Fr 10:00-14:00; We 10:00-14:00; Sa 10:00-14:00"
        },
        "sources_by_field": {
          "name": "osm",
          "address.street": "osm",
          "address.number": "osm",
          "address.postalcode": "osm",
          "address.city": "osm",
          "hours": "google",
          "payment.cards": "google",
          "payment.contactless": "google",
          "payment.girocard": "google"
        },
        "apple_id_attempted": "2026-08-04",
        "google_attempted": "2026-05-31",
        "payment": {
          "cards": "no",
          "contactless": "yes",
          "girocard": "yes"
        }
      }
    },
    {
      "type": "Feature",
      "geometry": {
        "type": "Point",
        "coordinates": [
          13.4570119,
          51.4192893
        ]
      },
      "properties": {
        "id": "tk_snr_osm_n333557692",
        "name": "Markgrafen",
        "address": {},
        "sources": [
          {
            "type": "osm",
            "id": "node/333557692",
            "version": 0
          },
          {
            "type": "gmaps",
            "id": "ChIJaSWotVmPp0cRaIMrrwntR1E"
          }
        ],
        "created": "2026-05-29",
        "updated": "2026-08-17",
        "sources_by_field": {
          "name": "osm",
          "hours": "google",
          "payment.cards": "google",
          "payment.contactless": "google",
          "payment.girocard": "google"
        },
        "apple_id_attempted": "2026-08-04",
        "google_attempted": "2026-05-31",
        "hours": {
          "raw": "Tu 08:30-18:00; Th 08:30-18:00; Fr 08:30-18:00; We 08:30-18:00; Mo 08:30-18:00; Sa 08:30-13:00"
        },
        "payment": {
          "cards": "no",
          "contactless": "yes",
          "girocard": "yes"
        }
      }
    },
    {
      "type": "Feature",
      "geometry": {
        "type": "Point",
        "coordinates": [
          13.4850162,
          51.1545287
        ]
      },
      "properties": {
        "id": "tk_snr_osm_n33655882",
        "name": "Sprint Meißen",
        "address": {
          "street": "Dresdner Straße",
          "number": "54",
          "postalcode": "01662",
          "city": "Meißen"
        },
        "sources": [
          {
            "type": "osm",
            "id": "node/33655882",
            "version": 0
          },
          {
            "type": "gmaps",
            "id": "ChIJgdBKjgnWCUcRRxTZVaNfLRY"
          }
        ],
        "created": "2026-05-29",
        "updated": "2026-08-17",
        "hours": {
          "raw": "Tu 05:30-21:30; Th 05:30-21:30; Fr 05:30-21:30; We 05:30-21:30; Mo 05:30-21:30; Sa 07:00-21:30; Su 07:00-21:30"
        },
        "sources_by_field": {
          "name": "osm",
          "address.street": "osm",
          "address.number": "osm",
          "address.postalcode": "osm",
          "address.city": "osm",
          "hours": "google",
          "payment.cards": "google",
          "payment.contactless": "google",
          "payment.girocard": "google"
        },
        "apple_id_attempted": "2026-08-04",
        "google_attempted": "2026-05-31",
        "payment": {
          "cards": "no",
          "contactless": "yes",
          "girocard": "yes"
        }
      }
    },
    {
      "type": "Feature",
      "geometry": {
        "type": "Point",
        "coordinates": [
          13.6903794,
          51.0978218
        ]
      },
      "properties": {
        "id": "tk_snr_osm_n346919911",
        "name": "GetränkeWelt",
        "address": {},
        "sources": [
          {
            "type": "osm",
            "id": "node/346919911",
            "version": 0
          },
          {
            "type": "gmaps",
            "id": "ChIJg6husTHOCUcR4RqPHRgl2TU"
          }
        ],
        "created": "2026-05-29",
        "updated": "2026-06-15",
        "tags": [
          "barrierefrei"
        ],
        "sources_by_field": {
          "name": "osm",
          "hours": "google",
          "payment.cards": "google",
          "payment.contactless": "google",
          "payment.girocard": "google"
        },
        "apple_id_attempted": "2026-08-04",
        "google_attempted": "2026-05-31",
        "hours": {
          "raw": "Tu 08:00-20:00; Th 08:00-20:00; Fr 08:00-20:00; We 08:00-20:00; Mo 08:00-20:00; Sa 08:00-16:00"
        },
        "payment": {
          "cards": "yes",
          "contactless": "yes",
          "girocard": "yes"
        }
      }
    },
    {
      "type": "Feature",
      "geometry": {
        "type": "Point",
        "coordinates": [
          13.9170108,
          51.1242051
        ]
      },
      "properties": {
        "id": "tk_snr_osm_n347632934",
        "name": "nuck Getränke",
        "address": {
          "street": "Badstraße",
          "number": "42",
          "postalcode": "01454",
          "city": "Radeberg"
        },
        "sources": [
          {
            "type": "osm",
            "id": "node/347632934",
            "version": 0
          },
          {
            "type": "gmaps",
            "id": "ChIJ0wdUojTLCUcR70zrX3UUbx0"
          }
        ],
        "created": "2026-05-29",
        "updated": "2026-08-17",
        "hours": {
          "raw": "Tu 09:00-18:30; Th 09:00-19:00; Fr 09:00-19:00; We 09:00-18:30; Mo 09:00-18:30; Sa 08:00-14:00"
        },
        "tags": [
          "barrierefrei"
        ],
        "sources_by_field": {
          "name": "osm",
          "address.street": "osm",
          "address.number": "osm",
          "address.postalcode": "osm",
          "address.city": "osm",
          "hours": "google",
          "payment.cards": "google",
          "payment.contactless": "google",
          "payment.girocard": "google"
        },
        "apple_id_attempted": "2026-08-04",
        "google_attempted": "2026-05-31",
        "payment": {
          "cards": "yes",
          "contactless": "yes",
          "girocard": "yes"
        }
      }
    },
    {
      "type": "Feature",
      "geometry": {
        "type": "Point",
        "coordinates": [
          14.4954548,
          51.1764707
        ]
      },
      "properties": {
        "id": "tk_snr_osm_n3521678951",
        "name": "Getränkehandel Schneider",
        "address": {
          "street": "Hauptstraße",
          "number": "16",
          "postalcode": "02627",
          "city": "Kubschütz",
          "district": "Baschütz"
        },
        "sources": [
          {
            "type": "osm",
            "id": "node/3521678951",
            "version": 0
          },
          {
            "type": "gmaps",
            "id": "ChIJv2BLk1L_CEcRx3gk30NvkJg"
          }
        ],
        "created": "2026-05-29",
        "updated": "2026-08-17",
        "hours": {
          "raw": "Tu 08:00-18:00; Th 08:00-18:00; Fr 08:00-18:00; We 08:00-18:00; Mo 08:00-18:00; Sa 07:00-12:00"
        },
        "sources_by_field": {
          "name": "osm",
          "address.street": "osm",
          "address.number": "osm",
          "address.postalcode": "osm",
          "address.city": "osm",
          "address.district": "osm",
          "hours": "google",
          "payment.cards": "google"
        },
        "apple_id_attempted": "2026-08-04",
        "google_attempted": "2026-05-31",
        "payment": {
          "cards": "yes"
        }
      }
    },
    {
      "type": "Feature",
      "geometry": {
        "type": "Point",
        "coordinates": [
          14.0746721,
          50.9186829
        ]
      },
      "properties": {
        "id": "tk_snr_osm_n3545593797",
        "name": "Wander- und Souvenirshop",
        "address": {
          "street": "Bielatalstraße",
          "number": "5",
          "postalcode": "01824",
          "city": "Königstein"
        },
        "sources": [
          {
            "type": "osm",
            "id": "node/3545593797",
            "version": 0
          },
          {
            "type": "apple",
            "id": "15240132215914699112"
          }
        ],
        "created": "2026-05-29",
        "updated": "2026-08-17",
        "hours": {
          "raw": "Mo-Fr,Su 09:00-16:00; Sa 09:00-12:00"
        },
        "sources_by_field": {
          "name": "osm",
          "address.street": "osm",
          "address.number": "osm",
          "address.postalcode": "osm",
          "address.city": "osm",
          "hours": "apple",
          "payment.cards": "apple",
          "payment.contactless": "apple"
        },
        "apple_attempted": "2026-05-29",
        "payment": {
          "cards": "yes",
          "contactless": "yes"
        }
      }
    },
    {
      "type": "Feature",
      "geometry": {
        "type": "Point",
        "coordinates": [
          13.6529872,
          51.0019121
        ]
      },
      "properties": {
        "id": "tk_snr_osm_n3578239481",
        "name": "bilgro",
        "address": {
          "street": "Dresdner Straße",
          "number": "189",
          "postalcode": "01705",
          "city": "Freital",
          "district": "Döhlen"
        },
        "sources": [
          {
            "type": "osm",
            "id": "node/3578239481",
            "version": 0
          },
          {
            "type": "gmaps",
            "id": "ChIJy1yeZXzFCUcRiVVk3xPWNjw"
          }
        ],
        "created": "2026-05-29",
        "updated": "2026-06-15",
        "hours": {
          "raw": "Tu 09:00-18:00; Th 09:00-18:00; Fr 09:00-18:00; We 09:00-18:00; Mo 09:00-18:00; Sa 09:00-12:00"
        },
        "tags": [
          "barrierefrei"
        ],
        "sources_by_field": {
          "name": "osm",
          "address.street": "osm",
          "address.number": "osm",
          "address.postalcode": "osm",
          "address.city": "osm",
          "address.district": "osm",
          "hours": "google",
          "payment.cards": "google",
          "payment.contactless": "google",
          "payment.girocard": "google"
        },
        "apple_id_attempted": "2026-08-04",
        "google_attempted": "2026-05-31",
        "payment": {
          "cards": "no",
          "contactless": "yes",
          "girocard": "yes"
        }
      }
    },
    {
      "type": "Feature",
      "geometry": {
        "type": "Point",
        "coordinates": [
          13.5810795,
          51.1651056
        ]
      },
      "properties": {
        "id": "tk_snr_osm_n3617128089",
        "name": "Getränkehandel Grün-Weiss",
        "address": {
          "street": "Moritzburger Straße",
          "number": "4",
          "postalcode": "01689",
          "city": "Weinböhla"
        },
        "sources": [
          {
            "type": "osm",
            "id": "node/3617128089",
            "version": 0
          },
          {
            "type": "apple",
            "id": "8361164011346984928"
          }
        ],
        "created": "2026-05-29",
        "updated": "2026-08-17",
        "sources_by_field": {
          "name": "osm",
          "address.street": "osm",
          "address.number": "osm",
          "address.postalcode": "osm",
          "address.city": "osm",
          "hours": "apple",
          "payment.cards": "apple",
          "payment.contactless": "apple"
        },
        "apple_attempted": "2026-05-29",
        "hours": {
          "raw": "Mo-Fr 09:00-19:00; Sa 08:00-12:00"
        },
        "payment": {
          "cards": "yes",
          "contactless": "yes"
        }
      }
    },
    {
      "type": "Feature",
      "geometry": {
        "type": "Point",
        "coordinates": [
          13.3714443,
          50.8896043
        ]
      },
      "properties": {
        "id": "tk_snr_osm_n366422183",
        "name": "HFS Getränke",
        "address": {
          "street": "Lindenallee",
          "number": "22",
          "postalcode": "09599",
          "city": "Freiberg",
          "district": "Rosine"
        },
        "sources": [
          {
            "type": "osm",
            "id": "node/366422183",
            "version": 0
          },
          {
            "type": "apple",
            "id": "14501473986380199654"
          }
        ],
        "created": "2026-05-29",
        "updated": "2026-08-17",
        "hours": {
          "raw": "Mo-Fr 09:00-18:00"
        },
        "sources_by_field": {
          "name": "osm",
          "address.street": "osm",
          "address.number": "osm",
          "address.postalcode": "osm",
          "address.city": "osm",
          "address.district": "osm",
          "hours": "apple"
        },
        "apple_attempted": "2026-08-04",
        "google_attempted": "2026-08-11",
        "payment": {}
      }
    },
    {
      "type": "Feature",
      "geometry": {
        "type": "Point",
        "coordinates": [
          13.3304057,
          50.9268873
        ]
      },
      "properties": {
        "id": "tk_snr_osm_n3665739303",
        "name": "Sachsenland Trinkparadies",
        "address": {},
        "sources": [
          {
            "type": "osm",
            "id": "node/3665739303",
            "version": 0
          },
          {
            "type": "gmaps",
            "id": "ChIJ__-_Jgxgp0cRzxnV99VzVJs"
          }
        ],
        "created": "2026-05-29",
        "updated": "2026-08-17",
        "hours": {
          "raw": "Tu 09:00-18:00; Th 09:00-18:00; Fr 09:00-18:00; We 09:00-18:00; Mo 09:00-18:00; Sa 08:00-16:00"
        },
        "sources_by_field": {
          "name": "osm",
          "hours": "google",
          "payment.cards": "google",
          "payment.contactless": "google",
          "payment.girocard": "google"
        },
        "apple_id_attempted": "2026-08-04",
        "google_attempted": "2026-05-31",
        "payment": {
          "cards": "no",
          "contactless": "yes",
          "girocard": "yes"
        }
      }
    },
    {
      "type": "Feature",
      "geometry": {
        "type": "Point",
        "coordinates": [
          12.4789222,
          51.3236502
        ]
      },
      "properties": {
        "id": "tk_snr_osm_n3737702594",
        "name": "Getränkehandel Sigl",
        "address": {
          "street": "Brandiser Straße",
          "number": "43",
          "postalcode": "04316",
          "city": "Leipzig"
        },
        "sources": [
          {
            "type": "osm",
            "id": "node/3737702594",
            "version": 0
          },
          {
            "type": "gmaps",
            "id": "ChIJpZpIrzL_pkcR1HXzsCnGaUU"
          }
        ],
        "created": "2026-05-29",
        "updated": "2026-08-17",
        "sources_by_field": {
          "name": "osm",
          "address.street": "osm",
          "address.number": "osm",
          "address.postalcode": "osm",
          "address.city": "osm"
        },
        "apple_id_attempted": "2026-08-04",
        "google_attempted": "2026-08-11",
        "payment": {}
      }
    },
    {
      "type": "Feature",
      "geometry": {
        "type": "Point",
        "coordinates": [
          13.3467893,
          50.9565016
        ]
      },
      "properties": {
        "id": "tk_snr_osm_n3796064175",
        "name": "Getränke-Scheune Halsbrücke",
        "address": {},
        "sources": [
          {
            "type": "osm",
            "id": "node/3796064175",
            "version": 0
          },
          {
            "type": "apple",
            "id": "17609640200896436362"
          }
        ],
        "created": "2026-05-29",
        "updated": "2026-08-17",
        "sources_by_field": {
          "name": "osm",
          "hours": "apple",
          "payment.cards": "apple",
          "payment.contactless": "apple"
        },
        "apple_attempted": "2026-05-29",
        "hours": {
          "raw": "Mo-Th 08:30-16:30; Fr 08:30-17:00; Sa 08:30-12:00"
        },
        "payment": {
          "cards": "yes",
          "contactless": "yes"
        }
      }
    },
    {
      "type": "Feature",
      "geometry": {
        "type": "Point",
        "coordinates": [
          13.6412599,
          50.9900145
        ]
      },
      "properties": {
        "id": "tk_snr_osm_n390021528",
        "name": "bilgro",
        "address": {
          "street": "Dresdner Straße",
          "number": "276",
          "postalcode": "01705",
          "city": "Freital",
          "district": "Hainsberg"
        },
        "sources": [
          {
            "type": "osm",
            "id": "node/390021528",
            "version": 0
          },
          {
            "type": "gmaps",
            "id": "ChIJyfhqW8fECUcR543Sur9fB4o"
          }
        ],
        "created": "2026-05-29",
        "updated": "2026-06-15",
        "hours": {
          "raw": "Tu 09:00-18:00; Th 09:00-18:00; Fr 09:00-18:00; We 09:00-18:00; Mo 09:00-18:00; Sa 09:00-12:00"
        },
        "tags": [
          "barrierefrei"
        ],
        "sources_by_field": {
          "name": "osm",
          "address.street": "osm",
          "address.number": "osm",
          "address.postalcode": "osm",
          "address.city": "osm",
          "address.district": "osm",
          "hours": "google",
          "payment.cards": "google",
          "payment.contactless": "google",
          "payment.girocard": "google"
        },
        "apple_id_attempted": "2026-08-04",
        "google_attempted": "2026-05-31",
        "payment": {
          "cards": "no",
          "contactless": "yes",
          "girocard": "yes"
        }
      }
    },
    {
      "type": "Feature",
      "geometry": {
        "type": "Point",
        "coordinates": [
          13.6617586,
          51.0129169
        ]
      },
      "properties": {
        "id": "tk_snr_osm_n3988302837",
        "name": "Hartmann-Premium",
        "address": {
          "street": "Am Bahnhof",
          "number": "3",
          "postalcode": "01705",
          "city": "Freital",
          "district": "Potschappel"
        },
        "sources": [
          {
            "type": "osm",
            "id": "node/3988302837",
            "version": 0
          },
          {
            "type": "apple",
            "id": "15494139643458644472"
          }
        ],
        "created": "2026-05-29",
        "updated": "2026-08-17",
        "hours": {
          "raw": "Mo-Fr 06:30-18:00; Sa 08:00-12:00"
        },
        "sources_by_field": {
          "name": "osm",
          "address.street": "osm",
          "address.number": "osm",
          "address.postalcode": "osm",
          "address.city": "osm",
          "address.district": "osm",
          "hours": "apple",
          "payment.cards": "apple",
          "payment.contactless": "apple"
        },
        "apple_attempted": "2026-05-29",
        "payment": {
          "cards": "yes",
          "contactless": "yes"
        }
      }
    },
    {
      "type": "Feature",
      "geometry": {
        "type": "Point",
        "coordinates": [
          13.617667,
          51.0027493
        ]
      },
      "properties": {
        "id": "tk_snr_osm_n4063160064",
        "name": "Kelterei Herrmann",
        "address": {
          "street": "Hauptstraße",
          "number": "1b",
          "postalcode": "01705",
          "city": "Freital",
          "district": "Weißig"
        },
        "sources": [
          {
            "type": "osm",
            "id": "node/4063160064",
            "version": 0
          },
          {
            "type": "gmaps",
            "id": "ChIJ64JS4THbCUcR6I8pToAmwAY"
          }
        ],
        "created": "2026-05-29",
        "updated": "2026-08-17",
        "sources_by_field": {
          "name": "osm",
          "address.street": "osm",
          "address.number": "osm",
          "address.postalcode": "osm",
          "address.city": "osm",
          "address.district": "osm",
          "hours": "google"
        },
        "apple_id_attempted": "2026-08-04",
        "google_attempted": "2026-08-11",
        "hours": {
          "raw": "Tu 09:00-18:00; Th 09:00-18:00; Fr 09:00-18:00; We 09:00-18:00; Mo 09:00-18:00; Sa 09:00-12:00"
        },
        "payment": {}
      }
    },
    {
      "type": "Feature",
      "geometry": {
        "type": "Point",
        "coordinates": [
          12.4943833,
          50.7384543
        ]
      },
      "properties": {
        "id": "tk_snr_osm_n4230666651",
        "name": "Huster Getränke",
        "address": {
          "street": "Pölbitzer Straße",
          "number": "34a",
          "postalcode": "08058",
          "city": "Zwickau",
          "district": "Pölbitz"
        },
        "sources": [
          {
            "type": "osm",
            "id": "node/4230666651",
            "version": 0
          },
          {
            "type": "gmaps",
            "id": "ChIJH6cfRBUsp0cRqt-mmuh3sB4"
          },
          {
            "type": "apple",
            "id": "14411579745770979019"
          }
        ],
        "created": "2026-05-29",
        "updated": "2026-08-17",
        "hours": {
          "raw": "Tu 08:30-18:30; Th 08:30-18:30; Fr 08:30-18:30; We 08:30-18:30; Mo 08:30-18:30; Sa 08:30-14:00"
        },
        "tags": [
          "barrierefrei"
        ],
        "sources_by_field": {
          "name": "osm",
          "address.street": "osm",
          "address.number": "osm",
          "address.postalcode": "osm",
          "address.city": "osm",
          "address.district": "osm",
          "hours": "google",
          "payment.cards": "google",
          "payment.contactless": "google",
          "payment.girocard": "google"
        },
        "google_attempted": "2026-05-31",
        "payment": {
          "cards": "no",
          "contactless": "yes",
          "girocard": "yes"
        }
      }
    },
    {
      "type": "Feature",
      "geometry": {
        "type": "Point",
        "coordinates": [
          14.6639606,
          50.9778052
        ]
      },
      "properties": {
        "id": "tk_snr_osm_n4741471725",
        "name": "Privatbrauerei Eibau",
        "address": {},
        "sources": [
          {
            "type": "osm",
            "id": "node/4741471725",
            "version": 0
          },
          {
            "type": "apple",
            "id": "10686798142569905129"
          }
        ],
        "created": "2026-05-29",
        "updated": "2026-08-17",
        "sources_by_field": {
          "name": "osm",
          "hours": "apple",
          "payment.cards": "apple",
          "payment.contactless": "apple"
        },
        "apple_attempted": "2026-05-29",
        "hours": {
          "raw": "Fr 14:00-18:00; Sa 09:00-12:00"
        },
        "payment": {
          "cards": "yes",
          "contactless": "yes"
        }
      }
    },
    {
      "type": "Feature",
      "geometry": {
        "type": "Point",
        "coordinates": [
          13.1050949,
          51.3057852
        ]
      },
      "properties": {
        "id": "tk_snr_osm_n4840969131",
        "name": "Getränkewelt | DIE GETRÄNKEKÖNNER",
        "address": {
          "street": "Friedensstraße",
          "number": "2d",
          "postalcode": "04758",
          "city": "Oschatz"
        },
        "sources": [
          {
            "type": "osm",
            "id": "node/4840969131",
            "version": 0
          },
          {
            "type": "gmaps",
            "id": "ChIJ8egc4Mefp0cR0l34kg4a32A"
          }
        ],
        "created": "2026-05-29",
        "updated": "2026-08-17",
        "sources_by_field": {
          "name": "osm",
          "address.street": "osm",
          "address.number": "osm",
          "address.postalcode": "osm",
          "address.city": "osm",
          "hours": "google",
          "payment.cards": "google",
          "payment.contactless": "google",
          "payment.girocard": "google"
        },
        "apple_id_attempted": "2026-08-04",
        "google_attempted": "2026-05-31",
        "hours": {
          "raw": "Tu 08:00-18:00; Th 08:00-18:00; Fr 08:00-18:00; We 08:00-18:00; Mo 08:00-18:00; Sa 08:00-12:30"
        },
        "payment": {
          "cards": "no",
          "contactless": "yes",
          "girocard": "yes"
        }
      }
    },
    {
      "type": "Feature",
      "geometry": {
        "type": "Point",
        "coordinates": [
          13.302877,
          51.2945369
        ]
      },
      "properties": {
        "id": "tk_snr_osm_n4958042158",
        "name": "Die Durstlöscher",
        "address": {
          "street": "Humboldtring",
          "number": "2",
          "postalcode": "01589",
          "city": "Riesa"
        },
        "sources": [
          {
            "type": "osm",
            "id": "node/4958042158",
            "version": 0
          },
          {
            "type": "apple",
            "id": "9899123457416250151"
          },
          {
            "type": "gmaps",
            "id": "ChIJCXATPc6Cp0cRto5K_Hq7alE"
          }
        ],
        "created": "2026-05-29",
        "updated": "2026-08-17",
        "hours": {
          "raw": "Tu 07:00-18:00; Th 07:00-18:00; Fr 07:00-18:00; We 07:00-18:00; Mo 07:00-18:00; Sa 07:00-12:00"
        },
        "sources_by_field": {
          "name": "osm",
          "address.street": "osm",
          "address.number": "osm",
          "address.postalcode": "osm",
          "address.city": "osm",
          "hours": "google",
          "payment.cards": "google",
          "payment.girocard": "google"
        },
        "apple_attempted": "2026-05-29",
        "google_attempted": "2026-05-31",
        "payment": {
          "cards": "yes",
          "girocard": "yes"
        }
      }
    },
    {
      "type": "Feature",
      "geometry": {
        "type": "Point",
        "coordinates": [
          13.3476572,
          50.9013045
        ]
      },
      "properties": {
        "id": "tk_snr_osm_n506463352",
        "name": "Reiner's Getränkeservice",
        "address": {
          "street": "Stauffenbergstraße",
          "number": "7",
          "postalcode": "09599",
          "city": "Freiberg"
        },
        "sources": [
          {
            "type": "osm",
            "id": "node/506463352",
            "version": 0
          },
          {
            "type": "apple",
            "id": "2598997790826739926"
          },
          {
            "type": "gmaps",
            "id": "ChIJW_pWTBngCUcRIF0_rIjNeio"
          }
        ],
        "created": "2026-05-29",
        "updated": "2026-08-17",
        "sources_by_field": {
          "name": "osm",
          "address.street": "osm",
          "address.number": "osm",
          "address.postalcode": "osm",
          "address.city": "osm"
        },
        "apple_attempted": "2026-08-04",
        "google_attempted": "2026-08-11",
        "payment": {}
      }
    },
    {
      "type": "Feature",
      "geometry": {
        "type": "Point",
        "coordinates": [
          12.9432012,
          51.2760378
        ]
      },
      "properties": {
        "id": "tk_snr_osm_n5291464543",
        "name": "Birgits Shop",
        "address": {},
        "sources": [
          {
            "type": "osm",
            "id": "node/5291464543",
            "version": 0
          },
          {
            "type": "apple",
            "id": "10418085061700154429"
          },
          {
            "type": "gmaps",
            "id": "ChIJYXEFMzsKp0cRYzJ1AsoevY8"
          }
        ],
        "created": "2026-05-29",
        "updated": "2026-08-17",
        "hours": {
          "raw": "Tu 08:00-16:00; Th 08:00-16:00; Fr 08:00-16:00; We 08:00-16:00; Mo 08:00-16:00; Su 13:00-16:00"
        },
        "sources_by_field": {
          "name": "osm",
          "hours": "google"
        },
        "apple_attempted": "2026-08-04",
        "google_attempted": "2026-08-11",
        "payment": {}
      }
    },
    {
      "type": "Feature",
      "geometry": {
        "type": "Point",
        "coordinates": [
          13.3890146,
          51.1296011
        ]
      },
      "properties": {
        "id": "tk_snr_osm_n5319080523",
        "name": "Andies Getränkehandel",
        "address": {},
        "sources": [
          {
            "type": "osm",
            "id": "node/5319080523",
            "version": 0
          },
          {
            "type": "gmaps",
            "id": "ChIJW20E61R8p0cRLRHIax1Fl9o"
          }
        ],
        "created": "2026-05-29",
        "updated": "2026-08-17",
        "hours": {
          "raw": "Tu 09:00-18:00; Th 09:00-18:00; Fr 09:00-19:30; We 09:00-19:30; Mo 09:00-19:30"
        },
        "tags": [
          "barrierefrei"
        ],
        "sources_by_field": {
          "name": "osm",
          "hours": "google"
        },
        "apple_id_attempted": "2026-08-04",
        "google_attempted": "2026-08-11",
        "payment": {}
      }
    },
    {
      "type": "Feature",
      "geometry": {
        "type": "Point",
        "coordinates": [
          13.3729479,
          51.1330304
        ]
      },
      "properties": {
        "id": "tk_snr_osm_n5381784648",
        "name": "Kelterei Biedermann",
        "address": {},
        "sources": [
          {
            "type": "osm",
            "id": "node/5381784648",
            "version": 0
          },
          {
            "type": "apple",
            "id": "5741547857025126880"
          },
          {
            "type": "gmaps",
            "id": "ChIJTbo851t8p0cRAn_rNEQguDI"
          }
        ],
        "created": "2026-05-29",
        "updated": "2026-08-17",
        "hours": {
          "raw": "Mo-We 13:00-18:00; Sa 09:00-12:00"
        },
        "tags": [
          "barrierefrei"
        ],
        "sources_by_field": {
          "name": "osm",
          "hours": "apple"
        },
        "apple_attempted": "2026-08-04",
        "google_attempted": "2026-08-11",
        "payment": {}
      }
    },
    {
      "type": "Feature",
      "geometry": {
        "type": "Point",
        "coordinates": [
          13.8399759,
          51.0225871
        ]
      },
      "properties": {
        "id": "tk_snr_osm_n5463252723",
        "name": "Hausbrauerei Laubegast",
        "address": {
          "postalcode": "01279"
        },
        "sources": [
          {
            "type": "osm",
            "id": "node/5463252723",
            "version": 0
          },
          {
            "type": "apple",
            "id": "11377998343804050760"
          },
          {
            "type": "gmaps",
            "id": "ChIJRVJ-00zHCUcRUwy2ymnvcXU"
          }
        ],
        "created": "2026-05-29",
        "updated": "2026-08-17",
        "sources_by_field": {
          "name": "osm",
          "address.postalcode": "osm",
          "hours": "apple"
        },
        "apple_attempted": "2026-08-04",
        "google_attempted": "2026-08-11",
        "hours": {
          "raw": "Mo-Fr 10:00-16:00"
        },
        "payment": {}
      }
    },
    {
      "type": "Feature",
      "geometry": {
        "type": "Point",
        "coordinates": [
          14.7608215,
          50.9166094
        ]
      },
      "properties": {
        "id": "tk_snr_osm_n5774113702",
        "name": "Getränke Kroschwald",
        "address": {},
        "sources": [
          {
            "type": "osm",
            "id": "node/5774113702",
            "version": 0
          },
          {
            "type": "gmaps",
            "id": "ChIJzZ19vB0YCUcRl4tkFdjsl-w"
          }
        ],
        "created": "2026-05-29",
        "updated": "2026-08-17",
        "hours": {
          "raw": "Mo-Fr 17:00-19:00; Sa 09:00-12:00; Su 09:30-11:00"
        },
        "sources_by_field": {
          "name": "osm",
          "hours": "osm"
        },
        "apple_id_attempted": "2026-08-04",
        "google_attempted": "2026-08-11",
        "payment": {}
      }
    },
    {
      "type": "Feature",
      "geometry": {
        "type": "Point",
        "coordinates": [
          12.5148834,
          50.8188224
        ]
      },
      "properties": {
        "id": "tk_snr_osm_n5839157338",
        "name": "Getränkewelt Glauchau",
        "address": {
          "street": "Grenayer Straße",
          "number": "10",
          "postalcode": "08371",
          "city": "Glauchau"
        },
        "sources": [
          {
            "type": "osm",
            "id": "node/5839157338",
            "version": 0
          },
          {
            "type": "apple",
            "id": "11860530854113114139"
          }
        ],
        "created": "2026-05-29",
        "updated": "2026-08-17",
        "hours": {
          "raw": "Mo-Fr 08:00-19:00; Sa 08:00-16:00"
        },
        "tags": [
          "barrierefrei"
        ],
        "sources_by_field": {
          "name": "osm",
          "address.street": "osm",
          "address.number": "osm",
          "address.postalcode": "osm",
          "address.city": "osm",
          "hours": "apple",
          "payment.cards": "apple",
          "payment.contactless": "apple"
        },
        "apple_attempted": "2026-05-29",
        "payment": {
          "cards": "yes",
          "contactless": "yes"
        }
      }
    },
    {
      "type": "Feature",
      "geometry": {
        "type": "Point",
        "coordinates": [
          13.9126937,
          51.1120056
        ]
      },
      "properties": {
        "id": "tk_snr_osm_n593882449",
        "name": "Radeberger Bahnhofskiosk RaBaKi",
        "address": {
          "street": "Am Bahnhof",
          "number": "2",
          "postalcode": "01454",
          "city": "Radeberg"
        },
        "sources": [
          {
            "type": "osm",
            "id": "node/593882449",
            "version": 0
          },
          {
            "type": "gmaps",
            "id": "ChIJFcvVpQbKCUcRtI75volKg7s"
          }
        ],
        "created": "2026-05-29",
        "updated": "2026-08-17",
        "hours": {
          "raw": "Tu 06:30-12:30,13:00-15:30; Th 06:30-12:30,13:00-15:30; Fr 06:30-15:00; We 06:30-12:30,13:00-15:30; Mo 06:30-12:30,13:00-15:30"
        },
        "sources_by_field": {
          "name": "osm",
          "address.street": "osm",
          "address.number": "osm",
          "address.postalcode": "osm",
          "address.city": "osm",
          "hours": "google",
          "payment.cards": "google",
          "payment.contactless": "google",
          "payment.girocard": "google"
        },
        "apple_id_attempted": "2026-08-04",
        "google_attempted": "2026-06-14",
        "payment": {
          "cards": "no",
          "contactless": "yes",
          "girocard": "yes"
        }
      }
    },
    {
      "type": "Feature",
      "geometry": {
        "type": "Point",
        "coordinates": [
          12.7055552,
          51.0510693
        ]
      },
      "properties": {
        "id": "tk_snr_osm_n6050708964",
        "name": "Getränke Donat",
        "address": {
          "street": "Dresdener Straße",
          "number": "46",
          "postalcode": "04643",
          "city": "Geithain"
        },
        "sources": [
          {
            "type": "osm",
            "id": "node/6050708964",
            "version": 0
          },
          {
            "type": "apple",
            "id": "10649279446707600956"
          }
        ],
        "created": "2026-05-29",
        "updated": "2026-08-17",
        "hours": {
          "raw": "Mo-Fr 09:00-18:00; Sa 09:00-12:00; Su,PH off"
        },
        "payment": {
          "cash": "unknown",
          "cards": "unknown",
          "contactless": "unknown",
          "girocard": "yes"
        },
        "sources_by_field": {
          "name": "osm",
          "address.street": "osm",
          "address.number": "osm",
          "address.postalcode": "osm",
          "address.city": "osm",
          "hours": "osm",
          "payment.cash": "osm",
          "payment.cards": "osm",
          "payment.contactless": "osm",
          "payment.girocard": "osm"
        }
      }
    },
    {
      "type": "Feature",
      "geometry": {
        "type": "Point",
        "coordinates": [
          13.9082065,
          51.1148794
        ]
      },
      "properties": {
        "id": "tk_snr_osm_n639558752",
        "name": "Getränkehof Radeberg",
        "address": {},
        "sources": [
          {
            "type": "osm",
            "id": "node/639558752",
            "version": 0
          },
          {
            "type": "apple",
            "id": "6165472852644208861"
          }
        ],
        "created": "2026-05-29",
        "updated": "2026-08-17",
        "sources_by_field": {
          "name": "osm",
          "hours": "apple",
          "payment.cards": "apple",
          "payment.contactless": "apple"
        },
        "apple_attempted": "2026-05-29",
        "hours": {
          "raw": "Mo-Fr 09:00-18:00; Sa 09:00-13:00"
        },
        "payment": {
          "cards": "yes",
          "contactless": "yes"
        }
      }
    },
    {
      "type": "Feature",
      "geometry": {
        "type": "Point",
        "coordinates": [
          13.6613894,
          51.1002631
        ]
      },
      "properties": {
        "id": "tk_snr_osm_n6454141585",
        "name": "Braumanufaktur Radebeul",
        "address": {
          "street": "Straße des Friedens",
          "number": "30",
          "postalcode": "01445"
        },
        "sources": [
          {
            "type": "osm",
            "id": "node/6454141585",
            "version": 0
          },
          {
            "type": "apple",
            "id": "14014833812581237655"
          },
          {
            "type": "gmaps",
            "id": "ChIJWzG1w9HRCUcRn76DxtJ4gHE"
          }
        ],
        "created": "2026-05-29",
        "updated": "2026-08-17",
        "sources_by_field": {
          "name": "osm",
          "address.street": "osm",
          "address.number": "osm",
          "address.postalcode": "osm"
        },
        "apple_attempted": "2026-08-04",
        "google_attempted": "2026-08-11",
        "payment": {}
      }
    },
    {
      "type": "Feature",
      "geometry": {
        "type": "Point",
        "coordinates": [
          12.4987761,
          51.1223935
        ]
      },
      "properties": {
        "id": "tk_snr_osm_n6461043009",
        "name": "Getränkebasar Steinhäußer",
        "address": {
          "street": "Mühlgasse",
          "number": "48",
          "postalcode": "04552",
          "city": "Borna"
        },
        "sources": [
          {
            "type": "osm",
            "id": "node/6461043009",
            "version": 0
          },
          {
            "type": "apple",
            "id": "9969485895812767540"
          }
        ],
        "created": "2026-05-29",
        "updated": "2026-08-17",
        "sources_by_field": {
          "name": "osm",
          "address.street": "osm",
          "address.number": "osm",
          "address.postalcode": "osm",
          "address.city": "osm"
        },
        "apple_attempted": "2026-08-04",
        "google_attempted": "2026-08-11",
        "payment": {}
      }
    },
    {
      "type": "Feature",
      "geometry": {
        "type": "Point",
        "coordinates": [
          13.9198315,
          51.1151512
        ]
      },
      "properties": {
        "id": "tk_snr_osm_n650472396",
        "name": "Rußig Getränkehandel",
        "address": {
          "street": "Röderstraße",
          "number": "15",
          "postalcode": "01454",
          "city": "Radeberg"
        },
        "sources": [
          {
            "type": "osm",
            "id": "node/650472396",
            "version": 0
          },
          {
            "type": "gmaps",
            "id": "ChIJfyl55wfKCUcRGc_nq9oBoY8"
          }
        ],
        "created": "2026-05-29",
        "updated": "2026-08-17",
        "sources_by_field": {
          "name": "osm",
          "address.street": "osm",
          "address.number": "osm",
          "address.postalcode": "osm",
          "address.city": "osm"
        },
        "apple_id_attempted": "2026-08-04",
        "google_attempted": "2026-07-20",
        "payment": {}
      }
    },
    {
      "type": "Feature",
      "geometry": {
        "type": "Point",
        "coordinates": [
          12.3857557,
          51.2012765
        ]
      },
      "properties": {
        "id": "tk_snr_osm_n6507030086",
        "name": "Lösch-Depot-Markt",
        "address": {
          "street": "Karl-Bartelmann-Straße",
          "number": "3A",
          "postalcode": "04564",
          "city": "Böhlen"
        },
        "sources": [
          {
            "type": "osm",
            "id": "node/6507030086",
            "version": 0
          },
          {
            "type": "gmaps",
            "id": "ChIJlfrTOTH7pkcRJuhPvK1sa-k"
          }
        ],
        "created": "2026-05-29",
        "updated": "2026-08-17",
        "hours": {
          "raw": "Tu 08:00-19:00; Th 08:00-19:00; Fr 08:00-19:00; We 08:00-19:00; Mo 08:00-19:00; Sa 08:00-14:00"
        },
        "tags": [
          "barrierefrei"
        ],
        "sources_by_field": {
          "name": "osm",
          "address.street": "osm",
          "address.number": "osm",
          "address.postalcode": "osm",
          "address.city": "osm",
          "hours": "google",
          "payment.cards": "google",
          "payment.contactless": "google",
          "payment.girocard": "google"
        },
        "apple_id_attempted": "2026-08-04",
        "google_attempted": "2026-06-14",
        "payment": {
          "cards": "yes",
          "contactless": "yes",
          "girocard": "yes"
        }
      }
    },
    {
      "type": "Feature",
      "geometry": {
        "type": "Point",
        "coordinates": [
          13.127629,
          50.8065637
        ]
      },
      "properties": {
        "id": "tk_snr_osm_n6557597021",
        "name": "Sachsenland Trinkparadies",
        "address": {
          "street": "Augustusburger Straße",
          "number": "1",
          "postalcode": "09573",
          "city": "Leubsdorf",
          "district": "Schellenberg"
        },
        "sources": [
          {
            "type": "osm",
            "id": "node/6557597021",
            "version": 0
          },
          {
            "type": "gmaps",
            "id": "ChIJbesVklBap0cRr6pCAxal6Wk"
          }
        ],
        "created": "2026-05-29",
        "updated": "2026-08-17",
        "sources_by_field": {
          "name": "osm",
          "address.street": "osm",
          "address.number": "osm",
          "address.postalcode": "osm",
          "address.city": "osm",
          "address.district": "osm",
          "hours": "google",
          "payment.cards": "google",
          "payment.contactless": "google",
          "payment.girocard": "google"
        },
        "apple_id_attempted": "2026-08-04",
        "google_attempted": "2026-06-14",
        "hours": {
          "raw": "Tu 08:00-19:00; Th 08:00-19:00; Fr 08:00-19:00; We 08:00-19:00; Mo 08:00-19:00; Sa 08:00-16:00"
        },
        "payment": {
          "cards": "no",
          "contactless": "yes",
          "girocard": "yes"
        }
      }
    },
    {
      "type": "Feature",
      "geometry": {
        "type": "Point",
        "coordinates": [
          12.6070058,
          50.7959534
        ]
      },
      "properties": {
        "id": "tk_snr_osm_n663728839",
        "name": "Getränkegroß-und Einzelhandel Dörr",
        "address": {},
        "sources": [
          {
            "type": "osm",
            "id": "node/663728839",
            "version": 0
          },
          {
            "type": "apple",
            "id": "8236745263230535865"
          },
          {
            "type": "gmaps",
            "id": "ChIJV7v_vrMxp0cRdeklXmKL_vg"
          }
        ],
        "created": "2026-05-29",
        "updated": "2026-08-17",
        "hours": {
          "raw": "Mo-Fr 10:00-12:00,15:00-18:30, Sa 09:00-12:00"
        },
        "sources_by_field": {
          "name": "osm",
          "hours": "osm"
        },
        "apple_attempted": "2026-08-04",
        "google_attempted": "2026-08-11",
        "payment": {}
      }
    },
    {
      "type": "Feature",
      "geometry": {
        "type": "Point",
        "coordinates": [
          12.7312448,
          50.5653584
        ]
      },
      "properties": {
        "id": "tk_snr_osm_n680451125",
        "name": "Getränkehandel Weinert",
        "address": {
          "street": "Anton-Günther-Straße",
          "number": "36",
          "postalcode": "08315",
          "city": "Lauter-Bernsbach",
          "district": "Lauter"
        },
        "sources": [
          {
            "type": "osm",
            "id": "node/680451125",
            "version": 0
          },
          {
            "type": "gmaps",
            "id": "ChIJNW_6nOK1oEcRyid8oo2dYBE"
          }
        ],
        "created": "2026-05-29",
        "updated": "2026-08-17",
        "tags": [
          "barrierefrei"
        ],
        "sources_by_field": {
          "name": "osm",
          "address.street": "osm",
          "address.number": "osm",
          "address.postalcode": "osm",
          "address.city": "osm",
          "address.district": "osm",
          "payment.cards": "google",
          "payment.contactless": "google",
          "payment.girocard": "google"
        },
        "apple_id_attempted": "2026-08-04",
        "google_attempted": "2026-07-20",
        "payment": {
          "cards": "no",
          "contactless": "yes",
          "girocard": "yes"
        }
      }
    },
    {
      "type": "Feature",
      "geometry": {
        "type": "Point",
        "coordinates": [
          14.5871552,
          51.0060099
        ]
      },
      "properties": {
        "id": "tk_snr_osm_n7091058585",
        "name": "Kelterei Mitschke",
        "address": {
          "street": "Hermann-Wünsche-Straße",
          "number": "18",
          "postalcode": "02730",
          "city": "Ebersbach-Neugersdorf"
        },
        "sources": [
          {
            "type": "osm",
            "id": "node/7091058585",
            "version": 0
          },
          {
            "type": "apple",
            "id": "13089274941377415193"
          }
        ],
        "created": "2026-05-29",
        "updated": "2026-08-17",
        "hours": {
          "raw": "Mo-Fr 08:30-11:30,13:30-17:00; Sa 08:30-11:30"
        },
        "sources_by_field": {
          "name": "osm",
          "address.street": "osm",
          "address.number": "osm",
          "address.postalcode": "osm",
          "address.city": "osm",
          "hours": "apple",
          "payment.cards": "apple",
          "payment.contactless": "apple"
        },
        "apple_attempted": "2026-05-29",
        "payment": {
          "cards": "yes",
          "contactless": "yes"
        }
      }
    },
    {
      "type": "Feature",
      "geometry": {
        "type": "Point",
        "coordinates": [
          12.6013616,
          50.4982217
        ]
      },
      "properties": {
        "id": "tk_snr_osm_n7474729497",
        "name": "Getränkewelt Eibenstock",
        "address": {
          "street": "Schneeberger Straße",
          "number": "13C",
          "postalcode": "08309",
          "city": "Eibenstock"
        },
        "sources": [
          {
            "type": "osm",
            "id": "node/7474729497",
            "version": 0
          },
          {
            "type": "apple",
            "id": "2160317634331683683"
          }
        ],
        "created": "2026-05-29",
        "updated": "2026-08-17",
        "hours": {
          "raw": "Mo-Fr 08:00-20:00; Sa 08:00-16:00"
        },
        "tags": [
          "barrierefrei"
        ],
        "sources_by_field": {
          "name": "osm",
          "address.street": "osm",
          "address.number": "osm",
          "address.postalcode": "osm",
          "address.city": "osm",
          "hours": "apple",
          "payment.cards": "apple",
          "payment.contactless": "apple"
        },
        "apple_attempted": "2026-05-29",
        "payment": {
          "cards": "yes",
          "contactless": "yes"
        }
      }
    },
    {
      "type": "Feature",
      "geometry": {
        "type": "Point",
        "coordinates": [
          12.9524847,
          50.6739695
        ]
      },
      "properties": {
        "id": "tk_snr_osm_n7494510925",
        "name": "Getränkehandel Seidel",
        "address": {
          "street": "Wiesenstraße",
          "number": "16",
          "postalcode": "09419",
          "city": "Thum"
        },
        "sources": [
          {
            "type": "osm",
            "id": "node/7494510925",
            "version": 0
          },
          {
            "type": "gmaps",
            "id": "ChIJzZ1haK9Np0cRuvcG6-_4c6w"
          }
        ],
        "created": "2026-05-29",
        "updated": "2026-08-17",
        "hours": {
          "raw": "Tu 09:00-18:00; Th 09:00-18:00; Fr 09:00-18:00; We 09:00-18:00; Mo 09:00-18:00; Sa 09:00-12:00"
        },
        "sources_by_field": {
          "name": "osm",
          "address.street": "osm",
          "address.number": "osm",
          "address.postalcode": "osm",
          "address.city": "osm",
          "hours": "google",
          "payment.cards": "google",
          "payment.contactless": "google",
          "payment.girocard": "google"
        },
        "apple_id_attempted": "2026-08-04",
        "google_attempted": "2026-06-14",
        "payment": {
          "cards": "no",
          "contactless": "yes",
          "girocard": "yes"
        }
      }
    },
    {
      "type": "Feature",
      "geometry": {
        "type": "Point",
        "coordinates": [
          13.6494821,
          50.9618859
        ]
      },
      "properties": {
        "id": "tk_snr_osm_n7523545388",
        "name": "Rabentränke",
        "address": {},
        "sources": [
          {
            "type": "osm",
            "id": "node/7523545388",
            "version": 0
          },
          {
            "type": "apple",
            "id": "14362638957282749530"
          }
        ],
        "created": "2026-05-29",
        "updated": "2026-08-17",
        "hours": {
          "raw": "Mo-We 09:00-18:30; Th-Fr 09:00-19:00; Sa 08:00-14:00"
        },
        "tags": [
          "barrierefrei"
        ],
        "sources_by_field": {
          "name": "osm",
          "hours": "apple",
          "payment.cards": "apple",
          "payment.contactless": "apple"
        },
        "apple_attempted": "2026-05-29",
        "payment": {
          "cards": "yes",
          "contactless": "yes"
        }
      }
    },
    {
      "type": "Feature",
      "geometry": {
        "type": "Point",
        "coordinates": [
          13.2390384,
          50.6525344
        ]
      },
      "properties": {
        "id": "tk_snr_osm_n7593935531",
        "name": "KHW Kleine Heile Welt Bräu",
        "address": {
          "street": "Johannisstraße",
          "number": "133",
          "postalcode": "09496",
          "city": "Marienberg",
          "district": "Zöblitz"
        },
        "sources": [
          {
            "type": "osm",
            "id": "node/7593935531",
            "version": 0
          },
          {
            "type": "gmaps",
            "id": "ChIJZ7qhUzz-CUcRgsqVrmt2leY"
          }
        ],
        "created": "2026-05-29",
        "updated": "2026-08-17",
        "hours": {
          "raw": "Sa 09:00-14:00"
        },
        "sources_by_field": {
          "name": "osm",
          "address.street": "osm",
          "address.number": "osm",
          "address.postalcode": "osm",
          "address.city": "osm",
          "address.district": "osm",
          "hours": "google"
        },
        "apple_id_attempted": "2026-08-04",
        "google_attempted": "2026-07-20",
        "payment": {}
      }
    },
    {
      "type": "Feature",
      "geometry": {
        "type": "Point",
        "coordinates": [
          14.0282502,
          50.9163009
        ]
      },
      "properties": {
        "id": "tk_snr_osm_n779014008",
        "name": "Hent",
        "address": {},
        "sources": [
          {
            "type": "osm",
            "id": "node/779014008",
            "version": 0
          },
          {
            "type": "gmaps",
            "id": "ChIJAV0nbJCiCUcRoUyK0T5EgsI"
          }
        ],
        "created": "2026-06-15",
        "updated": "2026-08-17",
        "sources_by_field": {
          "name": "osm",
          "hours": "google"
        },
        "apple_id_attempted": "2026-07-23",
        "google_attempted": "2026-08-04",
        "hours": {
          "raw": "Tu 06:00-18:00; Th 06:00-18:00; Fr 06:00-18:00; We 06:00-18:00; Mo 06:00-18:00"
        },
        "payment": {}
      }
    },
    {
      "type": "Feature",
      "geometry": {
        "type": "Point",
        "coordinates": [
          13.9397568,
          50.9618181
        ]
      },
      "properties": {
        "id": "tk_snr_osm_n7806082001",
        "name": "Anastasia - Slawische Lebensmittel",
        "address": {},
        "sources": [
          {
            "type": "osm",
            "id": "node/7806082001",
            "version": 0
          },
          {
            "type": "apple",
            "id": "12888426676339052178"
          }
        ],
        "created": "2026-05-29",
        "updated": "2026-08-17",
        "sources_by_field": {
          "name": "osm",
          "hours": "apple",
          "payment.cards": "apple",
          "payment.contactless": "apple"
        },
        "apple_attempted": "2026-05-29",
        "hours": {
          "raw": "Mo-Tu,Fr 10:00-18:00; We-Th 11:00-18:00; Sa 11:00-14:00"
        },
        "payment": {
          "cards": "yes",
          "contactless": "yes"
        }
      }
    },
    {
      "type": "Feature",
      "geometry": {
        "type": "Point",
        "coordinates": [
          14.5383666,
          51.545574
        ]
      },
      "properties": {
        "id": "tk_snr_osm_n7957729886",
        "name": "Siggi's Getränkescheune",
        "address": {
          "street": "Spremberger Straße",
          "number": "7",
          "postalcode": "02959",
          "city": "Schleife"
        },
        "sources": [
          {
            "type": "osm",
            "id": "node/7957729886",
            "version": 0
          },
          {
            "type": "apple",
            "id": "18276113588566252212"
          }
        ],
        "created": "2026-05-29",
        "updated": "2026-08-17",
        "hours": {
          "raw": "Mo-Fr 08:00-18:00; Sa 08:00-12:30"
        },
        "tags": [
          "barrierefrei"
        ],
        "sources_by_field": {
          "name": "osm",
          "address.street": "osm",
          "address.number": "osm",
          "address.postalcode": "osm",
          "address.city": "osm",
          "hours": "apple",
          "payment.cards": "apple",
          "payment.contactless": "apple"
        },
        "apple_attempted": "2026-05-29",
        "payment": {
          "cards": "yes",
          "contactless": "yes"
        }
      }
    },
    {
      "type": "Feature",
      "geometry": {
        "type": "Point",
        "coordinates": [
          14.3874165,
          50.9099295
        ]
      },
      "properties": {
        "id": "tk_snr_osm_n972561697",
        "name": "Einkehr zur Rindenhütte (Schleuse)",
        "address": {
          "city": "Sebnitz",
          "district": "Hinterhermsdorf"
        },
        "sources": [
          {
            "type": "osm",
            "id": "node/972561697",
            "version": 0
          },
          {
            "type": "gmaps",
            "id": "ChIJjWSvEZ8JCUcR-OhrcwrvFkQ"
          }
        ],
        "created": "2026-05-29",
        "updated": "2026-08-17",
        "hours": {
          "raw": "Tu 09:30-16:00; Th 09:30-16:00; Fr 09:30-16:00; We 09:30-16:00; Mo 09:30-16:00; Sa 09:30-16:00; Su 09:30-16:00"
        },
        "tags": [
          "draussen"
        ],
        "sources_by_field": {
          "name": "osm",
          "address.city": "osm",
          "address.district": "osm",
          "hours": "google"
        },
        "apple_id_attempted": "2026-08-04",
        "google_attempted": "2026-07-20",
        "payment": {}
      }
    },
    {
      "type": "Feature",
      "geometry": {
        "type": "Point",
        "coordinates": [
          12.7633653,
          51.3585107
        ]
      },
      "properties": {
        "id": "tk_snr_osm_w102399809",
        "name": "Klaus Fruchtsäfte",
        "address": {
          "street": "Apfelweg",
          "number": "11",
          "postalcode": "04808",
          "city": "Wurzen"
        },
        "sources": [
          {
            "type": "osm",
            "id": "way/102399809",
            "version": 0
          },
          {
            "type": "apple",
            "id": "15308102816606759258"
          }
        ],
        "created": "2026-05-29",
        "updated": "2026-08-17",
        "hours": {
          "raw": "Mo,Fr 09:00-12:00,14:00-17:00; Tu-Th 14:00-17:00; Sa 09:00-12:00"
        },
        "sources_by_field": {
          "name": "osm",
          "address.street": "osm",
          "address.number": "osm",
          "address.postalcode": "osm",
          "address.city": "osm",
          "hours": "apple",
          "payment.cards": "apple",
          "payment.contactless": "apple"
        },
        "apple_attempted": "2026-05-29",
        "payment": {
          "cards": "yes",
          "contactless": "yes"
        }
      }
    },
    {
      "type": "Feature",
      "geometry": {
        "type": "Point",
        "coordinates": [
          13.0114587,
          50.5643417
        ]
      },
      "properties": {
        "id": "tk_snr_osm_w113789316",
        "name": "Getränkewelt Annaberg",
        "address": {
          "street": "Oberwiesenthaler Weg",
          "number": "4",
          "postalcode": "09456",
          "city": "Annaberg-Buchholz"
        },
        "sources": [
          {
            "type": "osm",
            "id": "way/113789316",
            "version": 0
          },
          {
            "type": "apple",
            "id": "1924365306841419840"
          }
        ],
        "created": "2026-05-29",
        "updated": "2026-06-15",
        "hours": {
          "raw": "Mo-Fr 08:00-20:00; Sa 08:00-18:00"
        },
        "sources_by_field": {
          "name": "osm",
          "address.street": "osm",
          "address.number": "osm",
          "address.postalcode": "osm",
          "address.city": "osm",
          "hours": "apple",
          "payment.cards": "apple",
          "payment.contactless": "apple"
        },
        "apple_attempted": "2026-05-29",
        "payment": {
          "cards": "yes",
          "contactless": "yes"
        }
      }
    },
    {
      "type": "Feature",
      "geometry": {
        "type": "Point",
        "coordinates": [
          13.1228191,
          50.6746461
        ]
      },
      "properties": {
        "id": "tk_snr_osm_w116447571",
        "name": "Lauterbacher Spirituosen",
        "address": {
          "street": "Äußerer Hofring",
          "number": "1",
          "postalcode": "09429",
          "city": "Wolkenstein",
          "district": "Hilmersdorf"
        },
        "sources": [
          {
            "type": "osm",
            "id": "way/116447571",
            "version": 0
          },
          {
            "type": "gmaps",
            "id": "ChIJD6mlow5Up0cRFonZeaT3SFs"
          }
        ],
        "created": "2026-05-29",
        "updated": "2026-08-17",
        "tags": [
          "barrierefrei"
        ],
        "sources_by_field": {
          "name": "osm",
          "address.street": "osm",
          "address.number": "osm",
          "address.postalcode": "osm",
          "address.city": "osm",
          "address.district": "osm",
          "hours": "google",
          "payment.cards": "google",
          "payment.girocard": "google"
        },
        "apple_id_attempted": "2026-08-04",
        "google_attempted": "2026-06-14",
        "hours": {
          "raw": "Tu 09:00-17:00; Th 09:00-17:00; Fr 09:00-17:00; We 09:00-17:00; Mo 09:00-17:00"
        },
        "payment": {
          "cards": "yes",
          "girocard": "yes"
        }
      }
    },
    {
      "type": "Feature",
      "geometry": {
        "type": "Point",
        "coordinates": [
          14.4074984,
          51.1582812
        ]
      },
      "properties": {
        "id": "tk_snr_osm_w117858072",
        "name": "Getränke Mayer",
        "address": {
          "street": "Bautzener Straße",
          "number": "1",
          "postalcode": "02692",
          "city": "Doberschau-Gaußig",
          "district": "Preuschwitz"
        },
        "sources": [
          {
            "type": "osm",
            "id": "way/117858072",
            "version": 0
          },
          {
            "type": "gmaps",
            "id": "ChIJ2TmsMG9VCEcRpCTJFjj6BDU"
          }
        ],
        "created": "2026-05-29",
        "updated": "2026-08-17",
        "sources_by_field": {
          "name": "osm",
          "address.street": "osm",
          "address.number": "osm",
          "address.postalcode": "osm",
          "address.city": "osm",
          "address.district": "osm",
          "hours": "google"
        },
        "apple_id_attempted": "2026-08-04",
        "google_attempted": "2026-07-20",
        "hours": {
          "raw": "Tu 08:00-16:00; Th 08:00-16:00; Fr 08:00-16:00; We 08:00-16:00; Mo 08:00-16:00"
        },
        "payment": {}
      }
    },
    {
      "type": "Feature",
      "geometry": {
        "type": "Point",
        "coordinates": [
          13.5433549,
          51.175545
        ]
      },
      "properties": {
        "id": "tk_snr_osm_w120344860",
        "name": "Max Wustlich Fruchtsaftkelterei",
        "address": {
          "street": "Oberauer Straße",
          "number": "13",
          "postalcode": "01689",
          "city": "Niederau"
        },
        "sources": [
          {
            "type": "osm",
            "id": "way/120344860",
            "version": 0
          },
          {
            "type": "apple",
            "id": "14099592063583460280"
          }
        ],
        "created": "2026-05-29",
        "updated": "2026-08-17",
        "hours": {
          "raw": "Mo-Tu 13:00-18:00"
        },
        "sources_by_field": {
          "name": "osm",
          "address.street": "osm",
          "address.number": "osm",
          "address.postalcode": "osm",
          "address.city": "osm",
          "hours": "apple",
          "payment.cards": "apple",
          "payment.contactless": "apple"
        },
        "apple_attempted": "2026-05-29",
        "payment": {
          "cards": "yes",
          "contactless": "yes"
        }
      }
    },
    {
      "type": "Feature",
      "geometry": {
        "type": "Point",
        "coordinates": [
          14.8352315,
          51.1947893
        ]
      },
      "properties": {
        "id": "tk_snr_osm_w1218998253",
        "name": "Hochsteinbaude",
        "address": {},
        "sources": [
          {
            "type": "osm",
            "id": "way/1218998253",
            "version": 0
          },
          {
            "type": "apple",
            "id": "15718850406345249322"
          },
          {
            "type": "gmaps",
            "id": "ChIJIZV8uY3mCEcRHsU3NEz8THw"
          }
        ],
        "created": "2026-05-29",
        "updated": "2026-08-17",
        "sources_by_field": {
          "name": "osm",
          "hours": "google"
        },
        "apple_attempted": "2026-08-04",
        "google_attempted": "2026-08-11",
        "hours": {
          "raw": "Th 11:00-18:00; Fr 11:00-18:00; We 11:00-18:00; Sa 11:00-18:00; Su 11:00-18:00"
        },
        "payment": {}
      }
    },
    {
      "type": "Feature",
      "geometry": {
        "type": "Point",
        "coordinates": [
          13.9118605,
          51.263637
        ]
      },
      "properties": {
        "id": "tk_snr_osm_w1345238433",
        "name": "Getränkehandel Tamke GmbH",
        "address": {
          "street": "Kamenzer Straße",
          "number": "35",
          "postalcode": "01936",
          "city": "Königsbrück"
        },
        "sources": [
          {
            "type": "osm",
            "id": "way/1345238433",
            "version": 0
          },
          {
            "type": "apple",
            "id": "9756613916507884121"
          }
        ],
        "created": "2026-05-29",
        "updated": "2026-08-17",
        "hours": {
          "raw": "Mo-Fr 08:30-18:30; Sa 08:00-14:00"
        },
        "sources_by_field": {
          "name": "osm",
          "address.street": "osm",
          "address.number": "osm",
          "address.postalcode": "osm",
          "address.city": "osm",
          "hours": "apple",
          "payment.cards": "apple",
          "payment.contactless": "apple"
        },
        "apple_attempted": "2026-05-29",
        "payment": {
          "cards": "yes",
          "contactless": "yes"
        }
      }
    },
    {
      "type": "Feature",
      "geometry": {
        "type": "Point",
        "coordinates": [
          13.5766605,
          51.1256247
        ]
      },
      "properties": {
        "id": "tk_snr_osm_w136739744",
        "name": "Orion",
        "address": {
          "street": "Dresdner Straße",
          "number": "77",
          "postalcode": "01640",
          "city": "Coswig"
        },
        "sources": [
          {
            "type": "osm",
            "id": "way/136739744",
            "version": 0
          },
          {
            "type": "gmaps",
            "id": "ChIJP1_i8UnRCUcRNwGeLyLkwBc"
          }
        ],
        "created": "2026-05-29",
        "updated": "2026-08-17",
        "sources_by_field": {
          "name": "osm",
          "address.street": "osm",
          "address.number": "osm",
          "address.postalcode": "osm",
          "address.city": "osm"
        },
        "apple_id_attempted": "2026-08-04",
        "google_attempted": "2026-07-20",
        "payment": {}
      }
    },
    {
      "type": "Feature",
      "geometry": {
        "type": "Point",
        "coordinates": [
          12.3918527,
          51.2877857
        ]
      },
      "properties": {
        "id": "tk_snr_osm_w137143558",
        "name": "Getränkefachhandel Emil Gründel",
        "address": {
          "street": "Helenenstraße",
          "number": "45",
          "postalcode": "04279",
          "city": "Leipzig"
        },
        "sources": [
          {
            "type": "osm",
            "id": "way/137143558",
            "version": 0
          },
          {
            "type": "apple",
            "id": "15000293706936317541"
          }
        ],
        "created": "2026-05-29",
        "updated": "2026-08-17",
        "hours": {
          "raw": "Mo-Fr 11:00-18:00; Sa 09:00-12:00"
        },
        "sources_by_field": {
          "name": "osm",
          "address.street": "osm",
          "address.number": "osm",
          "address.postalcode": "osm",
          "address.city": "osm",
          "hours": "apple",
          "payment.cards": "apple",
          "payment.contactless": "apple"
        },
        "apple_attempted": "2026-05-29",
        "payment": {
          "cards": "yes",
          "contactless": "yes"
        }
      }
    },
    {
      "type": "Feature",
      "geometry": {
        "type": "Point",
        "coordinates": [
          14.965756,
          51.3335
        ]
      },
      "properties": {
        "id": "tk_snr_osm_w1455761863",
        "name": "Kelterei Neubert",
        "address": {
          "street": "Bahnhofstraße",
          "number": "17",
          "postalcode": "02929",
          "city": "Rothenburg (OL.)"
        },
        "sources": [
          {
            "type": "osm",
            "id": "way/1455761863",
            "version": 0
          },
          {
            "type": "apple",
            "id": "16608694889959856842"
          }
        ],
        "created": "2026-05-29",
        "updated": "2026-08-17",
        "sources_by_field": {
          "name": "osm",
          "address.street": "osm",
          "address.number": "osm",
          "address.postalcode": "osm",
          "address.city": "osm",
          "hours": "apple",
          "payment.cards": "apple",
          "payment.contactless": "apple"
        },
        "apple_attempted": "2026-05-29",
        "hours": {
          "raw": "Mo,We,Fr 09:00-15:00; Tu,Th 09:00-18:00"
        },
        "payment": {
          "cards": "yes",
          "contactless": "yes"
        }
      }
    },
    {
      "type": "Feature",
      "geometry": {
        "type": "Point",
        "coordinates": [
          12.4984386,
          51.3483497
        ]
      },
      "properties": {
        "id": "tk_snr_osm_w149207149",
        "name": "Lösch-Depot Sommerfeld",
        "address": {},
        "sources": [
          {
            "type": "osm",
            "id": "way/149207149",
            "version": 0
          },
          {
            "type": "gmaps",
            "id": "ChIJC0jGyVb_pkcRjciMn4bDpro"
          }
        ],
        "created": "2026-05-29",
        "updated": "2026-08-17",
        "hours": {
          "raw": "Tu 08:00-19:00; Th 08:00-19:00; Fr 08:00-19:00; We 08:00-19:00; Mo 08:00-19:00; Sa 08:00-16:00"
        },
        "sources_by_field": {
          "name": "osm",
          "hours": "google",
          "payment.cards": "google",
          "payment.contactless": "google",
          "payment.girocard": "google"
        },
        "apple_id_attempted": "2026-08-04",
        "google_attempted": "2026-06-14",
        "payment": {
          "cards": "yes",
          "contactless": "yes",
          "girocard": "yes"
        }
      }
    },
    {
      "type": "Feature",
      "geometry": {
        "type": "Point",
        "coordinates": [
          13.5316398,
          51.0569646
        ]
      },
      "properties": {
        "id": "tk_snr_osm_w152324761",
        "name": "Trinkparadies",
        "address": {},
        "sources": [
          {
            "type": "osm",
            "id": "way/152324761",
            "version": 0
          },
          {
            "type": "gmaps",
            "id": "ChIJTzQnF_jZCUcRThvSLB3YXaY"
          }
        ],
        "created": "2026-05-29",
        "updated": "2026-08-17",
        "sources_by_field": {
          "name": "osm",
          "hours": "google",
          "payment.cards": "google",
          "payment.contactless": "google",
          "payment.girocard": "google"
        },
        "apple_id_attempted": "2026-08-04",
        "google_attempted": "2026-06-14",
        "hours": {
          "raw": "Tu 08:00-19:00; Th 08:00-19:00; Fr 08:00-19:00; We 08:00-19:00; Mo 08:00-19:00; Sa 08:00-16:00"
        },
        "payment": {
          "cards": "no",
          "contactless": "yes",
          "girocard": "yes"
        }
      }
    },
    {
      "type": "Feature",
      "geometry": {
        "type": "Point",
        "coordinates": [
          13.4967068,
          51.0157102
        ]
      },
      "properties": {
        "id": "tk_snr_osm_w153345126",
        "name": "Getränke Lucius Abholmarkt",
        "address": {},
        "sources": [
          {
            "type": "osm",
            "id": "way/153345126",
            "version": 0
          },
          {
            "type": "gmaps",
            "id": "ChIJb_XQim_ZCUcRSEr56KyOTAY"
          }
        ],
        "created": "2026-05-29",
        "updated": "2026-08-17",
        "sources_by_field": {
          "name": "osm",
          "hours": "google",
          "payment.cards": "google"
        },
        "apple_id_attempted": "2026-08-04",
        "google_attempted": "2026-06-14",
        "hours": {
          "raw": "Tu 08:00-12:00; Th 08:00-12:00,14:00-18:00; Fr 08:00-12:00,14:00-16:00; We 08:00-12:00; Mo 08:00-12:00,14:00-18:00"
        },
        "payment": {
          "cards": "yes"
        }
      }
    },
    {
      "type": "Feature",
      "geometry": {
        "type": "Point",
        "coordinates": [
          12.4663431,
          51.1920344
        ]
      },
      "properties": {
        "id": "tk_snr_osm_w157133105",
        "name": "Getränke Donat",
        "address": {
          "street": "Otto-Heinig-Straße",
          "number": "3",
          "postalcode": "04571",
          "city": "Rötha",
          "district": "Espenhain"
        },
        "sources": [
          {
            "type": "osm",
            "id": "way/157133105",
            "version": 0
          },
          {
            "type": "apple",
            "id": "1864218048396999801"
          }
        ],
        "created": "2026-05-29",
        "updated": "2026-08-17",
        "hours": {
          "raw": "Mo-Fr 09:00-13:00,14:00-18:00; Sa 08:00-12:00"
        },
        "tags": [
          "barrierefrei"
        ],
        "sources_by_field": {
          "name": "osm",
          "address.street": "osm",
          "address.number": "osm",
          "address.postalcode": "osm",
          "address.city": "osm",
          "address.district": "osm",
          "hours": "apple",
          "payment.cards": "apple",
          "payment.contactless": "apple"
        },
        "apple_attempted": "2026-05-29",
        "payment": {
          "cards": "yes",
          "contactless": "yes"
        }
      }
    },
    {
      "type": "Feature",
      "geometry": {
        "type": "Point",
        "coordinates": [
          13.4729783,
          51.1623929
        ]
      },
      "properties": {
        "id": "tk_snr_osm_w168618473",
        "name": "Buchheim's Eck",
        "address": {
          "street": "Gerbergasse",
          "number": "20",
          "postalcode": "01662",
          "city": "Meißen"
        },
        "sources": [
          {
            "type": "osm",
            "id": "way/168618473",
            "version": 0
          },
          {
            "type": "gmaps",
            "id": "ChIJKwWYv_7VCUcRTvyF7Qk8QXo"
          }
        ],
        "created": "2026-05-29",
        "updated": "2026-08-17",
        "hours": {
          "raw": "Tu 09:00-13:00,14:00-18:00; Th 09:00-13:00,14:00-18:00; Fr 09:00-13:00,14:00-18:00; We 09:00-13:00,14:00-18:00; Mo 09:00-13:00,14:00-18:00; Sa 09:00-12:00"
        },
        "sources_by_field": {
          "name": "osm",
          "address.street": "osm",
          "address.number": "osm",
          "address.postalcode": "osm",
          "address.city": "osm",
          "hours": "google",
          "payment.cards": "google"
        },
        "apple_id_attempted": "2026-08-04",
        "google_attempted": "2026-06-14",
        "payment": {
          "cards": "yes"
        }
      }
    },
    {
      "type": "Feature",
      "geometry": {
        "type": "Point",
        "coordinates": [
          13.3010757,
          51.0619397
        ]
      },
      "properties": {
        "id": "tk_snr_osm_w181339765",
        "name": "Huster",
        "address": {
          "street": "Schützenstraße",
          "number": "32",
          "postalcode": "01683",
          "city": "Nossen"
        },
        "sources": [
          {
            "type": "osm",
            "id": "way/181339765",
            "version": 0
          },
          {
            "type": "gmaps",
            "id": "ChIJlT7ToGJjp0cRdkrQjDBlG9g"
          }
        ],
        "created": "2026-05-29",
        "updated": "2026-08-17",
        "hours": {
          "raw": "Tu 08:30-18:30; Th 08:30-18:30; Fr 08:30-18:30; We 08:30-18:30; Mo 08:30-18:30; Sa 08:30-14:00"
        },
        "sources_by_field": {
          "name": "osm",
          "address.street": "osm",
          "address.number": "osm",
          "address.postalcode": "osm",
          "address.city": "osm",
          "hours": "google",
          "payment.cards": "google",
          "payment.contactless": "google",
          "payment.girocard": "google"
        },
        "apple_id_attempted": "2026-08-04",
        "google_attempted": "2026-06-14",
        "payment": {
          "cards": "no",
          "contactless": "yes",
          "girocard": "yes"
        }
      }
    },
    {
      "type": "Feature",
      "geometry": {
        "type": "Point",
        "coordinates": [
          12.7270349,
          50.8495975
        ]
      },
      "properties": {
        "id": "tk_snr_osm_w184510768",
        "name": "Zapfsäule Getränkeservice Bloch",
        "address": {
          "street": "Waldenburger Straße",
          "number": "124",
          "postalcode": "09212"
        },
        "sources": [
          {
            "type": "osm",
            "id": "way/184510768",
            "version": 0
          },
          {
            "type": "gmaps",
            "id": "ChIJoXZvxCc6p0cRiVfBRbWPUnI"
          }
        ],
        "created": "2026-05-29",
        "updated": "2026-08-17",
        "hours": {
          "raw": "Tu 09:00-12:00,15:00-18:00; Th 09:00-12:00,15:00-18:00; Fr 09:00-12:00,15:00-18:00; We 09:00-12:00,15:00-18:00; Mo 09:00-12:00,15:00-18:00; Sa 09:00-12:00"
        },
        "sources_by_field": {
          "name": "osm",
          "address.street": "osm",
          "address.number": "osm",
          "address.postalcode": "osm",
          "hours": "google",
          "payment.cards": "google",
          "payment.contactless": "google",
          "payment.girocard": "google"
        },
        "apple_id_attempted": "2026-08-04",
        "google_attempted": "2026-06-14",
        "payment": {
          "cards": "yes",
          "contactless": "yes",
          "girocard": "yes"
        }
      }
    },
    {
      "type": "Feature",
      "geometry": {
        "type": "Point",
        "coordinates": [
          12.7395163,
          51.3718906
        ]
      },
      "properties": {
        "id": "tk_snr_osm_w193995766",
        "name": "Lösch Depot",
        "address": {
          "street": "Straße des Friedens",
          "number": "10b",
          "postalcode": "04808",
          "city": "Wurzen"
        },
        "sources": [
          {
            "type": "osm",
            "id": "way/193995766",
            "version": 0
          },
          {
            "type": "gmaps",
            "id": "ChIJbYxnqn-pp0cRpXprl9aqmrU"
          }
        ],
        "created": "2026-05-29",
        "updated": "2026-08-17",
        "hours": {
          "raw": "Tu 08:00-19:00; Th 08:00-19:00; Fr 08:00-19:00; We 08:00-19:00; Mo 08:00-19:00; Sa 08:00-14:00"
        },
        "sources_by_field": {
          "name": "osm",
          "address.street": "osm",
          "address.number": "osm",
          "address.postalcode": "osm",
          "address.city": "osm",
          "hours": "google",
          "payment.cards": "google",
          "payment.contactless": "google",
          "payment.girocard": "google"
        },
        "apple_id_attempted": "2026-08-04",
        "google_attempted": "2026-06-14",
        "payment": {
          "cards": "yes",
          "contactless": "yes",
          "girocard": "yes"
        }
      }
    },
    {
      "type": "Feature",
      "geometry": {
        "type": "Point",
        "coordinates": [
          13.4183768,
          51.1052971
        ]
      },
      "properties": {
        "id": "tk_snr_osm_w205182836",
        "name": "Die Durstlöscher",
        "address": {},
        "sources": [
          {
            "type": "osm",
            "id": "way/205182836",
            "version": 0
          },
          {
            "type": "gmaps",
            "id": "ChIJib-pT2l9p0cRUD3rrYPlCsE"
          }
        ],
        "created": "2026-05-29",
        "updated": "2026-08-17",
        "sources_by_field": {
          "name": "osm",
          "hours": "google",
          "payment.cards": "google"
        },
        "apple_id_attempted": "2026-08-04",
        "google_attempted": "2026-06-14",
        "hours": {
          "raw": "Tu 08:30-18:00; Th 08:30-18:00; Fr 08:30-18:00; We 08:30-18:00; Mo 08:30-18:00; Sa 08:00-12:00"
        },
        "payment": {
          "cards": "yes"
        }
      }
    },
    {
      "type": "Feature",
      "geometry": {
        "type": "Point",
        "coordinates": [
          12.5777166,
          50.8098166
        ]
      },
      "properties": {
        "id": "tk_snr_osm_w221537323",
        "name": "Getränke Donat",
        "address": {
          "street": "Am Dorfanger",
          "number": "5"
        },
        "sources": [
          {
            "type": "osm",
            "id": "way/221537323",
            "version": 0
          },
          {
            "type": "gmaps",
            "id": "ChIJ20bkbcMvp0cR5LwDT8tx0iA"
          }
        ],
        "created": "2026-05-29",
        "updated": "2026-08-17",
        "sources_by_field": {
          "name": "osm",
          "address.street": "osm",
          "address.number": "osm",
          "hours": "google",
          "payment.cards": "google",
          "payment.contactless": "google",
          "payment.girocard": "google"
        },
        "apple_id_attempted": "2026-08-04",
        "google_attempted": "2026-06-14",
        "hours": {
          "raw": "Tu 09:00-18:00; Th 09:00-18:00; Fr 09:00-18:00; We 09:00-18:00; Mo 09:00-18:30; Sa 08:00-12:00"
        },
        "payment": {
          "cards": "no",
          "contactless": "yes",
          "girocard": "yes"
        }
      }
    },
    {
      "type": "Feature",
      "geometry": {
        "type": "Point",
        "coordinates": [
          12.7860394,
          51.0576648
        ]
      },
      "properties": {
        "id": "tk_snr_osm_w229829966",
        "name": "bilgro",
        "address": {
          "street": "Geithainer Straße",
          "number": "19b",
          "postalcode": "09306",
          "city": "Rochlitz"
        },
        "sources": [
          {
            "type": "osm",
            "id": "way/229829966",
            "version": 0
          },
          {
            "type": "gmaps",
            "id": "ChIJC5YRDs8Wp0cRL8hLW6auDLY"
          }
        ],
        "created": "2026-05-29",
        "updated": "2026-06-15",
        "hours": {
          "raw": "Tu 08:30-18:00; Th 08:30-18:00; Fr 08:30-18:00; We 08:30-18:00; Mo 08:30-18:00; Sa 08:30-12:30"
        },
        "tags": [
          "barrierefrei"
        ],
        "sources_by_field": {
          "name": "osm",
          "address.street": "osm",
          "address.number": "osm",
          "address.postalcode": "osm",
          "address.city": "osm",
          "hours": "google",
          "payment.cards": "google",
          "payment.contactless": "google",
          "payment.girocard": "google"
        },
        "apple_id_attempted": "2026-08-04",
        "google_attempted": "2026-06-14",
        "payment": {
          "cards": "no",
          "contactless": "yes",
          "girocard": "yes"
        }
      }
    },
    {
      "type": "Feature",
      "geometry": {
        "type": "Point",
        "coordinates": [
          13.6644645,
          51.106053
        ]
      },
      "properties": {
        "id": "tk_snr_osm_w237911709",
        "name": "Getränkehof Flack",
        "address": {
          "street": "Hoflößnitzstraße",
          "number": "3",
          "postalcode": "01445",
          "city": "Radebeul"
        },
        "sources": [
          {
            "type": "osm",
            "id": "way/237911709",
            "version": 0
          },
          {
            "type": "gmaps",
            "id": "ChIJd-ogw9rRCUcRahmTA69mq0Y"
          }
        ],
        "created": "2026-05-29",
        "updated": "2026-08-17",
        "sources_by_field": {
          "name": "osm",
          "address.street": "osm",
          "address.number": "osm",
          "address.postalcode": "osm",
          "address.city": "osm",
          "hours": "google"
        },
        "apple_id_attempted": "2026-08-04",
        "google_attempted": "2026-07-20",
        "hours": {
          "raw": "Tu 08:00-13:00,14:00-19:00; Th 08:00-13:00,14:00-19:00; Fr 08:00-13:00,14:00-19:00; We 08:00-13:00,14:00-19:00; Mo 08:00-13:00,14:00-19:00; Sa 08:00-13:00"
        },
        "payment": {}
      }
    },
    {
      "type": "Feature",
      "geometry": {
        "type": "Point",
        "coordinates": [
          12.5547861,
          50.8333046
        ]
      },
      "properties": {
        "id": "tk_snr_osm_w239867244",
        "name": "Getränke Pohlers",
        "address": {
          "street": "Audörfel",
          "number": "23",
          "postalcode": "08371",
          "city": "Glauchau"
        },
        "sources": [
          {
            "type": "osm",
            "id": "way/239867244",
            "version": 0
          },
          {
            "type": "apple",
            "id": "5282812106353648639"
          },
          {
            "type": "gmaps",
            "id": "ChIJA3svTYEvp0cRVC9IpIZ5Fqk"
          }
        ],
        "created": "2026-05-29",
        "updated": "2026-08-17",
        "sources_by_field": {
          "name": "osm",
          "address.street": "osm",
          "address.number": "osm",
          "address.postalcode": "osm",
          "address.city": "osm",
          "hours": "apple"
        },
        "apple_attempted": "2026-08-04",
        "google_attempted": "2026-08-11",
        "hours": {
          "raw": "Mo-Fr 13:00-17:00; Sa 08:30-12:00"
        },
        "payment": {}
      }
    },
    {
      "type": "Feature",
      "geometry": {
        "type": "Point",
        "coordinates": [
          12.5521993,
          51.057621
        ]
      },
      "properties": {
        "id": "tk_snr_osm_w24489562",
        "name": "Huster",
        "address": {
          "street": "Von-Falkenstein-Straße",
          "number": "42",
          "postalcode": "04654",
          "city": "Frohburg"
        },
        "sources": [
          {
            "type": "osm",
            "id": "way/24489562",
            "version": 0
          },
          {
            "type": "gmaps",
            "id": "ChIJqRkUufKQcUER0EToDQmHr2I"
          }
        ],
        "created": "2026-05-29",
        "updated": "2026-06-15",
        "hours": {
          "raw": "Tu 08:00-18:00; Th 08:00-18:00; Fr 08:00-18:00; We 08:00-18:00; Mo 08:00-18:00; Sa 08:00-13:00"
        },
        "tags": [
          "barrierefrei"
        ],
        "sources_by_field": {
          "name": "osm",
          "address.street": "osm",
          "address.number": "osm",
          "address.postalcode": "osm",
          "address.city": "osm",
          "hours": "google",
          "payment.cards": "google",
          "payment.contactless": "google",
          "payment.girocard": "google"
        },
        "apple_id_attempted": "2026-08-04",
        "google_attempted": "2026-06-14",
        "payment": {
          "cards": "no",
          "contactless": "yes",
          "girocard": "yes"
        }
      }
    },
    {
      "type": "Feature",
      "geometry": {
        "type": "Point",
        "coordinates": [
          13.8941709,
          51.0551551
        ]
      },
      "properties": {
        "id": "tk_snr_osm_w244924796",
        "name": "Sabel Getränkehandel",
        "address": {
          "street": "Pillnitzer Straße",
          "number": "11",
          "postalcode": "01328",
          "city": "Dresden"
        },
        "sources": [
          {
            "type": "osm",
            "id": "way/244924796",
            "version": 0
          },
          {
            "type": "apple",
            "id": "17931805364355765667"
          }
        ],
        "created": "2026-05-29",
        "updated": "2026-08-17",
        "sources_by_field": {
          "name": "osm",
          "address.street": "osm",
          "address.number": "osm",
          "address.postalcode": "osm",
          "address.city": "osm",
          "hours": "apple",
          "payment.cards": "apple",
          "payment.contactless": "apple"
        },
        "apple_attempted": "2026-05-29",
        "hours": {
          "raw": "Mo-Fr 08:00-19:00; Sa 08:00-13:00"
        },
        "payment": {
          "cards": "yes",
          "contactless": "yes"
        }
      }
    },
    {
      "type": "Feature",
      "geometry": {
        "type": "Point",
        "coordinates": [
          12.4958453,
          51.1228278
        ]
      },
      "properties": {
        "id": "tk_snr_osm_w253306087",
        "name": "24/7 Büdchen",
        "address": {
          "street": "Bahnhofstraße",
          "number": "6",
          "postalcode": "04552",
          "city": "Borna"
        },
        "sources": [
          {
            "type": "osm",
            "id": "way/253306087",
            "version": 0
          },
          {
            "type": "apple",
            "id": "17233159399088198239"
          },
          {
            "type": "gmaps",
            "id": "ChIJPTY66t_jpkcRV7bI1JWwaHw"
          }
        ],
        "created": "2026-05-29",
        "updated": "2026-08-17",
        "sources_by_field": {
          "name": "osm",
          "address.street": "osm",
          "address.number": "osm",
          "address.postalcode": "osm",
          "address.city": "osm",
          "hours": "apple",
          "payment.cards": "google",
          "payment.contactless": "google",
          "payment.girocard": "google"
        },
        "apple_attempted": "2026-05-29",
        "google_attempted": "2026-06-12",
        "hours": {
          "raw": "Mo-Su 00:00-24:00"
        },
        "payment": {
          "cards": "no",
          "contactless": "yes",
          "girocard": "yes"
        }
      }
    },
    {
      "type": "Feature",
      "geometry": {
        "type": "Point",
        "coordinates": [
          13.3213242,
          50.662612
        ]
      },
      "properties": {
        "id": "tk_snr_osm_w262680486",
        "name": "Sachsenland Trinkparadies",
        "address": {
          "street": "Blumenauer Straße",
          "number": "29a",
          "postalcode": "09526",
          "city": "Olbernhau"
        },
        "sources": [
          {
            "type": "osm",
            "id": "way/262680486",
            "version": 0
          },
          {
            "type": "gmaps",
            "id": "ChIJLyEmi6b-CUcRPoH7bagQdQw"
          }
        ],
        "created": "2026-05-29",
        "updated": "2026-08-17",
        "hours": {
          "raw": "Tu 08:00-19:00; Th 08:00-19:00; Fr 08:00-19:00; We 08:00-19:00; Mo 08:00-19:00; Sa 08:00-16:00"
        },
        "sources_by_field": {
          "name": "osm",
          "address.street": "osm",
          "address.number": "osm",
          "address.postalcode": "osm",
          "address.city": "osm",
          "hours": "google",
          "payment.cards": "google",
          "payment.contactless": "google",
          "payment.girocard": "google"
        },
        "apple_id_attempted": "2026-08-04",
        "google_attempted": "2026-06-14",
        "payment": {
          "cards": "no",
          "contactless": "yes",
          "girocard": "yes"
        }
      }
    },
    {
      "type": "Feature",
      "geometry": {
        "type": "Point",
        "coordinates": [
          14.7061063,
          50.9108963
        ]
      },
      "properties": {
        "id": "tk_snr_osm_w276494024",
        "name": "Menschel - Markt",
        "address": {
          "street": "Talstraße",
          "number": "69",
          "postalcode": "02779",
          "city": "Hainewalde"
        },
        "sources": [
          {
            "type": "osm",
            "id": "way/276494024",
            "version": 0
          },
          {
            "type": "apple",
            "id": "6451068328809460750"
          },
          {
            "type": "gmaps",
            "id": "ChIJcxRgeXAXCUcREG1wtRcJvJE"
          }
        ],
        "created": "2026-05-29",
        "updated": "2026-08-17",
        "hours": {
          "raw": "Tu 10:00-13:00,14:00-17:30; Th 10:00-13:00,14:00-17:30; Fr 10:00-13:00,14:00-17:30; We 10:00-13:00,14:00-17:30; Sa 09:00-12:00"
        },
        "sources_by_field": {
          "name": "osm",
          "address.street": "osm",
          "address.number": "osm",
          "address.postalcode": "osm",
          "address.city": "osm",
          "hours": "google"
        },
        "apple_attempted": "2026-08-04",
        "google_attempted": "2026-08-11",
        "payment": {}
      }
    },
    {
      "type": "Feature",
      "geometry": {
        "type": "Point",
        "coordinates": [
          14.6132772,
          50.9551085
        ]
      },
      "properties": {
        "id": "tk_snr_osm_w279406307",
        "name": "Querxenladen",
        "address": {},
        "sources": [
          {
            "type": "osm",
            "id": "way/279406307",
            "version": 0
          },
          {
            "type": "gmaps",
            "id": "ChIJr1cPi4waCUcR6vmXQiSv8FM"
          }
        ],
        "created": "2026-05-29",
        "updated": "2026-08-17",
        "sources_by_field": {
          "name": "osm"
        },
        "apple_id_attempted": "2026-08-04",
        "google_attempted": "2026-07-20",
        "payment": {}
      }
    },
    {
      "type": "Feature",
      "geometry": {
        "type": "Point",
        "coordinates": [
          13.8101439,
          50.8921117
        ]
      },
      "properties": {
        "id": "tk_snr_osm_w283838596",
        "name": "Netto Getränke-Discount",
        "address": {
          "street": "Müglitztalstraße",
          "number": "6a",
          "postalcode": "01768",
          "city": "Glashütte",
          "district": "Schlottwitz"
        },
        "sources": [
          {
            "type": "osm",
            "id": "way/283838596",
            "version": 0
          },
          {
            "type": "gmaps",
            "id": "ChIJndIWsti_CUcRnXWchAoEhaI"
          }
        ],
        "created": "2026-05-29",
        "updated": "2026-06-15",
        "hours": {
          "raw": "Tu 08:00-20:00; Th 08:00-20:00; Fr 08:00-20:00; We 08:00-20:00; Mo 08:00-20:00; Sa 08:00-20:00"
        },
        "tags": [
          "barrierefrei"
        ],
        "sources_by_field": {
          "name": "osm",
          "address.street": "osm",
          "address.number": "osm",
          "address.postalcode": "osm",
          "address.city": "osm",
          "address.district": "osm",
          "hours": "google",
          "payment.cards": "google",
          "payment.contactless": "google",
          "payment.girocard": "google"
        },
        "apple_id_attempted": "2026-08-04",
        "google_attempted": "2026-06-14",
        "payment": {
          "cards": "no",
          "contactless": "yes",
          "girocard": "yes"
        }
      }
    },
    {
      "type": "Feature",
      "geometry": {
        "type": "Point",
        "coordinates": [
          12.5203751,
          50.6278674
        ]
      },
      "properties": {
        "id": "tk_snr_osm_w292098430",
        "name": "Getränke Weck",
        "address": {
          "street": "Bahnhofstraße",
          "number": "34",
          "postalcode": "08107",
          "city": "Kirchberg"
        },
        "sources": [
          {
            "type": "osm",
            "id": "way/292098430",
            "version": 0
          },
          {
            "type": "gmaps",
            "id": "ChIJr8yjzYPNoEcRBlJpv44C99U"
          }
        ],
        "created": "2026-05-29",
        "updated": "2026-08-17",
        "sources_by_field": {
          "name": "osm",
          "address.street": "osm",
          "address.number": "osm",
          "address.postalcode": "osm",
          "address.city": "osm",
          "hours": "google",
          "payment.cards": "google",
          "payment.girocard": "google"
        },
        "apple_id_attempted": "2026-08-04",
        "google_attempted": "2026-06-14",
        "hours": {
          "raw": "Tu 09:00-17:00; Th 09:00-17:00; Fr 09:00-17:00; We 09:00-17:00; Mo 09:00-17:00; Sa 08:00-12:00"
        },
        "payment": {
          "cards": "yes",
          "girocard": "yes"
        }
      }
    },
    {
      "type": "Feature",
      "geometry": {
        "type": "Point",
        "coordinates": [
          14.6588167,
          51.0532
        ]
      },
      "properties": {
        "id": "tk_snr_osm_w326826841",
        "name": "A.M. Schulze",
        "address": {
          "street": "An der Aue",
          "number": "8",
          "postalcode": "02708",
          "city": "Kottmar",
          "district": "Niedercunnersdorf"
        },
        "sources": [
          {
            "type": "osm",
            "id": "way/326826841",
            "version": 0
          },
          {
            "type": "gmaps",
            "id": "ChIJITcqIf0cCUcRed1DMpVJIG0"
          }
        ],
        "created": "2026-05-29",
        "updated": "2026-08-17",
        "sources_by_field": {
          "name": "osm",
          "address.street": "osm",
          "address.number": "osm",
          "address.postalcode": "osm",
          "address.city": "osm",
          "address.district": "osm",
          "hours": "google",
          "payment.cards": "google",
          "payment.contactless": "google",
          "payment.girocard": "google"
        },
        "apple_id_attempted": "2026-08-04",
        "google_attempted": "2026-06-14",
        "hours": {
          "raw": "Tu 08:30-12:00,14:30-18:00; Th 08:30-12:00,14:30-18:00; Fr 08:00-18:00; We 08:30-12:00,14:30-18:00; Mo 08:30-12:00,14:30-18:00; Sa 08:30-12:00"
        },
        "payment": {
          "cards": "yes",
          "contactless": "yes",
          "girocard": "yes"
        }
      }
    },
    {
      "type": "Feature",
      "geometry": {
        "type": "Point",
        "coordinates": [
          13.0751245,
          50.6540581
        ]
      },
      "properties": {
        "id": "tk_snr_osm_w338540814",
        "name": "Sachsenland Fruchtquell GmbH",
        "address": {
          "street": "Marienberger Straße",
          "number": "57"
        },
        "sources": [
          {
            "type": "osm",
            "id": "way/338540814",
            "version": 0
          },
          {
            "type": "apple",
            "id": "3786985823532095535"
          }
        ],
        "created": "2026-05-29",
        "updated": "2026-08-17",
        "sources_by_field": {
          "name": "osm",
          "address.street": "osm",
          "address.number": "osm",
          "hours": "apple",
          "payment.cards": "apple",
          "payment.contactless": "apple"
        },
        "apple_attempted": "2026-05-29",
        "hours": {
          "raw": "Mo-Fr 09:00-19:00; Sa 08:00-12:00"
        },
        "payment": {
          "cards": "yes",
          "contactless": "yes"
        }
      }
    },
    {
      "type": "Feature",
      "geometry": {
        "type": "Point",
        "coordinates": [
          13.3327027,
          50.9122071
        ]
      },
      "properties": {
        "id": "tk_snr_osm_w400040639",
        "name": "Getränkehandel und Service Rühle",
        "address": {
          "street": "Obergasse",
          "number": "5",
          "postalcode": "09599",
          "city": "Freiberg"
        },
        "sources": [
          {
            "type": "osm",
            "id": "way/400040639",
            "version": 0
          },
          {
            "type": "gmaps",
            "id": "ChIJ7UOcF_tfp0cRJ9s-ZADjz7I"
          }
        ],
        "created": "2026-05-29",
        "updated": "2026-08-17",
        "hours": {
          "raw": "Tu 14:00-20:00; Th 14:00-20:00; Fr 14:00-20:00; We 14:00-20:00; Mo 14:00-20:00; Sa 10:00-21:00"
        },
        "sources_by_field": {
          "name": "osm",
          "address.street": "osm",
          "address.number": "osm",
          "address.postalcode": "osm",
          "address.city": "osm",
          "hours": "google",
          "payment.cards": "google",
          "payment.contactless": "google",
          "payment.girocard": "google"
        },
        "apple_id_attempted": "2026-08-04",
        "google_attempted": "2026-06-14",
        "payment": {
          "cards": "no",
          "contactless": "yes",
          "girocard": "yes"
        }
      }
    },
    {
      "type": "Feature",
      "geometry": {
        "type": "Point",
        "coordinates": [
          12.494587,
          50.7230493
        ]
      },
      "properties": {
        "id": "tk_snr_osm_w499665744",
        "name": "Fleischerei Wrobel",
        "address": {},
        "sources": [
          {
            "type": "osm",
            "id": "way/499665744",
            "version": 0
          },
          {
            "type": "gmaps",
            "id": "ChIJF_iMflMsp0cRN8aOjuNhA7M"
          }
        ],
        "created": "2026-05-29",
        "updated": "2026-08-17",
        "hours": {
          "raw": "Tu 08:00-17:00; Th 08:00-17:00; Fr 08:00-17:00; We 08:00-17:00; Mo 08:00-17:00"
        },
        "tags": [
          "barrierefrei"
        ],
        "sources_by_field": {
          "name": "osm",
          "hours": "google",
          "payment.cards": "google"
        },
        "apple_id_attempted": "2026-08-04",
        "google_attempted": "2026-06-14",
        "payment": {
          "cards": "yes"
        }
      }
    },
    {
      "type": "Feature",
      "geometry": {
        "type": "Point",
        "coordinates": [
          12.4946483,
          50.7228652
        ]
      },
      "properties": {
        "id": "tk_snr_osm_w499665746",
        "name": "Asia-City",
        "address": {},
        "sources": [
          {
            "type": "osm",
            "id": "way/499665746",
            "version": 0
          },
          {
            "type": "gmaps",
            "id": "ChIJFamJSUUtp0cR4EY150ABhkE"
          }
        ],
        "created": "2026-05-29",
        "updated": "2026-08-17",
        "hours": {
          "raw": "Tu 10:00-19:30; Th 10:00-19:30; Fr 10:00-19:30; We 10:00-19:30; Mo 10:00-19:30; Sa 10:00-16:00"
        },
        "tags": [
          "barrierefrei"
        ],
        "sources_by_field": {
          "name": "osm",
          "hours": "google"
        },
        "apple_id_attempted": "2026-08-04",
        "google_attempted": "2026-07-20",
        "payment": {}
      }
    },
    {
      "type": "Feature",
      "geometry": {
        "type": "Point",
        "coordinates": [
          13.6665129,
          50.9862887
        ]
      },
      "properties": {
        "id": "tk_snr_osm_w516647489",
        "name": "Getränkehandel Mierisch e.K.",
        "address": {},
        "sources": [
          {
            "type": "osm",
            "id": "way/516647489",
            "version": 0
          },
          {
            "type": "apple",
            "id": "15426358825005175748"
          }
        ],
        "created": "2026-05-29",
        "updated": "2026-08-17",
        "hours": {
          "raw": "Mo-Fr 09:00-18:00; Sa 09:00-13:00"
        },
        "sources_by_field": {
          "name": "osm",
          "hours": "apple",
          "payment.cards": "apple",
          "payment.contactless": "apple"
        },
        "apple_attempted": "2026-05-29",
        "payment": {
          "cards": "yes",
          "contactless": "yes"
        }
      }
    },
    {
      "type": "Feature",
      "geometry": {
        "type": "Point",
        "coordinates": [
          14.103276,
          51.2857654
        ]
      },
      "properties": {
        "id": "tk_snr_osm_w53802684",
        "name": "GetränkePartner",
        "address": {
          "street": "Siedlungsweg",
          "number": "18a",
          "postalcode": "01917",
          "city": "Kamenz"
        },
        "sources": [
          {
            "type": "osm",
            "id": "way/53802684",
            "version": 0
          },
          {
            "type": "gmaps",
            "id": "ChIJO8e02yJJCEcRZCNYO9HP7Ls"
          }
        ],
        "created": "2026-05-29",
        "updated": "2026-08-17",
        "sources_by_field": {
          "name": "osm",
          "address.street": "osm",
          "address.number": "osm",
          "address.postalcode": "osm",
          "address.city": "osm",
          "hours": "google",
          "payment.cards": "google",
          "payment.contactless": "google",
          "payment.girocard": "google"
        },
        "apple_id_attempted": "2026-08-04",
        "google_attempted": "2026-06-14",
        "hours": {
          "raw": "Tu 09:00-18:00; Th 09:00-18:00; Fr 09:00-18:00; We 09:00-18:00; Mo 09:00-18:00; Sa 09:00-13:00"
        },
        "payment": {
          "cards": "no",
          "contactless": "yes",
          "girocard": "yes"
        }
      }
    },
    {
      "type": "Feature",
      "geometry": {
        "type": "Point",
        "coordinates": [
          13.955673,
          50.8182687
        ]
      },
      "properties": {
        "id": "tk_snr_osm_w541929528",
        "name": "Scholz Getränke Fachgroßhandel",
        "address": {
          "street": "Grenzlandstraße",
          "number": "29",
          "postalcode": "01816",
          "city": "Bad Gottleuba-Berggießhübel",
          "district": "Hellendorf"
        },
        "sources": [
          {
            "type": "osm",
            "id": "way/541929528",
            "version": 0
          },
          {
            "type": "apple",
            "id": "15374257404809198634"
          }
        ],
        "created": "2026-05-29",
        "updated": "2026-08-17",
        "hours": {
          "raw": "Mo-Fr 08:00-16:00"
        },
        "sources_by_field": {
          "name": "osm",
          "address.street": "osm",
          "address.number": "osm",
          "address.postalcode": "osm",
          "address.city": "osm",
          "address.district": "osm",
          "hours": "apple",
          "payment.cards": "apple",
          "payment.contactless": "apple"
        },
        "apple_attempted": "2026-05-29",
        "payment": {
          "cards": "yes",
          "contactless": "yes"
        }
      }
    },
    {
      "type": "Feature",
      "geometry": {
        "type": "Point",
        "coordinates": [
          14.3933075,
          51.2120137
        ]
      },
      "properties": {
        "id": "tk_snr_osm_w542758130",
        "name": "KAWESO",
        "address": {},
        "sources": [
          {
            "type": "osm",
            "id": "way/542758130",
            "version": 0
          },
          {
            "type": "apple",
            "id": "16756381450843062839"
          }
        ],
        "created": "2026-05-29",
        "updated": "2026-08-17",
        "sources_by_field": {
          "name": "osm",
          "hours": "apple",
          "payment.cards": "apple",
          "payment.contactless": "apple"
        },
        "apple_attempted": "2026-05-29",
        "hours": {
          "raw": "Mo-Fr 08:00-18:00; Sa 08:00-12:00"
        },
        "payment": {
          "cards": "yes",
          "contactless": "yes"
        }
      }
    },
    {
      "type": "Feature",
      "geometry": {
        "type": "Point",
        "coordinates": [
          13.3035305,
          51.024147
        ]
      },
      "properties": {
        "id": "tk_snr_osm_w60393259",
        "name": "Huster Getränke",
        "address": {
          "street": "Weststraße",
          "number": "57",
          "postalcode": "09603",
          "city": "Großschirma"
        },
        "sources": [
          {
            "type": "osm",
            "id": "way/60393259",
            "version": 0
          },
          {
            "type": "gmaps",
            "id": "ChIJB46n-Otjp0cRY2kHmxgWbSs"
          }
        ],
        "created": "2026-05-29",
        "updated": "2026-08-17",
        "sources_by_field": {
          "name": "osm",
          "address.street": "osm",
          "address.number": "osm",
          "address.postalcode": "osm",
          "address.city": "osm",
          "hours": "google",
          "payment.cards": "google",
          "payment.contactless": "google",
          "payment.girocard": "google"
        },
        "apple_id_attempted": "2026-08-04",
        "google_attempted": "2026-06-14",
        "hours": {
          "raw": "Tu 08:30-18:30; Th 08:30-18:30; Fr 08:30-18:30; We 08:30-18:30; Mo 08:30-18:30; Sa 08:30-14:00"
        },
        "payment": {
          "cards": "no",
          "contactless": "yes",
          "girocard": "yes"
        }
      }
    },
    {
      "type": "Feature",
      "geometry": {
        "type": "Point",
        "coordinates": [
          12.4849886,
          50.7461557
        ]
      },
      "properties": {
        "id": "tk_snr_osm_w604643399",
        "name": "Kießlings Imbiss",
        "address": {},
        "sources": [
          {
            "type": "osm",
            "id": "way/604643399",
            "version": 0
          },
          {
            "type": "apple",
            "id": "15492521868428406755"
          },
          {
            "type": "gmaps",
            "id": "ChIJuxWHEzwsp0cRcOyob1KPbZg"
          }
        ],
        "created": "2026-05-29",
        "updated": "2026-08-17",
        "hours": {
          "raw": "Tu 10:30-18:30; Th 10:30-18:30; Fr 10:30-18:30; We 10:30-18:30; Mo 10:30-18:30; Sa 10:30-16:00"
        },
        "tags": [
          "barrierefrei"
        ],
        "sources_by_field": {
          "name": "osm",
          "hours": "google"
        },
        "apple_attempted": "2026-08-04",
        "google_attempted": "2026-08-11",
        "payment": {}
      }
    },
    {
      "type": "Feature",
      "geometry": {
        "type": "Point",
        "coordinates": [
          13.1168281,
          50.8560173
        ]
      },
      "properties": {
        "id": "tk_snr_osm_w69000407",
        "name": "Zur Freibank",
        "address": {
          "street": "Ernst-Thälmann-Straße",
          "number": "28",
          "postalcode": "09557",
          "city": "Flöha",
          "district": "Falkenau"
        },
        "sources": [
          {
            "type": "osm",
            "id": "way/69000407",
            "version": 0
          },
          {
            "type": "apple",
            "id": "3254005890761124848"
          },
          {
            "type": "gmaps",
            "id": "ChIJDzTFG2Fbp0cRqnR80HTfses"
          }
        ],
        "created": "2026-05-29",
        "updated": "2026-08-17",
        "hours": {
          "raw": "Mo-Fr 09:00-18:00; Sa 09:00-14:00; Su 09:00-13:00"
        },
        "sources_by_field": {
          "name": "osm",
          "address.street": "osm",
          "address.number": "osm",
          "address.postalcode": "osm",
          "address.city": "osm",
          "address.district": "osm",
          "hours": "osm",
          "payment.cards": "google",
          "payment.girocard": "google"
        },
        "apple_attempted": "2026-05-29",
        "google_attempted": "2026-06-12",
        "payment": {
          "cards": "yes",
          "girocard": "yes"
        }
      }
    },
    {
      "type": "Feature",
      "geometry": {
        "type": "Point",
        "coordinates": [
          12.8156793,
          50.6276816
        ]
      },
      "properties": {
        "id": "tk_snr_osm_w774682394",
        "name": "Brauereigasthof Zwönitz",
        "address": {},
        "sources": [
          {
            "type": "osm",
            "id": "way/774682394",
            "version": 0
          },
          {
            "type": "apple",
            "id": "8595667900832355555"
          }
        ],
        "created": "2026-05-29",
        "updated": "2026-08-17",
        "sources_by_field": {
          "name": "osm",
          "hours": "apple",
          "payment.cards": "apple",
          "payment.contactless": "apple"
        },
        "apple_attempted": "2026-05-29",
        "hours": {
          "raw": "Su 10:00-17:00; Mo-Fr 10:00-18:00; Sa 10:00-14:00"
        },
        "payment": {
          "cards": "yes",
          "contactless": "yes"
        }
      }
    },
    {
      "type": "Feature",
      "geometry": {
        "type": "Point",
        "coordinates": [
          13.6043007,
          51.1059569
        ]
      },
      "properties": {
        "id": "tk_snr_osm_w79857961",
        "name": "HFS Getränke GmbH",
        "address": {
          "street": "Niederwarthaer Straße",
          "number": "14",
          "postalcode": "01445",
          "city": "Radebeul"
        },
        "sources": [
          {
            "type": "osm",
            "id": "way/79857961",
            "version": 0
          },
          {
            "type": "gmaps",
            "id": "ChIJH6JgowTRCUcRoqRemcsx0lM"
          }
        ],
        "created": "2026-05-29",
        "updated": "2026-08-17",
        "hours": {
          "raw": "Tu 08:00-16:30; Th 08:00-16:30; Fr 08:00-16:30; We 08:00-16:30; Mo 08:00-16:30"
        },
        "sources_by_field": {
          "name": "osm",
          "address.street": "osm",
          "address.number": "osm",
          "address.postalcode": "osm",
          "address.city": "osm",
          "hours": "google"
        },
        "apple_id_attempted": "2026-08-04",
        "google_attempted": "2026-07-20",
        "payment": {}
      }
    },
    {
      "type": "Feature",
      "geometry": {
        "type": "Point",
        "coordinates": [
          13.3087623,
          51.0296498
        ]
      },
      "properties": {
        "id": "tk_snr_osm_w88543071",
        "name": "Obstkelterei Kurt Heide",
        "address": {
          "street": "Markt",
          "number": "18",
          "postalcode": "09603",
          "city": "Großschirma",
          "district": "Siebenlehn"
        },
        "sources": [
          {
            "type": "osm",
            "id": "way/88543071",
            "version": 0
          },
          {
            "type": "apple",
            "id": "12066737098046857643"
          }
        ],
        "created": "2026-05-29",
        "updated": "2026-08-17",
        "hours": {
          "raw": "Mo-Fr 07:00-18:00; Sa 09:00-12:00"
        },
        "tags": [
          "barrierefrei"
        ],
        "sources_by_field": {
          "name": "osm",
          "address.street": "osm",
          "address.number": "osm",
          "address.postalcode": "osm",
          "address.city": "osm",
          "address.district": "osm",
          "hours": "apple",
          "payment.cards": "apple",
          "payment.contactless": "apple"
        },
        "apple_attempted": "2026-05-29",
        "payment": {
          "cards": "yes",
          "contactless": "yes"
        }
      }
    },
    {
      "type": "Feature",
      "geometry": {
        "type": "Point",
        "coordinates": [
          12.7483905,
          51.3647155
        ]
      },
      "properties": {
        "id": "tk_snr_osm_w89058736",
        "name": "Huster Getränke",
        "address": {
          "street": "Dresdener Straße",
          "number": "54",
          "postalcode": "04808",
          "city": "Wurzen"
        },
        "sources": [
          {
            "type": "osm",
            "id": "way/89058736",
            "version": 0
          },
          {
            "type": "gmaps",
            "id": "ChIJ90e9t5ypp0cRsVIXa2McjK4"
          }
        ],
        "created": "2026-05-29",
        "updated": "2026-08-17",
        "hours": {
          "raw": "Tu 08:30-18:00; Th 08:30-18:00; Fr 08:30-18:00; We 08:30-18:00; Mo 08:30-18:00; Sa 08:00-13:00"
        },
        "tags": [
          "barrierefrei"
        ],
        "sources_by_field": {
          "name": "osm",
          "address.street": "osm",
          "address.number": "osm",
          "address.postalcode": "osm",
          "address.city": "osm",
          "hours": "google",
          "payment.cards": "google",
          "payment.contactless": "google",
          "payment.girocard": "google"
        },
        "apple_id_attempted": "2026-08-04",
        "google_attempted": "2026-06-14",
        "payment": {
          "cards": "no",
          "contactless": "yes",
          "girocard": "yes"
        }
      }
    },
    {
      "type": "Feature",
      "geometry": {
        "type": "Point",
        "coordinates": [
          12.7970002,
          51.051445
        ]
      },
      "properties": {
        "id": "tk_snr_osm_w96001682",
        "name": "Sachsenland Trinkparadies",
        "address": {
          "street": "Bismarckstraße",
          "number": "26",
          "postalcode": "09306",
          "city": "Rochlitz"
        },
        "sources": [
          {
            "type": "osm",
            "id": "way/96001682",
            "version": 0
          },
          {
            "type": "gmaps",
            "id": "ChIJ-yWY-7gWp0cRpXpQH7m8pTY"
          }
        ],
        "created": "2026-05-29",
        "updated": "2026-08-17",
        "hours": {
          "raw": "Mo-Fr 09:00-18:00; Sa 09:00-14:00; Su off"
        },
        "tags": [
          "barrierefrei"
        ],
        "sources_by_field": {
          "name": "osm",
          "address.street": "osm",
          "address.number": "osm",
          "address.postalcode": "osm",
          "address.city": "osm",
          "hours": "osm",
          "payment.cards": "google",
          "payment.contactless": "google",
          "payment.girocard": "google"
        },
        "apple_id_attempted": "2026-08-04",
        "google_attempted": "2026-06-14",
        "payment": {
          "cards": "no",
          "contactless": "yes",
          "girocard": "yes"
        }
      }
    },
    {
      "type": "Feature",
      "geometry": {
        "type": "Point",
        "coordinates": [
          12.4817151,
          51.3350751
        ]
      },
      "properties": {
        "id": "tk_snr_osm_w96692877",
        "name": "Löschdepot",
        "address": {
          "street": "Schulweg",
          "number": "1",
          "postalcode": "04319",
          "city": "Leipzig"
        },
        "sources": [
          {
            "type": "osm",
            "id": "way/96692877",
            "version": 0
          },
          {
            "type": "gmaps",
            "id": "ChIJtTthO7X4pkcR39lE2bvfzA0"
          }
        ],
        "created": "2026-05-29",
        "updated": "2026-08-17",
        "sources_by_field": {
          "name": "osm",
          "address.street": "osm",
          "address.number": "osm",
          "address.postalcode": "osm",
          "address.city": "osm",
          "hours": "google",
          "payment.cards": "google",
          "payment.contactless": "google",
          "payment.girocard": "google"
        },
        "apple_id_attempted": "2026-08-04",
        "google_attempted": "2026-06-14",
        "hours": {
          "raw": "Tu 08:00-19:00; Th 08:00-19:00; Fr 08:00-19:00; We 08:00-19:00; Mo 08:00-19:00; Sa 08:00-14:00"
        },
        "payment": {
          "cards": "yes",
          "contactless": "yes",
          "girocard": "yes"
        }
      }
    },
    {
      "type": "Feature",
      "geometry": {
        "type": "Point",
        "coordinates": [
          12.4846739,
          51.3416182
        ]
      },
      "properties": {
        "id": "tk_snr_osm_w96943687",
        "name": "Getränke Welt",
        "address": {
          "street": "Hugo-Aurig-Straße",
          "number": "7e"
        },
        "sources": [
          {
            "type": "osm",
            "id": "way/96943687",
            "version": 0
          },
          {
            "type": "gmaps",
            "id": "ChIJ_42JX7L4pkcRkex_gC2a_oQ"
          }
        ],
        "created": "2026-05-29",
        "updated": "2026-08-17",
        "hours": {
          "raw": "Tu 08:00-19:00; Th 08:00-19:00; Fr 08:00-19:00; We 08:00-19:00; Mo 08:00-19:00; Sa 08:00-16:00"
        },
        "sources_by_field": {
          "name": "osm",
          "address.street": "osm",
          "address.number": "osm",
          "hours": "google",
          "payment.cards": "google",
          "payment.contactless": "google",
          "payment.girocard": "google"
        },
        "apple_id_attempted": "2026-08-04",
        "google_attempted": "2026-06-14",
        "payment": {
          "cards": "no",
          "contactless": "yes",
          "girocard": "yes"
        }
      }
    },
    {
      "type": "Feature",
      "geometry": {
        "type": "Point",
        "coordinates": [
          14.7840495,
          51.3940299
        ]
      },
      "properties": {
        "id": "tk_snr_osm_n10103519275",
        "name": "Getränkevertrieb Neißeland",
        "address": {
          "street": "Görlitzer Straße",
          "number": "18",
          "postalcode": "02956",
          "city": "Rietschen"
        },
        "sources": [
          {
            "type": "osm",
            "id": "node/10103519275",
            "version": 0
          }
        ],
        "created": "2026-05-29",
        "updated": "2026-08-17",
        "hours": {
          "raw": "Mo-Fr 08:00-18:00; Sa 08:00-12:00; PH off"
        },
        "tags": [
          "barrierefrei"
        ],
        "sources_by_field": {
          "name": "osm",
          "address.street": "osm",
          "address.number": "osm",
          "address.postalcode": "osm",
          "address.city": "osm",
          "hours": "osm"
        },
        "apple_id_attempted": "2026-08-04",
        "google_attempted": "2026-08-04",
        "payment": {}
      }
    },
    {
      "type": "Feature",
      "geometry": {
        "type": "Point",
        "coordinates": [
          13.6795316,
          51.061431
        ]
      },
      "properties": {
        "id": "tk_snr_osm_n10110790645",
        "name": "LTS Presseshops",
        "address": {
          "street": "Warthaer Straße",
          "number": "8",
          "postalcode": "01157",
          "city": "Dresden"
        },
        "sources": [
          {
            "type": "osm",
            "id": "node/10110790645",
            "version": 0
          }
        ],
        "created": "2026-05-29",
        "updated": "2026-08-17",
        "hours": {
          "raw": "Mo-Fr 09:00-13:15,14:00-18:00; Sa 09:00-12:00"
        },
        "sources_by_field": {
          "name": "osm",
          "address.street": "osm",
          "address.number": "osm",
          "address.postalcode": "osm",
          "address.city": "osm",
          "hours": "osm"
        },
        "apple_id_attempted": "2026-08-04",
        "google_attempted": "2026-08-04",
        "payment": {}
      }
    },
    {
      "type": "Feature",
      "geometry": {
        "type": "Point",
        "coordinates": [
          12.8065763,
          51.3281034
        ]
      },
      "properties": {
        "id": "tk_snr_osm_n1070526403",
        "name": "Getränkehandel Schipke",
        "address": {},
        "sources": [
          {
            "type": "osm",
            "id": "node/1070526403",
            "version": 0
          }
        ],
        "created": "2026-05-29",
        "updated": "2026-08-17",
        "hours": {
          "raw": "Mo,Fr 16:30-19:00;We 18:00-19:30;Sa,Su 09:30-12:00"
        },
        "sources_by_field": {
          "name": "osm",
          "hours": "osm"
        },
        "apple_id_attempted": "2026-08-04",
        "google_attempted": "2026-08-04",
        "payment": {}
      }
    },
    {
      "type": "Feature",
      "geometry": {
        "type": "Point",
        "coordinates": [
          12.692857,
          50.5799032
        ]
      },
      "properties": {
        "id": "tk_snr_osm_n10931137685",
        "name": "Heiloo Getränke",
        "address": {},
        "sources": [
          {
            "type": "osm",
            "id": "node/10931137685",
            "version": 0
          }
        ],
        "created": "2026-05-29",
        "updated": "2026-08-17",
        "hours": {
          "raw": "Mo-Fr 08:00-18:00; Sa 09:00-12:00"
        },
        "sources_by_field": {
          "name": "osm",
          "hours": "osm"
        },
        "apple_id_attempted": "2026-08-04",
        "google_attempted": "2026-08-04",
        "payment": {}
      }
    },
    {
      "type": "Feature",
      "geometry": {
        "type": "Point",
        "coordinates": [
          14.5142342,
          51.0950226
        ]
      },
      "properties": {
        "id": "tk_snr_osm_n10988964088",
        "name": "Bad-Kiosk",
        "address": {
          "street": "Am Sportzentrum",
          "number": "11",
          "postalcode": "02733",
          "city": "Cunewalde"
        },
        "sources": [
          {
            "type": "osm",
            "id": "node/10988964088",
            "version": 0
          }
        ],
        "created": "2026-05-29",
        "updated": "2026-08-17",
        "sources_by_field": {
          "name": "osm",
          "address.street": "osm",
          "address.number": "osm",
          "address.postalcode": "osm",
          "address.city": "osm"
        },
        "apple_id_attempted": "2026-08-04",
        "google_attempted": "2026-08-04",
        "payment": {}
      }
    },
    {
      "type": "Feature",
      "geometry": {
        "type": "Point",
        "coordinates": [
          14.4475218,
          51.2660209
        ]
      },
      "properties": {
        "id": "tk_snr_osm_n11010585081",
        "name": "Piraten Kiosk",
        "address": {},
        "sources": [
          {
            "type": "osm",
            "id": "node/11010585081",
            "version": 0
          }
        ],
        "created": "2026-05-29",
        "updated": "2026-08-17",
        "sources_by_field": {
          "name": "osm"
        },
        "apple_id_attempted": "2026-08-04",
        "google_attempted": "2026-08-04",
        "payment": {}
      }
    },
    {
      "type": "Feature",
      "geometry": {
        "type": "Point",
        "coordinates": [
          13.3404032,
          51.3355282
        ]
      },
      "properties": {
        "id": "tk_snr_osm_n1104854582",
        "name": "DGS-Markt",
        "address": {
          "street": "Teninger Straße",
          "number": "1",
          "postalcode": "01619",
          "city": "Zeithain"
        },
        "sources": [
          {
            "type": "osm",
            "id": "node/1104854582",
            "version": 0
          }
        ],
        "created": "2026-05-29",
        "updated": "2026-08-17",
        "tags": [
          "barrierefrei"
        ],
        "sources_by_field": {
          "name": "osm",
          "address.street": "osm",
          "address.number": "osm",
          "address.postalcode": "osm",
          "address.city": "osm"
        },
        "apple_id_attempted": "2026-08-04",
        "google_attempted": "2026-08-04",
        "payment": {}
      }
    },
    {
      "type": "Feature",
      "geometry": {
        "type": "Point",
        "coordinates": [
          14.0733478,
          50.9368262
        ]
      },
      "properties": {
        "id": "tk_snr_osm_n11083631619",
        "name": "Laden, Getränke, Snacks, Routenplaner",
        "address": {},
        "sources": [
          {
            "type": "osm",
            "id": "node/11083631619",
            "version": 0
          }
        ],
        "created": "2026-05-29",
        "updated": "2026-08-17",
        "sources_by_field": {
          "name": "osm"
        },
        "apple_id_attempted": "2026-08-04",
        "google_attempted": "2026-08-04",
        "payment": {}
      }
    },
    {
      "type": "Feature",
      "geometry": {
        "type": "Point",
        "coordinates": [
          12.7898347,
          51.2732435
        ]
      },
      "properties": {
        "id": "tk_snr_osm_n11093304290",
        "name": "L.E. Getränkehandel + Dienstleistung Hermes Paketshop",
        "address": {},
        "sources": [
          {
            "type": "osm",
            "id": "node/11093304290",
            "version": 0
          }
        ],
        "created": "2026-05-29",
        "updated": "2026-08-17",
        "hours": {
          "raw": "Mo-Fr 08:00-18:00; Sa 08:00-12:30"
        },
        "sources_by_field": {
          "name": "osm",
          "hours": "osm"
        },
        "apple_id_attempted": "2026-08-04",
        "google_attempted": "2026-08-04",
        "payment": {}
      }
    },
    {
      "type": "Feature",
      "geometry": {
        "type": "Point",
        "coordinates": [
          12.7275849,
          50.7998718
        ]
      },
      "properties": {
        "id": "tk_snr_osm_n11494644910",
        "name": "Kiosk",
        "address": {
          "street": "Heinrich-Heine-Straße",
          "number": "1a",
          "postalcode": "09337",
          "city": "Hohenstein-Ernstthal"
        },
        "sources": [
          {
            "type": "osm",
            "id": "node/11494644910",
            "version": 0
          }
        ],
        "created": "2026-05-29",
        "updated": "2026-08-17",
        "sources_by_field": {
          "name": "osm",
          "address.street": "osm",
          "address.number": "osm",
          "address.postalcode": "osm",
          "address.city": "osm"
        },
        "apple_id_attempted": "2026-08-04",
        "google_attempted": "2026-08-04",
        "payment": {}
      }
    },
    {
      "type": "Feature",
      "geometry": {
        "type": "Point",
        "coordinates": [
          14.0066522,
          51.0917568
        ]
      },
      "properties": {
        "id": "tk_snr_osm_n1180961541",
        "name": "Saftladen",
        "address": {},
        "sources": [
          {
            "type": "osm",
            "id": "node/1180961541",
            "version": 0
          }
        ],
        "created": "2026-05-29",
        "updated": "2026-08-17",
        "hours": {
          "raw": "Mo-Fr 09:00-19:00"
        },
        "sources_by_field": {
          "name": "osm",
          "hours": "osm"
        },
        "apple_id_attempted": "2026-08-04",
        "google_attempted": "2026-08-04",
        "payment": {}
      }
    },
    {
      "type": "Feature",
      "geometry": {
        "type": "Point",
        "coordinates": [
          12.4864982,
          51.1179802
        ]
      },
      "properties": {
        "id": "tk_snr_osm_n11910193061",
        "name": "Naosk Asia Kiosk",
        "address": {
          "street": "Bahnhofstraße",
          "number": "451",
          "postalcode": "04552",
          "city": "Borna"
        },
        "sources": [
          {
            "type": "osm",
            "id": "node/11910193061",
            "version": 0
          }
        ],
        "created": "2026-08-17",
        "updated": "2026-08-17",
        "hours": {
          "raw": "Mo-Fr 07:00-18:00; Sa,Su,PH 10:00-15:00"
        },
        "tags": [
          "barrierefrei"
        ],
        "sources_by_field": {
          "name": "osm",
          "address.street": "osm",
          "address.number": "osm",
          "address.postalcode": "osm",
          "address.city": "osm",
          "hours": "osm"
        }
      }
    },
    {
      "type": "Feature",
      "geometry": {
        "type": "Point",
        "coordinates": [
          13.3818278,
          51.3009853
        ]
      },
      "properties": {
        "id": "tk_snr_osm_n11998656354",
        "name": "Getränke Dietrich",
        "address": {},
        "sources": [
          {
            "type": "osm",
            "id": "node/11998656354",
            "version": 0
          }
        ],
        "created": "2026-05-29",
        "updated": "2026-08-17",
        "hours": {
          "raw": "Mo-Fr 09:00-18:00; Sa 09:00-14:00; PH off"
        },
        "payment": {
          "cash": "unknown",
          "cards": "yes",
          "contactless": "unknown",
          "girocard": "unknown"
        },
        "tags": [
          "barrierefrei"
        ],
        "sources_by_field": {
          "name": "osm",
          "hours": "osm",
          "payment.cash": "osm",
          "payment.cards": "osm",
          "payment.contactless": "osm",
          "payment.girocard": "osm"
        },
        "apple_id_attempted": "2026-08-04"
      }
    },
    {
      "type": "Feature",
      "geometry": {
        "type": "Point",
        "coordinates": [
          12.4782021,
          51.3480601
        ]
      },
      "properties": {
        "id": "tk_snr_osm_n12076741914",
        "name": "Box",
        "address": {},
        "sources": [
          {
            "type": "osm",
            "id": "node/12076741914",
            "version": 0
          }
        ],
        "created": "2026-05-29",
        "updated": "2026-08-17",
        "sources_by_field": {
          "name": "osm"
        },
        "apple_id_attempted": "2026-08-04",
        "google_attempted": "2026-08-04",
        "payment": {}
      }
    },
    {
      "type": "Feature",
      "geometry": {
        "type": "Point",
        "coordinates": [
          12.7101346,
          50.5944028
        ]
      },
      "properties": {
        "id": "tk_snr_osm_n12402108697",
        "name": "Getränkewelt",
        "address": {},
        "sources": [
          {
            "type": "osm",
            "id": "node/12402108697",
            "version": 0
          }
        ],
        "created": "2026-05-29",
        "updated": "2026-08-17",
        "sources_by_field": {
          "name": "osm"
        },
        "apple_id_attempted": "2026-08-04",
        "google_attempted": "2026-08-04",
        "payment": {}
      }
    },
    {
      "type": "Feature",
      "geometry": {
        "type": "Point",
        "coordinates": [
          14.317131,
          51.372782
        ]
      },
      "properties": {
        "id": "tk_snr_osm_n12478575009",
        "name": "Sunshine-Park",
        "address": {},
        "sources": [
          {
            "type": "osm",
            "id": "node/12478575009",
            "version": 0
          }
        ],
        "created": "2026-05-29",
        "updated": "2026-08-17",
        "sources_by_field": {
          "name": "osm"
        },
        "apple_id_attempted": "2026-08-04",
        "google_attempted": "2026-08-04",
        "payment": {}
      }
    },
    {
      "type": "Feature",
      "geometry": {
        "type": "Point",
        "coordinates": [
          13.2403455,
          50.8031493
        ]
      },
      "properties": {
        "id": "tk_snr_osm_n1248547893",
        "name": "Getränkehandel",
        "address": {},
        "sources": [
          {
            "type": "osm",
            "id": "node/1248547893",
            "version": 0
          }
        ],
        "created": "2026-05-29",
        "updated": "2026-08-17",
        "sources_by_field": {
          "name": "osm"
        },
        "apple_id_attempted": "2026-08-04",
        "google_attempted": "2026-08-04",
        "payment": {}
      }
    },
    {
      "type": "Feature",
      "geometry": {
        "type": "Point",
        "coordinates": [
          14.2686085,
          51.4482301
        ]
      },
      "properties": {
        "id": "tk_snr_osm_n12641124376",
        "name": "Netto Getränke-Discount",
        "address": {
          "street": "Liselotte-Herrmann-Straße",
          "number": "90",
          "postalcode": "02977",
          "city": "Hoyerswerda"
        },
        "sources": [
          {
            "type": "osm",
            "id": "node/12641124376",
            "version": 0
          }
        ],
        "created": "2026-05-29",
        "updated": "2026-06-15",
        "hours": {
          "raw": "Mo-Sa 08:00-20:00"
        },
        "sources_by_field": {
          "name": "osm",
          "address.street": "osm",
          "address.number": "osm",
          "address.postalcode": "osm",
          "address.city": "osm",
          "hours": "osm"
        },
        "apple_id_attempted": "2026-08-04",
        "google_attempted": "2026-08-04",
        "payment": {},
        "osm_removed": true
      }
    },
    {
      "type": "Feature",
      "geometry": {
        "type": "Point",
        "coordinates": [
          12.7242877,
          50.8896643
        ]
      },
      "properties": {
        "id": "tk_snr_osm_n1278314130",
        "name": "Wagner",
        "address": {},
        "sources": [
          {
            "type": "osm",
            "id": "node/1278314130",
            "version": 0
          }
        ],
        "created": "2026-05-29",
        "updated": "2026-07-27",
        "sources_by_field": {
          "name": "osm"
        },
        "apple_id_attempted": "2026-08-04",
        "google_attempted": "2026-08-04",
        "payment": {},
        "osm_removed": true
      }
    },
    {
      "type": "Feature",
      "geometry": {
        "type": "Point",
        "coordinates": [
          12.7055458,
          51.3604949
        ]
      },
      "properties": {
        "id": "tk_snr_osm_n12851575025",
        "name": "Löschdepot",
        "address": {
          "street": "Eschenring",
          "number": "1",
          "postalcode": "04828",
          "city": "Bennewitz"
        },
        "sources": [
          {
            "type": "osm",
            "id": "node/12851575025",
            "version": 0
          }
        ],
        "created": "2026-05-29",
        "updated": "2026-08-17",
        "hours": {
          "raw": "Mo-Fr 08:00-19:00; Sa 08:00-14:00; Su,PH off"
        },
        "tags": [
          "barrierefrei"
        ],
        "sources_by_field": {
          "name": "osm",
          "address.street": "osm",
          "address.number": "osm",
          "address.postalcode": "osm",
          "address.city": "osm",
          "hours": "osm"
        },
        "apple_id_attempted": "2026-08-04",
        "google_attempted": "2026-08-04",
        "payment": {}
      }
    },
    {
      "type": "Feature",
      "geometry": {
        "type": "Point",
        "coordinates": [
          13.8440807,
          51.0026048
        ]
      },
      "properties": {
        "id": "tk_snr_osm_n1293245936",
        "name": "Getränkegutshof Scholz",
        "address": {},
        "sources": [
          {
            "type": "osm",
            "id": "node/1293245936",
            "version": 0
          }
        ],
        "created": "2026-05-29",
        "updated": "2026-08-17",
        "sources_by_field": {
          "name": "osm"
        },
        "apple_id_attempted": "2026-08-04",
        "google_attempted": "2026-08-04",
        "payment": {}
      }
    },
    {
      "type": "Feature",
      "geometry": {
        "type": "Point",
        "coordinates": [
          12.4527437,
          50.3562721
        ]
      },
      "properties": {
        "id": "tk_snr_osm_n1297434745",
        "name": "Getränkehandel Meinel",
        "address": {},
        "sources": [
          {
            "type": "osm",
            "id": "node/1297434745",
            "version": 0
          }
        ],
        "created": "2026-05-29",
        "updated": "2026-08-17",
        "hours": {
          "raw": "Mo-Fr 10:00-16:00; Sa 08:30-13:00"
        },
        "payment": {
          "cash": "yes",
          "cards": "yes",
          "contactless": "unknown",
          "girocard": "unknown"
        },
        "sources_by_field": {
          "name": "osm",
          "hours": "osm",
          "payment.cash": "osm",
          "payment.cards": "osm",
          "payment.contactless": "osm",
          "payment.girocard": "osm"
        },
        "apple_id_attempted": "2026-08-04"
      }
    },
    {
      "type": "Feature",
      "geometry": {
        "type": "Point",
        "coordinates": [
          14.4362867,
          51.1721048
        ]
      },
      "properties": {
        "id": "tk_snr_osm_n130197634",
        "name": "JET",
        "address": {},
        "sources": [
          {
            "type": "osm",
            "id": "node/130197634",
            "version": 0
          }
        ],
        "created": "2026-05-29",
        "updated": "2026-08-17",
        "hours": {
          "raw": "Mo-Fr 05:00-23:00; Sa-Su 06:00-23:00"
        },
        "tags": [
          "barrierefrei"
        ],
        "sources_by_field": {
          "name": "osm",
          "hours": "osm"
        },
        "apple_id_attempted": "2026-08-04",
        "google_attempted": "2026-08-04",
        "payment": {}
      }
    },
    {
      "type": "Feature",
      "geometry": {
        "type": "Point",
        "coordinates": [
          12.971931,
          51.5638238
        ]
      },
      "properties": {
        "id": "tk_snr_osm_n1322128316",
        "name": "Getränkewelt",
        "address": {},
        "sources": [
          {
            "type": "osm",
            "id": "node/1322128316",
            "version": 0
          }
        ],
        "created": "2026-05-29",
        "updated": "2026-06-15",
        "hours": {
          "raw": "Mo-Fr 09:00-20:00; Sa 09:00-18:00"
        },
        "sources_by_field": {
          "name": "osm",
          "hours": "osm"
        },
        "apple_id_attempted": "2026-08-04",
        "google_attempted": "2026-08-04",
        "payment": {},
        "osm_removed": true
      }
    },
    {
      "type": "Feature",
      "geometry": {
        "type": "Point",
        "coordinates": [
          14.5294773,
          51.535641
        ]
      },
      "properties": {
        "id": "tk_snr_osm_n13740434460",
        "name": "GDS",
        "address": {},
        "sources": [
          {
            "type": "osm",
            "id": "node/13740434460",
            "version": 0
          }
        ],
        "created": "2026-05-29",
        "updated": "2026-08-17",
        "hours": {
          "raw": "Mo-We 09:00-12:00, 14:00-18:00; Th, Fr 09:00-18:00; Sa 09:00-12:00"
        },
        "sources_by_field": {
          "name": "osm",
          "hours": "osm"
        },
        "apple_id_attempted": "2026-08-04",
        "google_attempted": "2026-08-11",
        "payment": {}
      }
    },
    {
      "type": "Feature",
      "geometry": {
        "type": "Point",
        "coordinates": [
          14.805621,
          50.9041723
        ]
      },
      "properties": {
        "id": "tk_snr_osm_n13865631979",
        "name": "Bahnhofsbüdchen",
        "address": {},
        "sources": [
          {
            "type": "osm",
            "id": "node/13865631979",
            "version": 0
          }
        ],
        "created": "2026-05-29",
        "updated": "2026-08-17",
        "hours": {
          "raw": "Tu-Fr 07:00-18:00; Sa-Su 09:00-17:00; PH 09:00-15:00"
        },
        "sources_by_field": {
          "name": "osm",
          "hours": "osm"
        },
        "apple_id_attempted": "2026-08-04",
        "google_attempted": "2026-08-11",
        "payment": {}
      }
    },
    {
      "type": "Feature",
      "geometry": {
        "type": "Point",
        "coordinates": [
          13.6661591,
          51.2262501
        ]
      },
      "properties": {
        "id": "tk_snr_osm_n1388710133",
        "name": "Ingrid's Getränkeladen",
        "address": {
          "street": "Am Fiebich",
          "number": "17",
          "postalcode": "01561",
          "city": "Ebersbach"
        },
        "sources": [
          {
            "type": "osm",
            "id": "node/1388710133",
            "version": 0
          }
        ],
        "created": "2026-05-29",
        "updated": "2026-08-17",
        "sources_by_field": {
          "name": "osm",
          "address.street": "osm",
          "address.number": "osm",
          "address.postalcode": "osm",
          "address.city": "osm"
        },
        "apple_id_attempted": "2026-08-04",
        "google_attempted": "2026-08-11",
        "payment": {}
      }
    },
    {
      "type": "Feature",
      "geometry": {
        "type": "Point",
        "coordinates": [
          14.5249081,
          51.237843
        ]
      },
      "properties": {
        "id": "tk_snr_osm_n13899258491",
        "name": "Einkaufsroller",
        "address": {},
        "sources": [
          {
            "type": "osm",
            "id": "node/13899258491",
            "version": 0
          }
        ],
        "created": "2026-06-01",
        "updated": "2026-08-17",
        "sources_by_field": {
          "name": "osm"
        },
        "apple_id_attempted": "2026-08-11",
        "google_attempted": "2026-07-20",
        "payment": {}
      }
    },
    {
      "type": "Feature",
      "geometry": {
        "type": "Point",
        "coordinates": [
          14.031711,
          50.9542559
        ]
      },
      "properties": {
        "id": "tk_snr_osm_n13974322101",
        "name": "Proviantomat - Lebensmittelautomat",
        "address": {
          "street": "Saarstraße",
          "number": "75",
          "postalcode": "01829"
        },
        "sources": [
          {
            "type": "osm",
            "id": "node/13974322101",
            "version": 0
          }
        ],
        "created": "2026-07-06",
        "updated": "2026-08-17",
        "hours": {
          "raw": "24/7"
        },
        "sources_by_field": {
          "name": "osm",
          "address.street": "osm",
          "address.number": "osm",
          "address.postalcode": "osm",
          "hours": "osm"
        },
        "apple_id_attempted": "2026-08-11",
        "google_attempted": "2026-07-12",
        "payment": {}
      }
    },
    {
      "type": "Feature",
      "geometry": {
        "type": "Point",
        "coordinates": [
          12.6045564,
          50.5749067
        ]
      },
      "properties": {
        "id": "tk_snr_osm_n13982225437",
        "name": "KiEZ-Kiosk \"Maxe\"",
        "address": {},
        "sources": [
          {
            "type": "osm",
            "id": "node/13982225437",
            "version": 0
          }
        ],
        "created": "2026-07-06",
        "updated": "2026-08-17",
        "hours": {
          "raw": "\"Es gibt einen wöchentlichen Aushang der Öffnungszeiten\""
        },
        "sources_by_field": {
          "name": "osm",
          "hours": "osm"
        },
        "apple_id_attempted": "2026-08-11",
        "google_attempted": "2026-07-12",
        "payment": {}
      }
    },
    {
      "type": "Feature",
      "geometry": {
        "type": "Point",
        "coordinates": [
          14.0336126,
          50.9569666
        ]
      },
      "properties": {
        "id": "tk_snr_osm_n13986208301",
        "name": "Lebensmittelautomat vom Milchhof Fiedler",
        "address": {
          "street": "Markt",
          "number": "7"
        },
        "sources": [
          {
            "type": "osm",
            "id": "node/13986208301",
            "version": 0
          }
        ],
        "created": "2026-07-06",
        "updated": "2026-08-17",
        "hours": {
          "raw": "24/7"
        },
        "sources_by_field": {
          "name": "osm",
          "address.street": "osm",
          "address.number": "osm",
          "hours": "osm"
        },
        "apple_id_attempted": "2026-08-11",
        "google_attempted": "2026-07-12",
        "payment": {}
      }
    },
    {
      "type": "Feature",
      "geometry": {
        "type": "Point",
        "coordinates": [
          13.4846666,
          50.7928427
        ]
      },
      "properties": {
        "id": "tk_snr_osm_n14089080307",
        "name": "Kiosk Moin!",
        "address": {
          "street": "Bergstraße",
          "number": "54a",
          "postalcode": "09623",
          "city": "Frauenstein",
          "district": "Dittersbach"
        },
        "sources": [
          {
            "type": "osm",
            "id": "node/14089080307",
            "version": 0
          }
        ],
        "created": "2026-08-17",
        "updated": "2026-08-17",
        "hours": {
          "raw": "May-Aug: Sa, Su 14:00-17:00"
        },
        "sources_by_field": {
          "name": "osm",
          "address.street": "osm",
          "address.number": "osm",
          "address.postalcode": "osm",
          "address.city": "osm",
          "address.district": "osm",
          "hours": "osm"
        }
      }
    },
    {
      "type": "Feature",
      "geometry": {
        "type": "Point",
        "coordinates": [
          13.4948292,
          51.2884566
        ]
      },
      "properties": {
        "id": "tk_snr_osm_n1430774369",
        "name": "Getränke-Paradies",
        "address": {
          "street": "Riesaer Straße",
          "number": "50"
        },
        "sources": [
          {
            "type": "osm",
            "id": "node/1430774369",
            "version": 0
          }
        ],
        "created": "2026-05-29",
        "updated": "2026-08-17",
        "sources_by_field": {
          "name": "osm",
          "address.street": "osm",
          "address.number": "osm"
        },
        "apple_id_attempted": "2026-08-04",
        "google_attempted": "2026-08-11",
        "payment": {}
      }
    },
    {
      "type": "Feature",
      "geometry": {
        "type": "Point",
        "coordinates": [
          13.9288657,
          50.9624056
        ]
      },
      "properties": {
        "id": "tk_snr_osm_n1555380142",
        "name": "Eckert",
        "address": {},
        "sources": [
          {
            "type": "osm",
            "id": "node/1555380142",
            "version": 0
          }
        ],
        "created": "2026-05-29",
        "updated": "2026-08-17",
        "hours": {
          "raw": "Mo-Fr 05:00-19:30; Sa 07:00-17:00; Su 08:30-18:00"
        },
        "tags": [
          "barrierefrei"
        ],
        "sources_by_field": {
          "name": "osm",
          "hours": "osm"
        },
        "apple_id_attempted": "2026-08-04",
        "google_attempted": "2026-08-11",
        "payment": {}
      }
    },
    {
      "type": "Feature",
      "geometry": {
        "type": "Point",
        "coordinates": [
          12.4477436,
          50.8396788
        ]
      },
      "properties": {
        "id": "tk_snr_osm_n1704325201",
        "name": "Getränkewelt",
        "address": {
          "street": "Guteborner Allee",
          "number": "3",
          "postalcode": "08393",
          "city": "Meerane"
        },
        "sources": [
          {
            "type": "osm",
            "id": "node/1704325201",
            "version": 0
          }
        ],
        "created": "2026-05-29",
        "updated": "2026-06-15",
        "hours": {
          "raw": "Mo-Fr 08:00-19:00; Sa 08:00-14:00; Su,PH off"
        },
        "tags": [
          "barrierefrei"
        ],
        "sources_by_field": {
          "name": "osm",
          "address.street": "osm",
          "address.number": "osm",
          "address.postalcode": "osm",
          "address.city": "osm",
          "hours": "osm"
        },
        "apple_id_attempted": "2026-08-04",
        "google_attempted": "2026-08-11",
        "payment": {},
        "osm_removed": true
      }
    },
    {
      "type": "Feature",
      "geometry": {
        "type": "Point",
        "coordinates": [
          13.7616301,
          51.0171885
        ]
      },
      "properties": {
        "id": "tk_snr_osm_n1728854527",
        "name": "Getränkehandel Mierisch",
        "address": {
          "street": "Zschertnitzer Straße",
          "number": "51",
          "postalcode": "01219",
          "city": "Dresden",
          "district": "Leubnitz"
        },
        "sources": [
          {
            "type": "osm",
            "id": "node/1728854527",
            "version": 0
          }
        ],
        "created": "2026-05-29",
        "updated": "2026-08-17",
        "hours": {
          "raw": "Mo,Tu,Th,Fr 09:30-18:30; Sa 09:00-13:00"
        },
        "sources_by_field": {
          "name": "osm",
          "address.street": "osm",
          "address.number": "osm",
          "address.postalcode": "osm",
          "address.city": "osm",
          "address.district": "osm",
          "hours": "osm"
        },
        "apple_id_attempted": "2026-08-04",
        "google_attempted": "2026-08-11",
        "payment": {}
      }
    },
    {
      "type": "Feature",
      "geometry": {
        "type": "Point",
        "coordinates": [
          14.7111592,
          51.5489949
        ]
      },
      "properties": {
        "id": "tk_snr_osm_n1771663197",
        "name": "Böckelbart mein Getränkerevier",
        "address": {
          "street": "Gablenzer Straße",
          "number": "12",
          "postalcode": "02953",
          "city": "Bad Muskau"
        },
        "sources": [
          {
            "type": "osm",
            "id": "node/1771663197",
            "version": 0
          }
        ],
        "created": "2026-05-29",
        "updated": "2026-08-17",
        "hours": {
          "raw": "Mo-Fr 09:00-18:00, Sa 08:00-13:00; PH off"
        },
        "sources_by_field": {
          "name": "osm",
          "address.street": "osm",
          "address.number": "osm",
          "address.postalcode": "osm",
          "address.city": "osm",
          "hours": "osm"
        },
        "apple_id_attempted": "2026-08-04",
        "google_attempted": "2026-08-11",
        "payment": {}
      }
    },
    {
      "type": "Feature",
      "geometry": {
        "type": "Point",
        "coordinates": [
          12.5463266,
          50.683662
        ]
      },
      "properties": {
        "id": "tk_snr_osm_n1791348376",
        "name": "Huster",
        "address": {
          "number": "13",
          "postalcode": "08141",
          "city": "Reinsdorf",
          "district": "Vielau"
        },
        "sources": [
          {
            "type": "osm",
            "id": "node/1791348376",
            "version": 0
          }
        ],
        "created": "2026-05-29",
        "updated": "2026-08-17",
        "hours": {
          "raw": "Mo-Fr 08:00-18:00; Sa 08:00-14:00"
        },
        "tags": [
          "barrierefrei"
        ],
        "sources_by_field": {
          "name": "osm",
          "address.number": "osm",
          "address.postalcode": "osm",
          "address.city": "osm",
          "address.district": "osm",
          "hours": "osm"
        },
        "apple_id_attempted": "2026-08-04",
        "google_attempted": "2026-08-11",
        "payment": {}
      }
    },
    {
      "type": "Feature",
      "geometry": {
        "type": "Point",
        "coordinates": [
          14.0549713,
          50.9189038
        ]
      },
      "properties": {
        "id": "tk_snr_osm_n1855447265",
        "name": "Kasse Festung Königstein",
        "address": {},
        "sources": [
          {
            "type": "osm",
            "id": "node/1855447265",
            "version": 0
          }
        ],
        "created": "2026-05-29",
        "updated": "2026-08-17",
        "hours": {
          "raw": "Mo-Su,PH 09:00-18:00"
        },
        "tags": [
          "barrierefrei"
        ],
        "sources_by_field": {
          "name": "osm",
          "hours": "osm"
        },
        "apple_id_attempted": "2026-08-04",
        "google_attempted": "2026-08-11",
        "payment": {}
      }
    },
    {
      "type": "Feature",
      "geometry": {
        "type": "Point",
        "coordinates": [
          12.371166,
          50.7100039
        ]
      },
      "properties": {
        "id": "tk_snr_osm_n2062119923",
        "name": "Heller",
        "address": {},
        "sources": [
          {
            "type": "osm",
            "id": "node/2062119923",
            "version": 0
          }
        ],
        "created": "2026-05-29",
        "updated": "2026-08-17",
        "sources_by_field": {
          "name": "osm"
        },
        "apple_id_attempted": "2026-08-04",
        "google_attempted": "2026-08-11",
        "payment": {}
      }
    },
    {
      "type": "Feature",
      "geometry": {
        "type": "Point",
        "coordinates": [
          12.7477346,
          50.7425409
        ]
      },
      "properties": {
        "id": "tk_snr_osm_n2141373537",
        "name": "Getränkewelt",
        "address": {
          "street": "Chemnitzer Straße",
          "number": "1",
          "postalcode": "09385",
          "city": "Lugau"
        },
        "sources": [
          {
            "type": "osm",
            "id": "node/2141373537",
            "version": 0
          }
        ],
        "created": "2026-05-29",
        "updated": "2026-06-15",
        "hours": {
          "raw": "Mo-Fr 08:00-20:00; Sa 08:00-18:00; Su,PH off"
        },
        "tags": [
          "barrierefrei"
        ],
        "sources_by_field": {
          "name": "osm",
          "address.street": "osm",
          "address.number": "osm",
          "address.postalcode": "osm",
          "address.city": "osm",
          "hours": "osm"
        },
        "apple_id_attempted": "2026-08-04",
        "google_attempted": "2026-08-11",
        "payment": {},
        "osm_removed": true
      }
    },
    {
      "type": "Feature",
      "geometry": {
        "type": "Point",
        "coordinates": [
          14.2451153,
          50.9681162
        ]
      },
      "properties": {
        "id": "tk_snr_osm_n2246799916",
        "name": "Getränkefachmarkt",
        "address": {
          "street": "Hohnsteiner Straße",
          "number": "3A",
          "postalcode": "01855",
          "city": "Sebnitz"
        },
        "sources": [
          {
            "type": "osm",
            "id": "node/2246799916",
            "version": 0
          }
        ],
        "created": "2026-05-29",
        "updated": "2026-06-15",
        "sources_by_field": {
          "name": "osm",
          "address.street": "osm",
          "address.number": "osm",
          "address.postalcode": "osm",
          "address.city": "osm"
        },
        "apple_id_attempted": "2026-08-04",
        "google_attempted": "2026-08-11",
        "payment": {},
        "osm_removed": true
      }
    },
    {
      "type": "Feature",
      "geometry": {
        "type": "Point",
        "coordinates": [
          12.4769683,
          50.7152707
        ]
      },
      "properties": {
        "id": "tk_snr_osm_n2255147159",
        "name": "ServiceStore DB",
        "address": {
          "street": "Am Bahnhof",
          "number": "1",
          "postalcode": "08056",
          "city": "Zwickau",
          "district": "Bahnhofsvorstadt"
        },
        "sources": [
          {
            "type": "osm",
            "id": "node/2255147159",
            "version": 0
          }
        ],
        "created": "2026-05-29",
        "updated": "2026-08-17",
        "hours": {
          "raw": "Mo-Fr 05:30-19:00; Sa 07:00-18:00; Su 08:00-19:00"
        },
        "tags": [
          "barrierefrei"
        ],
        "sources_by_field": {
          "name": "osm",
          "address.street": "osm",
          "address.number": "osm",
          "address.postalcode": "osm",
          "address.city": "osm",
          "address.district": "osm",
          "hours": "osm"
        },
        "apple_id_attempted": "2026-08-04",
        "google_attempted": "2026-08-11",
        "payment": {}
      }
    },
    {
      "type": "Feature",
      "geometry": {
        "type": "Point",
        "coordinates": [
          13.6229478,
          50.9767943
        ]
      },
      "properties": {
        "id": "tk_snr_osm_n2267908899",
        "name": "Getränke Herrmann",
        "address": {},
        "sources": [
          {
            "type": "osm",
            "id": "node/2267908899",
            "version": 0
          }
        ],
        "created": "2026-05-29",
        "updated": "2026-08-17",
        "sources_by_field": {
          "name": "osm"
        },
        "apple_id_attempted": "2026-08-04",
        "google_attempted": "2026-08-11",
        "payment": {}
      }
    },
    {
      "type": "Feature",
      "geometry": {
        "type": "Point",
        "coordinates": [
          13.1163675,
          50.9798561
        ]
      },
      "properties": {
        "id": "tk_snr_osm_n2317282415",
        "name": "Getränke Kern",
        "address": {},
        "sources": [
          {
            "type": "osm",
            "id": "node/2317282415",
            "version": 0
          }
        ],
        "created": "2026-05-29",
        "updated": "2026-08-17",
        "sources_by_field": {
          "name": "osm"
        },
        "apple_id_attempted": "2026-08-04",
        "google_attempted": "2026-08-11",
        "payment": {}
      }
    },
    {
      "type": "Feature",
      "geometry": {
        "type": "Point",
        "coordinates": [
          14.4801594,
          51.096825
        ]
      },
      "properties": {
        "id": "tk_snr_osm_n2321318517",
        "name": "Getränke & Geschenke",
        "address": {
          "street": "Oberlausitzer Straße",
          "number": "14",
          "postalcode": "02733",
          "city": "Cunewalde"
        },
        "sources": [
          {
            "type": "osm",
            "id": "node/2321318517",
            "version": 0
          }
        ],
        "created": "2026-05-29",
        "updated": "2026-08-17",
        "hours": {
          "raw": "Tu-Fr 10:00-12:30,13:00-17:00; Sa 08:00-12:00; PH off"
        },
        "tags": [
          "barrierefrei"
        ],
        "sources_by_field": {
          "name": "osm",
          "address.street": "osm",
          "address.number": "osm",
          "address.postalcode": "osm",
          "address.city": "osm",
          "hours": "osm"
        },
        "apple_id_attempted": "2026-08-04",
        "google_attempted": "2026-08-11",
        "payment": {}
      }
    },
    {
      "type": "Feature",
      "geometry": {
        "type": "Point",
        "coordinates": [
          13.7045738,
          51.0181276
        ]
      },
      "properties": {
        "id": "tk_snr_osm_n2383007317",
        "name": "Elisabeth",
        "address": {},
        "sources": [
          {
            "type": "osm",
            "id": "node/2383007317",
            "version": 0
          }
        ],
        "created": "2026-05-29",
        "updated": "2026-08-17",
        "hours": {
          "raw": "Mo 14:00-18:00; Tu-Fr 09:00-13:00,14:00-18:00; Sa 09:00-12:00"
        },
        "sources_by_field": {
          "name": "osm",
          "hours": "osm"
        },
        "apple_id_attempted": "2026-08-04",
        "google_attempted": "2026-08-11",
        "payment": {}
      }
    },
    {
      "type": "Feature",
      "geometry": {
        "type": "Point",
        "coordinates": [
          13.2994623,
          51.2983073
        ]
      },
      "properties": {
        "id": "tk_snr_osm_n2399334884",
        "name": "Getränkewelt",
        "address": {
          "street": "Pausitzer Straße",
          "number": "36",
          "postalcode": "01589",
          "city": "Riesa"
        },
        "sources": [
          {
            "type": "osm",
            "id": "node/2399334884",
            "version": 0
          }
        ],
        "created": "2026-05-29",
        "updated": "2026-06-15",
        "hours": {
          "raw": "Mo-Fr 08:00-19:00; Sa 08:00-13:00"
        },
        "tags": [
          "barrierefrei"
        ],
        "sources_by_field": {
          "name": "osm",
          "address.street": "osm",
          "address.number": "osm",
          "address.postalcode": "osm",
          "address.city": "osm",
          "hours": "osm"
        },
        "apple_id_attempted": "2026-08-04",
        "google_attempted": "2026-08-11",
        "payment": {},
        "osm_removed": true
      }
    },
    {
      "type": "Feature",
      "geometry": {
        "type": "Point",
        "coordinates": [
          13.4077647,
          50.9813178
        ]
      },
      "properties": {
        "id": "tk_snr_osm_n2405999466",
        "name": "Getränkehandel Ranft",
        "address": {},
        "sources": [
          {
            "type": "osm",
            "id": "node/2405999466",
            "version": 0
          }
        ],
        "created": "2026-05-29",
        "updated": "2026-08-17",
        "sources_by_field": {
          "name": "osm"
        },
        "apple_id_attempted": "2026-08-04",
        "google_attempted": "2026-08-11",
        "payment": {}
      }
    },
    {
      "type": "Feature",
      "geometry": {
        "type": "Point",
        "coordinates": [
          13.7600069,
          50.7632131
        ]
      },
      "properties": {
        "id": "tk_snr_osm_n2424615246",
        "name": "Biergroßhandlung Grießbach",
        "address": {
          "street": "Bachstraße",
          "number": "3",
          "postalcode": "01773",
          "city": "Altenberg"
        },
        "sources": [
          {
            "type": "osm",
            "id": "node/2424615246",
            "version": 0
          }
        ],
        "created": "2026-05-29",
        "updated": "2026-08-17",
        "hours": {
          "raw": "Mo-Fr 08:00-18:00; Sa 09:00-12:00"
        },
        "sources_by_field": {
          "name": "osm",
          "address.street": "osm",
          "address.number": "osm",
          "address.postalcode": "osm",
          "address.city": "osm",
          "hours": "osm"
        },
        "apple_id_attempted": "2026-08-04",
        "google_attempted": "2026-08-11",
        "payment": {}
      }
    },
    {
      "type": "Feature",
      "geometry": {
        "type": "Point",
        "coordinates": [
          13.7635736,
          51.001568
        ]
      },
      "properties": {
        "id": "tk_snr_osm_n2496217363",
        "name": "Getränkewelt",
        "address": {
          "street": "Goppelner Straße",
          "number": "44"
        },
        "sources": [
          {
            "type": "osm",
            "id": "node/2496217363",
            "version": 0
          }
        ],
        "created": "2026-05-29",
        "updated": "2026-06-15",
        "hours": {
          "raw": "Mo-Fr 09:00-18:00; Sa 08:00-12:00"
        },
        "tags": [
          "barrierefrei"
        ],
        "sources_by_field": {
          "name": "osm",
          "address.street": "osm",
          "address.number": "osm",
          "hours": "osm"
        },
        "apple_id_attempted": "2026-08-04",
        "google_attempted": "2026-08-11",
        "payment": {},
        "osm_removed": true
      }
    },
    {
      "type": "Feature",
      "geometry": {
        "type": "Point",
        "coordinates": [
          13.1894942,
          50.8688556
        ]
      },
      "properties": {
        "id": "tk_snr_osm_n255569755",
        "name": "BFT Tankstelle Oederan Die Schneider Gruppe GmbH",
        "address": {
          "street": "Ringstraße",
          "number": "2",
          "postalcode": "09569",
          "city": "Oederan"
        },
        "sources": [
          {
            "type": "osm",
            "id": "node/255569755",
            "version": 0
          }
        ],
        "created": "2026-05-29",
        "updated": "2026-08-17",
        "hours": {
          "raw": "Mo-Fr 06:00-21:00; Sa 07:00-21:00; Su 08:00-21:00"
        },
        "payment": {
          "cash": "yes",
          "cards": "unknown",
          "contactless": "unknown",
          "girocard": "unknown"
        },
        "sources_by_field": {
          "name": "osm",
          "address.street": "osm",
          "address.number": "osm",
          "address.postalcode": "osm",
          "address.city": "osm",
          "hours": "osm",
          "payment.cash": "osm",
          "payment.cards": "osm",
          "payment.contactless": "osm",
          "payment.girocard": "osm"
        },
        "apple_id_attempted": "2026-08-04"
      }
    },
    {
      "type": "Feature",
      "geometry": {
        "type": "Point",
        "coordinates": [
          13.0976537,
          50.5083007
        ]
      },
      "properties": {
        "id": "tk_snr_osm_n2583923122",
        "name": "Getränkeshop Bahnhofseck",
        "address": {
          "street": "Äußere Bahnhofstraße",
          "number": "22"
        },
        "sources": [
          {
            "type": "osm",
            "id": "node/2583923122",
            "version": 0
          }
        ],
        "created": "2026-05-29",
        "updated": "2026-08-17",
        "sources_by_field": {
          "name": "osm",
          "address.street": "osm",
          "address.number": "osm"
        },
        "apple_id_attempted": "2026-08-04",
        "google_attempted": "2026-08-11",
        "payment": {}
      }
    },
    {
      "type": "Feature",
      "geometry": {
        "type": "Point",
        "coordinates": [
          12.6619975,
          50.7361102
        ]
      },
      "properties": {
        "id": "tk_snr_osm_n267777973",
        "name": "Getränkehandel Bruno Meichsner",
        "address": {},
        "sources": [
          {
            "type": "osm",
            "id": "node/267777973",
            "version": 0
          }
        ],
        "created": "2026-05-29",
        "updated": "2026-08-17",
        "sources_by_field": {
          "name": "osm"
        },
        "apple_id_attempted": "2026-08-04",
        "google_attempted": "2026-08-11",
        "payment": {}
      }
    },
    {
      "type": "Feature",
      "geometry": {
        "type": "Point",
        "coordinates": [
          12.7556533,
          50.5561408
        ]
      },
      "properties": {
        "id": "tk_snr_osm_n269306364",
        "name": "Q1",
        "address": {},
        "sources": [
          {
            "type": "osm",
            "id": "node/269306364",
            "version": 0
          }
        ],
        "created": "2026-05-29",
        "updated": "2026-08-17",
        "sources_by_field": {
          "name": "osm"
        },
        "payment": {}
      }
    },
    {
      "type": "Feature",
      "geometry": {
        "type": "Point",
        "coordinates": [
          13.3511978,
          50.9206293
        ]
      },
      "properties": {
        "id": "tk_snr_osm_n2792786940",
        "name": "Kiosk",
        "address": {},
        "sources": [
          {
            "type": "osm",
            "id": "node/2792786940",
            "version": 0
          }
        ],
        "created": "2026-05-29",
        "updated": "2026-08-17",
        "hours": {
          "raw": "Mo-Fr 07:30-18:00; Sa-Su 09:00-17:30; PH 09:00-17:30"
        },
        "tags": [
          "barrierefrei"
        ],
        "sources_by_field": {
          "name": "osm",
          "hours": "osm"
        },
        "apple_id_attempted": "2026-08-04",
        "google_attempted": "2026-08-11",
        "payment": {}
      }
    },
    {
      "type": "Feature",
      "geometry": {
        "type": "Point",
        "coordinates": [
          12.3716238,
          50.7077079
        ]
      },
      "properties": {
        "id": "tk_snr_osm_n2801357709",
        "name": "Getränke-Welt",
        "address": {},
        "sources": [
          {
            "type": "osm",
            "id": "node/2801357709",
            "version": 0
          }
        ],
        "created": "2026-05-29",
        "updated": "2026-08-17",
        "sources_by_field": {
          "name": "osm"
        },
        "apple_id_attempted": "2026-08-04",
        "google_attempted": "2026-08-11",
        "payment": {}
      }
    },
    {
      "type": "Feature",
      "geometry": {
        "type": "Point",
        "coordinates": [
          13.6775682,
          50.8804888
        ]
      },
      "properties": {
        "id": "tk_snr_osm_n2827697842",
        "name": "Getränkehandel Günter Bräuer",
        "address": {
          "street": "Ulberndorfer Straße",
          "number": "5",
          "postalcode": "01744",
          "city": "Dippoldiswalde"
        },
        "sources": [
          {
            "type": "osm",
            "id": "node/2827697842",
            "version": 0
          }
        ],
        "created": "2026-05-29",
        "updated": "2026-08-17",
        "sources_by_field": {
          "name": "osm",
          "address.street": "osm",
          "address.number": "osm",
          "address.postalcode": "osm",
          "address.city": "osm"
        },
        "apple_id_attempted": "2026-08-04",
        "google_attempted": "2026-08-11",
        "payment": {}
      }
    },
    {
      "type": "Feature",
      "geometry": {
        "type": "Point",
        "coordinates": [
          13.3462369,
          50.9150107
        ]
      },
      "properties": {
        "id": "tk_snr_osm_n2836241867",
        "name": "Spirituosen Roethling",
        "address": {
          "street": "Poststraße",
          "number": "2",
          "postalcode": "09599",
          "city": "Freiberg"
        },
        "sources": [
          {
            "type": "osm",
            "id": "node/2836241867",
            "version": 0
          }
        ],
        "created": "2026-05-29",
        "updated": "2026-08-17",
        "hours": {
          "raw": "Mo-Fr 09:00-13:00, Sa 09:00-12:00, Mo-Fr 14:00-18:00"
        },
        "sources_by_field": {
          "name": "osm",
          "address.street": "osm",
          "address.number": "osm",
          "address.postalcode": "osm",
          "address.city": "osm",
          "hours": "osm"
        },
        "apple_id_attempted": "2026-08-04",
        "google_attempted": "2026-08-11",
        "payment": {}
      }
    },
    {
      "type": "Feature",
      "geometry": {
        "type": "Point",
        "coordinates": [
          13.107371,
          51.1227546
        ]
      },
      "properties": {
        "id": "tk_snr_osm_n3070242015",
        "name": "Sachsenland Trinkparadies",
        "address": {
          "street": "Schlachthofstraße",
          "number": "2",
          "postalcode": "04720",
          "city": "Döbeln"
        },
        "sources": [
          {
            "type": "osm",
            "id": "node/3070242015",
            "version": 0
          }
        ],
        "created": "2026-05-29",
        "updated": "2026-08-17",
        "hours": {
          "raw": "Mo-Sa 08:00-20:00"
        },
        "tags": [
          "barrierefrei"
        ],
        "sources_by_field": {
          "name": "osm",
          "address.street": "osm",
          "address.number": "osm",
          "address.postalcode": "osm",
          "address.city": "osm",
          "hours": "osm"
        },
        "apple_id_attempted": "2026-08-04",
        "google_attempted": "2026-08-11",
        "payment": {}
      }
    },
    {
      "type": "Feature",
      "geometry": {
        "type": "Point",
        "coordinates": [
          13.5570581,
          51.0215353
        ]
      },
      "properties": {
        "id": "tk_snr_osm_n3077989392",
        "name": "Rodes Gastro-Getränke u. Imbiss",
        "address": {
          "street": "Tharandter Straße",
          "number": "46",
          "postalcode": "01723",
          "city": "Wilsdruff",
          "district": "Grumbach"
        },
        "sources": [
          {
            "type": "osm",
            "id": "node/3077989392",
            "version": 0
          }
        ],
        "created": "2026-05-29",
        "updated": "2026-08-17",
        "hours": {
          "raw": "Mo-Fr 09:00-12:00,15:00-19:00; Sa 09:00-12:00,15:00-18:00"
        },
        "sources_by_field": {
          "name": "osm",
          "address.street": "osm",
          "address.number": "osm",
          "address.postalcode": "osm",
          "address.city": "osm",
          "address.district": "osm",
          "hours": "osm"
        },
        "apple_id_attempted": "2026-08-04",
        "google_attempted": "2026-08-11",
        "payment": {}
      }
    },
    {
      "type": "Feature",
      "geometry": {
        "type": "Point",
        "coordinates": [
          13.2600714,
          51.3027976
        ]
      },
      "properties": {
        "id": "tk_snr_osm_n3085047316",
        "name": "Presse-Shop-Weida",
        "address": {},
        "sources": [
          {
            "type": "osm",
            "id": "node/3085047316",
            "version": 0
          }
        ],
        "created": "2026-05-29",
        "updated": "2026-08-17",
        "hours": {
          "raw": "Mo-Fr 07:00-18:00; Sa 07:00-12:00; PH off"
        },
        "payment": {
          "cash": "unknown",
          "cards": "no",
          "contactless": "unknown",
          "girocard": "unknown"
        },
        "tags": [
          "barrierefrei"
        ],
        "sources_by_field": {
          "name": "osm",
          "hours": "osm",
          "payment.cash": "osm",
          "payment.cards": "osm",
          "payment.contactless": "osm",
          "payment.girocard": "osm"
        },
        "apple_id_attempted": "2026-08-04"
      }
    },
    {
      "type": "Feature",
      "geometry": {
        "type": "Point",
        "coordinates": [
          12.7081435,
          51.23717
        ]
      },
      "properties": {
        "id": "tk_snr_osm_n3386114022",
        "name": "Lösch Depot mit Dienstleistung Hermes Paketshop",
        "address": {
          "street": "Vorwerkstraße",
          "number": "29",
          "postalcode": "04668",
          "city": "Grimma"
        },
        "sources": [
          {
            "type": "osm",
            "id": "node/3386114022",
            "version": 0
          }
        ],
        "created": "2026-05-29",
        "updated": "2026-08-17",
        "hours": {
          "raw": "Mo-Fr 08:00-19:00; Sa 08:00-13:00"
        },
        "tags": [
          "barrierefrei"
        ],
        "sources_by_field": {
          "name": "osm",
          "address.street": "osm",
          "address.number": "osm",
          "address.postalcode": "osm",
          "address.city": "osm",
          "hours": "osm"
        },
        "apple_id_attempted": "2026-08-04",
        "google_attempted": "2026-08-11",
        "payment": {}
      }
    },
    {
      "type": "Feature",
      "geometry": {
        "type": "Point",
        "coordinates": [
          13.3401543,
          50.9140517
        ]
      },
      "properties": {
        "id": "tk_snr_osm_n3395200255",
        "name": "BOX",
        "address": {
          "street": "Bebelplatz",
          "number": "2",
          "postalcode": "09599",
          "city": "Freiberg"
        },
        "sources": [
          {
            "type": "osm",
            "id": "node/3395200255",
            "version": 0
          }
        ],
        "created": "2026-05-29",
        "updated": "2026-08-17",
        "hours": {
          "raw": "Mo-Sa 07:00-20:00"
        },
        "tags": [
          "barrierefrei"
        ],
        "sources_by_field": {
          "name": "osm",
          "address.street": "osm",
          "address.number": "osm",
          "address.postalcode": "osm",
          "address.city": "osm",
          "hours": "osm"
        },
        "apple_id_attempted": "2026-08-04",
        "google_attempted": "2026-08-11",
        "payment": {}
      }
    },
    {
      "type": "Feature",
      "geometry": {
        "type": "Point",
        "coordinates": [
          14.9285694,
          51.0233512
        ]
      },
      "properties": {
        "id": "tk_snr_osm_n3398504210",
        "name": "Bierfabrik",
        "address": {},
        "sources": [
          {
            "type": "osm",
            "id": "node/3398504210",
            "version": 0
          }
        ],
        "created": "2026-05-29",
        "updated": "2026-08-17",
        "sources_by_field": {
          "name": "osm"
        },
        "apple_id_attempted": "2026-08-04",
        "google_attempted": "2026-07-11",
        "payment": {}
      }
    },
    {
      "type": "Feature",
      "geometry": {
        "type": "Point",
        "coordinates": [
          12.5660799,
          51.2503868
        ]
      },
      "properties": {
        "id": "tk_snr_osm_n340231435",
        "name": "Lieblingslädchen",
        "address": {},
        "sources": [
          {
            "type": "osm",
            "id": "node/340231435",
            "version": 0
          }
        ],
        "created": "2026-05-29",
        "updated": "2026-08-17",
        "sources_by_field": {
          "name": "osm"
        },
        "apple_id_attempted": "2026-08-04",
        "google_attempted": "2026-07-11",
        "payment": {}
      }
    },
    {
      "type": "Feature",
      "geometry": {
        "type": "Point",
        "coordinates": [
          12.8212966,
          51.5092915
        ]
      },
      "properties": {
        "id": "tk_snr_osm_n341771223",
        "name": "Solid Getränkefachmarkt",
        "address": {},
        "sources": [
          {
            "type": "osm",
            "id": "node/341771223",
            "version": 0
          }
        ],
        "created": "2026-05-29",
        "updated": "2026-08-17",
        "tags": [
          "barrierefrei"
        ],
        "sources_by_field": {
          "name": "osm"
        },
        "apple_id_attempted": "2026-08-04",
        "google_attempted": "2026-07-11",
        "payment": {}
      }
    },
    {
      "type": "Feature",
      "geometry": {
        "type": "Point",
        "coordinates": [
          13.7204777,
          51.1843572
        ]
      },
      "properties": {
        "id": "tk_snr_osm_n343130959",
        "name": "Braunisch",
        "address": {},
        "sources": [
          {
            "type": "osm",
            "id": "node/343130959",
            "version": 0
          }
        ],
        "created": "2026-05-29",
        "updated": "2026-08-17",
        "sources_by_field": {
          "name": "osm"
        },
        "apple_id_attempted": "2026-08-04",
        "google_attempted": "2026-07-11",
        "payment": {}
      }
    },
    {
      "type": "Feature",
      "geometry": {
        "type": "Point",
        "coordinates": [
          13.9535516,
          51.1703527
        ]
      },
      "properties": {
        "id": "tk_snr_osm_n3563551494",
        "name": "Getränkeshop",
        "address": {},
        "sources": [
          {
            "type": "osm",
            "id": "node/3563551494",
            "version": 0
          }
        ],
        "created": "2026-05-29",
        "updated": "2026-08-17",
        "sources_by_field": {
          "name": "osm"
        },
        "apple_id_attempted": "2026-08-04",
        "google_attempted": "2026-07-11",
        "payment": {}
      }
    },
    {
      "type": "Feature",
      "geometry": {
        "type": "Point",
        "coordinates": [
          12.4587835,
          50.6253488
        ]
      },
      "properties": {
        "id": "tk_snr_osm_n3620634031",
        "name": "Getränkehandel",
        "address": {},
        "sources": [
          {
            "type": "osm",
            "id": "node/3620634031",
            "version": 0
          }
        ],
        "created": "2026-05-29",
        "updated": "2026-08-17",
        "sources_by_field": {
          "name": "osm"
        },
        "apple_id_attempted": "2026-08-04",
        "google_attempted": "2026-07-11",
        "payment": {}
      }
    },
    {
      "type": "Feature",
      "geometry": {
        "type": "Point",
        "coordinates": [
          12.5675934,
          51.3111745
        ]
      },
      "properties": {
        "id": "tk_snr_osm_n3670368711",
        "name": "Kletterwald-Kiosk",
        "address": {},
        "sources": [
          {
            "type": "osm",
            "id": "node/3670368711",
            "version": 0
          }
        ],
        "created": "2026-05-29",
        "updated": "2026-08-17",
        "sources_by_field": {
          "name": "osm"
        },
        "apple_id_attempted": "2026-08-04",
        "google_attempted": "2026-07-11",
        "payment": {}
      }
    },
    {
      "type": "Feature",
      "geometry": {
        "type": "Point",
        "coordinates": [
          12.4803939,
          50.7525346
        ]
      },
      "properties": {
        "id": "tk_snr_osm_n3723857051",
        "name": "Getränkewelt",
        "address": {
          "street": "Leipziger Straße",
          "number": "213",
          "postalcode": "08058",
          "city": "Zwickau"
        },
        "sources": [
          {
            "type": "osm",
            "id": "node/3723857051",
            "version": 0
          }
        ],
        "created": "2026-05-29",
        "updated": "2026-08-17",
        "hours": {
          "raw": "Mo-Fr 08:30-19:00, Sa 08:00-16:00"
        },
        "sources_by_field": {
          "name": "osm",
          "address.street": "osm",
          "address.number": "osm",
          "address.postalcode": "osm",
          "address.city": "osm",
          "hours": "osm"
        },
        "apple_id_attempted": "2026-08-04",
        "google_attempted": "2026-07-11",
        "payment": {}
      }
    },
    {
      "type": "Feature",
      "geometry": {
        "type": "Point",
        "coordinates": [
          13.6389438,
          51.0188227
        ]
      },
      "properties": {
        "id": "tk_snr_osm_n3759862658",
        "name": "bilgro",
        "address": {
          "street": "Wilsdruffer Straße",
          "number": "122",
          "postalcode": "01705",
          "city": "Freital",
          "district": "Zauckerode"
        },
        "sources": [
          {
            "type": "osm",
            "id": "node/3759862658",
            "version": 0
          }
        ],
        "created": "2026-05-29",
        "updated": "2026-06-15",
        "hours": {
          "raw": "Mo-Fr 09:00-18:30; Sa 09:00-12:30"
        },
        "sources_by_field": {
          "name": "osm",
          "address.street": "osm",
          "address.number": "osm",
          "address.postalcode": "osm",
          "address.city": "osm",
          "address.district": "osm",
          "hours": "osm"
        },
        "apple_id_attempted": "2026-08-04",
        "google_attempted": "2026-07-11",
        "payment": {},
        "osm_removed": true
      }
    },
    {
      "type": "Feature",
      "geometry": {
        "type": "Point",
        "coordinates": [
          13.380819,
          51.3013481
        ]
      },
      "properties": {
        "id": "tk_snr_osm_n3762260853",
        "name": "Lösch Depot",
        "address": {},
        "sources": [
          {
            "type": "osm",
            "id": "node/3762260853",
            "version": 0
          }
        ],
        "created": "2026-05-29",
        "updated": "2026-08-17",
        "hours": {
          "raw": "Mo-Fr 08:00-19:00; Sa 08:00-14:00; PH off"
        },
        "payment": {
          "cash": "unknown",
          "cards": "yes",
          "contactless": "unknown",
          "girocard": "unknown"
        },
        "tags": [
          "barrierefrei"
        ],
        "sources_by_field": {
          "name": "osm",
          "hours": "osm",
          "payment.cash": "osm",
          "payment.cards": "osm",
          "payment.contactless": "osm",
          "payment.girocard": "osm"
        },
        "apple_id_attempted": "2026-08-04"
      }
    },
    {
      "type": "Feature",
      "geometry": {
        "type": "Point",
        "coordinates": [
          12.874454,
          51.3962921
        ]
      },
      "properties": {
        "id": "tk_snr_osm_n380396127",
        "name": "Getränkehandel Wunderlich",
        "address": {},
        "sources": [
          {
            "type": "osm",
            "id": "node/380396127",
            "version": 0
          }
        ],
        "created": "2026-05-29",
        "updated": "2026-08-17",
        "sources_by_field": {
          "name": "osm"
        },
        "apple_id_attempted": "2026-08-04",
        "google_attempted": "2026-07-11",
        "payment": {}
      }
    },
    {
      "type": "Feature",
      "geometry": {
        "type": "Point",
        "coordinates": [
          13.2083696,
          50.6289382
        ]
      },
      "properties": {
        "id": "tk_snr_osm_n3961608981",
        "name": "Jentsch",
        "address": {},
        "sources": [
          {
            "type": "osm",
            "id": "node/3961608981",
            "version": 0
          }
        ],
        "created": "2026-05-29",
        "updated": "2026-08-17",
        "sources_by_field": {
          "name": "osm"
        },
        "apple_id_attempted": "2026-08-04",
        "google_attempted": "2026-07-11",
        "payment": {}
      }
    },
    {
      "type": "Feature",
      "geometry": {
        "type": "Point",
        "coordinates": [
          12.7461548,
          50.7391768
        ]
      },
      "properties": {
        "id": "tk_snr_osm_n408427264",
        "name": "Zur Börse",
        "address": {},
        "sources": [
          {
            "type": "osm",
            "id": "node/408427264",
            "version": 0
          }
        ],
        "created": "2026-05-29",
        "updated": "2026-08-17",
        "sources_by_field": {
          "name": "osm"
        },
        "apple_id_attempted": "2026-08-04",
        "google_attempted": "2026-07-11",
        "payment": {}
      }
    },
    {
      "type": "Feature",
      "geometry": {
        "type": "Point",
        "coordinates": [
          12.7598806,
          50.68879
        ]
      },
      "properties": {
        "id": "tk_snr_osm_n4097281235",
        "name": "Getränke Nobis",
        "address": {},
        "sources": [
          {
            "type": "osm",
            "id": "node/4097281235",
            "version": 0
          }
        ],
        "created": "2026-05-29",
        "updated": "2026-08-17",
        "sources_by_field": {
          "name": "osm"
        },
        "apple_id_attempted": "2026-08-04",
        "google_attempted": "2026-07-11",
        "payment": {}
      }
    },
    {
      "type": "Feature",
      "geometry": {
        "type": "Point",
        "coordinates": [
          12.7741182,
          50.574209
        ]
      },
      "properties": {
        "id": "tk_snr_osm_n4099866767",
        "name": "Markgrafen",
        "address": {
          "street": "Beierfelder Straße",
          "postalcode": "08315",
          "city": "Lauter-Bernsbach"
        },
        "sources": [
          {
            "type": "osm",
            "id": "node/4099866767",
            "version": 0
          }
        ],
        "created": "2026-05-29",
        "updated": "2026-08-17",
        "sources_by_field": {
          "name": "osm",
          "address.street": "osm",
          "address.postalcode": "osm",
          "address.city": "osm"
        },
        "apple_id_attempted": "2026-08-04",
        "google_attempted": "2026-07-11",
        "payment": {}
      }
    },
    {
      "type": "Feature",
      "geometry": {
        "type": "Point",
        "coordinates": [
          13.727924,
          51.0944766
        ]
      },
      "properties": {
        "id": "tk_snr_osm_n416386080",
        "name": "Nuck's Getränkeparadies",
        "address": {},
        "sources": [
          {
            "type": "osm",
            "id": "node/416386080",
            "version": 0
          }
        ],
        "created": "2026-05-29",
        "updated": "2026-08-17",
        "hours": {
          "raw": "Mo-Fr 09:00-20:00, Sa 08:00-16:00"
        },
        "tags": [
          "barrierefrei"
        ],
        "sources_by_field": {
          "name": "osm",
          "hours": "osm"
        },
        "apple_id_attempted": "2026-08-04",
        "google_attempted": "2026-07-11",
        "payment": {}
      }
    },
    {
      "type": "Feature",
      "geometry": {
        "type": "Point",
        "coordinates": [
          13.4015785,
          50.8710867
        ]
      },
      "properties": {
        "id": "tk_snr_osm_n4204999093",
        "name": "Schneider & Berger",
        "address": {
          "street": "Frauensteiner Straße",
          "number": "18a",
          "postalcode": "09600",
          "city": "Weißenborn/Erzgeb."
        },
        "sources": [
          {
            "type": "osm",
            "id": "node/4204999093",
            "version": 0
          }
        ],
        "created": "2026-05-29",
        "updated": "2026-08-17",
        "sources_by_field": {
          "name": "osm",
          "address.street": "osm",
          "address.number": "osm",
          "address.postalcode": "osm",
          "address.city": "osm"
        },
        "apple_id_attempted": "2026-08-04",
        "google_attempted": "2026-07-11",
        "payment": {}
      }
    },
    {
      "type": "Feature",
      "geometry": {
        "type": "Point",
        "coordinates": [
          13.4942356,
          51.1746494
        ]
      },
      "properties": {
        "id": "tk_snr_osm_n4215678324",
        "name": "Sachsenland Trinkparadies",
        "address": {},
        "sources": [
          {
            "type": "osm",
            "id": "node/4215678324",
            "version": 0
          }
        ],
        "created": "2026-05-29",
        "updated": "2026-08-17",
        "sources_by_field": {
          "name": "osm"
        },
        "apple_id_attempted": "2026-08-04",
        "google_attempted": "2026-07-11",
        "payment": {}
      }
    },
    {
      "type": "Feature",
      "geometry": {
        "type": "Point",
        "coordinates": [
          13.1011884,
          51.1350065
        ]
      },
      "properties": {
        "id": "tk_snr_osm_n4335968389",
        "name": "bilgro",
        "address": {
          "street": "Grimmaische Straße",
          "number": "84",
          "postalcode": "04720",
          "city": "Döbeln"
        },
        "sources": [
          {
            "type": "osm",
            "id": "node/4335968389",
            "version": 0
          }
        ],
        "created": "2026-05-29",
        "updated": "2026-06-15",
        "sources_by_field": {
          "name": "osm",
          "address.street": "osm",
          "address.number": "osm",
          "address.postalcode": "osm",
          "address.city": "osm"
        },
        "apple_id_attempted": "2026-08-04",
        "google_attempted": "2026-07-11",
        "payment": {},
        "osm_removed": true
      }
    },
    {
      "type": "Feature",
      "geometry": {
        "type": "Point",
        "coordinates": [
          13.1500546,
          50.64946
        ]
      },
      "properties": {
        "id": "tk_snr_osm_n4367924111",
        "name": "Sachsenland Trinkparadies",
        "address": {
          "street": "Lindenstraße",
          "number": "41b",
          "postalcode": "09496",
          "city": "Marienberg"
        },
        "sources": [
          {
            "type": "osm",
            "id": "node/4367924111",
            "version": 0
          }
        ],
        "created": "2026-05-29",
        "updated": "2026-08-17",
        "hours": {
          "raw": "Mo-Fr 08:00-19:00; Sa 08:00-13:00"
        },
        "sources_by_field": {
          "name": "osm",
          "address.street": "osm",
          "address.number": "osm",
          "address.postalcode": "osm",
          "address.city": "osm",
          "hours": "osm"
        },
        "apple_id_attempted": "2026-08-04",
        "google_attempted": "2026-07-11",
        "payment": {}
      }
    },
    {
      "type": "Feature",
      "geometry": {
        "type": "Point",
        "coordinates": [
          12.736835,
          50.7064146
        ]
      },
      "properties": {
        "id": "tk_snr_osm_n4396147791",
        "name": "Guts'quelle",
        "address": {
          "street": "Hartensteiner Straße",
          "number": "65",
          "postalcode": "09376",
          "city": "Oelsnitz/Erzgeb.",
          "district": "Neuwürschnitz"
        },
        "sources": [
          {
            "type": "osm",
            "id": "node/4396147791",
            "version": 0
          }
        ],
        "created": "2026-05-29",
        "updated": "2026-08-17",
        "sources_by_field": {
          "name": "osm",
          "address.street": "osm",
          "address.number": "osm",
          "address.postalcode": "osm",
          "address.city": "osm",
          "address.district": "osm"
        },
        "apple_id_attempted": "2026-08-04",
        "google_attempted": "2026-07-11",
        "payment": {}
      }
    },
    {
      "type": "Feature",
      "geometry": {
        "type": "Point",
        "coordinates": [
          13.5745589,
          51.0625763
        ]
      },
      "properties": {
        "id": "tk_snr_osm_n4470083736",
        "name": "Bistro",
        "address": {},
        "sources": [
          {
            "type": "osm",
            "id": "node/4470083736",
            "version": 0
          }
        ],
        "created": "2026-05-29",
        "updated": "2026-08-17",
        "hours": {
          "raw": "24/7"
        },
        "sources_by_field": {
          "name": "osm",
          "hours": "osm"
        },
        "apple_id_attempted": "2026-08-04",
        "google_attempted": "2026-07-11",
        "payment": {}
      }
    },
    {
      "type": "Feature",
      "geometry": {
        "type": "Point",
        "coordinates": [
          13.629805,
          51.1084376
        ]
      },
      "properties": {
        "id": "tk_snr_osm_n4475683062",
        "name": "Presseshop",
        "address": {
          "street": "Meißner Straße",
          "number": "272a"
        },
        "sources": [
          {
            "type": "osm",
            "id": "node/4475683062",
            "version": 0
          }
        ],
        "created": "2026-05-29",
        "updated": "2026-06-22",
        "hours": {
          "raw": "We-Fr 06:30-18:00; Tu 06:30-12:00; Sa 08:00-12:00; Mo off"
        },
        "sources_by_field": {
          "name": "osm",
          "address.street": "osm",
          "address.number": "osm",
          "hours": "osm"
        },
        "apple_id_attempted": "2026-08-04",
        "google_attempted": "2026-07-11",
        "payment": {},
        "osm_removed": true
      }
    },
    {
      "type": "Feature",
      "geometry": {
        "type": "Point",
        "coordinates": [
          13.6802846,
          51.1026546
        ]
      },
      "properties": {
        "id": "tk_snr_osm_n4519462463",
        "name": "Bellmann",
        "address": {},
        "sources": [
          {
            "type": "osm",
            "id": "node/4519462463",
            "version": 0
          }
        ],
        "created": "2026-05-29",
        "updated": "2026-08-17",
        "hours": {
          "raw": "closed"
        },
        "sources_by_field": {
          "name": "osm",
          "hours": "osm"
        },
        "apple_id_attempted": "2026-08-04",
        "google_attempted": "2026-07-11",
        "payment": {}
      }
    },
    {
      "type": "Feature",
      "geometry": {
        "type": "Point",
        "coordinates": [
          12.9205686,
          50.6246247
        ]
      },
      "properties": {
        "id": "tk_snr_osm_n4536038925",
        "name": "Trinkparadies",
        "address": {
          "street": "Goethestraße",
          "number": "2",
          "postalcode": "09468",
          "city": "Geyer"
        },
        "sources": [
          {
            "type": "osm",
            "id": "node/4536038925",
            "version": 0
          }
        ],
        "created": "2026-05-29",
        "updated": "2026-08-17",
        "hours": {
          "raw": "Mo-Fr 08:00-19:00; Sa 08:00-14:00"
        },
        "tags": [
          "barrierefrei"
        ],
        "sources_by_field": {
          "name": "osm",
          "address.street": "osm",
          "address.number": "osm",
          "address.postalcode": "osm",
          "address.city": "osm",
          "hours": "osm"
        },
        "apple_id_attempted": "2026-08-04",
        "google_attempted": "2026-07-12",
        "payment": {}
      }
    },
    {
      "type": "Feature",
      "geometry": {
        "type": "Point",
        "coordinates": [
          13.3659361,
          50.650172
        ]
      },
      "properties": {
        "id": "tk_snr_osm_n460472285",
        "name": "Kaden",
        "address": {},
        "sources": [
          {
            "type": "osm",
            "id": "node/460472285",
            "version": 0
          }
        ],
        "created": "2026-05-29",
        "updated": "2026-08-17",
        "sources_by_field": {
          "name": "osm"
        },
        "apple_id_attempted": "2026-08-04",
        "google_attempted": "2026-07-12",
        "payment": {}
      }
    },
    {
      "type": "Feature",
      "geometry": {
        "type": "Point",
        "coordinates": [
          12.8170604,
          50.6424542
        ]
      },
      "properties": {
        "id": "tk_snr_osm_n4642601795",
        "name": "Huster",
        "address": {
          "street": "Wehrgasse",
          "number": "1b",
          "postalcode": "08297",
          "city": "Zwönitz"
        },
        "sources": [
          {
            "type": "osm",
            "id": "node/4642601795",
            "version": 0
          }
        ],
        "created": "2026-05-29",
        "updated": "2026-08-17",
        "sources_by_field": {
          "name": "osm",
          "address.street": "osm",
          "address.number": "osm",
          "address.postalcode": "osm",
          "address.city": "osm"
        },
        "apple_id_attempted": "2026-08-04",
        "google_attempted": "2026-07-12",
        "payment": {}
      }
    },
    {
      "type": "Feature",
      "geometry": {
        "type": "Point",
        "coordinates": [
          12.5127651,
          50.6844781
        ]
      },
      "properties": {
        "id": "tk_snr_osm_n4685746774",
        "name": "Huster Getränkehandel",
        "address": {
          "street": "Gewerbering",
          "number": "6",
          "postalcode": "08112",
          "city": "Wilkau-Haßlau"
        },
        "sources": [
          {
            "type": "osm",
            "id": "node/4685746774",
            "version": 0
          }
        ],
        "created": "2026-05-29",
        "updated": "2026-08-17",
        "hours": {
          "raw": "Mo-Fr 08:00-18:00; Sa 08:00-14:00; Su,PH off"
        },
        "tags": [
          "barrierefrei"
        ],
        "sources_by_field": {
          "name": "osm",
          "address.street": "osm",
          "address.number": "osm",
          "address.postalcode": "osm",
          "address.city": "osm",
          "hours": "osm"
        },
        "apple_id_attempted": "2026-08-04",
        "google_attempted": "2026-07-12",
        "payment": {}
      }
    },
    {
      "type": "Feature",
      "geometry": {
        "type": "Point",
        "coordinates": [
          14.0278501,
          51.1450752
        ]
      },
      "properties": {
        "id": "tk_snr_osm_n4732304691",
        "name": "Kick in",
        "address": {
          "street": "Bandweberstraße",
          "number": "28",
          "postalcode": "01900",
          "city": "Großröhrsdorf"
        },
        "sources": [
          {
            "type": "osm",
            "id": "node/4732304691",
            "version": 0
          }
        ],
        "created": "2026-05-29",
        "updated": "2026-08-17",
        "hours": {
          "raw": "Mo-We 09:00-18:00; Th,Fr 09:00-19:00; Sa 09:00-13:00"
        },
        "sources_by_field": {
          "name": "osm",
          "address.street": "osm",
          "address.number": "osm",
          "address.postalcode": "osm",
          "address.city": "osm",
          "hours": "osm"
        },
        "apple_id_attempted": "2026-08-04",
        "google_attempted": "2026-07-12",
        "payment": {}
      }
    },
    {
      "type": "Feature",
      "geometry": {
        "type": "Point",
        "coordinates": [
          12.4800578,
          50.6949093
        ]
      },
      "properties": {
        "id": "tk_snr_osm_n4792072418",
        "name": "Huster GmbH & Co. Getränke",
        "address": {
          "street": "Innere Zwickauer Straße",
          "number": "25",
          "postalcode": "08062",
          "city": "Zwickau",
          "district": "Niederplanitz"
        },
        "sources": [
          {
            "type": "osm",
            "id": "node/4792072418",
            "version": 0
          }
        ],
        "created": "2026-05-29",
        "updated": "2026-08-17",
        "tags": [
          "barrierefrei"
        ],
        "sources_by_field": {
          "name": "osm",
          "address.street": "osm",
          "address.number": "osm",
          "address.postalcode": "osm",
          "address.city": "osm",
          "address.district": "osm"
        },
        "apple_id_attempted": "2026-08-04",
        "google_attempted": "2026-07-12",
        "payment": {}
      }
    },
    {
      "type": "Feature",
      "geometry": {
        "type": "Point",
        "coordinates": [
          13.7030128,
          51.3028108
        ]
      },
      "properties": {
        "id": "tk_snr_osm_n4838897302",
        "name": "CDS",
        "address": {},
        "sources": [
          {
            "type": "osm",
            "id": "node/4838897302",
            "version": 0
          }
        ],
        "created": "2026-05-29",
        "updated": "2026-08-17",
        "hours": {
          "raw": "Mo-Fr 10:00-18:00; Sa 08:30-11:30"
        },
        "tags": [
          "barrierefrei"
        ],
        "sources_by_field": {
          "name": "osm",
          "hours": "osm"
        },
        "apple_id_attempted": "2026-08-04",
        "google_attempted": "2026-07-12",
        "payment": {}
      }
    },
    {
      "type": "Feature",
      "geometry": {
        "type": "Point",
        "coordinates": [
          14.7185232,
          51.5486752
        ]
      },
      "properties": {
        "id": "tk_snr_osm_n484830801",
        "name": "Getränkeservice Leißner",
        "address": {},
        "sources": [
          {
            "type": "osm",
            "id": "node/484830801",
            "version": 0
          }
        ],
        "created": "2026-05-29",
        "updated": "2026-08-17",
        "sources_by_field": {
          "name": "osm"
        },
        "apple_id_attempted": "2026-08-04",
        "google_attempted": "2026-07-12",
        "payment": {}
      }
    },
    {
      "type": "Feature",
      "geometry": {
        "type": "Point",
        "coordinates": [
          12.3906509,
          51.1988254
        ]
      },
      "properties": {
        "id": "tk_snr_osm_n4865901949",
        "name": "Huster Getränke",
        "address": {
          "street": "Röthaer Straße",
          "number": "30B",
          "postalcode": "04564",
          "city": "Böhlen"
        },
        "sources": [
          {
            "type": "osm",
            "id": "node/4865901949",
            "version": 0
          }
        ],
        "created": "2026-05-29",
        "updated": "2026-08-17",
        "hours": {
          "raw": "Mo-Fr 08:00-19:00; Sa 08:00-14:00; Su,PH off"
        },
        "sources_by_field": {
          "name": "osm",
          "address.street": "osm",
          "address.number": "osm",
          "address.postalcode": "osm",
          "address.city": "osm",
          "hours": "osm"
        },
        "apple_id_attempted": "2026-08-04",
        "google_attempted": "2026-07-12",
        "payment": {}
      }
    },
    {
      "type": "Feature",
      "geometry": {
        "type": "Point",
        "coordinates": [
          13.0496849,
          50.5431067
        ]
      },
      "properties": {
        "id": "tk_snr_osm_n4904739574",
        "name": "Getränkehandel Bräuer",
        "address": {
          "street": "August-Bebel-Straße",
          "number": "19",
          "postalcode": "09471",
          "city": "Königswalde"
        },
        "sources": [
          {
            "type": "osm",
            "id": "node/4904739574",
            "version": 0
          }
        ],
        "created": "2026-05-29",
        "updated": "2026-08-17",
        "sources_by_field": {
          "name": "osm",
          "address.street": "osm",
          "address.number": "osm",
          "address.postalcode": "osm",
          "address.city": "osm"
        },
        "apple_id_attempted": "2026-08-04",
        "google_attempted": "2026-07-12",
        "payment": {}
      }
    },
    {
      "type": "Feature",
      "geometry": {
        "type": "Point",
        "coordinates": [
          13.652297,
          50.9962564
        ]
      },
      "properties": {
        "id": "tk_snr_osm_n4933872300",
        "name": "Total",
        "address": {
          "street": "Poisentalstraße",
          "number": "18",
          "postalcode": "01705",
          "city": "Freital",
          "district": "Deuben"
        },
        "sources": [
          {
            "type": "osm",
            "id": "node/4933872300",
            "version": 0
          }
        ],
        "created": "2026-05-29",
        "updated": "2026-08-17",
        "hours": {
          "raw": "Mo-Fr 04:30-23:00; PH,Sa,Su 05:30-23:00"
        },
        "tags": [
          "barrierefrei"
        ],
        "sources_by_field": {
          "name": "osm",
          "address.street": "osm",
          "address.number": "osm",
          "address.postalcode": "osm",
          "address.city": "osm",
          "address.district": "osm",
          "hours": "osm"
        },
        "apple_id_attempted": "2026-08-04",
        "google_attempted": "2026-07-12",
        "payment": {}
      }
    },
    {
      "type": "Feature",
      "geometry": {
        "type": "Point",
        "coordinates": [
          13.6552288,
          51.1037282
        ]
      },
      "properties": {
        "id": "tk_snr_osm_n4936132286",
        "name": "Kiosk",
        "address": {},
        "sources": [
          {
            "type": "osm",
            "id": "node/4936132286",
            "version": 0
          }
        ],
        "created": "2026-05-29",
        "updated": "2026-08-17",
        "hours": {
          "raw": "Mo,Th 12:00-22:00; Tu,We,Fr 09:00-22:00; Sa,Su 09:00-16:00"
        },
        "sources_by_field": {
          "name": "osm",
          "hours": "osm"
        },
        "apple_id_attempted": "2026-08-04",
        "google_attempted": "2026-07-12",
        "payment": {}
      }
    },
    {
      "type": "Feature",
      "geometry": {
        "type": "Point",
        "coordinates": [
          12.933331,
          50.627903
        ]
      },
      "properties": {
        "id": "tk_snr_osm_n4944187686",
        "name": "Getränke Hofmann",
        "address": {},
        "sources": [
          {
            "type": "osm",
            "id": "node/4944187686",
            "version": 0
          }
        ],
        "created": "2026-05-29",
        "updated": "2026-08-17",
        "sources_by_field": {
          "name": "osm"
        },
        "apple_id_attempted": "2026-08-04",
        "google_attempted": "2026-07-12",
        "payment": {}
      }
    },
    {
      "type": "Feature",
      "geometry": {
        "type": "Point",
        "coordinates": [
          12.6978505,
          51.0193096
        ]
      },
      "properties": {
        "id": "tk_snr_osm_n512082207",
        "name": "Getränke-Center Schlichter",
        "address": {},
        "sources": [
          {
            "type": "osm",
            "id": "node/512082207",
            "version": 0
          }
        ],
        "created": "2026-05-29",
        "updated": "2026-08-17",
        "sources_by_field": {
          "name": "osm"
        },
        "apple_id_attempted": "2026-08-04",
        "google_attempted": "2026-07-12",
        "payment": {}
      }
    },
    {
      "type": "Feature",
      "geometry": {
        "type": "Point",
        "coordinates": [
          12.7158541,
          50.9217785
        ]
      },
      "properties": {
        "id": "tk_snr_osm_n5261544078",
        "name": "Getränkewelt",
        "address": {
          "street": "Chemnitzer Straße",
          "number": "102",
          "postalcode": "09322",
          "city": "Penig"
        },
        "sources": [
          {
            "type": "osm",
            "id": "node/5261544078",
            "version": 0
          }
        ],
        "created": "2026-05-29",
        "updated": "2026-06-15",
        "hours": {
          "raw": "Mo-Fr 08:00-18:30; Sa 08:00-16:00; PH,Su off"
        },
        "tags": [
          "barrierefrei"
        ],
        "sources_by_field": {
          "name": "osm",
          "address.street": "osm",
          "address.number": "osm",
          "address.postalcode": "osm",
          "address.city": "osm",
          "hours": "osm"
        },
        "apple_id_attempted": "2026-08-04",
        "google_attempted": "2026-07-12",
        "payment": {},
        "osm_removed": true
      }
    },
    {
      "type": "Feature",
      "geometry": {
        "type": "Point",
        "coordinates": [
          12.7270773,
          50.8007576
        ]
      },
      "properties": {
        "id": "tk_snr_osm_n527866253",
        "name": "Getränkewelt",
        "address": {
          "street": "Feldstraße",
          "number": "48a",
          "postalcode": "09337",
          "city": "Hohenstein-Ernstthal"
        },
        "sources": [
          {
            "type": "osm",
            "id": "node/527866253",
            "version": 0
          }
        ],
        "created": "2026-05-29",
        "updated": "2026-06-15",
        "hours": {
          "raw": "Mo-Fr 08:00-19:00; Sa 08:00-16:00; Su,PH off"
        },
        "tags": [
          "barrierefrei"
        ],
        "sources_by_field": {
          "name": "osm",
          "address.street": "osm",
          "address.number": "osm",
          "address.postalcode": "osm",
          "address.city": "osm",
          "hours": "osm"
        },
        "apple_id_attempted": "2026-08-04",
        "google_attempted": "2026-07-12",
        "payment": {},
        "osm_removed": true
      }
    },
    {
      "type": "Feature",
      "geometry": {
        "type": "Point",
        "coordinates": [
          13.6595146,
          51.0423478
        ]
      },
      "properties": {
        "id": "tk_snr_osm_n5463209822",
        "name": "Hausbrauerei Jahn",
        "address": {},
        "sources": [
          {
            "type": "osm",
            "id": "node/5463209822",
            "version": 0
          }
        ],
        "created": "2026-05-29",
        "updated": "2026-08-17",
        "hours": {
          "raw": "Sa 10:00-14:00"
        },
        "sources_by_field": {
          "name": "osm",
          "hours": "osm"
        },
        "apple_id_attempted": "2026-08-04",
        "google_attempted": "2026-07-12",
        "payment": {}
      }
    },
    {
      "type": "Feature",
      "geometry": {
        "type": "Point",
        "coordinates": [
          12.6360567,
          50.5631967
        ]
      },
      "properties": {
        "id": "tk_snr_osm_n5477972986",
        "name": "Getränkehandel Fischer",
        "address": {},
        "sources": [
          {
            "type": "osm",
            "id": "node/5477972986",
            "version": 0
          }
        ],
        "created": "2026-05-29",
        "updated": "2026-08-17",
        "sources_by_field": {
          "name": "osm"
        },
        "apple_id_attempted": "2026-08-04",
        "google_attempted": "2026-07-12",
        "payment": {}
      }
    },
    {
      "type": "Feature",
      "geometry": {
        "type": "Point",
        "coordinates": [
          14.2328853,
          51.4391455
        ]
      },
      "properties": {
        "id": "tk_snr_osm_n5584167193",
        "name": "Hermes Paketshop",
        "address": {
          "street": "Schulstraße",
          "number": "12b",
          "postalcode": "02977",
          "city": "Hoyerswerda"
        },
        "sources": [
          {
            "type": "osm",
            "id": "node/5584167193",
            "version": 0
          }
        ],
        "created": "2026-05-29",
        "updated": "2026-08-17",
        "hours": {
          "raw": "Sa 08:00-12:00"
        },
        "sources_by_field": {
          "name": "osm",
          "address.street": "osm",
          "address.number": "osm",
          "address.postalcode": "osm",
          "address.city": "osm",
          "hours": "osm"
        },
        "apple_id_attempted": "2026-08-04",
        "google_attempted": "2026-07-12",
        "payment": {}
      }
    },
    {
      "type": "Feature",
      "geometry": {
        "type": "Point",
        "coordinates": [
          12.3978695,
          50.5136606
        ]
      },
      "properties": {
        "id": "tk_snr_osm_n5597492933",
        "name": "Getränkewelt",
        "address": {
          "street": "Bahnhofstraße",
          "number": "15a",
          "postalcode": "08209",
          "city": "Auerbach"
        },
        "sources": [
          {
            "type": "osm",
            "id": "node/5597492933",
            "version": 0
          }
        ],
        "created": "2026-05-29",
        "updated": "2026-08-17",
        "hours": {
          "raw": "Mo-Fr 08:00-20:00; Sa 08:00-18:00; Su,PH off"
        },
        "tags": [
          "barrierefrei"
        ],
        "sources_by_field": {
          "name": "osm",
          "address.street": "osm",
          "address.number": "osm",
          "address.postalcode": "osm",
          "address.city": "osm",
          "hours": "osm"
        },
        "apple_id_attempted": "2026-08-04",
        "google_attempted": "2026-07-12",
        "payment": {}
      }
    },
    {
      "type": "Feature",
      "geometry": {
        "type": "Point",
        "coordinates": [
          12.5549334,
          51.0592256
        ]
      },
      "properties": {
        "id": "tk_snr_osm_n5693123385",
        "name": "Netto Getränke-Discount",
        "address": {
          "street": "An der Wyhraaue",
          "number": "4",
          "postalcode": "04654",
          "city": "Frohburg"
        },
        "sources": [
          {
            "type": "osm",
            "id": "node/5693123385",
            "version": 0
          }
        ],
        "created": "2026-05-29",
        "updated": "2026-06-15",
        "hours": {
          "raw": "Mo-Sa 08:00-20:00; Su,PH off"
        },
        "sources_by_field": {
          "name": "osm",
          "address.street": "osm",
          "address.number": "osm",
          "address.postalcode": "osm",
          "address.city": "osm",
          "hours": "osm"
        },
        "apple_id_attempted": "2026-08-04",
        "google_attempted": "2026-07-12",
        "payment": {},
        "osm_removed": true
      }
    },
    {
      "type": "Feature",
      "geometry": {
        "type": "Point",
        "coordinates": [
          13.1920239,
          50.8831311
        ]
      },
      "properties": {
        "id": "tk_snr_osm_n5709257956",
        "name": "Getränkeabholmarkt Franke",
        "address": {},
        "sources": [
          {
            "type": "osm",
            "id": "node/5709257956",
            "version": 0
          }
        ],
        "created": "2026-05-29",
        "updated": "2026-08-17",
        "sources_by_field": {
          "name": "osm"
        },
        "apple_id_attempted": "2026-08-04",
        "google_attempted": "2026-07-12",
        "payment": {}
      }
    },
    {
      "type": "Feature",
      "geometry": {
        "type": "Point",
        "coordinates": [
          13.6505693,
          51.0841194
        ]
      },
      "properties": {
        "id": "tk_snr_osm_n5730627063",
        "name": "Huster",
        "address": {},
        "sources": [
          {
            "type": "osm",
            "id": "node/5730627063",
            "version": 0
          }
        ],
        "created": "2026-05-29",
        "updated": "2026-08-17",
        "sources_by_field": {
          "name": "osm"
        },
        "apple_id_attempted": "2026-08-04",
        "google_attempted": "2026-07-12",
        "payment": {}
      }
    },
    {
      "type": "Feature",
      "geometry": {
        "type": "Point",
        "coordinates": [
          14.979367,
          51.1472095
        ]
      },
      "properties": {
        "id": "tk_snr_osm_n574735960",
        "name": "Eckert",
        "address": {
          "street": "Bahnhofstraße",
          "number": "76",
          "postalcode": "02826",
          "city": "Görlitz"
        },
        "sources": [
          {
            "type": "osm",
            "id": "node/574735960",
            "version": 0
          }
        ],
        "created": "2026-05-29",
        "updated": "2026-08-17",
        "hours": {
          "raw": "Mo-Fr 05:00-19:30; Sa 06:30-18:30; Su 07:00-18:30; PH 07:00-18:30"
        },
        "tags": [
          "barrierefrei"
        ],
        "sources_by_field": {
          "name": "osm",
          "address.street": "osm",
          "address.number": "osm",
          "address.postalcode": "osm",
          "address.city": "osm",
          "hours": "osm"
        },
        "apple_id_attempted": "2026-08-04",
        "google_attempted": "2026-07-12",
        "payment": {}
      }
    },
    {
      "type": "Feature",
      "geometry": {
        "type": "Point",
        "coordinates": [
          14.6121682,
          51.511709
        ]
      },
      "properties": {
        "id": "tk_snr_osm_n5820333150",
        "name": "Getränke-Paradies",
        "address": {},
        "sources": [
          {
            "type": "osm",
            "id": "node/5820333150",
            "version": 0
          }
        ],
        "created": "2026-05-29",
        "updated": "2026-08-17",
        "sources_by_field": {
          "name": "osm"
        },
        "apple_id_attempted": "2026-08-04",
        "google_attempted": "2026-07-20",
        "payment": {}
      }
    },
    {
      "type": "Feature",
      "geometry": {
        "type": "Point",
        "coordinates": [
          12.3764584,
          50.7915366
        ]
      },
      "properties": {
        "id": "tk_snr_osm_n601636370",
        "name": "Huster Getränke",
        "address": {},
        "sources": [
          {
            "type": "osm",
            "id": "node/601636370",
            "version": 0
          }
        ],
        "created": "2026-05-29",
        "updated": "2026-08-17",
        "hours": {
          "raw": "Mo-Fr 08:00-19:00;Sa 08:00-13:00"
        },
        "sources_by_field": {
          "name": "osm",
          "hours": "osm"
        },
        "apple_id_attempted": "2026-08-04",
        "google_attempted": "2026-07-20",
        "payment": {}
      }
    },
    {
      "type": "Feature",
      "geometry": {
        "type": "Point",
        "coordinates": [
          14.0048157,
          51.026751
        ]
      },
      "properties": {
        "id": "tk_snr_osm_n6025930291",
        "name": "Getränkehandel & Imbiss",
        "address": {},
        "sources": [
          {
            "type": "osm",
            "id": "node/6025930291",
            "version": 0
          }
        ],
        "created": "2026-05-29",
        "updated": "2026-08-17",
        "sources_by_field": {
          "name": "osm"
        },
        "apple_id_attempted": "2026-08-04",
        "google_attempted": "2026-07-20",
        "payment": {}
      }
    },
    {
      "type": "Feature",
      "geometry": {
        "type": "Point",
        "coordinates": [
          13.3618853,
          50.9137558
        ]
      },
      "properties": {
        "id": "tk_snr_osm_n604343036",
        "name": "Getränke Welt",
        "address": {
          "street": "Dresdner Straße",
          "number": "52",
          "postalcode": "09599",
          "city": "Freiberg"
        },
        "sources": [
          {
            "type": "osm",
            "id": "node/604343036",
            "version": 0
          }
        ],
        "created": "2026-05-29",
        "updated": "2026-08-17",
        "hours": {
          "raw": "Mo-Fr 08:00-19:00; Sa 08:00-16:00"
        },
        "sources_by_field": {
          "name": "osm",
          "address.street": "osm",
          "address.number": "osm",
          "address.postalcode": "osm",
          "address.city": "osm",
          "hours": "osm"
        },
        "apple_id_attempted": "2026-08-04",
        "google_attempted": "2026-07-20",
        "payment": {}
      }
    },
    {
      "type": "Feature",
      "geometry": {
        "type": "Point",
        "coordinates": [
          12.3727216,
          50.7470489
        ]
      },
      "properties": {
        "id": "tk_snr_osm_n6148727249",
        "name": "Markgrafen",
        "address": {
          "street": "Crimmitschauer Straße",
          "number": "36",
          "postalcode": "08412",
          "city": "Werdau"
        },
        "sources": [
          {
            "type": "osm",
            "id": "node/6148727249",
            "version": 0
          }
        ],
        "created": "2026-05-29",
        "updated": "2026-08-17",
        "hours": {
          "raw": "Mo-Fr 09:00-18:30, Sa 08:00-13:00"
        },
        "sources_by_field": {
          "name": "osm",
          "address.street": "osm",
          "address.number": "osm",
          "address.postalcode": "osm",
          "address.city": "osm",
          "hours": "osm"
        },
        "apple_id_attempted": "2026-08-04",
        "google_attempted": "2026-07-20",
        "payment": {}
      }
    },
    {
      "type": "Feature",
      "geometry": {
        "type": "Point",
        "coordinates": [
          12.4138918,
          50.7104541
        ]
      },
      "properties": {
        "id": "tk_snr_osm_n6152895684",
        "name": "Getränkewelt",
        "address": {},
        "sources": [
          {
            "type": "osm",
            "id": "node/6152895684",
            "version": 0
          }
        ],
        "created": "2026-05-29",
        "updated": "2026-06-15",
        "hours": {
          "raw": "Mo-Sa 08:00-20:00"
        },
        "sources_by_field": {
          "name": "osm",
          "hours": "osm"
        },
        "apple_id_attempted": "2026-08-04",
        "google_attempted": "2026-07-20",
        "payment": {},
        "osm_removed": true
      }
    },
    {
      "type": "Feature",
      "geometry": {
        "type": "Point",
        "coordinates": [
          12.3722982,
          50.7331602
        ]
      },
      "properties": {
        "id": "tk_snr_osm_n6152923819",
        "name": "Huster Getränke",
        "address": {},
        "sources": [
          {
            "type": "osm",
            "id": "node/6152923819",
            "version": 0
          }
        ],
        "created": "2026-05-29",
        "updated": "2026-08-17",
        "tags": [
          "barrierefrei"
        ],
        "sources_by_field": {
          "name": "osm"
        },
        "apple_id_attempted": "2026-08-04",
        "google_attempted": "2026-07-20",
        "payment": {}
      }
    },
    {
      "type": "Feature",
      "geometry": {
        "type": "Point",
        "coordinates": [
          12.6157126,
          50.8652646
        ]
      },
      "properties": {
        "id": "tk_snr_osm_n6194746395",
        "name": "bilgro",
        "address": {
          "street": "Siedlung Naundorf",
          "number": "2",
          "postalcode": "08396",
          "city": "Waldenburg"
        },
        "sources": [
          {
            "type": "osm",
            "id": "node/6194746395",
            "version": 0
          }
        ],
        "created": "2026-05-29",
        "updated": "2026-06-15",
        "hours": {
          "raw": "Mo 09:00-18:00; Tu-Th 08:30-18:00; Fr 08:30-19:00; Sa 08:00-13:00; Su,PH off"
        },
        "sources_by_field": {
          "name": "osm",
          "address.street": "osm",
          "address.number": "osm",
          "address.postalcode": "osm",
          "address.city": "osm",
          "hours": "osm"
        },
        "apple_id_attempted": "2026-08-04",
        "google_attempted": "2026-07-20",
        "payment": {},
        "osm_removed": true
      }
    },
    {
      "type": "Feature",
      "geometry": {
        "type": "Point",
        "coordinates": [
          12.8070137,
          50.6313479
        ]
      },
      "properties": {
        "id": "tk_snr_osm_n6244559873",
        "name": "Frollein Anna",
        "address": {
          "street": "Bahnhofstraße",
          "number": "38",
          "postalcode": "08297",
          "city": "Zwönitz"
        },
        "sources": [
          {
            "type": "osm",
            "id": "node/6244559873",
            "version": 0
          }
        ],
        "created": "2026-06-22",
        "updated": "2026-08-17",
        "hours": {
          "raw": "24/7"
        },
        "payment": {
          "cash": "unknown",
          "cards": "yes",
          "contactless": "yes",
          "girocard": "unknown"
        },
        "kind": "vending_machine",
        "sources_by_field": {
          "name": "osm",
          "address.street": "osm",
          "address.number": "osm",
          "address.postalcode": "osm",
          "address.city": "osm",
          "hours": "osm",
          "payment.cash": "osm",
          "payment.cards": "osm",
          "payment.contactless": "osm",
          "payment.girocard": "osm"
        }
      }
    },
    {
      "type": "Feature",
      "geometry": {
        "type": "Point",
        "coordinates": [
          12.6288438,
          51.360631
        ]
      },
      "properties": {
        "id": "tk_snr_osm_n6294885382",
        "name": "Löschdepot + Hermes",
        "address": {
          "street": "Schloßplatz",
          "number": "11",
          "postalcode": "04827",
          "city": "Machern"
        },
        "sources": [
          {
            "type": "osm",
            "id": "node/6294885382",
            "version": 0
          }
        ],
        "created": "2026-05-29",
        "updated": "2026-08-17",
        "hours": {
          "raw": "Mo-Fr 08:30-19:00; Sa 08:30-13:00"
        },
        "tags": [
          "barrierefrei"
        ],
        "sources_by_field": {
          "name": "osm",
          "address.street": "osm",
          "address.number": "osm",
          "address.postalcode": "osm",
          "address.city": "osm",
          "hours": "osm"
        },
        "apple_id_attempted": "2026-08-04",
        "google_attempted": "2026-07-20",
        "payment": {}
      }
    },
    {
      "type": "Feature",
      "geometry": {
        "type": "Point",
        "coordinates": [
          14.3192558,
          51.1349654
        ]
      },
      "properties": {
        "id": "tk_snr_osm_n6486379884",
        "name": "Getränkehandel",
        "address": {},
        "sources": [
          {
            "type": "osm",
            "id": "node/6486379884",
            "version": 0
          }
        ],
        "created": "2026-05-29",
        "updated": "2026-08-17",
        "hours": {
          "raw": "Tu 14:00-18:00; We-Fr 09:00-18:00; Sa 09:00-16:00; Su 10:00-16:00"
        },
        "sources_by_field": {
          "name": "osm",
          "hours": "osm"
        },
        "apple_id_attempted": "2026-08-04",
        "google_attempted": "2026-07-20",
        "payment": {}
      }
    },
    {
      "type": "Feature",
      "geometry": {
        "type": "Point",
        "coordinates": [
          12.9019174,
          51.0717452
        ]
      },
      "properties": {
        "id": "tk_snr_osm_n6517691952",
        "name": "Getränkewelt Geringswalde",
        "address": {
          "street": "Rochlitzer Straße",
          "number": "9",
          "postalcode": "09326",
          "city": "Geringswalde"
        },
        "sources": [
          {
            "type": "osm",
            "id": "node/6517691952",
            "version": 0
          }
        ],
        "created": "2026-05-29",
        "updated": "2026-08-17",
        "hours": {
          "raw": "Mo-Fr 07:00-19:00; Sa 08:00-14:00"
        },
        "sources_by_field": {
          "name": "osm",
          "address.street": "osm",
          "address.number": "osm",
          "address.postalcode": "osm",
          "address.city": "osm",
          "hours": "osm"
        },
        "apple_id_attempted": "2026-08-04",
        "google_attempted": "2026-07-20",
        "payment": {}
      }
    },
    {
      "type": "Feature",
      "geometry": {
        "type": "Point",
        "coordinates": [
          13.9054775,
          51.155219
        ]
      },
      "properties": {
        "id": "tk_snr_osm_n656511025",
        "name": "ImbissStübchen",
        "address": {},
        "sources": [
          {
            "type": "osm",
            "id": "node/656511025",
            "version": 0
          }
        ],
        "created": "2026-05-29",
        "updated": "2026-08-17",
        "hours": {
          "raw": "Mo-Fr 14:00-20:00; Sa 10:00-13:00"
        },
        "sources_by_field": {
          "name": "osm",
          "hours": "osm"
        },
        "apple_id_attempted": "2026-08-04",
        "google_attempted": "2026-07-20",
        "payment": {}
      }
    },
    {
      "type": "Feature",
      "geometry": {
        "type": "Point",
        "coordinates": [
          12.9282319,
          51.1500951
        ]
      },
      "properties": {
        "id": "tk_snr_osm_n6702766825",
        "name": "Heiloo",
        "address": {
          "street": "Chemnitzer Straße",
          "number": "97",
          "postalcode": "04703",
          "city": "Leisnig"
        },
        "sources": [
          {
            "type": "osm",
            "id": "node/6702766825",
            "version": 0
          }
        ],
        "created": "2026-05-29",
        "updated": "2026-08-17",
        "hours": {
          "raw": "Mo-Fr 08:30-18:00, Sa 08:30-12:00"
        },
        "payment": {
          "cash": "yes",
          "cards": "unknown",
          "contactless": "unknown",
          "girocard": "yes"
        },
        "tags": [
          "barrierefrei"
        ],
        "sources_by_field": {
          "name": "osm",
          "address.street": "osm",
          "address.number": "osm",
          "address.postalcode": "osm",
          "address.city": "osm",
          "hours": "osm",
          "payment.cash": "osm",
          "payment.cards": "osm",
          "payment.contactless": "osm",
          "payment.girocard": "osm"
        },
        "apple_id_attempted": "2026-08-04"
      }
    },
    {
      "type": "Feature",
      "geometry": {
        "type": "Point",
        "coordinates": [
          14.0712343,
          50.9624299
        ]
      },
      "properties": {
        "id": "tk_snr_osm_n671528837",
        "name": "Souvenirs",
        "address": {},
        "sources": [
          {
            "type": "osm",
            "id": "node/671528837",
            "version": 0
          }
        ],
        "created": "2026-05-29",
        "updated": "2026-08-17",
        "payment": {
          "cash": "unknown",
          "cards": "unknown",
          "contactless": "unknown",
          "girocard": "yes"
        },
        "tags": [
          "barrierefrei"
        ],
        "sources_by_field": {
          "name": "osm",
          "payment.cash": "osm",
          "payment.cards": "osm",
          "payment.contactless": "osm",
          "payment.girocard": "osm"
        },
        "apple_id_attempted": "2026-08-04",
        "google_attempted": "2026-07-20"
      }
    },
    {
      "type": "Feature",
      "geometry": {
        "type": "Point",
        "coordinates": [
          13.8412745,
          51.0029008
        ]
      },
      "properties": {
        "id": "tk_snr_osm_n6997948608",
        "name": "Cigo",
        "address": {
          "street": "Pirnaer Landstraße",
          "city": "Dresden"
        },
        "sources": [
          {
            "type": "osm",
            "id": "node/6997948608",
            "version": 0
          }
        ],
        "created": "2026-08-17",
        "updated": "2026-08-17",
        "hours": {
          "raw": "Mo-Fr 08:00-19:00; Sa 08:00-18:00"
        },
        "sources_by_field": {
          "name": "osm",
          "address.street": "osm",
          "address.city": "osm",
          "hours": "osm"
        }
      }
    },
    {
      "type": "Feature",
      "geometry": {
        "type": "Point",
        "coordinates": [
          12.7041636,
          51.2344573
        ]
      },
      "properties": {
        "id": "tk_snr_osm_n7005703640",
        "name": "Getränkewelt",
        "address": {},
        "sources": [
          {
            "type": "osm",
            "id": "node/7005703640",
            "version": 0
          }
        ],
        "created": "2026-05-29",
        "updated": "2026-06-15",
        "sources_by_field": {
          "name": "osm"
        },
        "apple_id_attempted": "2026-08-04",
        "google_attempted": "2026-07-20",
        "payment": {},
        "osm_removed": true
      }
    },
    {
      "type": "Feature",
      "geometry": {
        "type": "Point",
        "coordinates": [
          12.8210771,
          50.5274954
        ]
      },
      "properties": {
        "id": "tk_snr_osm_n7482826406",
        "name": "Markgrafen-Getränke",
        "address": {
          "street": "Hauptstraße",
          "number": "114",
          "postalcode": "08352",
          "city": "Raschau-Markersbach"
        },
        "sources": [
          {
            "type": "osm",
            "id": "node/7482826406",
            "version": 0
          }
        ],
        "created": "2026-05-29",
        "updated": "2026-08-17",
        "hours": {
          "raw": "Mo-Fr 09:00-18:00; Sa 08:00-12:00; Su,PH off"
        },
        "tags": [
          "barrierefrei"
        ],
        "sources_by_field": {
          "name": "osm",
          "address.street": "osm",
          "address.number": "osm",
          "address.postalcode": "osm",
          "address.city": "osm",
          "hours": "osm"
        },
        "apple_id_attempted": "2026-08-04",
        "google_attempted": "2026-07-20",
        "payment": {}
      }
    },
    {
      "type": "Feature",
      "geometry": {
        "type": "Point",
        "coordinates": [
          12.8839606,
          50.6706537
        ]
      },
      "properties": {
        "id": "tk_snr_osm_n7551873778",
        "name": "Singer´s Getränkeshop",
        "address": {
          "street": "Auerbacher Straße",
          "number": "2",
          "postalcode": "08297",
          "city": "Zwönitz",
          "district": "Hormersdorf"
        },
        "sources": [
          {
            "type": "osm",
            "id": "node/7551873778",
            "version": 0
          }
        ],
        "created": "2026-05-29",
        "updated": "2026-08-17",
        "hours": {
          "raw": "Mo-Fr 09:00-18:00; Sa 08:30-12:00; Su,PH off"
        },
        "tags": [
          "barrierefrei"
        ],
        "sources_by_field": {
          "name": "osm",
          "address.street": "osm",
          "address.number": "osm",
          "address.postalcode": "osm",
          "address.city": "osm",
          "address.district": "osm",
          "hours": "osm"
        },
        "apple_id_attempted": "2026-08-04",
        "google_attempted": "2026-07-20",
        "payment": {}
      }
    },
    {
      "type": "Feature",
      "geometry": {
        "type": "Point",
        "coordinates": [
          13.308952,
          51.0299528
        ]
      },
      "properties": {
        "id": "tk_snr_osm_n762439767",
        "name": "Kochs Schreib- und Spielwaren",
        "address": {
          "street": "Reinsberger Straße",
          "number": "1",
          "postalcode": "09603",
          "city": "Großschirma"
        },
        "sources": [
          {
            "type": "osm",
            "id": "node/762439767",
            "version": 0
          }
        ],
        "created": "2026-05-29",
        "updated": "2026-08-17",
        "sources_by_field": {
          "name": "osm",
          "address.street": "osm",
          "address.number": "osm",
          "address.postalcode": "osm",
          "address.city": "osm"
        },
        "apple_id_attempted": "2026-08-04",
        "google_attempted": "2026-07-20",
        "payment": {}
      }
    },
    {
      "type": "Feature",
      "geometry": {
        "type": "Point",
        "coordinates": [
          13.1828146,
          51.0620391
        ]
      },
      "properties": {
        "id": "tk_snr_osm_n7650751559",
        "name": "Getränkehandel Grün Weiss",
        "address": {
          "street": "Bahnhofstraße",
          "number": "1"
        },
        "sources": [
          {
            "type": "osm",
            "id": "node/7650751559",
            "version": 0
          }
        ],
        "created": "2026-05-29",
        "updated": "2026-08-17",
        "sources_by_field": {
          "name": "osm",
          "address.street": "osm",
          "address.number": "osm"
        },
        "apple_id_attempted": "2026-08-04",
        "google_attempted": "2026-07-20",
        "payment": {}
      }
    },
    {
      "type": "Feature",
      "geometry": {
        "type": "Point",
        "coordinates": [
          14.087185,
          51.051278
        ]
      },
      "properties": {
        "id": "tk_snr_osm_n768086899",
        "name": "Getränkescheune",
        "address": {
          "street": "An den Stadtscheunen",
          "number": "1",
          "postalcode": "01833",
          "city": "Stolpen"
        },
        "sources": [
          {
            "type": "osm",
            "id": "node/768086899",
            "version": 0
          }
        ],
        "created": "2026-05-29",
        "updated": "2026-08-17",
        "hours": {
          "raw": "Mo-Fr 09:00-19:00; Sa 08:00-13:00; Su,PH off"
        },
        "payment": {
          "cash": "yes",
          "cards": "yes",
          "contactless": "yes",
          "girocard": "unknown"
        },
        "sources_by_field": {
          "name": "osm",
          "address.street": "osm",
          "address.number": "osm",
          "address.postalcode": "osm",
          "address.city": "osm",
          "hours": "osm",
          "payment.cash": "osm",
          "payment.cards": "osm",
          "payment.contactless": "osm",
          "payment.girocard": "osm"
        },
        "apple_id_attempted": "2026-08-04"
      }
    },
    {
      "type": "Feature",
      "geometry": {
        "type": "Point",
        "coordinates": [
          12.7858382,
          50.5365484
        ]
      },
      "properties": {
        "id": "tk_snr_osm_n7897405041",
        "name": "Getränke Perle",
        "address": {},
        "sources": [
          {
            "type": "osm",
            "id": "node/7897405041",
            "version": 0
          }
        ],
        "created": "2026-05-29",
        "updated": "2026-08-17",
        "sources_by_field": {
          "name": "osm"
        },
        "apple_id_attempted": "2026-08-04",
        "google_attempted": "2026-07-20",
        "payment": {}
      }
    },
    {
      "type": "Feature",
      "geometry": {
        "type": "Point",
        "coordinates": [
          14.8323511,
          51.4071889
        ]
      },
      "properties": {
        "id": "tk_snr_osm_n7957913385",
        "name": "Apfelschmiede Striese",
        "address": {
          "street": "Feldhäuserweg",
          "number": "127",
          "postalcode": "02956",
          "city": "Rietschen"
        },
        "sources": [
          {
            "type": "osm",
            "id": "node/7957913385",
            "version": 0
          }
        ],
        "created": "2026-05-29",
        "updated": "2026-08-17",
        "sources_by_field": {
          "name": "osm",
          "address.street": "osm",
          "address.number": "osm",
          "address.postalcode": "osm",
          "address.city": "osm"
        },
        "apple_id_attempted": "2026-08-04",
        "google_attempted": "2026-07-20",
        "payment": {}
      }
    },
    {
      "type": "Feature",
      "geometry": {
        "type": "Point",
        "coordinates": [
          14.2437412,
          51.2797589
        ]
      },
      "properties": {
        "id": "tk_snr_osm_n802967573",
        "name": "Böckelbart Mein Getränkerevier",
        "address": {
          "street": "Kamenzer Straße",
          "number": "12",
          "postalcode": "01920"
        },
        "sources": [
          {
            "type": "osm",
            "id": "node/802967573",
            "version": 0
          }
        ],
        "created": "2026-05-29",
        "updated": "2026-07-13",
        "hours": {
          "raw": "Mo-Fr 08:00-18:00; Sa 08:00-12:00"
        },
        "sources_by_field": {
          "name": "osm",
          "address.street": "osm",
          "address.number": "osm",
          "address.postalcode": "osm",
          "hours": "osm"
        },
        "apple_id_attempted": "2026-08-04",
        "google_attempted": "2026-07-20",
        "payment": {},
        "osm_removed": true
      }
    },
    {
      "type": "Feature",
      "geometry": {
        "type": "Point",
        "coordinates": [
          12.3916429,
          50.8275872
        ]
      },
      "properties": {
        "id": "tk_snr_osm_n8075174907",
        "name": "Huster Getränke",
        "address": {
          "street": "Melanchthonstraße",
          "number": "4",
          "postalcode": "08451",
          "city": "Crimmitschau"
        },
        "sources": [
          {
            "type": "osm",
            "id": "node/8075174907",
            "version": 0
          }
        ],
        "created": "2026-05-29",
        "updated": "2026-08-17",
        "hours": {
          "raw": "Mo-Fr 08:00-18:30; Sa 08:00-14:00; Su,PH off"
        },
        "tags": [
          "barrierefrei"
        ],
        "sources_by_field": {
          "name": "osm",
          "address.street": "osm",
          "address.number": "osm",
          "address.postalcode": "osm",
          "address.city": "osm",
          "hours": "osm"
        },
        "apple_id_attempted": "2026-08-04",
        "google_attempted": "2026-07-20",
        "payment": {}
      }
    },
    {
      "type": "Feature",
      "geometry": {
        "type": "Point",
        "coordinates": [
          12.6096822,
          51.2032457
        ]
      },
      "properties": {
        "id": "tk_snr_osm_n8688322754",
        "name": "Anne's Getränke Oase",
        "address": {
          "street": "Hauptstraße",
          "number": "1",
          "postalcode": "04668",
          "city": "Otterwisch"
        },
        "sources": [
          {
            "type": "osm",
            "id": "node/8688322754",
            "version": 0
          }
        ],
        "created": "2026-05-29",
        "updated": "2026-08-17",
        "hours": {
          "raw": "Mo-We 16:00-19:00; Th,Fr 09:00-12:00,16:00-19:00; Sa 09:00-12:00; Su,PH off"
        },
        "sources_by_field": {
          "name": "osm",
          "address.street": "osm",
          "address.number": "osm",
          "address.postalcode": "osm",
          "address.city": "osm",
          "hours": "osm"
        },
        "apple_id_attempted": "2026-08-04",
        "google_attempted": "2026-07-20",
        "payment": {}
      }
    },
    {
      "type": "Feature",
      "geometry": {
        "type": "Point",
        "coordinates": [
          12.6391314,
          50.6004006
        ]
      },
      "properties": {
        "id": "tk_snr_osm_n8707878889",
        "name": "Huster Getränke",
        "address": {
          "street": "Scheunenstraße",
          "number": "2-4",
          "postalcode": "08289",
          "city": "Schneeberg"
        },
        "sources": [
          {
            "type": "osm",
            "id": "node/8707878889",
            "version": 0
          }
        ],
        "created": "2026-05-29",
        "updated": "2026-08-17",
        "hours": {
          "raw": "Mo-Fr 08:00-13:00,14:00-18:00; Sa 08:00-12:00; Su,PH off"
        },
        "sources_by_field": {
          "name": "osm",
          "address.street": "osm",
          "address.number": "osm",
          "address.postalcode": "osm",
          "address.city": "osm",
          "hours": "osm"
        },
        "apple_id_attempted": "2026-08-04",
        "google_attempted": "2026-07-20",
        "payment": {}
      }
    },
    {
      "type": "Feature",
      "geometry": {
        "type": "Point",
        "coordinates": [
          13.3193409,
          50.7964842
        ]
      },
      "properties": {
        "id": "tk_snr_osm_n8714288745",
        "name": "Getränke Mittag",
        "address": {},
        "sources": [
          {
            "type": "osm",
            "id": "node/8714288745",
            "version": 0
          }
        ],
        "created": "2026-05-29",
        "updated": "2026-08-17",
        "tags": [
          "barrierefrei"
        ],
        "sources_by_field": {
          "name": "osm"
        },
        "apple_id_attempted": "2026-08-04",
        "google_attempted": "2026-07-20",
        "payment": {}
      }
    },
    {
      "type": "Feature",
      "geometry": {
        "type": "Point",
        "coordinates": [
          12.7080211,
          51.3613409
        ]
      },
      "properties": {
        "id": "tk_snr_osm_n8812144468",
        "name": "Sachsenland Trinkparadies",
        "address": {
          "street": "Leipziger Straße",
          "number": "43/44",
          "postalcode": "04828",
          "city": "Bennewitz"
        },
        "sources": [
          {
            "type": "osm",
            "id": "node/8812144468",
            "version": 0
          }
        ],
        "created": "2026-05-29",
        "updated": "2026-08-17",
        "hours": {
          "raw": "Mo-Fr 08:00-19:00; Sa 08:00-13:00; Su,PH off"
        },
        "tags": [
          "barrierefrei"
        ],
        "sources_by_field": {
          "name": "osm",
          "address.street": "osm",
          "address.number": "osm",
          "address.postalcode": "osm",
          "address.city": "osm",
          "hours": "osm"
        },
        "apple_id_attempted": "2026-08-04",
        "google_attempted": "2026-07-20",
        "payment": {}
      }
    },
    {
      "type": "Feature",
      "geometry": {
        "type": "Point",
        "coordinates": [
          13.9123908,
          50.9563093
        ]
      },
      "properties": {
        "id": "tk_snr_osm_n8852861902",
        "name": "bilgro",
        "address": {
          "street": "Dresdner Straße",
          "number": "51",
          "postalcode": "01796",
          "city": "Pirna"
        },
        "sources": [
          {
            "type": "osm",
            "id": "node/8852861902",
            "version": 0
          }
        ],
        "created": "2026-05-29",
        "updated": "2026-06-15",
        "hours": {
          "raw": "Mo-Fr 09:00-19:00; Sa 08:00-14:00; PH off"
        },
        "payment": {
          "cash": "yes",
          "cards": "unknown",
          "contactless": "unknown",
          "girocard": "unknown"
        },
        "sources_by_field": {
          "name": "osm",
          "address.street": "osm",
          "address.number": "osm",
          "address.postalcode": "osm",
          "address.city": "osm",
          "hours": "osm",
          "payment.cash": "osm",
          "payment.cards": "osm",
          "payment.contactless": "osm",
          "payment.girocard": "osm"
        },
        "apple_id_attempted": "2026-08-04",
        "osm_removed": true
      }
    },
    {
      "type": "Feature",
      "geometry": {
        "type": "Point",
        "coordinates": [
          14.8051279,
          50.9070525
        ]
      },
      "properties": {
        "id": "tk_snr_osm_n896360323",
        "name": "WM (Märkisch)",
        "address": {
          "street": "Löbauer Straße",
          "number": "21",
          "postalcode": "02763",
          "city": "Zittau"
        },
        "sources": [
          {
            "type": "osm",
            "id": "node/896360323",
            "version": 0
          }
        ],
        "created": "2026-05-29",
        "updated": "2026-08-17",
        "sources_by_field": {
          "name": "osm",
          "address.street": "osm",
          "address.number": "osm",
          "address.postalcode": "osm",
          "address.city": "osm"
        },
        "apple_id_attempted": "2026-08-04",
        "google_attempted": "2026-07-20",
        "payment": {}
      }
    },
    {
      "type": "Feature",
      "geometry": {
        "type": "Point",
        "coordinates": [
          14.9556252,
          51.0720816
        ]
      },
      "properties": {
        "id": "tk_snr_osm_n9251101446",
        "name": "Segelschule",
        "address": {},
        "sources": [
          {
            "type": "osm",
            "id": "node/9251101446",
            "version": 0
          }
        ],
        "created": "2026-05-29",
        "updated": "2026-08-17",
        "hours": {
          "raw": "Sa,Su 11:00-17:00"
        },
        "sources_by_field": {
          "name": "osm",
          "hours": "osm"
        },
        "apple_id_attempted": "2026-08-04",
        "google_attempted": "2026-07-20",
        "payment": {}
      }
    },
    {
      "type": "Feature",
      "geometry": {
        "type": "Point",
        "coordinates": [
          13.4716038,
          51.0077393
        ]
      },
      "properties": {
        "id": "tk_snr_osm_n944642474",
        "name": "Getränkeshop Tränkner",
        "address": {},
        "sources": [
          {
            "type": "osm",
            "id": "node/944642474",
            "version": 0
          }
        ],
        "created": "2026-05-29",
        "updated": "2026-08-17",
        "sources_by_field": {
          "name": "osm"
        },
        "apple_id_attempted": "2026-08-04",
        "google_attempted": "2026-07-20",
        "payment": {}
      }
    },
    {
      "type": "Feature",
      "geometry": {
        "type": "Point",
        "coordinates": [
          12.8189005,
          50.5299446
        ]
      },
      "properties": {
        "id": "tk_snr_osm_n9520592544",
        "name": "Getränke Perle",
        "address": {
          "street": "Hauptstraße",
          "number": "109a",
          "postalcode": "08352",
          "city": "Raschau-Markersbach"
        },
        "sources": [
          {
            "type": "osm",
            "id": "node/9520592544",
            "version": 0
          }
        ],
        "created": "2026-05-29",
        "updated": "2026-08-17",
        "hours": {
          "raw": "Mo-Fr 09:00-18:00; Sa 09:00-12:00; Su,PH off"
        },
        "tags": [
          "barrierefrei"
        ],
        "sources_by_field": {
          "name": "osm",
          "address.street": "osm",
          "address.number": "osm",
          "address.postalcode": "osm",
          "address.city": "osm",
          "hours": "osm"
        },
        "apple_id_attempted": "2026-08-04",
        "google_attempted": "2026-07-20",
        "payment": {}
      }
    },
    {
      "type": "Feature",
      "geometry": {
        "type": "Point",
        "coordinates": [
          13.1171553,
          50.969428
        ]
      },
      "properties": {
        "id": "tk_snr_osm_n973852301",
        "name": "Getränkewelt",
        "address": {},
        "sources": [
          {
            "type": "osm",
            "id": "node/973852301",
            "version": 0
          }
        ],
        "created": "2026-05-29",
        "updated": "2026-08-17",
        "hours": {
          "raw": "Mo-Fr 08:00-19:00; Sa 08:00-14:00"
        },
        "sources_by_field": {
          "name": "osm",
          "hours": "osm"
        },
        "apple_id_attempted": "2026-08-04",
        "google_attempted": "2026-07-20",
        "payment": {}
      }
    },
    {
      "type": "Feature",
      "geometry": {
        "type": "Point",
        "coordinates": [
          12.8101485,
          50.6298797
        ]
      },
      "properties": {
        "id": "tk_snr_osm_n9761206901",
        "name": "Herr Anton",
        "address": {},
        "sources": [
          {
            "type": "osm",
            "id": "node/9761206901",
            "version": 0
          }
        ],
        "created": "2026-05-29",
        "updated": "2026-06-15",
        "hours": {
          "raw": "24/7"
        },
        "sources_by_field": {
          "name": "osm",
          "hours": "osm"
        },
        "apple_id_attempted": "2026-08-04",
        "google_attempted": "2026-07-20",
        "payment": {},
        "osm_removed": true
      }
    },
    {
      "type": "Feature",
      "geometry": {
        "type": "Point",
        "coordinates": [
          13.7331457,
          51.120973
        ]
      },
      "properties": {
        "id": "tk_snr_osm_n9799286109",
        "name": "Getränkeservice Anreas Zschiedrich",
        "address": {},
        "sources": [
          {
            "type": "osm",
            "id": "node/9799286109",
            "version": 0
          }
        ],
        "created": "2026-05-29",
        "updated": "2026-08-17",
        "hours": {
          "raw": "Mo-Fr 14:00-18:00; Sa 09:00-12:00"
        },
        "sources_by_field": {
          "name": "osm",
          "hours": "osm"
        },
        "apple_id_attempted": "2026-08-04",
        "google_attempted": "2026-07-20",
        "payment": {}
      }
    },
    {
      "type": "Feature",
      "geometry": {
        "type": "Point",
        "coordinates": [
          13.1207169,
          50.6300806
        ]
      },
      "properties": {
        "id": "tk_snr_osm_n9905531968",
        "name": "Sachsenland Trinkparadies",
        "address": {
          "street": "Marienberger Straße",
          "number": "139",
          "postalcode": "09518",
          "city": "Großrückerswalde"
        },
        "sources": [
          {
            "type": "osm",
            "id": "node/9905531968",
            "version": 0
          }
        ],
        "created": "2026-05-29",
        "updated": "2026-08-17",
        "hours": {
          "raw": "Mo-Fr 09:00-18:00; Sa 08:00-12:00; Su,PH off"
        },
        "tags": [
          "barrierefrei"
        ],
        "sources_by_field": {
          "name": "osm",
          "address.street": "osm",
          "address.number": "osm",
          "address.postalcode": "osm",
          "address.city": "osm",
          "hours": "osm"
        },
        "apple_id_attempted": "2026-08-04",
        "google_attempted": "2026-07-20",
        "payment": {}
      }
    },
    {
      "type": "Feature",
      "geometry": {
        "type": "Point",
        "coordinates": [
          14.3139015,
          51.2967393
        ]
      },
      "properties": {
        "id": "tk_snr_osm_w102066819",
        "name": "Bistro Waldbad \"Waikiki Beach\"",
        "address": {},
        "sources": [
          {
            "type": "osm",
            "id": "way/102066819",
            "version": 0
          }
        ],
        "created": "2026-05-29",
        "updated": "2026-08-17",
        "hours": {
          "raw": "PH,Mo-Su 11:00-22:00"
        },
        "tags": [
          "barrierefrei"
        ],
        "sources_by_field": {
          "name": "osm",
          "hours": "osm"
        },
        "apple_id_attempted": "2026-08-04",
        "google_attempted": "2026-07-20",
        "payment": {}
      }
    },
    {
      "type": "Feature",
      "geometry": {
        "type": "Point",
        "coordinates": [
          12.7599639,
          51.367486
        ]
      },
      "properties": {
        "id": "tk_snr_osm_w107712198",
        "name": "Getränkeshop",
        "address": {
          "street": "Roitzscher Weg",
          "number": "54",
          "postalcode": "04808",
          "city": "Wurzen"
        },
        "sources": [
          {
            "type": "osm",
            "id": "way/107712198",
            "version": 0
          }
        ],
        "created": "2026-05-29",
        "updated": "2026-08-17",
        "hours": {
          "raw": "Tu-Fr 12:00-20:00; Sa 09:00-18:00; Su 09:00-12:00"
        },
        "sources_by_field": {
          "name": "osm",
          "address.street": "osm",
          "address.number": "osm",
          "address.postalcode": "osm",
          "address.city": "osm",
          "hours": "osm"
        },
        "apple_id_attempted": "2026-08-04",
        "google_attempted": "2026-07-20",
        "payment": {}
      }
    },
    {
      "type": "Feature",
      "geometry": {
        "type": "Point",
        "coordinates": [
          12.5274992,
          50.8248548
        ]
      },
      "properties": {
        "id": "tk_snr_osm_w110752897",
        "name": "Huster",
        "address": {
          "street": "Lampertstraße",
          "number": "3",
          "postalcode": "08371",
          "city": "Glauchau"
        },
        "sources": [
          {
            "type": "osm",
            "id": "way/110752897",
            "version": 0
          }
        ],
        "created": "2026-05-29",
        "updated": "2026-08-17",
        "hours": {
          "raw": "Mo-Fr 08:00-19:00; Sa 08:00-14:00"
        },
        "sources_by_field": {
          "name": "osm",
          "address.street": "osm",
          "address.number": "osm",
          "address.postalcode": "osm",
          "address.city": "osm",
          "hours": "osm"
        },
        "apple_id_attempted": "2026-08-04",
        "google_attempted": "2026-07-20",
        "payment": {}
      }
    },
    {
      "type": "Feature",
      "geometry": {
        "type": "Point",
        "coordinates": [
          12.5391278,
          50.8242108
        ]
      },
      "properties": {
        "id": "tk_snr_osm_w111427722",
        "name": "Getränkewelt",
        "address": {
          "street": "Auestraße",
          "number": "1",
          "postalcode": "08371",
          "city": "Glauchau"
        },
        "sources": [
          {
            "type": "osm",
            "id": "way/111427722",
            "version": 0
          }
        ],
        "created": "2026-05-29",
        "updated": "2026-08-17",
        "hours": {
          "raw": "Mo-Fr 08:00-19:00; Sa 08:00-14:00; PH off"
        },
        "sources_by_field": {
          "name": "osm",
          "address.street": "osm",
          "address.number": "osm",
          "address.postalcode": "osm",
          "address.city": "osm",
          "hours": "osm"
        },
        "apple_id_attempted": "2026-08-04",
        "google_attempted": "2026-07-20",
        "payment": {}
      }
    },
    {
      "type": "Feature",
      "geometry": {
        "type": "Point",
        "coordinates": [
          12.6994055,
          50.9367349
        ]
      },
      "properties": {
        "id": "tk_snr_osm_w112472226",
        "name": "Netto Getränke-Discount",
        "address": {
          "street": "Leipziger Straße",
          "number": "42",
          "postalcode": "09322",
          "city": "Penig"
        },
        "sources": [
          {
            "type": "osm",
            "id": "way/112472226",
            "version": 0
          }
        ],
        "created": "2026-05-29",
        "updated": "2026-06-15",
        "hours": {
          "raw": "Mo-Sa 08:00-20:00; Su,PH off"
        },
        "tags": [
          "barrierefrei"
        ],
        "sources_by_field": {
          "name": "osm",
          "address.street": "osm",
          "address.number": "osm",
          "address.postalcode": "osm",
          "address.city": "osm",
          "hours": "osm"
        },
        "apple_id_attempted": "2026-08-04",
        "google_attempted": "2026-07-20",
        "payment": {},
        "osm_removed": true
      }
    },
    {
      "type": "Feature",
      "geometry": {
        "type": "Point",
        "coordinates": [
          13.6749518,
          51.0492596
        ]
      },
      "properties": {
        "id": "tk_snr_osm_w116396753",
        "name": "Flath Getränke & Mehr",
        "address": {},
        "sources": [
          {
            "type": "osm",
            "id": "way/116396753",
            "version": 0
          }
        ],
        "created": "2026-05-29",
        "updated": "2026-08-17",
        "hours": {
          "raw": "Mo-Fr 09:00-18:00; Sa 08:00-14:00; PH closed"
        },
        "tags": [
          "barrierefrei"
        ],
        "sources_by_field": {
          "name": "osm",
          "hours": "osm"
        },
        "apple_id_attempted": "2026-08-04",
        "google_attempted": "2026-07-20",
        "payment": {}
      }
    },
    {
      "type": "Feature",
      "geometry": {
        "type": "Point",
        "coordinates": [
          13.6774408,
          51.0460743
        ]
      },
      "properties": {
        "id": "tk_snr_osm_w116868217",
        "name": "Le Van Luong",
        "address": {},
        "sources": [
          {
            "type": "osm",
            "id": "way/116868217",
            "version": 0
          }
        ],
        "created": "2026-05-29",
        "updated": "2026-08-17",
        "hours": {
          "raw": "Mo-Sa 10:30-19:00, Su,PH 13:00-18:00"
        },
        "sources_by_field": {
          "name": "osm",
          "hours": "osm"
        },
        "apple_id_attempted": "2026-08-04",
        "google_attempted": "2026-07-20",
        "payment": {}
      }
    },
    {
      "type": "Feature",
      "geometry": {
        "type": "Point",
        "coordinates": [
          13.3480043,
          51.3402973
        ]
      },
      "properties": {
        "id": "tk_snr_osm_w1189732043",
        "name": "Aral",
        "address": {
          "street": "Lichtenseer Straße",
          "number": "18",
          "postalcode": "01619",
          "city": "Zeithain"
        },
        "sources": [
          {
            "type": "osm",
            "id": "way/1189732043",
            "version": 0
          }
        ],
        "created": "2026-05-29",
        "updated": "2026-08-17",
        "hours": {
          "raw": "24/7"
        },
        "sources_by_field": {
          "name": "osm",
          "address.street": "osm",
          "address.number": "osm",
          "address.postalcode": "osm",
          "address.city": "osm",
          "hours": "osm"
        },
        "apple_id_attempted": "2026-08-04",
        "google_attempted": "2026-07-20",
        "payment": {}
      }
    },
    {
      "type": "Feature",
      "geometry": {
        "type": "Point",
        "coordinates": [
          12.9987893,
          50.5775069
        ]
      },
      "properties": {
        "id": "tk_snr_osm_w125963016",
        "name": "bilgro",
        "address": {
          "street": "Bahnhofsplatz",
          "number": "4",
          "postalcode": "09456",
          "city": "Annaberg-Buchholz"
        },
        "sources": [
          {
            "type": "osm",
            "id": "way/125963016",
            "version": 0
          }
        ],
        "created": "2026-05-29",
        "updated": "2026-06-15",
        "hours": {
          "raw": "Mo-Sa 08:00-20:00"
        },
        "tags": [
          "barrierefrei"
        ],
        "sources_by_field": {
          "name": "osm",
          "address.street": "osm",
          "address.number": "osm",
          "address.postalcode": "osm",
          "address.city": "osm",
          "hours": "osm"
        },
        "apple_id_attempted": "2026-08-04",
        "google_attempted": "2026-07-20",
        "payment": {},
        "osm_removed": true
      }
    },
    {
      "type": "Feature",
      "geometry": {
        "type": "Point",
        "coordinates": [
          12.4542524,
          50.7212236
        ]
      },
      "properties": {
        "id": "tk_snr_osm_w132048827",
        "name": "T&T",
        "address": {
          "street": "Jacobstraße",
          "number": "27",
          "postalcode": "08060",
          "city": "Zwickau",
          "district": "Marienthal"
        },
        "sources": [
          {
            "type": "osm",
            "id": "way/132048827",
            "version": 0
          }
        ],
        "created": "2026-05-29",
        "updated": "2026-08-17",
        "sources_by_field": {
          "name": "osm",
          "address.street": "osm",
          "address.number": "osm",
          "address.postalcode": "osm",
          "address.city": "osm",
          "address.district": "osm"
        },
        "apple_id_attempted": "2026-08-04",
        "google_attempted": "2026-07-20",
        "payment": {}
      }
    },
    {
      "type": "Feature",
      "geometry": {
        "type": "Point",
        "coordinates": [
          13.7909956,
          51.1182986
        ]
      },
      "properties": {
        "id": "tk_snr_osm_w134568031",
        "name": "bilgro",
        "address": {
          "street": "Königsbrücker Landstraße",
          "number": "90",
          "postalcode": "01109",
          "city": "Dresden"
        },
        "sources": [
          {
            "type": "osm",
            "id": "way/134568031",
            "version": 0
          }
        ],
        "created": "2026-05-29",
        "updated": "2026-06-15",
        "hours": {
          "raw": "Mo-Fr 09:00-18:00; Sa 09:00-12:30; PH off"
        },
        "tags": [
          "barrierefrei"
        ],
        "sources_by_field": {
          "name": "osm",
          "address.street": "osm",
          "address.number": "osm",
          "address.postalcode": "osm",
          "address.city": "osm",
          "hours": "osm"
        },
        "apple_id_attempted": "2026-08-04",
        "google_attempted": "2026-07-20",
        "payment": {},
        "osm_removed": true
      }
    },
    {
      "type": "Feature",
      "geometry": {
        "type": "Point",
        "coordinates": [
          12.9854798,
          50.9837404
        ]
      },
      "properties": {
        "id": "tk_snr_osm_w1346758260",
        "name": "bilgro",
        "address": {
          "street": "Hainichener Straße",
          "number": "21",
          "postalcode": "09648",
          "city": "Mittweida"
        },
        "sources": [
          {
            "type": "osm",
            "id": "way/1346758260",
            "version": 0
          }
        ],
        "created": "2026-05-29",
        "updated": "2026-06-15",
        "hours": {
          "raw": "Mo-Fr 08:30-18:00; Sa 08:00-12:00"
        },
        "sources_by_field": {
          "name": "osm",
          "address.street": "osm",
          "address.number": "osm",
          "address.postalcode": "osm",
          "address.city": "osm",
          "hours": "osm"
        },
        "apple_id_attempted": "2026-08-04",
        "google_attempted": "2026-07-20",
        "payment": {},
        "osm_removed": true
      }
    },
    {
      "type": "Feature",
      "geometry": {
        "type": "Point",
        "coordinates": [
          12.588667,
          51.3291193
        ]
      },
      "properties": {
        "id": "tk_snr_osm_w1364756162",
        "name": "Netto Getränke-Discount",
        "address": {
          "street": "Gewerbeallee",
          "number": "8a",
          "postalcode": "04821",
          "city": "Brandis"
        },
        "sources": [
          {
            "type": "osm",
            "id": "way/1364756162",
            "version": 0
          }
        ],
        "created": "2026-05-29",
        "updated": "2026-06-15",
        "hours": {
          "raw": "Mo-Sa 08:00-20:00"
        },
        "sources_by_field": {
          "name": "osm",
          "address.street": "osm",
          "address.number": "osm",
          "address.postalcode": "osm",
          "address.city": "osm",
          "hours": "osm"
        },
        "apple_id_attempted": "2026-08-04",
        "google_attempted": "2026-07-20",
        "payment": {},
        "osm_removed": true
      }
    },
    {
      "type": "Feature",
      "geometry": {
        "type": "Point",
        "coordinates": [
          12.7146813,
          50.4332675
        ]
      },
      "properties": {
        "id": "tk_snr_osm_w145170613",
        "name": "Strobel",
        "address": {
          "street": "Goethestraße",
          "number": "1",
          "postalcode": "08349",
          "city": "Johanngeorgenstadt"
        },
        "sources": [
          {
            "type": "osm",
            "id": "way/145170613",
            "version": 0
          }
        ],
        "created": "2026-05-29",
        "updated": "2026-08-17",
        "hours": {
          "raw": "Mo-Fr 09:00-12:00, 14:00-17:00; Sa 09:00-12:00"
        },
        "tags": [
          "barrierefrei"
        ],
        "sources_by_field": {
          "name": "osm",
          "address.street": "osm",
          "address.number": "osm",
          "address.postalcode": "osm",
          "address.city": "osm",
          "hours": "osm"
        },
        "apple_id_attempted": "2026-08-04",
        "google_attempted": "2026-07-20",
        "payment": {}
      }
    },
    {
      "type": "Feature",
      "geometry": {
        "type": "Point",
        "coordinates": [
          13.2244438,
          50.8695584
        ]
      },
      "properties": {
        "id": "tk_snr_osm_w148064487",
        "name": "Getränke- und Landhandel Zeißig",
        "address": {
          "street": "Dorfstraße",
          "number": "21",
          "postalcode": "09569",
          "city": "Oederan",
          "district": "Kirchbach"
        },
        "sources": [
          {
            "type": "osm",
            "id": "way/148064487",
            "version": 0
          }
        ],
        "created": "2026-05-29",
        "updated": "2026-08-17",
        "sources_by_field": {
          "name": "osm",
          "address.street": "osm",
          "address.number": "osm",
          "address.postalcode": "osm",
          "address.city": "osm",
          "address.district": "osm"
        },
        "apple_id_attempted": "2026-08-04",
        "google_attempted": "2026-07-20",
        "payment": {}
      }
    },
    {
      "type": "Feature",
      "geometry": {
        "type": "Point",
        "coordinates": [
          12.7280745,
          50.8046712
        ]
      },
      "properties": {
        "id": "tk_snr_osm_w166895486",
        "name": "bilgro",
        "address": {
          "street": "Dresdner Straße",
          "number": "113",
          "postalcode": "09337",
          "city": "Hohenstein-Ernstthal"
        },
        "sources": [
          {
            "type": "osm",
            "id": "way/166895486",
            "version": 0
          }
        ],
        "created": "2026-05-29",
        "updated": "2026-06-15",
        "sources_by_field": {
          "name": "osm",
          "address.street": "osm",
          "address.number": "osm",
          "address.postalcode": "osm",
          "address.city": "osm"
        },
        "apple_id_attempted": "2026-08-04",
        "google_attempted": "2026-07-20",
        "payment": {},
        "osm_removed": true
      }
    },
    {
      "type": "Feature",
      "geometry": {
        "type": "Point",
        "coordinates": [
          13.7701463,
          50.9450408
        ]
      },
      "properties": {
        "id": "tk_snr_osm_w186780242",
        "name": "Äppelbude",
        "address": {},
        "sources": [
          {
            "type": "osm",
            "id": "way/186780242",
            "version": 0
          }
        ],
        "created": "2026-05-29",
        "updated": "2026-08-17",
        "hours": {
          "raw": "off \"siehe Website\""
        },
        "sources_by_field": {
          "name": "osm",
          "hours": "osm"
        },
        "apple_id_attempted": "2026-08-04",
        "google_attempted": "2026-07-20",
        "payment": {}
      }
    },
    {
      "type": "Feature",
      "geometry": {
        "type": "Point",
        "coordinates": [
          13.1225604,
          50.5708042
        ]
      },
      "properties": {
        "id": "tk_snr_osm_w199305568",
        "name": "Mehlis Getraenkeperle",
        "address": {},
        "sources": [
          {
            "type": "osm",
            "id": "way/199305568",
            "version": 0
          }
        ],
        "created": "2026-05-29",
        "updated": "2026-08-17",
        "sources_by_field": {
          "name": "osm"
        },
        "apple_id_attempted": "2026-08-04",
        "google_attempted": "2026-07-20",
        "payment": {}
      }
    },
    {
      "type": "Feature",
      "geometry": {
        "type": "Point",
        "coordinates": [
          12.8175954,
          50.6380576
        ]
      },
      "properties": {
        "id": "tk_snr_osm_w236740677",
        "name": "bilgro",
        "address": {
          "street": "Niederzwönitzer Straße",
          "number": "72",
          "postalcode": "08297",
          "city": "Zwönitz"
        },
        "sources": [
          {
            "type": "osm",
            "id": "way/236740677",
            "version": 0
          }
        ],
        "created": "2026-05-29",
        "updated": "2026-06-15",
        "sources_by_field": {
          "name": "osm",
          "address.street": "osm",
          "address.number": "osm",
          "address.postalcode": "osm",
          "address.city": "osm"
        },
        "apple_id_attempted": "2026-08-04",
        "google_attempted": "2026-07-20",
        "payment": {},
        "osm_removed": true
      }
    },
    {
      "type": "Feature",
      "geometry": {
        "type": "Point",
        "coordinates": [
          13.7199105,
          51.1432182
        ]
      },
      "properties": {
        "id": "tk_snr_osm_w237209724",
        "name": "Kiosk Cafe Waldteichfreunde",
        "address": {},
        "sources": [
          {
            "type": "osm",
            "id": "way/237209724",
            "version": 0
          }
        ],
        "created": "2026-05-29",
        "updated": "2026-08-17",
        "sources_by_field": {
          "name": "osm"
        },
        "apple_id_attempted": "2026-08-04",
        "google_attempted": "2026-07-20",
        "payment": {}
      }
    },
    {
      "type": "Feature",
      "geometry": {
        "type": "Point",
        "coordinates": [
          14.4458499,
          51.1039308
        ]
      },
      "properties": {
        "id": "tk_snr_osm_w240359104",
        "name": "mein Getränke Revier",
        "address": {
          "street": "Hauptstraße",
          "number": "21",
          "postalcode": "02681",
          "city": "Schirgiswalde-Kirschau",
          "district": "Rodewitz/Spree"
        },
        "sources": [
          {
            "type": "osm",
            "id": "way/240359104",
            "version": 0
          }
        ],
        "created": "2026-05-29",
        "updated": "2026-08-17",
        "hours": {
          "raw": "Mo-Fr 09:00-12:00,14:00-18:00; Sa 09:00-12:00; Su,PH off"
        },
        "tags": [
          "barrierefrei"
        ],
        "sources_by_field": {
          "name": "osm",
          "address.street": "osm",
          "address.number": "osm",
          "address.postalcode": "osm",
          "address.city": "osm",
          "address.district": "osm",
          "hours": "osm"
        },
        "apple_id_attempted": "2026-08-04",
        "google_attempted": "2026-07-20",
        "payment": {}
      }
    },
    {
      "type": "Feature",
      "geometry": {
        "type": "Point",
        "coordinates": [
          12.6970929,
          51.0581954
        ]
      },
      "properties": {
        "id": "tk_snr_osm_w243215580",
        "name": "Zeitungskiosk",
        "address": {},
        "sources": [
          {
            "type": "osm",
            "id": "way/243215580",
            "version": 0
          }
        ],
        "created": "2026-05-29",
        "updated": "2026-08-17",
        "hours": {
          "raw": "Mo-Fr 05:30-18:00; Sa 06:30-16:00"
        },
        "tags": [
          "barrierefrei"
        ],
        "sources_by_field": {
          "name": "osm",
          "hours": "osm"
        },
        "apple_id_attempted": "2026-08-04",
        "google_attempted": "2026-07-20",
        "payment": {}
      }
    },
    {
      "type": "Feature",
      "geometry": {
        "type": "Point",
        "coordinates": [
          14.6718375,
          51.0815323
        ]
      },
      "properties": {
        "id": "tk_snr_osm_w265100590",
        "name": "Die Bierfabrik",
        "address": {
          "street": "Äußere Zittauer Straße",
          "number": "68",
          "postalcode": "02708",
          "city": "Löbau"
        },
        "sources": [
          {
            "type": "osm",
            "id": "way/265100590",
            "version": 0
          }
        ],
        "created": "2026-05-29",
        "updated": "2026-08-17",
        "sources_by_field": {
          "name": "osm",
          "address.street": "osm",
          "address.number": "osm",
          "address.postalcode": "osm",
          "address.city": "osm"
        },
        "apple_id_attempted": "2026-08-04",
        "google_attempted": "2026-07-20",
        "payment": {}
      }
    },
    {
      "type": "Feature",
      "geometry": {
        "type": "Point",
        "coordinates": [
          12.5514038,
          51.169754
        ]
      },
      "properties": {
        "id": "tk_snr_osm_w270351303",
        "name": "Planet Drink",
        "address": {
          "street": "Feuerwehrstraße",
          "number": "13",
          "postalcode": "04567",
          "city": "Kitzscher"
        },
        "sources": [
          {
            "type": "osm",
            "id": "way/270351303",
            "version": 0
          }
        ],
        "created": "2026-05-29",
        "updated": "2026-08-17",
        "hours": {
          "raw": "Mo-Fr 09:00-18:00; Sa 09:09-12:00; PH off"
        },
        "sources_by_field": {
          "name": "osm",
          "address.street": "osm",
          "address.number": "osm",
          "address.postalcode": "osm",
          "address.city": "osm",
          "hours": "osm"
        },
        "apple_id_attempted": "2026-08-04",
        "google_attempted": "2026-07-20",
        "payment": {}
      }
    },
    {
      "type": "Feature",
      "geometry": {
        "type": "Point",
        "coordinates": [
          12.6175534,
          50.8730293
        ]
      },
      "properties": {
        "id": "tk_snr_osm_w294878048",
        "name": "Getränkehandel",
        "address": {
          "street": "Freiheitsplatz",
          "number": "9",
          "postalcode": "08396",
          "city": "Waldenburg"
        },
        "sources": [
          {
            "type": "osm",
            "id": "way/294878048",
            "version": 0
          }
        ],
        "created": "2026-05-29",
        "updated": "2026-08-17",
        "hours": {
          "raw": "Mo-Fr 08:00-18:00; Apr-Oct Mo-Fr 08:00-19:00; Apr-Oct Sa 08:00-13:00"
        },
        "sources_by_field": {
          "name": "osm",
          "address.street": "osm",
          "address.number": "osm",
          "address.postalcode": "osm",
          "address.city": "osm",
          "hours": "osm"
        },
        "apple_id_attempted": "2026-08-04",
        "google_attempted": "2026-07-20",
        "payment": {}
      }
    },
    {
      "type": "Feature",
      "geometry": {
        "type": "Point",
        "coordinates": [
          13.2753603,
          51.321821
        ]
      },
      "properties": {
        "id": "tk_snr_osm_w297907098",
        "name": "Netto Getränke-Discount",
        "address": {
          "street": "Am Kalkberg",
          "number": "1",
          "postalcode": "01591"
        },
        "sources": [
          {
            "type": "osm",
            "id": "way/297907098",
            "version": 0
          }
        ],
        "created": "2026-05-29",
        "updated": "2026-06-15",
        "hours": {
          "raw": "Mo-Sa 08:00-20:00; Su, PH off"
        },
        "tags": [
          "barrierefrei"
        ],
        "sources_by_field": {
          "name": "osm",
          "address.street": "osm",
          "address.number": "osm",
          "address.postalcode": "osm",
          "hours": "osm"
        },
        "apple_id_attempted": "2026-08-04",
        "google_attempted": "2026-07-20",
        "payment": {},
        "osm_removed": true
      }
    },
    {
      "type": "Feature",
      "geometry": {
        "type": "Point",
        "coordinates": [
          13.3255843,
          50.8473638
        ]
      },
      "properties": {
        "id": "tk_snr_osm_w302787017",
        "name": "Getränkeservice Helmut Rößler",
        "address": {
          "street": "Kohlenstraße",
          "number": "46",
          "postalcode": "09618",
          "city": "Brand-Erbisdorf"
        },
        "sources": [
          {
            "type": "osm",
            "id": "way/302787017",
            "version": 0
          }
        ],
        "created": "2026-05-29",
        "updated": "2026-08-17",
        "sources_by_field": {
          "name": "osm",
          "address.street": "osm",
          "address.number": "osm",
          "address.postalcode": "osm",
          "address.city": "osm"
        },
        "apple_id_attempted": "2026-08-04",
        "google_attempted": "2026-07-20",
        "payment": {}
      }
    },
    {
      "type": "Feature",
      "geometry": {
        "type": "Point",
        "coordinates": [
          13.8284443,
          51.1815754
        ]
      },
      "properties": {
        "id": "tk_snr_osm_w314696286",
        "name": "Kick In",
        "address": {
          "street": "Dresdner Straße",
          "number": "25b",
          "postalcode": "01458",
          "city": "Ottendorf-Okrilla"
        },
        "sources": [
          {
            "type": "osm",
            "id": "way/314696286",
            "version": 0
          }
        ],
        "created": "2026-05-29",
        "updated": "2026-08-17",
        "sources_by_field": {
          "name": "osm",
          "address.street": "osm",
          "address.number": "osm",
          "address.postalcode": "osm",
          "address.city": "osm"
        },
        "apple_id_attempted": "2026-08-04",
        "google_attempted": "2026-07-20",
        "payment": {}
      }
    },
    {
      "type": "Feature",
      "geometry": {
        "type": "Point",
        "coordinates": [
          12.3991971,
          50.5378053
        ]
      },
      "properties": {
        "id": "tk_snr_osm_w330168024",
        "name": "Huster Getränke",
        "address": {},
        "sources": [
          {
            "type": "osm",
            "id": "way/330168024",
            "version": 0
          }
        ],
        "created": "2026-05-29",
        "updated": "2026-08-17",
        "sources_by_field": {
          "name": "osm"
        },
        "apple_id_attempted": "2026-08-04",
        "google_attempted": "2026-07-20",
        "payment": {}
      }
    },
    {
      "type": "Feature",
      "geometry": {
        "type": "Point",
        "coordinates": [
          12.9602891,
          50.9853983
        ]
      },
      "properties": {
        "id": "tk_snr_osm_w338850424",
        "name": "Der Getränkespezialist",
        "address": {
          "street": "Bahnhofstraße",
          "number": "71",
          "postalcode": "09648",
          "city": "Mittweida"
        },
        "sources": [
          {
            "type": "osm",
            "id": "way/338850424",
            "version": 0
          }
        ],
        "created": "2026-05-29",
        "updated": "2026-08-17",
        "sources_by_field": {
          "name": "osm",
          "address.street": "osm",
          "address.number": "osm",
          "address.postalcode": "osm",
          "address.city": "osm"
        },
        "apple_id_attempted": "2026-08-04",
        "google_attempted": "2026-07-23",
        "payment": {}
      }
    },
    {
      "type": "Feature",
      "geometry": {
        "type": "Point",
        "coordinates": [
          12.9102247,
          51.3627786
        ]
      },
      "properties": {
        "id": "tk_snr_osm_w348394786",
        "name": "Getränkehandel R. Schmidt",
        "address": {
          "street": "Dorfstraße",
          "number": "24"
        },
        "sources": [
          {
            "type": "osm",
            "id": "way/348394786",
            "version": 0
          }
        ],
        "created": "2026-05-29",
        "updated": "2026-08-17",
        "sources_by_field": {
          "name": "osm",
          "address.street": "osm",
          "address.number": "osm"
        },
        "apple_id_attempted": "2026-08-04",
        "google_attempted": "2026-07-23",
        "payment": {}
      }
    },
    {
      "type": "Feature",
      "geometry": {
        "type": "Point",
        "coordinates": [
          12.9895218,
          51.5560278
        ]
      },
      "properties": {
        "id": "tk_snr_osm_w36734884",
        "name": "Getränkewelt | DIE GETRÄNKEKÖNNER",
        "address": {
          "street": "Süptitzer Weg",
          "number": "2a",
          "postalcode": "04860",
          "city": "Torgau"
        },
        "sources": [
          {
            "type": "osm",
            "id": "way/36734884",
            "version": 0
          }
        ],
        "created": "2026-05-29",
        "updated": "2026-06-15",
        "hours": {
          "raw": "Mo-Fr 08:00-19:00; Sa 08:00-13:00"
        },
        "payment": {
          "cash": "yes",
          "cards": "unknown",
          "contactless": "unknown",
          "girocard": "unknown"
        },
        "sources_by_field": {
          "name": "osm",
          "address.street": "osm",
          "address.number": "osm",
          "address.postalcode": "osm",
          "address.city": "osm",
          "hours": "osm",
          "payment.cash": "osm",
          "payment.cards": "osm",
          "payment.contactless": "osm",
          "payment.girocard": "osm"
        },
        "apple_id_attempted": "2026-08-04",
        "osm_removed": true
      }
    },
    {
      "type": "Feature",
      "geometry": {
        "type": "Point",
        "coordinates": [
          14.0460507,
          50.8783209
        ]
      },
      "properties": {
        "id": "tk_snr_osm_w385750947",
        "name": "Peschke Getränkehandel",
        "address": {
          "street": "Bergstraße",
          "number": "4a",
          "postalcode": "01824",
          "city": "Rosenthal-Bielatal"
        },
        "sources": [
          {
            "type": "osm",
            "id": "way/385750947",
            "version": 0
          }
        ],
        "created": "2026-05-29",
        "updated": "2026-08-17",
        "hours": {
          "raw": "Mo 15:00-18:00,Th 15:00-18:00,Sa 10:00-13:00"
        },
        "sources_by_field": {
          "name": "osm",
          "address.street": "osm",
          "address.number": "osm",
          "address.postalcode": "osm",
          "address.city": "osm",
          "hours": "osm"
        },
        "apple_id_attempted": "2026-08-04",
        "google_attempted": "2026-07-23",
        "payment": {}
      }
    },
    {
      "type": "Feature",
      "geometry": {
        "type": "Point",
        "coordinates": [
          12.5523895,
          51.0540118
        ]
      },
      "properties": {
        "id": "tk_snr_osm_w397581931",
        "name": "Getränkescheune",
        "address": {
          "street": "Altenburger Straße",
          "number": "2c",
          "postalcode": "04654",
          "city": "Frohburg"
        },
        "sources": [
          {
            "type": "osm",
            "id": "way/397581931",
            "version": 0
          }
        ],
        "created": "2026-05-29",
        "updated": "2026-08-17",
        "sources_by_field": {
          "name": "osm",
          "address.street": "osm",
          "address.number": "osm",
          "address.postalcode": "osm",
          "address.city": "osm"
        },
        "apple_id_attempted": "2026-08-04",
        "google_attempted": "2026-07-23",
        "payment": {}
      }
    },
    {
      "type": "Feature",
      "geometry": {
        "type": "Point",
        "coordinates": [
          12.7830321,
          50.5564483
        ]
      },
      "properties": {
        "id": "tk_snr_osm_w407883657",
        "name": "bilgro",
        "address": {
          "street": "Sachsenfelder Straße",
          "number": "10",
          "postalcode": "08340",
          "city": "Schwarzenberg/Erzgebirge"
        },
        "sources": [
          {
            "type": "osm",
            "id": "way/407883657",
            "version": 0
          }
        ],
        "created": "2026-05-29",
        "updated": "2026-06-15",
        "hours": {
          "raw": "Mo-Fr 08:00-19:00; Sa 08:00-16:00"
        },
        "sources_by_field": {
          "name": "osm",
          "address.street": "osm",
          "address.number": "osm",
          "address.postalcode": "osm",
          "address.city": "osm",
          "hours": "osm"
        },
        "apple_id_attempted": "2026-08-04",
        "google_attempted": "2026-07-23",
        "payment": {},
        "osm_removed": true
      }
    },
    {
      "type": "Feature",
      "geometry": {
        "type": "Point",
        "coordinates": [
          13.2974999,
          51.3054492
        ]
      },
      "properties": {
        "id": "tk_snr_osm_w41798192",
        "name": "Total",
        "address": {
          "street": "Klötzerstraße",
          "number": "12a",
          "postalcode": "01587",
          "city": "Riesa"
        },
        "sources": [
          {
            "type": "osm",
            "id": "way/41798192",
            "version": 0
          }
        ],
        "created": "2026-05-29",
        "updated": "2026-08-17",
        "hours": {
          "raw": "Mo-Sa 05:30-22:00; Su 06:00-22:00"
        },
        "tags": [
          "barrierefrei"
        ],
        "sources_by_field": {
          "name": "osm",
          "address.street": "osm",
          "address.number": "osm",
          "address.postalcode": "osm",
          "address.city": "osm",
          "hours": "osm"
        },
        "apple_id_attempted": "2026-08-04",
        "google_attempted": "2026-07-23",
        "payment": {}
      }
    },
    {
      "type": "Feature",
      "geometry": {
        "type": "Point",
        "coordinates": [
          14.6003146,
          51.2724776
        ]
      },
      "properties": {
        "id": "tk_snr_osm_w418362899",
        "name": "My Beach Bar",
        "address": {},
        "sources": [
          {
            "type": "osm",
            "id": "way/418362899",
            "version": 0
          }
        ],
        "created": "2026-07-20",
        "updated": "2026-08-17",
        "hours": {
          "raw": "Mo-Su 07:30-12:00,15:00-18:00"
        },
        "sources_by_field": {
          "name": "osm",
          "hours": "osm"
        },
        "apple_id_attempted": "2026-07-23",
        "google_attempted": "2026-08-04",
        "payment": {}
      }
    },
    {
      "type": "Feature",
      "geometry": {
        "type": "Point",
        "coordinates": [
          12.4938063,
          50.7386444
        ]
      },
      "properties": {
        "id": "tk_snr_osm_w423462677",
        "name": "Food to go",
        "address": {
          "street": "Pölbitzer Straße",
          "number": "34",
          "postalcode": "08058",
          "city": "Zwickau",
          "district": "Pölbitz"
        },
        "sources": [
          {
            "type": "osm",
            "id": "way/423462677",
            "version": 0
          }
        ],
        "created": "2026-05-29",
        "updated": "2026-08-17",
        "hours": {
          "raw": "Mo-Sa 09:30-20:00"
        },
        "sources_by_field": {
          "name": "osm",
          "address.street": "osm",
          "address.number": "osm",
          "address.postalcode": "osm",
          "address.city": "osm",
          "address.district": "osm",
          "hours": "osm"
        },
        "apple_id_attempted": "2026-08-04",
        "google_attempted": "2026-07-23",
        "payment": {}
      }
    },
    {
      "type": "Feature",
      "geometry": {
        "type": "Point",
        "coordinates": [
          14.3716898,
          50.9217493
        ]
      },
      "properties": {
        "id": "tk_snr_osm_w439204819",
        "name": "3892",
        "address": {},
        "sources": [
          {
            "type": "osm",
            "id": "way/439204819",
            "version": 0
          }
        ],
        "created": "2026-07-27",
        "updated": "2026-08-17",
        "sources_by_field": {
          "name": "osm"
        },
        "apple_id_attempted": "2026-08-04",
        "google_attempted": "2026-08-04",
        "payment": {}
      }
    },
    {
      "type": "Feature",
      "geometry": {
        "type": "Point",
        "coordinates": [
          13.6779794,
          51.1606786
        ]
      },
      "properties": {
        "id": "tk_snr_osm_w44784037",
        "name": "Spirituosen und Getränke Sperling",
        "address": {},
        "sources": [
          {
            "type": "osm",
            "id": "way/44784037",
            "version": 0
          }
        ],
        "created": "2026-05-29",
        "updated": "2026-08-17",
        "sources_by_field": {
          "name": "osm"
        },
        "apple_id_attempted": "2026-08-04",
        "google_attempted": "2026-07-23",
        "payment": {}
      }
    },
    {
      "type": "Feature",
      "geometry": {
        "type": "Point",
        "coordinates": [
          14.1513209,
          50.8849925
        ]
      },
      "properties": {
        "id": "tk_snr_osm_w459450153",
        "name": "Kiosk",
        "address": {},
        "sources": [
          {
            "type": "osm",
            "id": "way/459450153",
            "version": 0
          }
        ],
        "created": "2026-05-29",
        "updated": "2026-08-17",
        "sources_by_field": {
          "name": "osm"
        },
        "apple_id_attempted": "2026-08-04",
        "google_attempted": "2026-07-23",
        "payment": {}
      }
    },
    {
      "type": "Feature",
      "geometry": {
        "type": "Point",
        "coordinates": [
          12.4943127,
          50.7230062
        ]
      },
      "properties": {
        "id": "tk_snr_osm_w499665749",
        "name": "Asia-Döner",
        "address": {},
        "sources": [
          {
            "type": "osm",
            "id": "way/499665749",
            "version": 0
          }
        ],
        "created": "2026-05-29",
        "updated": "2026-08-17",
        "hours": {
          "raw": "Mo-Fr 08:00-17:00, Sa 08:00-18:00"
        },
        "tags": [
          "barrierefrei"
        ],
        "sources_by_field": {
          "name": "osm",
          "hours": "osm"
        },
        "apple_id_attempted": "2026-08-04",
        "google_attempted": "2026-07-23",
        "payment": {}
      }
    },
    {
      "type": "Feature",
      "geometry": {
        "type": "Point",
        "coordinates": [
          13.4887573,
          51.162885
        ]
      },
      "properties": {
        "id": "tk_snr_osm_w51368553",
        "name": "Getränke Welt",
        "address": {
          "street": "Fabrikstraße",
          "number": "18",
          "postalcode": "01662",
          "city": "Meißen"
        },
        "sources": [
          {
            "type": "osm",
            "id": "way/51368553",
            "version": 0
          }
        ],
        "created": "2026-05-29",
        "updated": "2026-06-15",
        "tags": [
          "barrierefrei"
        ],
        "sources_by_field": {
          "name": "osm",
          "address.street": "osm",
          "address.number": "osm",
          "address.postalcode": "osm",
          "address.city": "osm"
        },
        "apple_id_attempted": "2026-08-04",
        "google_attempted": "2026-07-23",
        "payment": {},
        "osm_removed": true
      }
    },
    {
      "type": "Feature",
      "geometry": {
        "type": "Point",
        "coordinates": [
          12.4874484,
          51.1220882
        ]
      },
      "properties": {
        "id": "tk_snr_osm_w532667283",
        "name": "Sachseneck",
        "address": {
          "street": "Deutzener Straße",
          "number": "14a",
          "postalcode": "04552",
          "city": "Borna"
        },
        "sources": [
          {
            "type": "osm",
            "id": "way/532667283",
            "version": 0
          }
        ],
        "created": "2026-05-29",
        "updated": "2026-08-17",
        "sources_by_field": {
          "name": "osm",
          "address.street": "osm",
          "address.number": "osm",
          "address.postalcode": "osm",
          "address.city": "osm"
        },
        "apple_id_attempted": "2026-08-04",
        "google_attempted": "2026-07-23",
        "payment": {}
      }
    },
    {
      "type": "Feature",
      "geometry": {
        "type": "Point",
        "coordinates": [
          14.6801201,
          51.1027741
        ]
      },
      "properties": {
        "id": "tk_snr_osm_w54754262",
        "name": "Bierfabrik",
        "address": {
          "street": "Stauffenbergstraße",
          "number": "6",
          "postalcode": "02708",
          "city": "Löbau"
        },
        "sources": [
          {
            "type": "osm",
            "id": "way/54754262",
            "version": 0
          }
        ],
        "created": "2026-05-29",
        "updated": "2026-08-17",
        "sources_by_field": {
          "name": "osm",
          "address.street": "osm",
          "address.number": "osm",
          "address.postalcode": "osm",
          "address.city": "osm"
        },
        "apple_id_attempted": "2026-08-04",
        "google_attempted": "2026-07-23",
        "payment": {}
      }
    },
    {
      "type": "Feature",
      "geometry": {
        "type": "Point",
        "coordinates": [
          12.4601082,
          50.8542851
        ]
      },
      "properties": {
        "id": "tk_snr_osm_w565741015",
        "name": "Getränkewelt",
        "address": {
          "street": "Am Merzenberg",
          "number": "29",
          "postalcode": "08393",
          "city": "Meerane"
        },
        "sources": [
          {
            "type": "osm",
            "id": "way/565741015",
            "version": 0
          }
        ],
        "created": "2026-05-29",
        "updated": "2026-08-17",
        "sources_by_field": {
          "name": "osm",
          "address.street": "osm",
          "address.number": "osm",
          "address.postalcode": "osm",
          "address.city": "osm"
        },
        "apple_id_attempted": "2026-08-04",
        "google_attempted": "2026-07-23",
        "payment": {}
      }
    },
    {
      "type": "Feature",
      "geometry": {
        "type": "Point",
        "coordinates": [
          13.1079558,
          51.2910436
        ]
      },
      "properties": {
        "id": "tk_snr_osm_w575078976",
        "name": "Imbiss",
        "address": {},
        "sources": [
          {
            "type": "osm",
            "id": "way/575078976",
            "version": 0
          }
        ],
        "created": "2026-05-29",
        "updated": "2026-08-17",
        "tags": [
          "barrierefrei"
        ],
        "sources_by_field": {
          "name": "osm"
        },
        "apple_id_attempted": "2026-08-04",
        "google_attempted": "2026-07-23",
        "payment": {}
      }
    },
    {
      "type": "Feature",
      "geometry": {
        "type": "Point",
        "coordinates": [
          13.2414276,
          51.3495573
        ]
      },
      "properties": {
        "id": "tk_snr_osm_w704483177",
        "name": "bilgro Strehla",
        "address": {
          "street": "Riesaer Straße",
          "number": "28",
          "postalcode": "01616",
          "city": "Strehla"
        },
        "sources": [
          {
            "type": "osm",
            "id": "way/704483177",
            "version": 0
          }
        ],
        "created": "2026-05-29",
        "updated": "2026-08-17",
        "sources_by_field": {
          "name": "osm",
          "address.street": "osm",
          "address.number": "osm",
          "address.postalcode": "osm",
          "address.city": "osm"
        },
        "apple_id_attempted": "2026-08-04",
        "google_attempted": "2026-08-04",
        "payment": {}
      }
    },
    {
      "type": "Feature",
      "geometry": {
        "type": "Point",
        "coordinates": [
          12.7557742,
          50.5562463
        ]
      },
      "properties": {
        "id": "tk_snr_osm_w89531340",
        "name": "Q1",
        "address": {
          "street": "Straße der Einheit",
          "number": "126",
          "postalcode": "08340",
          "city": "Schwarzenberg/Erzgebirge"
        },
        "sources": [
          {
            "type": "osm",
            "id": "way/89531340",
            "version": 0
          }
        ],
        "created": "2026-06-29",
        "updated": "2026-08-17",
        "sources_by_field": {
          "name": "osm",
          "address.street": "osm",
          "address.number": "osm",
          "address.postalcode": "osm",
          "address.city": "osm"
        },
        "payment": {}
      }
    },
    {
      "type": "Feature",
      "geometry": {
        "type": "Point",
        "coordinates": [
          14.3422312,
          51.0654815
        ]
      },
      "properties": {
        "id": "tk_snr_osm_w93921077",
        "name": "Netto Getränke-Discount",
        "address": {
          "street": "Neue Straße",
          "number": "1a",
          "postalcode": "01904",
          "city": "Steinigtwolmsdorf"
        },
        "sources": [
          {
            "type": "osm",
            "id": "way/93921077",
            "version": 0
          }
        ],
        "created": "2026-05-29",
        "updated": "2026-06-15",
        "tags": [
          "barrierefrei"
        ],
        "sources_by_field": {
          "name": "osm",
          "address.street": "osm",
          "address.number": "osm",
          "address.postalcode": "osm",
          "address.city": "osm"
        },
        "apple_id_attempted": "2026-08-04",
        "google_attempted": "2026-08-04",
        "payment": {},
        "osm_removed": true
      }
    },
    {
      "type": "Feature",
      "geometry": {
        "type": "Point",
        "coordinates": [
          14.1659923,
          50.9059614
        ]
      },
      "properties": {
        "id": "tk_snr_osm_w97564911",
        "name": "Getränkegroß & -einzelhandel Wünsche",
        "address": {
          "street": "Friedrich-Gottlob-Keller-Straße",
          "number": "59",
          "postalcode": "01814",
          "city": "Bad Schandau",
          "district": "Krippen"
        },
        "sources": [
          {
            "type": "osm",
            "id": "way/97564911",
            "version": 0
          }
        ],
        "created": "2026-05-29",
        "updated": "2026-08-17",
        "sources_by_field": {
          "name": "osm",
          "address.street": "osm",
          "address.number": "osm",
          "address.postalcode": "osm",
          "address.city": "osm",
          "address.district": "osm"
        },
        "apple_id_attempted": "2026-08-04",
        "google_attempted": "2026-08-04",
        "payment": {}
      }
    }
  ]
}
