{
  "type": "FeatureCollection",
  "features": [
    {
      "type": "Feature",
      "geometry": {
        "type": "Point",
        "coordinates": [
          16.3905629,
          48.2031801
        ]
      },
      "properties": {
        "id": "tk_at9r_osm_n10803087704",
        "name": "Pink Monkey",
        "address": {},
        "sources": [
          {
            "type": "osm",
            "id": "node/10803087704",
            "version": 0
          },
          {
            "type": "gmaps",
            "id": "ChIJZVMsLgAHbUcRrHLbvsK8JTs"
          }
        ],
        "created": "2026-05-29",
        "updated": "2026-08-17",
        "sources_by_field": {
          "name": "osm"
        },
        "apple_id_attempted": "2026-08-13",
        "google_attempted": "2026-08-13",
        "payment": {}
      }
    },
    {
      "type": "Feature",
      "geometry": {
        "type": "Point",
        "coordinates": [
          16.2166294,
          48.2083488
        ]
      },
      "properties": {
        "id": "tk_at9r_osm_n11071781145",
        "name": "Teeamo",
        "address": {},
        "sources": [
          {
            "type": "osm",
            "id": "node/11071781145",
            "version": 0
          },
          {
            "type": "gmaps",
            "id": "ChIJi_pwBRqnbUcRti_r_Db8zmk"
          }
        ],
        "created": "2026-05-29",
        "updated": "2026-06-15",
        "tags": [
          "barrierefrei"
        ],
        "sources_by_field": {
          "name": "osm",
          "hours": "google",
          "payment.cards": "google",
          "payment.contactless": "google",
          "payment.girocard": "google"
        },
        "apple_id_attempted": "2026-08-13",
        "google_attempted": "2026-05-29",
        "hours": {
          "raw": "Tu 09:00-20:00; Th 09:00-20:00; Fr 09:00-20:00; We 09:00-20:00; Mo 09:00-20:00; Sa 09:00-20:00; Su 14:00-20:00"
        },
        "payment": {
          "cards": "no",
          "contactless": "yes",
          "girocard": "yes"
        }
      }
    },
    {
      "type": "Feature",
      "geometry": {
        "type": "Point",
        "coordinates": [
          16.3277852,
          48.1980246
        ]
      },
      "properties": {
        "id": "tk_at9r_osm_n1134036929",
        "name": "Trafik Braunshoer",
        "address": {
          "street": "Märzstraße",
          "number": "47",
          "city": "Wien"
        },
        "sources": [
          {
            "type": "osm",
            "id": "node/1134036929",
            "version": 0
          },
          {
            "type": "apple",
            "id": "5948540996563566314"
          }
        ],
        "created": "2026-05-29",
        "updated": "2026-08-17",
        "hours": {
          "raw": "Mo-Fr 06:30-18:30; Sa 07:00-18:00"
        },
        "sources_by_field": {
          "name": "osm",
          "address.street": "osm",
          "address.number": "osm",
          "address.city": "osm",
          "hours": "apple"
        },
        "apple_attempted": "2026-08-13",
        "google_attempted": "2026-08-13",
        "payment": {}
      }
    },
    {
      "type": "Feature",
      "geometry": {
        "type": "Point",
        "coordinates": [
          16.340659,
          48.1962904
        ]
      },
      "properties": {
        "id": "tk_at9r_osm_n11573604616",
        "name": "Tabak Grbic",
        "address": {
          "street": "Mariahilfer Straße",
          "number": "126"
        },
        "sources": [
          {
            "type": "osm",
            "id": "node/11573604616",
            "version": 0
          },
          {
            "type": "gmaps",
            "id": "ChIJsWKyXdsHbUcRg5fXbcc-i1U"
          }
        ],
        "created": "2026-05-29",
        "updated": "2026-05-29",
        "sources_by_field": {
          "name": "osm",
          "address.street": "osm",
          "address.number": "osm",
          "payment.cards": "google",
          "payment.contactless": "google",
          "payment.girocard": "google",
          "hours": "google"
        },
        "apple_id_attempted": "2026-08-13",
        "payment": {
          "cards": "no",
          "contactless": "yes",
          "girocard": "yes"
        },
        "hours": {
          "raw": "Tu 07:30-18:30; Th 07:30-18:30; Fr 07:30-18:30; We 07:30-18:30; Mo 07:30-18:30; Sa 09:30-18:30"
        },
        "google_attempted": "2026-05-29"
      }
    },
    {
      "type": "Feature",
      "geometry": {
        "type": "Point",
        "coordinates": [
          16.3437458,
          48.1923124
        ]
      },
      "properties": {
        "id": "tk_at9r_osm_n11577267839",
        "name": "Delfin Getränkehandel",
        "address": {
          "street": "Millergasse",
          "number": "17"
        },
        "sources": [
          {
            "type": "osm",
            "id": "node/11577267839",
            "version": 0
          },
          {
            "type": "apple",
            "id": "9210351745569469907"
          }
        ],
        "created": "2026-05-29",
        "updated": "2026-08-17",
        "hours": {
          "raw": "Mo-Sa 10:00-18:00"
        },
        "sources_by_field": {
          "name": "osm",
          "address.street": "osm",
          "address.number": "osm",
          "hours": "apple",
          "payment.cards": "apple",
          "payment.contactless": "apple"
        },
        "apple_attempted": "2026-05-29",
        "payment": {
          "cards": "yes",
          "contactless": "yes"
        }
      }
    },
    {
      "type": "Feature",
      "geometry": {
        "type": "Point",
        "coordinates": [
          16.3276057,
          48.2313906
        ]
      },
      "properties": {
        "id": "tk_at9r_osm_n1166220204",
        "name": "Tabak Trafik",
        "address": {
          "street": "Herbeckstraße",
          "number": "8",
          "city": "Wien"
        },
        "sources": [
          {
            "type": "osm",
            "id": "node/1166220204",
            "version": 0
          },
          {
            "type": "gmaps",
            "id": "ChIJTV3IWXkIbUcRQBIvcR3-If0"
          }
        ],
        "created": "2026-06-15",
        "updated": "2026-08-17",
        "hours": {
          "raw": "Tu 06:00-18:00; Th 06:00-18:00; Fr 06:00-18:00; We 06:00-18:00; Mo 06:00-18:00; Sa 07:00-13:00"
        },
        "tags": [
          "barrierefrei"
        ],
        "sources_by_field": {
          "name": "osm",
          "address.street": "osm",
          "address.number": "osm",
          "address.city": "osm",
          "hours": "google",
          "payment.cards": "google",
          "payment.contactless": "google",
          "payment.girocard": "google"
        },
        "apple_id_attempted": "2026-07-23",
        "google_attempted": "2026-06-21",
        "payment": {
          "cards": "yes",
          "contactless": "yes",
          "girocard": "yes"
        }
      }
    },
    {
      "type": "Feature",
      "geometry": {
        "type": "Point",
        "coordinates": [
          16.3788685,
          48.1686776
        ]
      },
      "properties": {
        "id": "tk_at9r_osm_n12723139931",
        "name": "Tabak Traffik Bohac",
        "address": {
          "street": "Rissaweggasse",
          "number": "1",
          "city": "Wien"
        },
        "sources": [
          {
            "type": "osm",
            "id": "node/12723139931",
            "version": 0
          },
          {
            "type": "gmaps",
            "id": "ChIJ44zohMCpbUcRegonQw1vcqA"
          }
        ],
        "created": "2026-05-29",
        "updated": "2026-08-17",
        "sources_by_field": {
          "name": "osm",
          "address.street": "osm",
          "address.number": "osm",
          "address.city": "osm",
          "hours": "google",
          "payment.cards": "google",
          "payment.contactless": "google",
          "payment.girocard": "google"
        },
        "apple_id_attempted": "2026-08-13",
        "google_attempted": "2026-05-29",
        "hours": {
          "raw": "Tu 06:00-18:00; Fr 06:00-18:00; We 06:00-18:00; Mo 06:00-18:00; Sa 06:30-12:30"
        },
        "payment": {
          "cards": "no",
          "contactless": "yes",
          "girocard": "yes"
        }
      }
    },
    {
      "type": "Feature",
      "geometry": {
        "type": "Point",
        "coordinates": [
          16.3399313,
          48.2057464
        ]
      },
      "properties": {
        "id": "tk_at9r_osm_n13234095757",
        "name": "kein & low bottleshop 1070",
        "address": {},
        "sources": [
          {
            "type": "osm",
            "id": "node/13234095757",
            "version": 0
          },
          {
            "type": "apple",
            "id": "6343822959492482886"
          },
          {
            "type": "gmaps",
            "id": "ChIJjX_8TdsHbUcRTeejtURlQWk"
          }
        ],
        "created": "2026-05-29",
        "updated": "2026-08-17",
        "hours": {
          "raw": "Th 12:00-19:00; Fr 12:00-19:00; Sa 11:00-16:00"
        },
        "sources_by_field": {
          "name": "osm",
          "hours": "google",
          "payment.cards": "google",
          "payment.girocard": "google"
        },
        "apple_attempted": "2026-05-29",
        "google_attempted": "2026-05-29",
        "payment": {
          "cards": "yes",
          "girocard": "yes"
        }
      }
    },
    {
      "type": "Feature",
      "geometry": {
        "type": "Point",
        "coordinates": [
          16.3919192,
          48.2337857
        ]
      },
      "properties": {
        "id": "tk_at9r_osm_n1358172856",
        "name": "Turmöl",
        "address": {
          "street": "Engerthstraße",
          "number": "146",
          "city": "Wien"
        },
        "sources": [
          {
            "type": "osm",
            "id": "node/1358172856",
            "version": 0
          },
          {
            "type": "gmaps",
            "id": "ChIJKx-hFFYGbUcRYam_dN2ZEfc"
          }
        ],
        "created": "2026-05-29",
        "updated": "2026-08-17",
        "hours": {
          "raw": "Tu 06:00-22:00; Th 06:00-22:00; Fr 06:00-22:00; We 06:00-22:00; Mo 06:00-22:00; Sa 06:00-22:00; Su 06:00-22:00"
        },
        "sources_by_field": {
          "name": "osm",
          "address.street": "osm",
          "address.number": "osm",
          "address.city": "osm",
          "hours": "google",
          "payment.cards": "google",
          "payment.contactless": "google",
          "payment.girocard": "google"
        },
        "apple_id_attempted": "2026-08-13",
        "google_attempted": "2026-05-29",
        "payment": {
          "cards": "no",
          "contactless": "yes",
          "girocard": "yes"
        }
      }
    },
    {
      "type": "Feature",
      "geometry": {
        "type": "Point",
        "coordinates": [
          16.350333,
          48.2043623
        ]
      },
      "properties": {
        "id": "tk_at9r_osm_n13596197201",
        "name": "NALTU Wien",
        "address": {
          "street": "Burggasse",
          "number": "40"
        },
        "sources": [
          {
            "type": "osm",
            "id": "node/13596197201",
            "version": 0
          },
          {
            "type": "apple",
            "id": "14597747303748176317"
          }
        ],
        "created": "2026-05-29",
        "updated": "2026-08-17",
        "hours": {
          "raw": "Tu-Su 09:00-17:00"
        },
        "sources_by_field": {
          "name": "osm",
          "address.street": "osm",
          "address.number": "osm",
          "hours": "apple",
          "payment.cards": "apple",
          "payment.contactless": "apple"
        },
        "apple_attempted": "2026-05-29",
        "payment": {
          "cards": "yes",
          "contactless": "yes"
        }
      }
    },
    {
      "type": "Feature",
      "geometry": {
        "type": "Point",
        "coordinates": [
          16.3539613,
          48.204001
        ]
      },
      "properties": {
        "id": "tk_at9r_osm_n13596197401",
        "name": "Revive Health Bar",
        "address": {
          "street": "Burggasse",
          "number": "25"
        },
        "sources": [
          {
            "type": "osm",
            "id": "node/13596197401",
            "version": 0
          },
          {
            "type": "apple",
            "id": "8472988126871606537"
          },
          {
            "type": "gmaps",
            "id": "ChIJ-ZHOMRMHbUcRCL3rXgaudUY"
          }
        ],
        "created": "2026-05-29",
        "updated": "2026-08-17",
        "hours": {
          "raw": "Tu 09:00-17:00; Fr 09:00-17:00; We 09:00-17:00; Mo 09:00-17:00; Sa 09:00-17:00"
        },
        "sources_by_field": {
          "name": "osm",
          "address.street": "osm",
          "address.number": "osm",
          "hours": "google",
          "payment.cards": "google",
          "payment.contactless": "google",
          "payment.girocard": "google"
        },
        "apple_attempted": "2026-05-29",
        "google_attempted": "2026-05-29",
        "payment": {
          "cards": "yes",
          "contactless": "yes",
          "girocard": "yes"
        }
      }
    },
    {
      "type": "Feature",
      "geometry": {
        "type": "Point",
        "coordinates": [
          16.3672083,
          48.2107453
        ]
      },
      "properties": {
        "id": "tk_at9r_osm_n1409430909",
        "name": "Birgit Brandstetter",
        "address": {},
        "sources": [
          {
            "type": "osm",
            "id": "node/1409430909",
            "version": 0
          },
          {
            "type": "gmaps",
            "id": "ChIJKT41e-MHbUcRHbsbrpIy1Ms"
          }
        ],
        "created": "2026-05-29",
        "updated": "2026-08-17",
        "sources_by_field": {
          "name": "osm",
          "hours": "google",
          "payment.cards": "google",
          "payment.contactless": "google",
          "payment.girocard": "google"
        },
        "apple_id_attempted": "2026-08-13",
        "google_attempted": "2026-05-29",
        "hours": {
          "raw": "Tu 08:00-18:00; Th 08:00-18:00; Fr 08:00-18:00; We 08:00-18:00; Mo 08:00-18:00; Sa 09:00-15:00"
        },
        "payment": {
          "cards": "no",
          "contactless": "yes",
          "girocard": "yes"
        }
      }
    },
    {
      "type": "Feature",
      "geometry": {
        "type": "Point",
        "coordinates": [
          16.3695898,
          48.2124284
        ]
      },
      "properties": {
        "id": "tk_at9r_osm_n1409432290",
        "name": "Tabak Trafik Holzer",
        "address": {},
        "sources": [
          {
            "type": "osm",
            "id": "node/1409432290",
            "version": 0
          },
          {
            "type": "apple",
            "id": "1528264720045107898"
          },
          {
            "type": "gmaps",
            "id": "ChIJgcmNOK4HbUcROUyTLp-0L18"
          }
        ],
        "created": "2026-05-29",
        "updated": "2026-08-17",
        "hours": {
          "raw": "Tu 07:00-18:00; Th 07:00-18:00; Fr 07:00-18:00; We 07:00-18:00; Mo 07:00-18:00; Sa 08:00-12:00"
        },
        "sources_by_field": {
          "name": "osm",
          "hours": "google",
          "payment.cards": "google",
          "payment.contactless": "google",
          "payment.girocard": "google"
        },
        "apple_attempted": "2026-05-29",
        "google_attempted": "2026-05-29",
        "payment": {
          "cards": "yes",
          "contactless": "yes",
          "girocard": "yes"
        }
      }
    },
    {
      "type": "Feature",
      "geometry": {
        "type": "Point",
        "coordinates": [
          16.3855564,
          48.1910164
        ]
      },
      "properties": {
        "id": "tk_at9r_osm_n1410806541",
        "name": "Bamboo Studio 32",
        "address": {
          "street": "Fasangasse",
          "number": "32",
          "city": "Wien"
        },
        "sources": [
          {
            "type": "osm",
            "id": "node/1410806541",
            "version": 0
          },
          {
            "type": "apple",
            "id": "17060480027937090775"
          }
        ],
        "created": "2026-05-29",
        "updated": "2026-08-17",
        "sources_by_field": {
          "name": "osm",
          "address.street": "osm",
          "address.number": "osm",
          "address.city": "osm",
          "hours": "apple"
        },
        "apple_attempted": "2026-08-13",
        "google_attempted": "2026-08-13",
        "hours": {
          "raw": "Mo-Su 00:00-24:00"
        },
        "payment": {}
      }
    },
    {
      "type": "Feature",
      "geometry": {
        "type": "Point",
        "coordinates": [
          16.3755499,
          48.2309694
        ]
      },
      "properties": {
        "id": "tk_at9r_osm_n1467333938",
        "name": "Tabak Trafik Fouad",
        "address": {},
        "sources": [
          {
            "type": "osm",
            "id": "node/1467333938",
            "version": 0
          },
          {
            "type": "apple",
            "id": "7234342079244261344"
          },
          {
            "type": "gmaps",
            "id": "ChIJ_UI84zQHbUcRLlkbhYNGAYg"
          }
        ],
        "created": "2026-05-29",
        "updated": "2026-08-17",
        "hours": {
          "raw": "Tu 06:00-18:30; Th 06:00-18:30; Fr 06:00-18:30; We 06:00-18:30; Mo 06:00-18:30; Sa 07:00-12:30"
        },
        "sources_by_field": {
          "name": "osm",
          "hours": "google",
          "payment.cards": "google",
          "payment.contactless": "google",
          "payment.girocard": "google"
        },
        "apple_attempted": "2026-05-29",
        "google_attempted": "2026-05-29",
        "payment": {
          "cards": "yes",
          "contactless": "yes",
          "girocard": "yes"
        }
      }
    },
    {
      "type": "Feature",
      "geometry": {
        "type": "Point",
        "coordinates": [
          16.4165496,
          48.2916539
        ]
      },
      "properties": {
        "id": "tk_at9r_osm_n1629548405",
        "name": "Trafik Lindner",
        "address": {
          "street": "Brünner Straße",
          "number": "219",
          "city": "Wien"
        },
        "sources": [
          {
            "type": "osm",
            "id": "node/1629548405",
            "version": 0
          },
          {
            "type": "gmaps",
            "id": "ChIJETCOubAFbUcRZnBf9DqFsu0"
          }
        ],
        "created": "2026-05-29",
        "updated": "2026-08-17",
        "hours": {
          "raw": "Tu 06:00-12:30,14:30-18:00; Th 06:00-12:30,14:30-18:00; Fr 06:00-18:00; We 06:00-12:30,14:30-18:00; Mo 06:00-12:30,14:30-18:00; Sa 07:00-12:30"
        },
        "tags": [
          "barrierefrei"
        ],
        "sources_by_field": {
          "name": "osm",
          "address.street": "osm",
          "address.number": "osm",
          "address.city": "osm",
          "hours": "google"
        },
        "apple_id_attempted": "2026-08-13",
        "google_attempted": "2026-08-13",
        "payment": {}
      }
    },
    {
      "type": "Feature",
      "geometry": {
        "type": "Point",
        "coordinates": [
          16.431947,
          48.1648423
        ]
      },
      "properties": {
        "id": "tk_at9r_osm_n1632539716",
        "name": "Tabak Trafik Graf",
        "address": {
          "street": "Kaiser-Ebersdorfer Straße",
          "number": "86",
          "city": "Wien"
        },
        "sources": [
          {
            "type": "osm",
            "id": "node/1632539716",
            "version": 0
          },
          {
            "type": "apple",
            "id": "7190031756812362531"
          }
        ],
        "created": "2026-05-29",
        "updated": "2026-08-17",
        "payment": {
          "cash": "unknown",
          "cards": "yes",
          "contactless": "yes",
          "girocard": "unknown"
        },
        "sources_by_field": {
          "name": "osm",
          "address.street": "osm",
          "address.number": "osm",
          "address.city": "osm",
          "payment.cash": "osm",
          "payment.cards": "osm",
          "payment.contactless": "apple",
          "payment.girocard": "osm",
          "hours": "apple"
        },
        "apple_attempted": "2026-05-29",
        "hours": {
          "raw": "Mo-Fr 07:00-12:00,15:00-18:00; Sa 08:00-12:00"
        }
      }
    },
    {
      "type": "Feature",
      "geometry": {
        "type": "Point",
        "coordinates": [
          16.4049705,
          48.2235322
        ]
      },
      "properties": {
        "id": "tk_at9r_osm_n1722306642",
        "name": "Reindl 17",
        "address": {},
        "sources": [
          {
            "type": "osm",
            "id": "node/1722306642",
            "version": 0
          },
          {
            "type": "gmaps",
            "id": "ChIJBQOyAx0HbUcRcaeYfaUgNOU"
          }
        ],
        "created": "2026-05-29",
        "updated": "2026-08-17",
        "hours": {
          "raw": "Tu 07:30-19:00; Th 07:30-19:00; Fr 07:30-19:00; We 07:30-19:00; Mo 07:30-19:00; Sa 07:30-18:00"
        },
        "tags": [
          "barrierefrei"
        ],
        "sources_by_field": {
          "name": "osm",
          "hours": "google",
          "payment.cards": "google",
          "payment.contactless": "google",
          "payment.girocard": "google"
        },
        "apple_id_attempted": "2026-08-13",
        "google_attempted": "2026-08-13",
        "payment": {
          "cards": "yes",
          "contactless": "yes",
          "girocard": "yes"
        }
      }
    },
    {
      "type": "Feature",
      "geometry": {
        "type": "Point",
        "coordinates": [
          16.3277168,
          48.2206943
        ]
      },
      "properties": {
        "id": "tk_at9r_osm_n2127332400",
        "name": "Minimaxi",
        "address": {},
        "sources": [
          {
            "type": "osm",
            "id": "node/2127332400",
            "version": 0
          },
          {
            "type": "gmaps",
            "id": "ChIJiZjs_UsJbUcRyb3gb9Cwuj8"
          }
        ],
        "created": "2026-05-29",
        "updated": "2026-08-17",
        "hours": {
          "raw": "Tu 09:00-22:00; Th 09:00-22:00; Fr 09:00-22:00; We 09:00-22:00; Mo 09:00-22:00; Sa 09:00-20:00"
        },
        "tags": [
          "barrierefrei"
        ],
        "sources_by_field": {
          "name": "osm",
          "hours": "google"
        },
        "apple_id_attempted": "2026-08-13",
        "google_attempted": "2026-08-13",
        "payment": {}
      }
    },
    {
      "type": "Feature",
      "geometry": {
        "type": "Point",
        "coordinates": [
          16.3463602,
          48.1843243
        ]
      },
      "properties": {
        "id": "tk_at9r_osm_n2175055900",
        "name": "Tabak Trafik Alexandra Tramp",
        "address": {},
        "sources": [
          {
            "type": "osm",
            "id": "node/2175055900",
            "version": 0
          },
          {
            "type": "gmaps",
            "id": "ChIJs9KH2CSobUcRDTeikvFb-Ew"
          }
        ],
        "created": "2026-05-29",
        "updated": "2026-08-17",
        "hours": {
          "raw": "Tu 06:00-18:00; Th 06:00-18:00; Fr 06:00-18:00; We 06:00-18:00; Mo 06:00-18:00; Sa 07:00-12:30"
        },
        "sources_by_field": {
          "name": "osm",
          "hours": "google",
          "payment.cards": "google",
          "payment.contactless": "google",
          "payment.girocard": "google"
        },
        "apple_id_attempted": "2026-08-13",
        "google_attempted": "2026-05-29",
        "payment": {
          "cards": "no",
          "contactless": "yes",
          "girocard": "yes"
        }
      }
    },
    {
      "type": "Feature",
      "geometry": {
        "type": "Point",
        "coordinates": [
          16.3618894,
          48.1657234
        ]
      },
      "properties": {
        "id": "tk_at9r_osm_n2315540920",
        "name": "Tabak Trafik Binder",
        "address": {},
        "sources": [
          {
            "type": "osm",
            "id": "node/2315540920",
            "version": 0
          },
          {
            "type": "gmaps",
            "id": "ChIJVVWFTbGpbUcRYelG6igFNUI"
          }
        ],
        "created": "2026-05-29",
        "updated": "2026-08-17",
        "sources_by_field": {
          "name": "osm",
          "hours": "google",
          "payment.cards": "google",
          "payment.contactless": "google",
          "payment.girocard": "google"
        },
        "apple_id_attempted": "2026-08-13",
        "google_attempted": "2026-05-29",
        "hours": {
          "raw": "Tu 05:45-18:00; Th 05:45-18:00; Fr 05:45-18:00; We 05:45-18:00; Mo 05:45-18:00; Sa 07:00-13:00"
        },
        "payment": {
          "cards": "yes",
          "contactless": "yes",
          "girocard": "yes"
        }
      }
    },
    {
      "type": "Feature",
      "geometry": {
        "type": "Point",
        "coordinates": [
          16.4496654,
          48.2425667
        ]
      },
      "properties": {
        "id": "tk_at9r_osm_n2450512897",
        "name": "Schwarzbauer",
        "address": {},
        "sources": [
          {
            "type": "osm",
            "id": "node/2450512897",
            "version": 0
          },
          {
            "type": "gmaps",
            "id": "ChIJWagINbQGbUcRlSYbq1CKlHk"
          }
        ],
        "created": "2026-05-29",
        "updated": "2026-08-17",
        "hours": {
          "raw": "Tu 06:30-18:30; Th 06:30-18:30; Fr 06:30-18:30; We 06:30-18:30; Mo 06:30-18:30; Sa 07:00-12:00"
        },
        "sources_by_field": {
          "name": "osm",
          "hours": "google",
          "payment.cards": "google",
          "payment.contactless": "google",
          "payment.girocard": "google"
        },
        "apple_id_attempted": "2026-08-13",
        "google_attempted": "2026-05-29",
        "payment": {
          "cards": "yes",
          "contactless": "yes",
          "girocard": "yes"
        }
      }
    },
    {
      "type": "Feature",
      "geometry": {
        "type": "Point",
        "coordinates": [
          16.4441892,
          48.2496407
        ]
      },
      "properties": {
        "id": "tk_at9r_osm_n2480032893",
        "name": "Trafik Matzinger",
        "address": {
          "street": "Kagraner Platz",
          "number": "51",
          "city": "Wien"
        },
        "sources": [
          {
            "type": "osm",
            "id": "node/2480032893",
            "version": 0
          },
          {
            "type": "apple",
            "id": "2532745789781216465"
          },
          {
            "type": "gmaps",
            "id": "ChIJ5RaFwboGbUcRc8sGV1PZxEU"
          }
        ],
        "created": "2026-05-29",
        "updated": "2026-08-17",
        "sources_by_field": {
          "name": "osm",
          "address.street": "osm",
          "address.number": "osm",
          "address.city": "osm",
          "hours": "google",
          "payment.cards": "google",
          "payment.contactless": "google",
          "payment.girocard": "google"
        },
        "apple_attempted": "2026-05-29",
        "google_attempted": "2026-05-29",
        "hours": {
          "raw": "Tu 06:30-19:00; Th 06:30-19:00; Fr 06:30-19:00; We 06:30-19:00; Mo 06:30-19:00; Sa 07:30-15:00"
        },
        "payment": {
          "cards": "no",
          "contactless": "yes",
          "girocard": "yes"
        }
      }
    },
    {
      "type": "Feature",
      "geometry": {
        "type": "Point",
        "coordinates": [
          16.3354466,
          48.2093637
        ]
      },
      "properties": {
        "id": "tk_at9r_osm_n2484040034",
        "name": "Afghan Gold",
        "address": {
          "city": "Wien"
        },
        "sources": [
          {
            "type": "osm",
            "id": "node/2484040034",
            "version": 0
          },
          {
            "type": "gmaps",
            "id": "ChIJzUTaeU0HbUcRiqJAGU3RZiU"
          }
        ],
        "created": "2026-05-29",
        "updated": "2026-08-17",
        "hours": {
          "raw": "Tu 09:00-18:00; Th 09:00-18:00; Fr 09:00-18:00; We 09:00-18:00; Mo 09:00-18:00; Sa 09:00-18:00"
        },
        "sources_by_field": {
          "name": "osm",
          "address.city": "osm",
          "hours": "google"
        },
        "apple_id_attempted": "2026-08-13",
        "google_attempted": "2026-08-13",
        "payment": {}
      }
    },
    {
      "type": "Feature",
      "geometry": {
        "type": "Point",
        "coordinates": [
          16.3708454,
          48.2300448
        ]
      },
      "properties": {
        "id": "tk_at9r_osm_n2484964785",
        "name": "Tabak Trafik Kotlan e.U.",
        "address": {
          "street": "Jägerstraße",
          "number": "29",
          "city": "Wien"
        },
        "sources": [
          {
            "type": "osm",
            "id": "node/2484964785",
            "version": 0
          },
          {
            "type": "gmaps",
            "id": "ChIJnZndRLMHbUcRIbgShJilP9Y"
          }
        ],
        "created": "2026-05-29",
        "updated": "2026-08-17",
        "hours": {
          "raw": "Tu 07:00-19:00; Th 07:00-19:00; Fr 07:00-19:00; We 07:00-19:00; Mo 07:00-19:00; Sa 08:00-18:00"
        },
        "sources_by_field": {
          "name": "osm",
          "address.street": "osm",
          "address.number": "osm",
          "address.city": "osm",
          "hours": "google",
          "payment.cards": "google",
          "payment.contactless": "google",
          "payment.girocard": "google"
        },
        "apple_id_attempted": "2026-08-13",
        "google_attempted": "2026-08-13",
        "payment": {
          "cards": "yes",
          "contactless": "yes",
          "girocard": "yes"
        }
      }
    },
    {
      "type": "Feature",
      "geometry": {
        "type": "Point",
        "coordinates": [
          16.4367241,
          48.2420197
        ]
      },
      "properties": {
        "id": "tk_at9r_osm_n2500863850",
        "name": "Trafik Rosenberger",
        "address": {
          "city": "Wien"
        },
        "sources": [
          {
            "type": "osm",
            "id": "node/2500863850",
            "version": 0
          },
          {
            "type": "apple",
            "id": "10496958778738686414"
          }
        ],
        "created": "2026-05-29",
        "updated": "2026-08-17",
        "hours": {
          "raw": "Mo-Fr 07:45-19:00; Sa 08:45-18:00"
        },
        "tags": [
          "barrierefrei"
        ],
        "sources_by_field": {
          "name": "osm",
          "address.city": "osm",
          "hours": "apple",
          "payment.cards": "apple",
          "payment.contactless": "apple"
        },
        "apple_attempted": "2026-05-29",
        "payment": {
          "cards": "yes",
          "contactless": "yes"
        }
      }
    },
    {
      "type": "Feature",
      "geometry": {
        "type": "Point",
        "coordinates": [
          16.4344144,
          48.2425776
        ]
      },
      "properties": {
        "id": "tk_at9r_osm_n2500863854",
        "name": "Trafik Sladek",
        "address": {
          "city": "Wien"
        },
        "sources": [
          {
            "type": "osm",
            "id": "node/2500863854",
            "version": 0
          },
          {
            "type": "apple",
            "id": "15886980130007035117"
          }
        ],
        "created": "2026-05-29",
        "updated": "2026-08-17",
        "hours": {
          "raw": "Mo-Fr 05:30-20:00; Sa 07:00-19:00"
        },
        "tags": [
          "barrierefrei"
        ],
        "sources_by_field": {
          "name": "osm",
          "address.city": "osm",
          "hours": "apple",
          "payment.cards": "apple",
          "payment.contactless": "apple"
        },
        "apple_attempted": "2026-05-29",
        "payment": {
          "cards": "yes",
          "contactless": "yes"
        }
      }
    },
    {
      "type": "Feature",
      "geometry": {
        "type": "Point",
        "coordinates": [
          16.4028856,
          48.1971227
        ]
      },
      "properties": {
        "id": "tk_at9r_osm_n2526240470",
        "name": "Tabak-Trafik Nina-Maria Gartner",
        "address": {
          "street": "Erdbergstraße",
          "number": "112",
          "city": "Wien"
        },
        "sources": [
          {
            "type": "osm",
            "id": "node/2526240470",
            "version": 0
          },
          {
            "type": "apple",
            "id": "6862064235138557528"
          }
        ],
        "created": "2026-05-29",
        "updated": "2026-08-17",
        "hours": {
          "raw": "Mo-Fr 05:30-18:00; Sa 06:00-13:00"
        },
        "sources_by_field": {
          "name": "osm",
          "address.street": "osm",
          "address.number": "osm",
          "address.city": "osm",
          "hours": "apple",
          "payment.cards": "apple",
          "payment.contactless": "apple"
        },
        "apple_attempted": "2026-05-29",
        "payment": {
          "cards": "yes",
          "contactless": "yes"
        }
      }
    },
    {
      "type": "Feature",
      "geometry": {
        "type": "Point",
        "coordinates": [
          16.3858315,
          48.237273
        ]
      },
      "properties": {
        "id": "tk_at9r_osm_n2662929957",
        "name": "Tabak Trafik Stich",
        "address": {},
        "sources": [
          {
            "type": "osm",
            "id": "node/2662929957",
            "version": 0
          },
          {
            "type": "gmaps",
            "id": "ChIJKY-S7ncHbUcR20pQlkDUCo8"
          }
        ],
        "created": "2026-07-20",
        "updated": "2026-08-17",
        "hours": {
          "raw": "Tu 06:00-18:00; Th 06:00-18:00; Fr 06:00-18:00; We 06:00-18:00; Mo 06:00-18:00; Sa 06:30-12:30"
        },
        "sources_by_field": {
          "name": "osm",
          "hours": "google",
          "payment.cards": "google",
          "payment.contactless": "google",
          "payment.girocard": "google"
        },
        "apple_id_attempted": "2026-07-23",
        "google_attempted": "2026-07-23",
        "payment": {
          "cards": "yes",
          "contactless": "yes",
          "girocard": "yes"
        }
      }
    },
    {
      "type": "Feature",
      "geometry": {
        "type": "Point",
        "coordinates": [
          16.3544336,
          48.2091252
        ]
      },
      "properties": {
        "id": "tk_at9r_osm_n2662960820",
        "name": "Nonna Gabri",
        "address": {},
        "sources": [
          {
            "type": "osm",
            "id": "node/2662960820",
            "version": 0
          },
          {
            "type": "apple",
            "id": "4185716303426425879"
          },
          {
            "type": "gmaps",
            "id": "ChIJdfI_XqQHbUcRYVUTFQp_6aM"
          }
        ],
        "created": "2026-05-29",
        "updated": "2026-08-17",
        "sources_by_field": {
          "name": "osm",
          "hours": "google",
          "payment.cards": "google",
          "payment.contactless": "google",
          "payment.girocard": "google"
        },
        "apple_attempted": "2026-05-29",
        "google_attempted": "2026-05-29",
        "hours": {
          "raw": "Tu 10:00-18:00; Th 10:00-18:00; Fr 10:00-18:00; We 10:00-18:00; Mo 13:00-18:00; Sa 10:00-18:00"
        },
        "payment": {
          "cards": "no",
          "contactless": "yes",
          "girocard": "yes"
        }
      }
    },
    {
      "type": "Feature",
      "geometry": {
        "type": "Point",
        "coordinates": [
          16.3833297,
          48.2386382
        ]
      },
      "properties": {
        "id": "tk_at9r_osm_n2663030298",
        "name": "Wofinger",
        "address": {},
        "sources": [
          {
            "type": "osm",
            "id": "node/2663030298",
            "version": 0
          },
          {
            "type": "gmaps",
            "id": "ChIJOdd1ElAGbUcRPBfVxaG4kuo"
          }
        ],
        "created": "2026-05-29",
        "updated": "2026-08-17",
        "hours": {
          "raw": "Tu 05:00-12:30,15:00-18:30; Th 05:00-12:30,15:00-18:30; Fr 05:00-12:30,15:00-18:30; We 05:00-12:30,15:00-18:30; Mo 05:00-12:30,15:00-18:30; Sa 06:00-12:30"
        },
        "tags": [
          "barrierefrei"
        ],
        "sources_by_field": {
          "name": "osm",
          "hours": "google",
          "payment.cards": "google",
          "payment.contactless": "google",
          "payment.girocard": "google"
        },
        "apple_id_attempted": "2026-08-13",
        "google_attempted": "2026-05-29",
        "payment": {
          "cards": "yes",
          "contactless": "yes",
          "girocard": "yes"
        }
      }
    },
    {
      "type": "Feature",
      "geometry": {
        "type": "Point",
        "coordinates": [
          16.3955799,
          48.1557104
        ]
      },
      "properties": {
        "id": "tk_at9r_osm_n3381693957",
        "name": "Trafik Laaer-Berg-Straße 168",
        "address": {
          "street": "Laaer-Berg-Straße",
          "number": "168",
          "city": "Wien"
        },
        "sources": [
          {
            "type": "osm",
            "id": "node/3381693957",
            "version": 0
          },
          {
            "type": "gmaps",
            "id": "ChIJQcD1iYWpbUcRtJRrKUzjnO4"
          }
        ],
        "created": "2026-05-29",
        "updated": "2026-08-17",
        "sources_by_field": {
          "name": "osm",
          "address.street": "osm",
          "address.number": "osm",
          "address.city": "osm",
          "hours": "google",
          "payment.cards": "google",
          "payment.contactless": "google",
          "payment.girocard": "google"
        },
        "apple_id_attempted": "2026-08-13",
        "google_attempted": "2026-05-29",
        "hours": {
          "raw": "Tu 06:30-12:00,14:00-18:00; Th 06:30-12:00,14:00-18:00; Fr 06:30-18:00; We 06:30-12:00,14:00-18:00; Mo 06:30-12:00,14:00-18:00; Sa 07:00-12:00"
        },
        "payment": {
          "cards": "yes",
          "contactless": "yes",
          "girocard": "yes"
        }
      }
    },
    {
      "type": "Feature",
      "geometry": {
        "type": "Point",
        "coordinates": [
          16.3236817,
          48.164285
        ]
      },
      "properties": {
        "id": "tk_at9r_osm_n338287063",
        "name": "Tabak Trafik Bestereimer",
        "address": {},
        "sources": [
          {
            "type": "osm",
            "id": "node/338287063",
            "version": 0
          },
          {
            "type": "gmaps",
            "id": "ChIJc9pqh2eobUcR6IWRHTrOSJM"
          }
        ],
        "created": "2026-05-29",
        "updated": "2026-08-17",
        "hours": {
          "raw": "Tu 08:00-12:30,14:00-18:00; Th 08:00-12:30,14:00-18:00; Fr 08:00-12:30,14:00-18:00; We 08:00-12:30,14:00-18:00; Mo 08:00-12:30,14:00-18:00; Sa 08:00-12:30"
        },
        "tags": [
          "barrierefrei"
        ],
        "sources_by_field": {
          "name": "osm",
          "hours": "google",
          "payment.cards": "google",
          "payment.contactless": "google",
          "payment.girocard": "google"
        },
        "apple_id_attempted": "2026-08-13",
        "google_attempted": "2026-05-29",
        "payment": {
          "cards": "yes",
          "contactless": "yes",
          "girocard": "yes"
        }
      }
    },
    {
      "type": "Feature",
      "geometry": {
        "type": "Point",
        "coordinates": [
          16.4571114,
          48.2301306
        ]
      },
      "properties": {
        "id": "tk_at9r_osm_n4203864128",
        "name": "Trafik Duda",
        "address": {
          "street": "Stadlauer Straße",
          "number": "60/1/2a",
          "city": "Wien"
        },
        "sources": [
          {
            "type": "osm",
            "id": "node/4203864128",
            "version": 0
          },
          {
            "type": "apple",
            "id": "4551453185937855526"
          }
        ],
        "created": "2026-05-29",
        "updated": "2026-08-17",
        "hours": {
          "raw": "Mo-Fr 07:30-18:30; Sa 07:30-17:00"
        },
        "tags": [
          "barrierefrei"
        ],
        "sources_by_field": {
          "name": "osm",
          "address.street": "osm",
          "address.number": "osm",
          "address.city": "osm",
          "hours": "apple",
          "payment.cards": "apple",
          "payment.contactless": "apple"
        },
        "apple_attempted": "2026-05-29",
        "payment": {
          "cards": "yes",
          "contactless": "yes"
        }
      }
    },
    {
      "type": "Feature",
      "geometry": {
        "type": "Point",
        "coordinates": [
          16.3303855,
          48.225569
        ]
      },
      "properties": {
        "id": "tk_at9r_osm_n426781719",
        "name": "Roland Maurer Tabakgeschäft",
        "address": {
          "street": "Antonigasse",
          "number": "99",
          "city": "Wien"
        },
        "sources": [
          {
            "type": "osm",
            "id": "node/426781719",
            "version": 0
          },
          {
            "type": "gmaps",
            "id": "ChIJMeLX5XcIbUcRLZI_bPHi438"
          }
        ],
        "created": "2026-05-29",
        "updated": "2026-08-17",
        "hours": {
          "raw": "Tu 07:00-18:30; Th 07:00-18:30; Fr 07:00-18:30; We 07:00-18:30; Mo 07:00-18:30; Sa 07:00-13:00"
        },
        "tags": [
          "barrierefrei"
        ],
        "sources_by_field": {
          "name": "osm",
          "address.street": "osm",
          "address.number": "osm",
          "address.city": "osm",
          "hours": "google",
          "payment.cards": "google",
          "payment.contactless": "google",
          "payment.girocard": "google"
        },
        "apple_id_attempted": "2026-08-13",
        "google_attempted": "2026-05-29",
        "payment": {
          "cards": "yes",
          "contactless": "yes",
          "girocard": "yes"
        }
      }
    },
    {
      "type": "Feature",
      "geometry": {
        "type": "Point",
        "coordinates": [
          16.3247535,
          48.2169201
        ]
      },
      "properties": {
        "id": "tk_at9r_osm_n4335059295",
        "name": "Tabak-Trafik Darwish Kotb",
        "address": {
          "street": "Geblergasse",
          "number": "102",
          "city": "Wien"
        },
        "sources": [
          {
            "type": "osm",
            "id": "node/4335059295",
            "version": 0
          },
          {
            "type": "gmaps",
            "id": "ChIJtSzsswoIbUcRmlqdcD5kJ0Q"
          }
        ],
        "created": "2026-05-29",
        "updated": "2026-08-17",
        "hours": {
          "raw": "Tu 06:00-18:00; Th 06:00-18:00; Fr 06:00-18:00; We 06:00-18:00; Mo 06:00-18:00; Sa 07:00-12:00"
        },
        "sources_by_field": {
          "name": "osm",
          "address.street": "osm",
          "address.number": "osm",
          "address.city": "osm",
          "hours": "google",
          "payment.cards": "google",
          "payment.contactless": "google",
          "payment.girocard": "google"
        },
        "apple_id_attempted": "2026-08-13",
        "google_attempted": "2026-05-29",
        "payment": {
          "cards": "no",
          "contactless": "yes",
          "girocard": "yes"
        }
      }
    },
    {
      "type": "Feature",
      "geometry": {
        "type": "Point",
        "coordinates": [
          16.520308,
          48.21465
        ]
      },
      "properties": {
        "id": "tk_at9r_osm_n461987710",
        "name": "Trafik Sagmeister",
        "address": {},
        "sources": [
          {
            "type": "osm",
            "id": "node/461987710",
            "version": 0
          },
          {
            "type": "gmaps",
            "id": "ChIJ2UgWvbYBbUcRij-yjVgqOrI"
          }
        ],
        "created": "2026-05-29",
        "updated": "2026-08-17",
        "sources_by_field": {
          "name": "osm"
        },
        "apple_id_attempted": "2026-08-13",
        "google_attempted": "2026-08-13",
        "payment": {}
      }
    },
    {
      "type": "Feature",
      "geometry": {
        "type": "Point",
        "coordinates": [
          16.4063709,
          48.2514778
        ]
      },
      "properties": {
        "id": "tk_at9r_osm_n4837899153",
        "name": "Postpartner 1421",
        "address": {
          "street": "Floridusgasse",
          "number": "13",
          "city": "Wien"
        },
        "sources": [
          {
            "type": "osm",
            "id": "node/4837899153",
            "version": 0
          },
          {
            "type": "apple",
            "id": "4281565598909540602"
          }
        ],
        "created": "2026-05-29",
        "updated": "2026-08-17",
        "hours": {
          "raw": "Mo-Fr 08:00-18:00; Sa 08:00-12:00"
        },
        "sources_by_field": {
          "name": "osm",
          "address.street": "osm",
          "address.number": "osm",
          "address.city": "osm",
          "hours": "apple",
          "payment.cards": "apple",
          "payment.contactless": "apple"
        },
        "apple_attempted": "2026-05-29",
        "payment": {
          "cards": "yes",
          "contactless": "yes"
        }
      }
    },
    {
      "type": "Feature",
      "geometry": {
        "type": "Point",
        "coordinates": [
          16.3792227,
          48.1711237
        ]
      },
      "properties": {
        "id": "tk_at9r_osm_n4839889221",
        "name": "Getränkehandel Favoriten",
        "address": {
          "street": "Favoritenstraße",
          "number": "150",
          "city": "Wien",
          "district": "Innstadt"
        },
        "sources": [
          {
            "type": "osm",
            "id": "node/4839889221",
            "version": 0
          },
          {
            "type": "gmaps",
            "id": "ChIJsVVYJsGpbUcRT-RxYRamQ-A"
          }
        ],
        "created": "2026-05-29",
        "updated": "2026-08-17",
        "sources_by_field": {
          "name": "osm",
          "address.street": "osm",
          "address.number": "osm",
          "address.city": "osm",
          "address.district": "osm"
        },
        "apple_id_attempted": "2026-08-13",
        "google_attempted": "2026-08-13",
        "payment": {}
      }
    },
    {
      "type": "Feature",
      "geometry": {
        "type": "Point",
        "coordinates": [
          16.3316588,
          48.202112
        ]
      },
      "properties": {
        "id": "tk_at9r_osm_n5109779906",
        "name": "Tabak Trafik",
        "address": {},
        "sources": [
          {
            "type": "osm",
            "id": "node/5109779906",
            "version": 0
          },
          {
            "type": "apple",
            "id": "2104024985625008709"
          }
        ],
        "created": "2026-05-29",
        "updated": "2026-08-17",
        "hours": {
          "raw": "Mo-Su 00:00-24:00"
        },
        "sources_by_field": {
          "name": "osm",
          "hours": "apple",
          "payment.cards": "apple",
          "payment.contactless": "apple"
        },
        "apple_attempted": "2026-05-29",
        "payment": {
          "cards": "yes",
          "contactless": "yes"
        }
      }
    },
    {
      "type": "Feature",
      "geometry": {
        "type": "Point",
        "coordinates": [
          16.3326171,
          48.1504613
        ]
      },
      "properties": {
        "id": "tk_at9r_osm_n5415204509",
        "name": "Tabak Trafik Toman",
        "address": {
          "street": "Willendorfer Gasse",
          "number": "11",
          "city": "Wien"
        },
        "sources": [
          {
            "type": "osm",
            "id": "node/5415204509",
            "version": 0
          },
          {
            "type": "apple",
            "id": "12950870030512432244"
          }
        ],
        "created": "2026-05-29",
        "updated": "2026-08-17",
        "hours": {
          "raw": "Mo-Fr 06:00-18:00; Sa 07:00-12:00"
        },
        "sources_by_field": {
          "name": "osm",
          "address.street": "osm",
          "address.number": "osm",
          "address.city": "osm",
          "hours": "apple",
          "payment.cards": "apple",
          "payment.contactless": "apple"
        },
        "apple_attempted": "2026-05-29",
        "payment": {
          "cards": "yes",
          "contactless": "yes"
        }
      }
    },
    {
      "type": "Feature",
      "geometry": {
        "type": "Point",
        "coordinates": [
          16.3483327,
          48.2097823
        ]
      },
      "properties": {
        "id": "tk_at9r_osm_n6099082811",
        "name": "Tabak Trafik Rainer-Linke Jan",
        "address": {},
        "sources": [
          {
            "type": "osm",
            "id": "node/6099082811",
            "version": 0
          },
          {
            "type": "gmaps",
            "id": "ChIJl5MTIl4HbUcRYR4uwlTQY7I"
          }
        ],
        "created": "2026-05-29",
        "updated": "2026-08-17",
        "hours": {
          "raw": "Tu 07:00-18:00; Fr 07:00-18:00; We 07:00-18:00; Mo 07:00-18:00; Sa 08:00-13:00"
        },
        "sources_by_field": {
          "name": "osm",
          "hours": "google",
          "payment.cards": "google",
          "payment.contactless": "google",
          "payment.girocard": "google"
        },
        "apple_id_attempted": "2026-08-13",
        "google_attempted": "2026-05-29",
        "payment": {
          "cards": "no",
          "contactless": "yes",
          "girocard": "yes"
        }
      }
    },
    {
      "type": "Feature",
      "geometry": {
        "type": "Point",
        "coordinates": [
          16.4418947,
          48.2535964
        ]
      },
      "properties": {
        "id": "tk_at9r_osm_n6308093534",
        "name": "Christiana Moyo",
        "address": {
          "street": "Anton-Sattler-Gasse",
          "number": "115A",
          "city": "Wien"
        },
        "sources": [
          {
            "type": "osm",
            "id": "node/6308093534",
            "version": 0
          },
          {
            "type": "gmaps",
            "id": "ChIJe5QDhqQGbUcROa-RhHBU4H4"
          }
        ],
        "created": "2026-05-29",
        "updated": "2026-08-17",
        "hours": {
          "raw": "Tu 06:00-18:30; Th 06:00-12:30,14:30-18:30; Fr 06:00-18:30; We 06:00-18:30; Mo 06:00-12:30,14:30-18:30; Sa 06:30-13:00"
        },
        "sources_by_field": {
          "name": "osm",
          "address.street": "osm",
          "address.number": "osm",
          "address.city": "osm",
          "hours": "google",
          "payment.cards": "google",
          "payment.contactless": "google",
          "payment.girocard": "google"
        },
        "apple_id_attempted": "2026-08-13",
        "google_attempted": "2026-05-29",
        "payment": {
          "cards": "no",
          "contactless": "yes",
          "girocard": "yes"
        }
      }
    },
    {
      "type": "Feature",
      "geometry": {
        "type": "Point",
        "coordinates": [
          16.3724202,
          48.2297713
        ]
      },
      "properties": {
        "id": "tk_at9r_osm_n6341354567",
        "name": "Getränke Giovanni",
        "address": {},
        "sources": [
          {
            "type": "osm",
            "id": "node/6341354567",
            "version": 0
          },
          {
            "type": "apple",
            "id": "14023758603864301435"
          },
          {
            "type": "gmaps",
            "id": "ChIJIyNxXQMHbUcRUAxZ2SbRCZw"
          }
        ],
        "created": "2026-05-29",
        "updated": "2026-08-17",
        "hours": {
          "raw": "Tu 09:00-18:00; Th 09:00-18:00; Fr 09:00-18:00; We 09:00-18:00; Mo 09:00-18:00; Sa 09:00-18:00"
        },
        "sources_by_field": {
          "name": "osm",
          "hours": "google",
          "payment.cards": "google",
          "payment.contactless": "google",
          "payment.girocard": "google"
        },
        "apple_attempted": "2026-05-29",
        "google_attempted": "2026-05-29",
        "payment": {
          "cards": "no",
          "contactless": "yes",
          "girocard": "yes"
        }
      }
    },
    {
      "type": "Feature",
      "geometry": {
        "type": "Point",
        "coordinates": [
          16.3175793,
          48.1931614
        ]
      },
      "properties": {
        "id": "tk_at9r_osm_n6558453853",
        "name": "Killis Getränke",
        "address": {
          "street": "Fenzlgasse",
          "number": "9",
          "city": "Wien"
        },
        "sources": [
          {
            "type": "osm",
            "id": "node/6558453853",
            "version": 0
          },
          {
            "type": "apple",
            "id": "10820713883129470283"
          }
        ],
        "created": "2026-05-29",
        "updated": "2026-08-17",
        "hours": {
          "raw": "Tu-Fr 12:00-18:00; Sa 10:00-16:00"
        },
        "payment": {
          "cash": "yes",
          "cards": "unknown",
          "contactless": "unknown",
          "girocard": "yes"
        },
        "sources_by_field": {
          "name": "osm",
          "address.street": "osm",
          "address.number": "osm",
          "address.city": "osm",
          "hours": "osm",
          "payment.cash": "osm",
          "payment.cards": "osm",
          "payment.contactless": "osm",
          "payment.girocard": "osm"
        }
      }
    },
    {
      "type": "Feature",
      "geometry": {
        "type": "Point",
        "coordinates": [
          16.380991,
          48.2183469
        ]
      },
      "properties": {
        "id": "tk_at9r_osm_n7927336837",
        "name": "Bobbys",
        "address": {},
        "sources": [
          {
            "type": "osm",
            "id": "node/7927336837",
            "version": 0
          },
          {
            "type": "gmaps",
            "id": "ChIJSeXAzKcHbUcRcgyfis7qXWQ"
          }
        ],
        "created": "2026-05-29",
        "updated": "2026-08-17",
        "sources_by_field": {
          "name": "osm",
          "hours": "google"
        },
        "apple_id_attempted": "2026-08-13",
        "google_attempted": "2026-08-13",
        "hours": {
          "raw": "Tu 15:00-23:00; Th 15:00-23:00; Fr 15:00-23:00; We 15:00-23:00; Mo 15:00-23:00; Sa 15:00-23:00; Su 15:00-23:00"
        },
        "payment": {}
      }
    },
    {
      "type": "Feature",
      "geometry": {
        "type": "Point",
        "coordinates": [
          16.4074044,
          48.195106
        ]
      },
      "properties": {
        "id": "tk_at9r_osm_n8715116408",
        "name": "24h Shop Selbstbedienung",
        "address": {},
        "sources": [
          {
            "type": "osm",
            "id": "node/8715116408",
            "version": 0
          },
          {
            "type": "gmaps",
            "id": "ChIJV56w2AwHbUcR0NmNiv8CE4I"
          }
        ],
        "created": "2026-05-29",
        "updated": "2026-08-17",
        "hours": {
          "raw": "24/7"
        },
        "sources_by_field": {
          "name": "osm",
          "hours": "osm",
          "payment.cards": "google",
          "payment.contactless": "google",
          "payment.girocard": "google"
        },
        "apple_id_attempted": "2026-08-13",
        "google_attempted": "2026-05-29",
        "payment": {
          "cards": "no",
          "contactless": "yes",
          "girocard": "yes"
        }
      }
    },
    {
      "type": "Feature",
      "geometry": {
        "type": "Point",
        "coordinates": [
          16.3727385,
          48.2077807
        ]
      },
      "properties": {
        "id": "tk_at9r_osm_n8917574600",
        "name": "Tabak Trafik",
        "address": {},
        "sources": [
          {
            "type": "osm",
            "id": "node/8917574600",
            "version": 0
          },
          {
            "type": "apple",
            "id": "216373655269961052"
          }
        ],
        "created": "2026-05-29",
        "updated": "2026-08-17",
        "hours": {
          "raw": "Mo-Fr 07:45-19:30; Sa 08:00-18:30"
        },
        "sources_by_field": {
          "name": "osm",
          "hours": "apple",
          "payment.cards": "apple",
          "payment.contactless": "apple"
        },
        "apple_attempted": "2026-05-29",
        "payment": {
          "cards": "yes",
          "contactless": "yes"
        }
      }
    },
    {
      "type": "Feature",
      "geometry": {
        "type": "Point",
        "coordinates": [
          16.3804643,
          48.1766559
        ]
      },
      "properties": {
        "id": "tk_at9r_osm_n9033605134",
        "name": "ATS",
        "address": {},
        "sources": [
          {
            "type": "osm",
            "id": "node/9033605134",
            "version": 0
          },
          {
            "type": "gmaps",
            "id": "ChIJCUmKkMSpbUcRcrKl7JIs4t0"
          }
        ],
        "created": "2026-05-29",
        "updated": "2026-08-17",
        "hours": {
          "raw": "Mo-Fr 10:00-19:00; Sa 10:00-18:00"
        },
        "sources_by_field": {
          "name": "osm",
          "hours": "osm"
        },
        "apple_id_attempted": "2026-08-13",
        "google_attempted": "2026-08-13",
        "payment": {}
      }
    },
    {
      "type": "Feature",
      "geometry": {
        "type": "Point",
        "coordinates": [
          16.3264178,
          48.1905748
        ]
      },
      "properties": {
        "id": "tk_at9r_osm_n9190457840",
        "name": "willtrinken",
        "address": {},
        "sources": [
          {
            "type": "osm",
            "id": "node/9190457840",
            "version": 0
          },
          {
            "type": "apple",
            "id": "14548276223575166239"
          },
          {
            "type": "gmaps",
            "id": "ChIJudBIiRIIbUcRs1W5dmd5zBo"
          }
        ],
        "created": "2026-05-29",
        "updated": "2026-08-17",
        "sources_by_field": {
          "name": "osm",
          "hours": "google",
          "payment.cards": "google",
          "payment.contactless": "google",
          "payment.girocard": "google"
        },
        "apple_attempted": "2026-05-29",
        "google_attempted": "2026-05-29",
        "hours": {
          "raw": "Tu 19:00-04:30; Th 19:00-04:30; Fr 19:00-04:30; We 19:00-04:30; Mo 19:00-04:30; Sa 19:00-04:30; Su 19:00-04:30"
        },
        "payment": {
          "cards": "no",
          "contactless": "yes",
          "girocard": "yes"
        }
      }
    },
    {
      "type": "Feature",
      "geometry": {
        "type": "Point",
        "coordinates": [
          16.3692587,
          48.1793667
        ]
      },
      "properties": {
        "id": "tk_at9r_osm_n931009351",
        "name": "Trafik Brunner",
        "address": {},
        "sources": [
          {
            "type": "osm",
            "id": "node/931009351",
            "version": 0
          },
          {
            "type": "gmaps",
            "id": "ChIJcaMMD86pbUcRnj8vsyTZ-YA"
          }
        ],
        "created": "2026-05-29",
        "updated": "2026-08-17",
        "hours": {
          "raw": "Tu 06:00-13:00,15:00-18:00; Th 06:00-13:00,15:00-18:00; Fr 06:00-18:00; We 06:00-13:00,15:00-18:00; Mo 06:00-13:00,15:00-18:00; Sa 07:00-12:00"
        },
        "sources_by_field": {
          "name": "osm",
          "hours": "google",
          "payment.cards": "google",
          "payment.contactless": "google",
          "payment.girocard": "google"
        },
        "apple_id_attempted": "2026-08-13",
        "google_attempted": "2026-05-29",
        "payment": {
          "cards": "no",
          "contactless": "yes",
          "girocard": "yes"
        }
      }
    },
    {
      "type": "Feature",
      "geometry": {
        "type": "Point",
        "coordinates": [
          16.3716891,
          48.1908464
        ]
      },
      "properties": {
        "id": "tk_at9r_osm_n9493792821",
        "name": "Malvina",
        "address": {},
        "sources": [
          {
            "type": "osm",
            "id": "node/9493792821",
            "version": 0
          },
          {
            "type": "gmaps",
            "id": "ChIJ5Rqey38HbUcRoGZrvWIVdxw"
          }
        ],
        "created": "2026-05-29",
        "updated": "2026-08-17",
        "hours": {
          "raw": "Tu 09:30-19:30; Th 09:30-19:30; Fr 09:30-19:30; We 09:30-19:30; Mo 09:30-19:30; Sa 10:00-19:00"
        },
        "tags": [
          "barrierefrei"
        ],
        "sources_by_field": {
          "name": "osm",
          "hours": "google",
          "payment.cards": "google",
          "payment.contactless": "google",
          "payment.girocard": "google"
        },
        "apple_id_attempted": "2026-08-13",
        "google_attempted": "2026-05-29",
        "payment": {
          "cards": "yes",
          "contactless": "yes",
          "girocard": "yes"
        }
      }
    },
    {
      "type": "Feature",
      "geometry": {
        "type": "Point",
        "coordinates": [
          16.3204739,
          48.1513842
        ]
      },
      "properties": {
        "id": "tk_at9r_osm_w1217281750",
        "name": "Mäg Happl",
        "address": {},
        "sources": [
          {
            "type": "osm",
            "id": "way/1217281750",
            "version": 0
          },
          {
            "type": "gmaps",
            "id": "ChIJ_UWfh_OobUcRyIGvY_8K0Ss"
          }
        ],
        "created": "2026-05-29",
        "updated": "2026-08-17",
        "sources_by_field": {
          "name": "osm"
        },
        "apple_id_attempted": "2026-08-13",
        "google_attempted": "2026-08-13",
        "payment": {}
      }
    },
    {
      "type": "Feature",
      "geometry": {
        "type": "Point",
        "coordinates": [
          16.3750428,
          48.2108255
        ]
      },
      "properties": {
        "id": "tk_at9r_osm_w1429919739",
        "name": "Brioche und Brösel",
        "address": {},
        "sources": [
          {
            "type": "osm",
            "id": "way/1429919739",
            "version": 0
          },
          {
            "type": "apple",
            "id": "7707825064139992744"
          }
        ],
        "created": "2026-05-29",
        "updated": "2026-08-17",
        "sources_by_field": {
          "name": "osm",
          "hours": "apple",
          "payment.cards": "apple",
          "payment.contactless": "apple"
        },
        "apple_attempted": "2026-05-29",
        "hours": {
          "raw": "Mo-Su 11:30-22:00"
        },
        "payment": {
          "cards": "yes",
          "contactless": "yes"
        }
      }
    },
    {
      "type": "Feature",
      "geometry": {
        "type": "Point",
        "coordinates": [
          16.321842,
          48.2429596
        ]
      },
      "properties": {
        "id": "tk_at9r_osm_w184011304",
        "name": "Tabak Winkler",
        "address": {
          "street": "Krottenbachstraße",
          "number": "173",
          "city": "Wien"
        },
        "sources": [
          {
            "type": "osm",
            "id": "way/184011304",
            "version": 0
          },
          {
            "type": "gmaps",
            "id": "ChIJcxx1LhMJbUcR9ZgUrTeUnXc"
          }
        ],
        "created": "2026-05-29",
        "updated": "2026-08-17",
        "hours": {
          "raw": "Tu 07:30-18:00; Th 07:30-18:00; Fr 07:30-18:00; We 07:30-18:00; Mo 07:30-18:00; Sa 07:30-13:00"
        },
        "sources_by_field": {
          "name": "osm",
          "address.street": "osm",
          "address.number": "osm",
          "address.city": "osm",
          "hours": "google",
          "payment.cards": "google",
          "payment.contactless": "google",
          "payment.girocard": "google"
        },
        "apple_id_attempted": "2026-08-13",
        "google_attempted": "2026-05-29",
        "payment": {
          "cards": "no",
          "contactless": "yes",
          "girocard": "yes"
        }
      }
    },
    {
      "type": "Feature",
      "geometry": {
        "type": "Point",
        "coordinates": [
          16.3316957,
          48.1741538
        ]
      },
      "properties": {
        "id": "tk_at9r_osm_w367771777",
        "name": "Trafik Schwaiger",
        "address": {},
        "sources": [
          {
            "type": "osm",
            "id": "way/367771777",
            "version": 0
          },
          {
            "type": "apple",
            "id": "16865909114891516564"
          }
        ],
        "created": "2026-05-29",
        "updated": "2026-08-17",
        "hours": {
          "raw": "Sa-Su 06:00-20:00; Mo-Fr 05:00-20:00"
        },
        "tags": [
          "barrierefrei"
        ],
        "sources_by_field": {
          "name": "osm",
          "hours": "apple",
          "payment.cards": "apple",
          "payment.contactless": "apple"
        },
        "apple_attempted": "2026-05-29",
        "payment": {
          "cards": "yes",
          "contactless": "yes"
        }
      }
    },
    {
      "type": "Feature",
      "geometry": {
        "type": "Point",
        "coordinates": [
          16.3764597,
          48.1858826
        ]
      },
      "properties": {
        "id": "tk_at9r_osm_w396018154",
        "name": "o'mellis",
        "address": {},
        "sources": [
          {
            "type": "osm",
            "id": "way/396018154",
            "version": 0
          },
          {
            "type": "apple",
            "id": "17820590659330013849"
          }
        ],
        "created": "2026-05-29",
        "updated": "2026-08-17",
        "hours": {
          "raw": "Mo-Su 07:00-21:00"
        },
        "tags": [
          "barrierefrei"
        ],
        "sources_by_field": {
          "name": "osm",
          "hours": "apple",
          "payment.cards": "apple",
          "payment.contactless": "apple"
        },
        "apple_attempted": "2026-05-29",
        "payment": {
          "cards": "yes",
          "contactless": "yes"
        }
      }
    },
    {
      "type": "Feature",
      "geometry": {
        "type": "Point",
        "coordinates": [
          16.3762114,
          48.1850154
        ]
      },
      "properties": {
        "id": "tk_at9r_osm_w396029592",
        "name": "Trafik Wasinger",
        "address": {},
        "sources": [
          {
            "type": "osm",
            "id": "way/396029592",
            "version": 0
          },
          {
            "type": "apple",
            "id": "16774078234085047895"
          }
        ],
        "created": "2026-05-29",
        "updated": "2026-08-17",
        "payment": {
          "cash": "unknown",
          "cards": "yes",
          "contactless": "yes",
          "girocard": "unknown"
        },
        "tags": [
          "barrierefrei"
        ],
        "sources_by_field": {
          "name": "osm",
          "payment.cash": "osm",
          "payment.cards": "osm",
          "payment.contactless": "apple",
          "payment.girocard": "osm",
          "hours": "apple"
        },
        "apple_attempted": "2026-05-29",
        "hours": {
          "raw": "Mo-Fr 05:30-23:30; Sa 06:00-22:30; Su 07:00-23:30"
        }
      }
    },
    {
      "type": "Feature",
      "geometry": {
        "type": "Point",
        "coordinates": [
          16.3756839,
          48.1856988
        ]
      },
      "properties": {
        "id": "tk_at9r_osm_w396140401",
        "name": "Trafik Ghobrial",
        "address": {},
        "sources": [
          {
            "type": "osm",
            "id": "way/396140401",
            "version": 0
          },
          {
            "type": "gmaps",
            "id": "ChIJh9M8WEGpbUcR2CEFAwR3GBA"
          }
        ],
        "created": "2026-05-29",
        "updated": "2026-08-17",
        "hours": {
          "raw": "Tu 05:30-22:00; Th 05:30-22:00; Fr 05:30-22:00; We 05:30-22:00; Mo 05:30-22:00; Sa 05:30-22:00; Su 06:00-21:00"
        },
        "tags": [
          "barrierefrei"
        ],
        "sources_by_field": {
          "name": "osm",
          "hours": "google"
        },
        "apple_id_attempted": "2026-08-13",
        "google_attempted": "2026-08-13",
        "payment": {}
      }
    },
    {
      "type": "Feature",
      "geometry": {
        "type": "Point",
        "coordinates": [
          16.3851546,
          48.2062516
        ]
      },
      "properties": {
        "id": "tk_at9r_osm_w493669394",
        "name": "Tabak Trafik David Bigl",
        "address": {},
        "sources": [
          {
            "type": "osm",
            "id": "way/493669394",
            "version": 0
          },
          {
            "type": "apple",
            "id": "1448930230424455060"
          }
        ],
        "created": "2026-05-29",
        "updated": "2026-08-17",
        "hours": {
          "raw": "Mo-Fr 05:00-21:00; Sa,Su 06:00-21:00"
        },
        "payment": {
          "cash": "unknown",
          "cards": "yes",
          "contactless": "unknown",
          "girocard": "unknown"
        },
        "tags": [
          "barrierefrei"
        ],
        "sources_by_field": {
          "name": "osm",
          "hours": "osm",
          "payment.cash": "osm",
          "payment.cards": "osm",
          "payment.contactless": "osm",
          "payment.girocard": "osm"
        }
      }
    },
    {
      "type": "Feature",
      "geometry": {
        "type": "Point",
        "coordinates": [
          16.3368193,
          48.2752914
        ]
      },
      "properties": {
        "id": "tk_at9r_osm_w82250909",
        "name": "Imbise Standl Sobieski",
        "address": {},
        "sources": [
          {
            "type": "osm",
            "id": "way/82250909",
            "version": 0
          },
          {
            "type": "gmaps",
            "id": "ChIJYdn96rQIbUcR9XqCSSTdR84"
          }
        ],
        "created": "2026-06-22",
        "updated": "2026-08-17",
        "sources_by_field": {
          "name": "osm",
          "hours": "google"
        },
        "apple_id_attempted": "2026-08-08",
        "google_attempted": "2026-08-08",
        "hours": {
          "raw": "Tu 10:00-19:00; Th 10:00-19:00; Fr 10:00-19:00; Mo 10:00-19:00; Sa 10:00-19:00; Su 10:00-19:00"
        },
        "payment": {}
      }
    },
    {
      "type": "Feature",
      "geometry": {
        "type": "Point",
        "coordinates": [
          16.354115,
          48.1996179
        ]
      },
      "properties": {
        "id": "tk_at9r_osm_n10133117394",
        "name": "waterdrop",
        "address": {
          "street": "Mariahilfer Straße",
          "number": "51"
        },
        "sources": [
          {
            "type": "osm",
            "id": "node/10133117394",
            "version": 0
          }
        ],
        "created": "2026-05-29",
        "updated": "2026-08-17",
        "hours": {
          "raw": "Mo-Fr 10:00-19:00; Sa 10:00-18:00"
        },
        "payment": {
          "cash": "yes",
          "cards": "yes",
          "contactless": "yes",
          "girocard": "unknown"
        },
        "tags": [
          "barrierefrei"
        ],
        "sources_by_field": {
          "name": "osm",
          "address.street": "osm",
          "address.number": "osm",
          "hours": "osm",
          "payment.cash": "osm",
          "payment.cards": "osm",
          "payment.contactless": "osm",
          "payment.girocard": "osm"
        },
        "apple_id_attempted": "2026-08-13"
      }
    },
    {
      "type": "Feature",
      "geometry": {
        "type": "Point",
        "coordinates": [
          16.3537571,
          48.1998506
        ]
      },
      "properties": {
        "id": "tk_at9r_osm_n10210387016",
        "name": "Tabak Trafik",
        "address": {
          "street": "Mariahilfer Straße",
          "number": "42-48",
          "city": "Wien"
        },
        "sources": [
          {
            "type": "osm",
            "id": "node/10210387016",
            "version": 0
          }
        ],
        "created": "2026-05-29",
        "updated": "2026-08-17",
        "hours": {
          "raw": "Mo-We 08:30-19:00; Th,Fr 08:30-20:00; Sa 09:00-18:00"
        },
        "tags": [
          "barrierefrei"
        ],
        "sources_by_field": {
          "name": "osm",
          "address.street": "osm",
          "address.number": "osm",
          "address.city": "osm",
          "hours": "osm"
        },
        "apple_id_attempted": "2026-08-13",
        "google_attempted": "2026-08-13",
        "payment": {}
      }
    },
    {
      "type": "Feature",
      "geometry": {
        "type": "Point",
        "coordinates": [
          16.3980178,
          48.2663847
        ]
      },
      "properties": {
        "id": "tk_at9r_osm_n10219844121",
        "name": "Tabak-Trafik",
        "address": {},
        "sources": [
          {
            "type": "osm",
            "id": "node/10219844121",
            "version": 0
          }
        ],
        "created": "2026-05-29",
        "updated": "2026-08-17",
        "sources_by_field": {
          "name": "osm"
        },
        "apple_id_attempted": "2026-08-13",
        "google_attempted": "2026-08-13",
        "payment": {}
      }
    },
    {
      "type": "Feature",
      "geometry": {
        "type": "Point",
        "coordinates": [
          16.3391745,
          48.2115322
        ]
      },
      "properties": {
        "id": "tk_at9r_osm_n10263711895",
        "name": "Tabak trafik",
        "address": {},
        "sources": [
          {
            "type": "osm",
            "id": "node/10263711895",
            "version": 0
          }
        ],
        "created": "2026-05-29",
        "updated": "2026-08-17",
        "hours": {
          "raw": "Mo-Fr 06:00-21:00; Sa 08:00-21:00; Su 09:00-21:00"
        },
        "sources_by_field": {
          "name": "osm",
          "hours": "osm"
        },
        "apple_id_attempted": "2026-08-13",
        "google_attempted": "2026-08-13",
        "payment": {}
      }
    },
    {
      "type": "Feature",
      "geometry": {
        "type": "Point",
        "coordinates": [
          16.3375748,
          48.1824122
        ]
      },
      "properties": {
        "id": "tk_at9r_osm_n10539886444",
        "name": "Bro's Kiosk",
        "address": {
          "street": "Längenfeldgasse",
          "number": "14-18/2"
        },
        "sources": [
          {
            "type": "osm",
            "id": "node/10539886444",
            "version": 0
          }
        ],
        "created": "2026-05-29",
        "updated": "2026-08-17",
        "sources_by_field": {
          "name": "osm",
          "address.street": "osm",
          "address.number": "osm"
        },
        "apple_id_attempted": "2026-08-13",
        "google_attempted": "2026-08-13",
        "payment": {}
      }
    },
    {
      "type": "Feature",
      "geometry": {
        "type": "Point",
        "coordinates": [
          16.3137336,
          48.2239464
        ]
      },
      "properties": {
        "id": "tk_at9r_osm_n10666223529",
        "name": "Temel",
        "address": {
          "street": "Hernalser Hauptstraße",
          "number": "189",
          "city": "Wien"
        },
        "sources": [
          {
            "type": "osm",
            "id": "node/10666223529",
            "version": 0
          }
        ],
        "created": "2026-05-29",
        "updated": "2026-08-17",
        "hours": {
          "raw": "Mo-Su 11:00-23:00"
        },
        "sources_by_field": {
          "name": "osm",
          "address.street": "osm",
          "address.number": "osm",
          "address.city": "osm",
          "hours": "osm"
        },
        "apple_id_attempted": "2026-08-13",
        "google_attempted": "2026-08-13",
        "payment": {}
      }
    },
    {
      "type": "Feature",
      "geometry": {
        "type": "Point",
        "coordinates": [
          16.3590088,
          48.1968682
        ]
      },
      "properties": {
        "id": "tk_at9r_osm_n11573604628",
        "name": "Naschmarkt",
        "address": {},
        "sources": [
          {
            "type": "osm",
            "id": "node/11573604628",
            "version": 0
          }
        ],
        "created": "2026-05-29",
        "updated": "2026-08-17",
        "hours": {
          "raw": "05:00-19:00"
        },
        "sources_by_field": {
          "name": "osm",
          "hours": "osm"
        },
        "apple_id_attempted": "2026-08-13",
        "google_attempted": "2026-08-13",
        "payment": {}
      }
    },
    {
      "type": "Feature",
      "geometry": {
        "type": "Point",
        "coordinates": [
          16.3296678,
          48.2311493
        ]
      },
      "properties": {
        "id": "tk_at9r_osm_n1167763637",
        "name": "Tabak Trafik Rahman",
        "address": {},
        "sources": [
          {
            "type": "osm",
            "id": "node/1167763637",
            "version": 0
          }
        ],
        "created": "2026-05-29",
        "updated": "2026-08-17",
        "tags": [
          "barrierefrei"
        ],
        "sources_by_field": {
          "name": "osm"
        },
        "apple_id_attempted": "2026-08-13",
        "google_attempted": "2026-08-13",
        "payment": {}
      }
    },
    {
      "type": "Feature",
      "geometry": {
        "type": "Point",
        "coordinates": [
          16.4020762,
          48.1966284
        ]
      },
      "properties": {
        "id": "tk_at9r_osm_n12397816602",
        "name": "Level Up",
        "address": {},
        "sources": [
          {
            "type": "osm",
            "id": "node/12397816602",
            "version": 0
          }
        ],
        "created": "2026-05-29",
        "updated": "2026-08-17",
        "hours": {
          "raw": "24/7"
        },
        "sources_by_field": {
          "name": "osm",
          "hours": "osm"
        },
        "apple_id_attempted": "2026-08-13",
        "google_attempted": "2026-08-13",
        "payment": {}
      }
    },
    {
      "type": "Feature",
      "geometry": {
        "type": "Point",
        "coordinates": [
          16.3442847,
          48.1818026
        ]
      },
      "properties": {
        "id": "tk_at9r_osm_n12507263736",
        "name": "SuperMat",
        "address": {},
        "sources": [
          {
            "type": "osm",
            "id": "node/12507263736",
            "version": 0
          },
          {
            "type": "gmaps",
            "id": "ChIJu_MyUUOpbUcR0p6UyyyTy18"
          }
        ],
        "created": "2026-08-17",
        "updated": "2026-08-17",
        "hours": {
          "raw": "Mo-Su,PH 00:00-24:00"
        },
        "sources_by_field": {
          "name": "osm",
          "hours": "osm"
        },
        "apple_id_attempted": "2026-08-21",
        "google_attempted": "2026-08-21"
      }
    },
    {
      "type": "Feature",
      "geometry": {
        "type": "Point",
        "coordinates": [
          16.3878219,
          48.1911314
        ]
      },
      "properties": {
        "id": "tk_at9r_osm_n1306060281",
        "name": "Tabakladen",
        "address": {
          "city": "Wien"
        },
        "sources": [
          {
            "type": "osm",
            "id": "node/1306060281",
            "version": 0
          }
        ],
        "created": "2026-05-29",
        "updated": "2026-08-17",
        "hours": {
          "raw": "Mo-Th 06:00-18:30; Fr 06:00-19:00; Sa 06:00-13:00"
        },
        "sources_by_field": {
          "name": "osm",
          "address.city": "osm",
          "hours": "osm"
        },
        "apple_id_attempted": "2026-08-13",
        "google_attempted": "2026-08-13",
        "payment": {}
      }
    },
    {
      "type": "Feature",
      "geometry": {
        "type": "Point",
        "coordinates": [
          16.3097961,
          48.1989076
        ]
      },
      "properties": {
        "id": "tk_at9r_osm_n13653538997",
        "name": "Tabak Trafik",
        "address": {},
        "sources": [
          {
            "type": "osm",
            "id": "node/13653538997",
            "version": 0
          }
        ],
        "created": "2026-05-29",
        "updated": "2026-08-17",
        "sources_by_field": {
          "name": "osm"
        },
        "apple_id_attempted": "2026-08-13",
        "google_attempted": "2026-08-13",
        "payment": {}
      }
    },
    {
      "type": "Feature",
      "geometry": {
        "type": "Point",
        "coordinates": [
          16.3344688,
          48.1934631
        ]
      },
      "properties": {
        "id": "tk_at9r_osm_n1467021093",
        "name": "Tabak Trafik",
        "address": {
          "street": "Mariahilfer Straße",
          "number": "159",
          "city": "Wien"
        },
        "sources": [
          {
            "type": "osm",
            "id": "node/1467021093",
            "version": 0
          }
        ],
        "created": "2026-05-29",
        "updated": "2026-08-17",
        "sources_by_field": {
          "name": "osm",
          "address.street": "osm",
          "address.number": "osm",
          "address.city": "osm"
        },
        "apple_id_attempted": "2026-08-13",
        "google_attempted": "2026-08-13",
        "payment": {}
      }
    },
    {
      "type": "Feature",
      "geometry": {
        "type": "Point",
        "coordinates": [
          16.4519711,
          48.224732
        ]
      },
      "properties": {
        "id": "tk_at9r_osm_n1538216169",
        "name": "Trafik Biber",
        "address": {
          "city": "Wien"
        },
        "sources": [
          {
            "type": "osm",
            "id": "node/1538216169",
            "version": 0
          }
        ],
        "created": "2026-05-29",
        "updated": "2026-08-17",
        "sources_by_field": {
          "name": "osm",
          "address.city": "osm"
        },
        "apple_id_attempted": "2026-08-13",
        "google_attempted": "2026-08-13",
        "payment": {}
      }
    },
    {
      "type": "Feature",
      "geometry": {
        "type": "Point",
        "coordinates": [
          16.4506934,
          48.2423424
        ]
      },
      "properties": {
        "id": "tk_at9r_osm_n1539775725",
        "name": "Trafik",
        "address": {},
        "sources": [
          {
            "type": "osm",
            "id": "node/1539775725",
            "version": 0
          }
        ],
        "created": "2026-05-29",
        "updated": "2026-08-17",
        "sources_by_field": {
          "name": "osm"
        },
        "apple_id_attempted": "2026-08-13",
        "google_attempted": "2026-08-13",
        "payment": {}
      }
    },
    {
      "type": "Feature",
      "geometry": {
        "type": "Point",
        "coordinates": [
          16.3347892,
          48.2284968
        ]
      },
      "properties": {
        "id": "tk_at9r_osm_n1575534239",
        "name": "Tabak Trafik",
        "address": {
          "street": "Währinger Straße",
          "number": "164",
          "city": "Wien"
        },
        "sources": [
          {
            "type": "osm",
            "id": "node/1575534239",
            "version": 0
          }
        ],
        "created": "2026-05-29",
        "updated": "2026-08-17",
        "hours": {
          "raw": "Mo-Fr 07:00-14:00,16:00-18:00; Sa 07:00-12:30"
        },
        "sources_by_field": {
          "name": "osm",
          "address.street": "osm",
          "address.number": "osm",
          "address.city": "osm",
          "hours": "osm"
        },
        "apple_id_attempted": "2026-08-13",
        "google_attempted": "2026-08-13",
        "payment": {}
      }
    },
    {
      "type": "Feature",
      "geometry": {
        "type": "Point",
        "coordinates": [
          16.4547462,
          48.2243148
        ]
      },
      "properties": {
        "id": "tk_at9r_osm_n1633167558",
        "name": "Trafik",
        "address": {},
        "sources": [
          {
            "type": "osm",
            "id": "node/1633167558",
            "version": 0
          }
        ],
        "created": "2026-05-29",
        "updated": "2026-08-17",
        "hours": {
          "raw": "Mo-Th 06:00-12:15, Sa 06:00-12:15, Fr 06:00-18:00, Mo-Th 14:00-18:00"
        },
        "sources_by_field": {
          "name": "osm",
          "hours": "osm"
        },
        "apple_id_attempted": "2026-08-13",
        "google_attempted": "2026-08-13",
        "payment": {}
      }
    },
    {
      "type": "Feature",
      "geometry": {
        "type": "Point",
        "coordinates": [
          16.3891231,
          48.1892591
        ]
      },
      "properties": {
        "id": "tk_at9r_osm_n1663164926",
        "name": "Werkstatt zur findigen Libelle",
        "address": {
          "street": "Kleistgasse",
          "number": "27",
          "city": "Wien"
        },
        "sources": [
          {
            "type": "osm",
            "id": "node/1663164926",
            "version": 0
          }
        ],
        "created": "2026-05-29",
        "updated": "2026-08-17",
        "sources_by_field": {
          "name": "osm",
          "address.street": "osm",
          "address.number": "osm",
          "address.city": "osm"
        },
        "apple_id_attempted": "2026-08-13",
        "google_attempted": "2026-08-13",
        "payment": {}
      }
    },
    {
      "type": "Feature",
      "geometry": {
        "type": "Point",
        "coordinates": [
          16.388762,
          48.2956119
        ]
      },
      "properties": {
        "id": "tk_at9r_osm_n1705455198",
        "name": "Trafik",
        "address": {},
        "sources": [
          {
            "type": "osm",
            "id": "node/1705455198",
            "version": 0
          }
        ],
        "created": "2026-05-29",
        "updated": "2026-08-17",
        "hours": {
          "raw": "Mo-Fr 06:00-18:30; Sa 07:00-12:00; Su,PH 09:00-12:00"
        },
        "sources_by_field": {
          "name": "osm",
          "hours": "osm"
        },
        "apple_id_attempted": "2026-08-13",
        "google_attempted": "2026-08-13",
        "payment": {}
      }
    },
    {
      "type": "Feature",
      "geometry": {
        "type": "Point",
        "coordinates": [
          16.3668266,
          48.1721717
        ]
      },
      "properties": {
        "id": "tk_at9r_osm_n1805373545",
        "name": "Trafik",
        "address": {},
        "sources": [
          {
            "type": "osm",
            "id": "node/1805373545",
            "version": 0
          }
        ],
        "created": "2026-05-29",
        "updated": "2026-08-17",
        "hours": {
          "raw": "Mo-Fr 06:00-18:00; Sa 07:00-13:00"
        },
        "payment": {
          "cash": "unknown",
          "cards": "yes",
          "contactless": "unknown",
          "girocard": "unknown"
        },
        "sources_by_field": {
          "name": "osm",
          "hours": "osm",
          "payment.cash": "osm",
          "payment.cards": "osm",
          "payment.contactless": "osm",
          "payment.girocard": "osm"
        },
        "apple_id_attempted": "2026-08-13"
      }
    },
    {
      "type": "Feature",
      "geometry": {
        "type": "Point",
        "coordinates": [
          16.3656522,
          48.1754395
        ]
      },
      "properties": {
        "id": "tk_at9r_osm_n1805373549",
        "name": "Tabak Trafik",
        "address": {},
        "sources": [
          {
            "type": "osm",
            "id": "node/1805373549",
            "version": 0
          }
        ],
        "created": "2026-05-29",
        "updated": "2026-08-17",
        "sources_by_field": {
          "name": "osm"
        },
        "apple_id_attempted": "2026-08-13",
        "google_attempted": "2026-08-13",
        "payment": {}
      }
    },
    {
      "type": "Feature",
      "geometry": {
        "type": "Point",
        "coordinates": [
          16.2990319,
          48.1701872
        ]
      },
      "properties": {
        "id": "tk_at9r_osm_n1914360897",
        "name": "Tabak Trafik",
        "address": {},
        "sources": [
          {
            "type": "osm",
            "id": "node/1914360897",
            "version": 0
          }
        ],
        "created": "2026-05-29",
        "updated": "2026-08-17",
        "sources_by_field": {
          "name": "osm"
        },
        "apple_id_attempted": "2026-08-13",
        "google_attempted": "2026-08-13",
        "payment": {}
      }
    },
    {
      "type": "Feature",
      "geometry": {
        "type": "Point",
        "coordinates": [
          16.3986759,
          48.2062082
        ]
      },
      "properties": {
        "id": "tk_at9r_osm_n2087681758",
        "name": "Trafik",
        "address": {},
        "sources": [
          {
            "type": "osm",
            "id": "node/2087681758",
            "version": 0
          }
        ],
        "created": "2026-05-29",
        "updated": "2026-08-17",
        "sources_by_field": {
          "name": "osm"
        },
        "apple_id_attempted": "2026-08-13",
        "google_attempted": "2026-08-13",
        "payment": {}
      }
    },
    {
      "type": "Feature",
      "geometry": {
        "type": "Point",
        "coordinates": [
          16.2716231,
          48.1969783
        ]
      },
      "properties": {
        "id": "tk_at9r_osm_n2103402536",
        "name": "Knipsel Helmut",
        "address": {},
        "sources": [
          {
            "type": "osm",
            "id": "node/2103402536",
            "version": 0
          }
        ],
        "created": "2026-05-29",
        "updated": "2026-08-17",
        "hours": {
          "raw": "Mo-Fr 06:00-12:00,15:30-18:00; Sa 06:00-12:00"
        },
        "sources_by_field": {
          "name": "osm",
          "hours": "osm"
        },
        "apple_id_attempted": "2026-08-13",
        "google_attempted": "2026-08-13",
        "payment": {}
      }
    },
    {
      "type": "Feature",
      "geometry": {
        "type": "Point",
        "coordinates": [
          16.3480239,
          48.1879721
        ]
      },
      "properties": {
        "id": "tk_at9r_osm_n2175055960",
        "name": "Tabak Trafik Am Hundsturm",
        "address": {},
        "sources": [
          {
            "type": "osm",
            "id": "node/2175055960",
            "version": 0
          }
        ],
        "created": "2026-05-29",
        "updated": "2026-08-17",
        "hours": {
          "raw": "24/7"
        },
        "kind": "vending_machine",
        "sources_by_field": {
          "name": "osm",
          "hours": "osm"
        },
        "payment": {}
      }
    },
    {
      "type": "Feature",
      "geometry": {
        "type": "Point",
        "coordinates": [
          16.2752002,
          48.192363
        ]
      },
      "properties": {
        "id": "tk_at9r_osm_n2248771834",
        "name": "Trafik",
        "address": {},
        "sources": [
          {
            "type": "osm",
            "id": "node/2248771834",
            "version": 0
          }
        ],
        "created": "2026-05-29",
        "updated": "2026-08-17",
        "sources_by_field": {
          "name": "osm"
        },
        "apple_id_attempted": "2026-08-13",
        "google_attempted": "2026-08-13",
        "payment": {}
      }
    },
    {
      "type": "Feature",
      "geometry": {
        "type": "Point",
        "coordinates": [
          16.3493866,
          48.2256388
        ]
      },
      "properties": {
        "id": "tk_at9r_osm_n2262680694",
        "name": "Tabak Trafik",
        "address": {
          "street": "Währinger Gürtel",
          "number": "104",
          "city": "Wien"
        },
        "sources": [
          {
            "type": "osm",
            "id": "node/2262680694",
            "version": 0
          }
        ],
        "created": "2026-05-29",
        "updated": "2026-07-27",
        "hours": {
          "raw": "Mo-Fr 06:00-20:00; Sa 07:00-19:30; Su,PH 09:00-18:00"
        },
        "sources_by_field": {
          "name": "osm",
          "address.street": "osm",
          "address.number": "osm",
          "address.city": "osm",
          "hours": "osm"
        },
        "apple_id_attempted": "2026-08-13",
        "google_attempted": "2026-08-13",
        "payment": {},
        "osm_removed": true
      }
    },
    {
      "type": "Feature",
      "geometry": {
        "type": "Point",
        "coordinates": [
          16.3946696,
          48.2577863
        ]
      },
      "properties": {
        "id": "tk_at9r_osm_n2343237754",
        "name": "Tabak Trafik",
        "address": {
          "street": "Schwaigergasse",
          "number": "27",
          "city": "Wien"
        },
        "sources": [
          {
            "type": "osm",
            "id": "node/2343237754",
            "version": 0
          }
        ],
        "created": "2026-05-29",
        "updated": "2026-08-17",
        "hours": {
          "raw": "Mo-Th 06:00-18:00; Fr 06:00-18:30; Sa 06:30-13:00"
        },
        "tags": [
          "barrierefrei"
        ],
        "sources_by_field": {
          "name": "osm",
          "address.street": "osm",
          "address.number": "osm",
          "address.city": "osm",
          "hours": "osm"
        },
        "apple_id_attempted": "2026-08-13",
        "google_attempted": "2026-08-13",
        "payment": {}
      }
    },
    {
      "type": "Feature",
      "geometry": {
        "type": "Point",
        "coordinates": [
          16.3802473,
          48.1687458
        ]
      },
      "properties": {
        "id": "tk_at9r_osm_n2407815113",
        "name": "Tabak Trafik",
        "address": {
          "street": "Favoritenstraße",
          "city": "Wien"
        },
        "sources": [
          {
            "type": "osm",
            "id": "node/2407815113",
            "version": 0
          }
        ],
        "created": "2026-05-29",
        "updated": "2026-08-17",
        "sources_by_field": {
          "name": "osm",
          "address.street": "osm",
          "address.city": "osm"
        },
        "apple_id_attempted": "2026-08-13",
        "google_attempted": "2026-08-13",
        "payment": {}
      }
    },
    {
      "type": "Feature",
      "geometry": {
        "type": "Point",
        "coordinates": [
          16.365986,
          48.2321626
        ]
      },
      "properties": {
        "id": "tk_at9r_osm_n2418869280",
        "name": "7 Eleven Shop",
        "address": {
          "street": "Klosterneuburger Straße",
          "number": "63",
          "city": "Wien"
        },
        "sources": [
          {
            "type": "osm",
            "id": "node/2418869280",
            "version": 0
          }
        ],
        "created": "2026-05-29",
        "updated": "2026-06-29",
        "hours": {
          "raw": "Mo-Su 06:00-22:00"
        },
        "sources_by_field": {
          "name": "osm",
          "address.street": "osm",
          "address.number": "osm",
          "address.city": "osm",
          "hours": "osm"
        },
        "apple_id_attempted": "2026-08-13",
        "google_attempted": "2026-08-13",
        "payment": {},
        "osm_removed": true
      }
    },
    {
      "type": "Feature",
      "geometry": {
        "type": "Point",
        "coordinates": [
          16.3647924,
          48.2272715
        ]
      },
      "properties": {
        "id": "tk_at9r_osm_n2432244594",
        "name": "Trafik",
        "address": {
          "street": "U-Bahn Station Friedensbrücke",
          "city": "Wien"
        },
        "sources": [
          {
            "type": "osm",
            "id": "node/2432244594",
            "version": 0
          }
        ],
        "created": "2026-05-29",
        "updated": "2026-08-17",
        "hours": {
          "raw": "Mo-Fr 05:30-18:30; Sa 07:30-12:00; PH,Su off"
        },
        "sources_by_field": {
          "name": "osm",
          "address.street": "osm",
          "address.city": "osm",
          "hours": "osm"
        },
        "apple_id_attempted": "2026-08-13",
        "google_attempted": "2026-08-13",
        "payment": {}
      }
    },
    {
      "type": "Feature",
      "geometry": {
        "type": "Point",
        "coordinates": [
          16.4466811,
          48.2728212
        ]
      },
      "properties": {
        "id": "tk_at9r_osm_n2447881336",
        "name": "Trafik",
        "address": {
          "street": "Kürschnergasse",
          "number": "9",
          "city": "Wien"
        },
        "sources": [
          {
            "type": "osm",
            "id": "node/2447881336",
            "version": 0
          }
        ],
        "created": "2026-05-29",
        "updated": "2026-08-17",
        "sources_by_field": {
          "name": "osm",
          "address.street": "osm",
          "address.number": "osm",
          "address.city": "osm"
        },
        "apple_id_attempted": "2026-08-13",
        "google_attempted": "2026-08-13",
        "payment": {}
      }
    },
    {
      "type": "Feature",
      "geometry": {
        "type": "Point",
        "coordinates": [
          16.4465094,
          48.2733782
        ]
      },
      "properties": {
        "id": "tk_at9r_osm_n2447889635",
        "name": "Trafik",
        "address": {
          "city": "Wien"
        },
        "sources": [
          {
            "type": "osm",
            "id": "node/2447889635",
            "version": 0
          }
        ],
        "created": "2026-05-29",
        "updated": "2026-08-17",
        "sources_by_field": {
          "name": "osm",
          "address.city": "osm"
        },
        "apple_id_attempted": "2026-08-13",
        "google_attempted": "2026-08-13",
        "payment": {}
      }
    },
    {
      "type": "Feature",
      "geometry": {
        "type": "Point",
        "coordinates": [
          16.4456679,
          48.2302539
        ]
      },
      "properties": {
        "id": "tk_at9r_osm_n2451813846",
        "name": "Trafik",
        "address": {
          "street": "Viktor-Kaplan-Straße",
          "number": "11",
          "city": "Wien"
        },
        "sources": [
          {
            "type": "osm",
            "id": "node/2451813846",
            "version": 0
          }
        ],
        "created": "2026-05-29",
        "updated": "2026-08-17",
        "tags": [
          "barrierefrei"
        ],
        "sources_by_field": {
          "name": "osm",
          "address.street": "osm",
          "address.number": "osm",
          "address.city": "osm"
        },
        "apple_id_attempted": "2026-08-13",
        "google_attempted": "2026-08-13",
        "payment": {}
      }
    },
    {
      "type": "Feature",
      "geometry": {
        "type": "Point",
        "coordinates": [
          16.3432323,
          48.223167
        ]
      },
      "properties": {
        "id": "tk_at9r_osm_n2487244581",
        "name": "Trafik",
        "address": {},
        "sources": [
          {
            "type": "osm",
            "id": "node/2487244581",
            "version": 0
          }
        ],
        "created": "2026-05-29",
        "updated": "2026-08-17",
        "sources_by_field": {
          "name": "osm"
        },
        "apple_id_attempted": "2026-08-13",
        "google_attempted": "2026-08-13",
        "payment": {}
      }
    },
    {
      "type": "Feature",
      "geometry": {
        "type": "Point",
        "coordinates": [
          16.4340726,
          48.2436495
        ]
      },
      "properties": {
        "id": "tk_at9r_osm_n2500617770",
        "name": "Trafik",
        "address": {
          "city": "Wien"
        },
        "sources": [
          {
            "type": "osm",
            "id": "node/2500617770",
            "version": 0
          }
        ],
        "created": "2026-05-29",
        "updated": "2026-08-17",
        "hours": {
          "raw": "Mo-Fr 05:00-20:00; Sa 06:00-20:00; Su 09:00-20:00"
        },
        "sources_by_field": {
          "name": "osm",
          "address.city": "osm",
          "hours": "osm"
        },
        "apple_id_attempted": "2026-08-13",
        "google_attempted": "2026-08-13",
        "payment": {}
      }
    },
    {
      "type": "Feature",
      "geometry": {
        "type": "Point",
        "coordinates": [
          16.4221019,
          48.2105873
        ]
      },
      "properties": {
        "id": "tk_at9r_osm_n2505289190",
        "name": "Tabak - Trafik",
        "address": {
          "number": "2",
          "city": "Wien"
        },
        "sources": [
          {
            "type": "osm",
            "id": "node/2505289190",
            "version": 0
          }
        ],
        "created": "2026-07-27",
        "updated": "2026-08-17",
        "sources_by_field": {
          "name": "osm",
          "address.number": "osm",
          "address.city": "osm"
        },
        "apple_id_attempted": "2026-08-08",
        "google_attempted": "2026-08-08",
        "payment": {}
      }
    },
    {
      "type": "Feature",
      "geometry": {
        "type": "Point",
        "coordinates": [
          16.4578128,
          48.2542797
        ]
      },
      "properties": {
        "id": "tk_at9r_osm_n2508438749",
        "name": "Tabak Trafik",
        "address": {
          "street": "Rennbahnweg",
          "city": "Wien"
        },
        "sources": [
          {
            "type": "osm",
            "id": "node/2508438749",
            "version": 0
          }
        ],
        "created": "2026-05-29",
        "updated": "2026-08-17",
        "sources_by_field": {
          "name": "osm",
          "address.street": "osm",
          "address.city": "osm"
        },
        "apple_id_attempted": "2026-08-13",
        "google_attempted": "2026-08-13",
        "payment": {}
      }
    },
    {
      "type": "Feature",
      "geometry": {
        "type": "Point",
        "coordinates": [
          16.3706519,
          48.202396
        ]
      },
      "properties": {
        "id": "tk_at9r_osm_n2538461709",
        "name": "Trafik Weinbörmeir",
        "address": {},
        "sources": [
          {
            "type": "osm",
            "id": "node/2538461709",
            "version": 0
          }
        ],
        "created": "2026-05-29",
        "updated": "2026-08-17",
        "hours": {
          "raw": "Mo-Fr 07:00-18:00; Sa 07:00-13:00"
        },
        "sources_by_field": {
          "name": "osm",
          "hours": "osm"
        },
        "apple_id_attempted": "2026-08-13",
        "google_attempted": "2026-08-13",
        "payment": {}
      }
    },
    {
      "type": "Feature",
      "geometry": {
        "type": "Point",
        "coordinates": [
          16.3506065,
          48.2151283
        ]
      },
      "properties": {
        "id": "tk_at9r_osm_n2662987527",
        "name": "Trafik",
        "address": {},
        "sources": [
          {
            "type": "osm",
            "id": "node/2662987527",
            "version": 0
          }
        ],
        "created": "2026-05-29",
        "updated": "2026-08-17",
        "hours": {
          "raw": "Mo-Fr 07:00-18:00; Sa 07:00-12:00"
        },
        "sources_by_field": {
          "name": "osm",
          "hours": "osm"
        },
        "apple_id_attempted": "2026-08-13",
        "google_attempted": "2026-08-13",
        "payment": {}
      }
    },
    {
      "type": "Feature",
      "geometry": {
        "type": "Point",
        "coordinates": [
          16.3384442,
          48.2231092
        ]
      },
      "properties": {
        "id": "tk_at9r_osm_n280813671",
        "name": "TacoLand",
        "address": {},
        "sources": [
          {
            "type": "osm",
            "id": "node/280813671",
            "version": 0
          }
        ],
        "created": "2026-05-29",
        "updated": "2026-08-17",
        "hours": {
          "raw": "Mo-Su 10:30-21:30"
        },
        "payment": {
          "cash": "unknown",
          "cards": "yes",
          "contactless": "unknown",
          "girocard": "unknown"
        },
        "tags": [
          "sitzgelegenheiten"
        ],
        "sources_by_field": {
          "name": "osm",
          "hours": "osm",
          "payment.cash": "osm",
          "payment.cards": "osm",
          "payment.contactless": "osm",
          "payment.girocard": "osm"
        },
        "apple_id_attempted": "2026-08-13"
      }
    },
    {
      "type": "Feature",
      "geometry": {
        "type": "Point",
        "coordinates": [
          16.3627085,
          48.1870387
        ]
      },
      "properties": {
        "id": "tk_at9r_osm_n2829818261",
        "name": "Tabak Trafik",
        "address": {
          "street": "Nikolsdorfer Gasse",
          "city": "Wien"
        },
        "sources": [
          {
            "type": "osm",
            "id": "node/2829818261",
            "version": 0
          }
        ],
        "created": "2026-05-29",
        "updated": "2026-08-17",
        "sources_by_field": {
          "name": "osm",
          "address.street": "osm",
          "address.city": "osm"
        },
        "apple_id_attempted": "2026-08-13",
        "google_attempted": "2026-08-13",
        "payment": {}
      }
    },
    {
      "type": "Feature",
      "geometry": {
        "type": "Point",
        "coordinates": [
          16.3632222,
          48.1838735
        ]
      },
      "properties": {
        "id": "tk_at9r_osm_n2830986251",
        "name": "Tabak Trafik",
        "address": {
          "street": "Kliebergasse",
          "city": "Wien"
        },
        "sources": [
          {
            "type": "osm",
            "id": "node/2830986251",
            "version": 0
          }
        ],
        "created": "2026-05-29",
        "updated": "2026-08-17",
        "hours": {
          "raw": "Mo-Fr 06:00-18:00; Sa 07:30-13:00"
        },
        "sources_by_field": {
          "name": "osm",
          "address.street": "osm",
          "address.city": "osm",
          "hours": "osm"
        },
        "apple_id_attempted": "2026-08-13",
        "google_attempted": "2026-08-13",
        "payment": {}
      }
    },
    {
      "type": "Feature",
      "geometry": {
        "type": "Point",
        "coordinates": [
          16.5342058,
          48.2159297
        ]
      },
      "properties": {
        "id": "tk_at9r_osm_n3327413607",
        "name": "Tabak Trafik",
        "address": {
          "street": "Gartenheimstraße",
          "number": "47",
          "city": "Wien"
        },
        "sources": [
          {
            "type": "osm",
            "id": "node/3327413607",
            "version": 0
          }
        ],
        "created": "2026-05-29",
        "updated": "2026-08-17",
        "sources_by_field": {
          "name": "osm",
          "address.street": "osm",
          "address.number": "osm",
          "address.city": "osm"
        },
        "apple_id_attempted": "2026-08-13",
        "google_attempted": "2026-08-13",
        "payment": {}
      }
    },
    {
      "type": "Feature",
      "geometry": {
        "type": "Point",
        "coordinates": [
          16.3794535,
          48.2367752
        ]
      },
      "properties": {
        "id": "tk_at9r_osm_n333666387",
        "name": "Gattinger Natascha",
        "address": {
          "street": "Dresdner Straße",
          "city": "Wien"
        },
        "sources": [
          {
            "type": "osm",
            "id": "node/333666387",
            "version": 0
          }
        ],
        "created": "2026-05-29",
        "updated": "2026-08-17",
        "hours": {
          "raw": "Mo-Fr 06:00-12:30,15:30-18:00; Sa 06:00-12:00"
        },
        "sources_by_field": {
          "name": "osm",
          "address.street": "osm",
          "address.city": "osm",
          "hours": "osm"
        },
        "apple_id_attempted": "2026-08-13",
        "google_attempted": "2026-08-13",
        "payment": {}
      }
    },
    {
      "type": "Feature",
      "geometry": {
        "type": "Point",
        "coordinates": [
          16.3405639,
          48.1954761
        ]
      },
      "properties": {
        "id": "tk_at9r_osm_n334290870",
        "name": "Trafik",
        "address": {
          "street": "Mariahilfer Straße",
          "number": "125",
          "city": "Wien"
        },
        "sources": [
          {
            "type": "osm",
            "id": "node/334290870",
            "version": 0
          }
        ],
        "created": "2026-05-29",
        "updated": "2026-08-17",
        "hours": {
          "raw": "Mo-Sa 06:30-18:30"
        },
        "sources_by_field": {
          "name": "osm",
          "address.street": "osm",
          "address.number": "osm",
          "address.city": "osm",
          "hours": "osm"
        },
        "apple_id_attempted": "2026-08-13",
        "google_attempted": "2026-08-13",
        "payment": {}
      }
    },
    {
      "type": "Feature",
      "geometry": {
        "type": "Point",
        "coordinates": [
          16.3781801,
          48.1752493
        ]
      },
      "properties": {
        "id": "tk_at9r_osm_n3400094468",
        "name": "10er Oase",
        "address": {},
        "sources": [
          {
            "type": "osm",
            "id": "node/3400094468",
            "version": 0
          }
        ],
        "created": "2026-05-29",
        "updated": "2026-08-17",
        "sources_by_field": {
          "name": "osm"
        },
        "apple_id_attempted": "2026-08-13",
        "google_attempted": "2026-08-13",
        "payment": {}
      }
    },
    {
      "type": "Feature",
      "geometry": {
        "type": "Point",
        "coordinates": [
          16.3806253,
          48.17325
        ]
      },
      "properties": {
        "id": "tk_at9r_osm_n3496813427",
        "name": "Tabak Trafik",
        "address": {},
        "sources": [
          {
            "type": "osm",
            "id": "node/3496813427",
            "version": 0
          }
        ],
        "created": "2026-05-29",
        "updated": "2026-08-17",
        "hours": {
          "raw": "Mo-Fr 06:00-18:00; Sa 06:30-12:00"
        },
        "sources_by_field": {
          "name": "osm",
          "hours": "osm"
        },
        "apple_id_attempted": "2026-08-13",
        "google_attempted": "2026-08-13",
        "payment": {}
      }
    },
    {
      "type": "Feature",
      "geometry": {
        "type": "Point",
        "coordinates": [
          16.4082723,
          48.2763411
        ]
      },
      "properties": {
        "id": "tk_at9r_osm_n368318791",
        "name": "Tabak Trafik",
        "address": {},
        "sources": [
          {
            "type": "osm",
            "id": "node/368318791",
            "version": 0
          }
        ],
        "created": "2026-05-29",
        "updated": "2026-08-17",
        "sources_by_field": {
          "name": "osm"
        },
        "apple_id_attempted": "2026-08-13",
        "google_attempted": "2026-08-13",
        "payment": {}
      }
    },
    {
      "type": "Feature",
      "geometry": {
        "type": "Point",
        "coordinates": [
          16.4212308,
          48.2981755
        ]
      },
      "properties": {
        "id": "tk_at9r_osm_n370521973",
        "name": "Trafik Mulid",
        "address": {
          "street": "Brünner Straße",
          "city": "Wien"
        },
        "sources": [
          {
            "type": "osm",
            "id": "node/370521973",
            "version": 0
          }
        ],
        "created": "2026-05-29",
        "updated": "2026-08-17",
        "sources_by_field": {
          "name": "osm",
          "address.street": "osm",
          "address.city": "osm"
        },
        "apple_id_attempted": "2026-08-13",
        "google_attempted": "2026-08-13",
        "payment": {}
      }
    },
    {
      "type": "Feature",
      "geometry": {
        "type": "Point",
        "coordinates": [
          16.4428807,
          48.2489642
        ]
      },
      "properties": {
        "id": "tk_at9r_osm_n370605624",
        "name": "Tabak Trafik",
        "address": {
          "street": "Wagramer Straße",
          "number": "142",
          "city": "Wien"
        },
        "sources": [
          {
            "type": "osm",
            "id": "node/370605624",
            "version": 0
          }
        ],
        "created": "2026-05-29",
        "updated": "2026-08-17",
        "sources_by_field": {
          "name": "osm",
          "address.street": "osm",
          "address.number": "osm",
          "address.city": "osm"
        },
        "apple_id_attempted": "2026-08-13",
        "google_attempted": "2026-08-13",
        "payment": {}
      }
    },
    {
      "type": "Feature",
      "geometry": {
        "type": "Point",
        "coordinates": [
          16.336866,
          48.24338
        ]
      },
      "properties": {
        "id": "tk_at9r_osm_n3742723825",
        "name": "Tabak",
        "address": {},
        "sources": [
          {
            "type": "osm",
            "id": "node/3742723825",
            "version": 0
          }
        ],
        "created": "2026-05-29",
        "updated": "2026-08-17",
        "sources_by_field": {
          "name": "osm"
        },
        "apple_id_attempted": "2026-08-13",
        "google_attempted": "2026-08-13",
        "payment": {}
      }
    },
    {
      "type": "Feature",
      "geometry": {
        "type": "Point",
        "coordinates": [
          16.3412151,
          48.2429646
        ]
      },
      "properties": {
        "id": "tk_at9r_osm_n3773031669",
        "name": "Tabak- Trafik",
        "address": {},
        "sources": [
          {
            "type": "osm",
            "id": "node/3773031669",
            "version": 0
          }
        ],
        "created": "2026-05-29",
        "updated": "2026-08-17",
        "hours": {
          "raw": "Mo-Th 06:00-12:15,15:00-18:15; Fr 06:00-18:15; Sa 07:00-12:15"
        },
        "sources_by_field": {
          "name": "osm",
          "hours": "osm"
        },
        "apple_id_attempted": "2026-08-13",
        "google_attempted": "2026-08-13",
        "payment": {}
      }
    },
    {
      "type": "Feature",
      "geometry": {
        "type": "Point",
        "coordinates": [
          16.3419156,
          48.1882208
        ]
      },
      "properties": {
        "id": "tk_at9r_osm_n3797020306",
        "name": "Bobby's Getränke",
        "address": {},
        "sources": [
          {
            "type": "osm",
            "id": "node/3797020306",
            "version": 0
          }
        ],
        "created": "2026-05-29",
        "updated": "2026-08-17",
        "hours": {
          "raw": "Mo-Fr 09:00-24:00"
        },
        "payment": {
          "cash": "yes",
          "cards": "unknown",
          "contactless": "unknown",
          "girocard": "unknown"
        },
        "tags": [
          "barrierefrei"
        ],
        "sources_by_field": {
          "name": "osm",
          "hours": "osm",
          "payment.cash": "osm",
          "payment.cards": "osm",
          "payment.contactless": "osm",
          "payment.girocard": "osm"
        },
        "apple_id_attempted": "2026-08-13"
      }
    },
    {
      "type": "Feature",
      "geometry": {
        "type": "Point",
        "coordinates": [
          16.4167688,
          48.1752946
        ]
      },
      "properties": {
        "id": "tk_at9r_osm_n3886069580",
        "name": "Tabak Trafik",
        "address": {},
        "sources": [
          {
            "type": "osm",
            "id": "node/3886069580",
            "version": 0
          }
        ],
        "created": "2026-05-29",
        "updated": "2026-08-17",
        "hours": {
          "raw": "Mo-Fr 07:00-18:00; Sa 08:00-18:00"
        },
        "sources_by_field": {
          "name": "osm",
          "hours": "osm"
        },
        "apple_id_attempted": "2026-08-13",
        "google_attempted": "2026-08-13",
        "payment": {}
      }
    },
    {
      "type": "Feature",
      "geometry": {
        "type": "Point",
        "coordinates": [
          16.3404228,
          48.1849819
        ]
      },
      "properties": {
        "id": "tk_at9r_osm_n4015295527",
        "name": "Tabak Trafik Claudia Völk",
        "address": {
          "street": "Arndtstraße",
          "number": "24",
          "city": "Wien"
        },
        "sources": [
          {
            "type": "osm",
            "id": "node/4015295527",
            "version": 0
          }
        ],
        "created": "2026-05-29",
        "updated": "2026-08-17",
        "sources_by_field": {
          "name": "osm",
          "address.street": "osm",
          "address.number": "osm",
          "address.city": "osm"
        },
        "apple_id_attempted": "2026-08-13",
        "google_attempted": "2026-08-13",
        "payment": {}
      }
    },
    {
      "type": "Feature",
      "geometry": {
        "type": "Point",
        "coordinates": [
          16.3654015,
          48.1851091
        ]
      },
      "properties": {
        "id": "tk_at9r_osm_n415358000",
        "name": "Tabak Trafik",
        "address": {
          "street": "Hauslabgasse",
          "city": "Wien"
        },
        "sources": [
          {
            "type": "osm",
            "id": "node/415358000",
            "version": 0
          }
        ],
        "created": "2026-05-29",
        "updated": "2026-08-17",
        "tags": [
          "barrierefrei"
        ],
        "sources_by_field": {
          "name": "osm",
          "address.street": "osm",
          "address.city": "osm"
        },
        "apple_id_attempted": "2026-08-13",
        "google_attempted": "2026-08-13",
        "payment": {}
      }
    },
    {
      "type": "Feature",
      "geometry": {
        "type": "Point",
        "coordinates": [
          16.4075713,
          48.2584492
        ]
      },
      "properties": {
        "id": "tk_at9r_osm_n4224269652",
        "name": "Tabak Laden",
        "address": {
          "street": "Leopoldauer Straße",
          "number": "19",
          "city": "Wien"
        },
        "sources": [
          {
            "type": "osm",
            "id": "node/4224269652",
            "version": 0
          }
        ],
        "created": "2026-05-29",
        "updated": "2026-08-17",
        "hours": {
          "raw": "Mo-Fr 06:00-12:30,15:00-18:00; Sa 07:00-12:30"
        },
        "sources_by_field": {
          "name": "osm",
          "address.street": "osm",
          "address.number": "osm",
          "address.city": "osm",
          "hours": "osm"
        },
        "apple_id_attempted": "2026-08-13",
        "google_attempted": "2026-08-13",
        "payment": {}
      }
    },
    {
      "type": "Feature",
      "geometry": {
        "type": "Point",
        "coordinates": [
          16.3225154,
          48.1973233
        ]
      },
      "properties": {
        "id": "tk_at9r_osm_n4272246261",
        "name": "Tabak Trafik",
        "address": {},
        "sources": [
          {
            "type": "osm",
            "id": "node/4272246261",
            "version": 0
          }
        ],
        "created": "2026-05-29",
        "updated": "2026-08-17",
        "hours": {
          "raw": "Mo-Fr 06:00-18:00; Sa 07:00-12:00"
        },
        "sources_by_field": {
          "name": "osm",
          "hours": "osm"
        },
        "apple_id_attempted": "2026-08-13",
        "google_attempted": "2026-08-13",
        "payment": {}
      }
    },
    {
      "type": "Feature",
      "geometry": {
        "type": "Point",
        "coordinates": [
          16.3227497,
          48.1860856
        ]
      },
      "properties": {
        "id": "tk_at9r_osm_n4340441025",
        "name": "Tabak-Trafik",
        "address": {},
        "sources": [
          {
            "type": "osm",
            "id": "node/4340441025",
            "version": 0
          }
        ],
        "created": "2026-05-29",
        "updated": "2026-08-17",
        "sources_by_field": {
          "name": "osm"
        },
        "apple_id_attempted": "2026-08-13",
        "google_attempted": "2026-08-13",
        "payment": {}
      }
    },
    {
      "type": "Feature",
      "geometry": {
        "type": "Point",
        "coordinates": [
          16.3647377,
          48.1698512
        ]
      },
      "properties": {
        "id": "tk_at9r_osm_n4393523894",
        "name": "Tabak Trafik",
        "address": {},
        "sources": [
          {
            "type": "osm",
            "id": "node/4393523894",
            "version": 0
          }
        ],
        "created": "2026-05-29",
        "updated": "2026-08-17",
        "hours": {
          "raw": "Mo-Fr 06:00-18:00; Sa 07:00-12:00"
        },
        "tags": [
          "barrierefrei"
        ],
        "sources_by_field": {
          "name": "osm",
          "hours": "osm"
        },
        "apple_id_attempted": "2026-08-13",
        "google_attempted": "2026-08-13",
        "payment": {}
      }
    },
    {
      "type": "Feature",
      "geometry": {
        "type": "Point",
        "coordinates": [
          16.3771122,
          48.1719737
        ]
      },
      "properties": {
        "id": "tk_at9r_osm_n4393523895",
        "name": "Tabak Trafik",
        "address": {},
        "sources": [
          {
            "type": "osm",
            "id": "node/4393523895",
            "version": 0
          }
        ],
        "created": "2026-05-29",
        "updated": "2026-08-17",
        "sources_by_field": {
          "name": "osm"
        },
        "apple_id_attempted": "2026-08-13",
        "google_attempted": "2026-08-13",
        "payment": {}
      }
    },
    {
      "type": "Feature",
      "geometry": {
        "type": "Point",
        "coordinates": [
          16.3833668,
          48.1726137
        ]
      },
      "properties": {
        "id": "tk_at9r_osm_n4393523896",
        "name": "Tabak Trafik",
        "address": {},
        "sources": [
          {
            "type": "osm",
            "id": "node/4393523896",
            "version": 0
          }
        ],
        "created": "2026-05-29",
        "updated": "2026-08-17",
        "sources_by_field": {
          "name": "osm"
        },
        "apple_id_attempted": "2026-08-13",
        "google_attempted": "2026-08-13",
        "payment": {}
      }
    },
    {
      "type": "Feature",
      "geometry": {
        "type": "Point",
        "coordinates": [
          16.3781071,
          48.1749669
        ]
      },
      "properties": {
        "id": "tk_at9r_osm_n4393523898",
        "name": "Trafik",
        "address": {},
        "sources": [
          {
            "type": "osm",
            "id": "node/4393523898",
            "version": 0
          }
        ],
        "created": "2026-05-29",
        "updated": "2026-08-17",
        "hours": {
          "raw": "Mo-Fr 06:00-18:00; Sa 07:00-13:00"
        },
        "sources_by_field": {
          "name": "osm",
          "hours": "osm"
        },
        "apple_id_attempted": "2026-08-13",
        "google_attempted": "2026-08-13",
        "payment": {}
      }
    },
    {
      "type": "Feature",
      "geometry": {
        "type": "Point",
        "coordinates": [
          16.3736739,
          48.1753158
        ]
      },
      "properties": {
        "id": "tk_at9r_osm_n4393523899",
        "name": "Trafik",
        "address": {},
        "sources": [
          {
            "type": "osm",
            "id": "node/4393523899",
            "version": 0
          }
        ],
        "created": "2026-05-29",
        "updated": "2026-08-17",
        "hours": {
          "raw": "Mo-Fr 06:00-18:00; Sa 06:30-12:30; Su,PH off"
        },
        "tags": [
          "barrierefrei"
        ],
        "sources_by_field": {
          "name": "osm",
          "hours": "osm"
        },
        "apple_id_attempted": "2026-08-13",
        "google_attempted": "2026-08-13",
        "payment": {}
      }
    },
    {
      "type": "Feature",
      "geometry": {
        "type": "Point",
        "coordinates": [
          16.3271544,
          48.1994401
        ]
      },
      "properties": {
        "id": "tk_at9r_osm_n4961691051",
        "name": "%pro€ent%",
        "address": {},
        "sources": [
          {
            "type": "osm",
            "id": "node/4961691051",
            "version": 0
          }
        ],
        "created": "2026-05-29",
        "updated": "2026-08-17",
        "sources_by_field": {
          "name": "osm"
        },
        "apple_id_attempted": "2026-08-13",
        "google_attempted": "2026-08-13",
        "payment": {}
      }
    },
    {
      "type": "Feature",
      "geometry": {
        "type": "Point",
        "coordinates": [
          16.3359786,
          48.2003155
        ]
      },
      "properties": {
        "id": "tk_at9r_osm_n4963957203",
        "name": "Tabak Trafik",
        "address": {},
        "sources": [
          {
            "type": "osm",
            "id": "node/4963957203",
            "version": 0
          }
        ],
        "created": "2026-05-29",
        "updated": "2026-08-17",
        "hours": {
          "raw": "Mo-Th 06:00-12:00,15:00-18:00; Fr 06:00-18:00; Sa 07:00-12:00"
        },
        "sources_by_field": {
          "name": "osm",
          "hours": "osm"
        },
        "apple_id_attempted": "2026-08-13",
        "google_attempted": "2026-08-13",
        "payment": {}
      }
    },
    {
      "type": "Feature",
      "geometry": {
        "type": "Point",
        "coordinates": [
          16.3393526,
          48.1966893
        ]
      },
      "properties": {
        "id": "tk_at9r_osm_n4970356959",
        "name": "Tabak Trafik",
        "address": {},
        "sources": [
          {
            "type": "osm",
            "id": "node/4970356959",
            "version": 0
          }
        ],
        "created": "2026-05-29",
        "updated": "2026-08-17",
        "hours": {
          "raw": "Mo-Fr 06:30-19:30; Sa,Su 08:00-19:00"
        },
        "sources_by_field": {
          "name": "osm",
          "hours": "osm"
        },
        "apple_id_attempted": "2026-08-13",
        "google_attempted": "2026-08-13",
        "payment": {}
      }
    },
    {
      "type": "Feature",
      "geometry": {
        "type": "Point",
        "coordinates": [
          16.3372266,
          48.204053
        ]
      },
      "properties": {
        "id": "tk_at9r_osm_n5115202743",
        "name": "Trafik",
        "address": {},
        "sources": [
          {
            "type": "osm",
            "id": "node/5115202743",
            "version": 0
          }
        ],
        "created": "2026-05-29",
        "updated": "2026-08-17",
        "hours": {
          "raw": "Mo-Fr 06:00-21:00; Sa 09:00-21:00; Su,PH off"
        },
        "tags": [
          "barrierefrei"
        ],
        "sources_by_field": {
          "name": "osm",
          "hours": "osm"
        },
        "apple_id_attempted": "2026-08-13",
        "google_attempted": "2026-08-14",
        "payment": {}
      }
    },
    {
      "type": "Feature",
      "geometry": {
        "type": "Point",
        "coordinates": [
          16.3340507,
          48.2041755
        ]
      },
      "properties": {
        "id": "tk_at9r_osm_n5303162180",
        "name": "Tabak Trafik",
        "address": {},
        "sources": [
          {
            "type": "osm",
            "id": "node/5303162180",
            "version": 0
          }
        ],
        "created": "2026-05-29",
        "updated": "2026-08-17",
        "sources_by_field": {
          "name": "osm"
        },
        "apple_id_attempted": "2026-08-13",
        "google_attempted": "2026-08-14",
        "payment": {}
      }
    },
    {
      "type": "Feature",
      "geometry": {
        "type": "Point",
        "coordinates": [
          16.256665,
          48.200363
        ]
      },
      "properties": {
        "id": "tk_at9r_osm_n5360847305",
        "name": "Tabak Trafik",
        "address": {},
        "sources": [
          {
            "type": "osm",
            "id": "node/5360847305",
            "version": 0
          }
        ],
        "created": "2026-05-29",
        "updated": "2026-08-17",
        "hours": {
          "raw": "closed"
        },
        "tags": [
          "barrierefrei"
        ],
        "sources_by_field": {
          "name": "osm",
          "hours": "osm"
        },
        "apple_id_attempted": "2026-08-13",
        "google_attempted": "2026-08-14",
        "payment": {}
      }
    },
    {
      "type": "Feature",
      "geometry": {
        "type": "Point",
        "coordinates": [
          16.344949,
          48.2203584
        ]
      },
      "properties": {
        "id": "tk_at9r_osm_n564670186",
        "name": "Trafik",
        "address": {
          "street": "Währinger Gürtel",
          "number": "18-20 Eing.Halle AKH",
          "city": "Wien"
        },
        "sources": [
          {
            "type": "osm",
            "id": "node/564670186",
            "version": 0
          }
        ],
        "created": "2026-05-29",
        "updated": "2026-08-17",
        "hours": {
          "raw": "Mo-Fr 06:00-19:00; Sa 08:00-17:00; Su,PH 10:00-15:30"
        },
        "tags": [
          "barrierefrei"
        ],
        "sources_by_field": {
          "name": "osm",
          "address.street": "osm",
          "address.number": "osm",
          "address.city": "osm",
          "hours": "osm"
        },
        "apple_id_attempted": "2026-08-13",
        "google_attempted": "2026-08-14",
        "payment": {}
      }
    },
    {
      "type": "Feature",
      "geometry": {
        "type": "Point",
        "coordinates": [
          16.3876487,
          48.2079395
        ]
      },
      "properties": {
        "id": "tk_at9r_osm_n5746841222",
        "name": "Tabaktrafik Jaschke",
        "address": {
          "street": "Untere Viaduktgasse",
          "number": "4",
          "city": "Wien"
        },
        "sources": [
          {
            "type": "osm",
            "id": "node/5746841222",
            "version": 0
          }
        ],
        "created": "2026-05-29",
        "updated": "2026-08-17",
        "hours": {
          "raw": "Mo-Fr 07:30-18:30; Sa 08:00-14:00"
        },
        "sources_by_field": {
          "name": "osm",
          "address.street": "osm",
          "address.number": "osm",
          "address.city": "osm",
          "hours": "osm"
        },
        "apple_id_attempted": "2026-08-13",
        "google_attempted": "2026-08-14",
        "payment": {}
      }
    },
    {
      "type": "Feature",
      "geometry": {
        "type": "Point",
        "coordinates": [
          16.4905813,
          48.2171018
        ]
      },
      "properties": {
        "id": "tk_at9r_osm_n614429830",
        "name": "Trafik",
        "address": {},
        "sources": [
          {
            "type": "osm",
            "id": "node/614429830",
            "version": 0
          }
        ],
        "created": "2026-05-29",
        "updated": "2026-08-17",
        "tags": [
          "barrierefrei"
        ],
        "sources_by_field": {
          "name": "osm"
        },
        "apple_id_attempted": "2026-08-13",
        "google_attempted": "2026-08-14",
        "payment": {}
      }
    },
    {
      "type": "Feature",
      "geometry": {
        "type": "Point",
        "coordinates": [
          16.2728019,
          48.1774113
        ]
      },
      "properties": {
        "id": "tk_at9r_osm_n660751554",
        "name": "Trafik",
        "address": {},
        "sources": [
          {
            "type": "osm",
            "id": "node/660751554",
            "version": 0
          }
        ],
        "created": "2026-05-29",
        "updated": "2026-08-17",
        "hours": {
          "raw": "Mo-Fr 06:00-18:00; Sa 07:00-12:30"
        },
        "payment": {
          "cash": "unknown",
          "cards": "yes",
          "contactless": "unknown",
          "girocard": "unknown"
        },
        "sources_by_field": {
          "name": "osm",
          "hours": "osm",
          "payment.cash": "osm",
          "payment.cards": "osm",
          "payment.contactless": "osm",
          "payment.girocard": "osm"
        },
        "apple_id_attempted": "2026-08-13"
      }
    },
    {
      "type": "Feature",
      "geometry": {
        "type": "Point",
        "coordinates": [
          16.311583,
          48.1947993
        ]
      },
      "properties": {
        "id": "tk_at9r_osm_n814546595",
        "name": "Trafik",
        "address": {},
        "sources": [
          {
            "type": "osm",
            "id": "node/814546595",
            "version": 0
          }
        ],
        "created": "2026-05-29",
        "updated": "2026-08-17",
        "sources_by_field": {
          "name": "osm"
        },
        "apple_id_attempted": "2026-08-13",
        "google_attempted": "2026-08-14",
        "payment": {}
      }
    },
    {
      "type": "Feature",
      "geometry": {
        "type": "Point",
        "coordinates": [
          16.3566642,
          48.1760508
        ]
      },
      "properties": {
        "id": "tk_at9r_osm_n815910926",
        "name": "D. Haupt",
        "address": {},
        "sources": [
          {
            "type": "osm",
            "id": "node/815910926",
            "version": 0
          }
        ],
        "created": "2026-05-29",
        "updated": "2026-08-17",
        "sources_by_field": {
          "name": "osm"
        },
        "apple_id_attempted": "2026-08-13",
        "google_attempted": "2026-08-14",
        "payment": {}
      }
    },
    {
      "type": "Feature",
      "geometry": {
        "type": "Point",
        "coordinates": [
          16.3543567,
          48.1742959
        ]
      },
      "properties": {
        "id": "tk_at9r_osm_n897441936",
        "name": "Getränke-Abholmarkt Peska",
        "address": {
          "street": "Angeligasse",
          "number": "111",
          "city": "Wien"
        },
        "sources": [
          {
            "type": "osm",
            "id": "node/897441936",
            "version": 0
          }
        ],
        "created": "2026-05-29",
        "updated": "2026-08-17",
        "sources_by_field": {
          "name": "osm",
          "address.street": "osm",
          "address.number": "osm",
          "address.city": "osm"
        },
        "apple_id_attempted": "2026-08-13",
        "google_attempted": "2026-08-14",
        "payment": {}
      }
    },
    {
      "type": "Feature",
      "geometry": {
        "type": "Point",
        "coordinates": [
          16.3749479,
          48.2047675
        ]
      },
      "properties": {
        "id": "tk_at9r_osm_n901058175",
        "name": "Le Gout",
        "address": {
          "street": "Himmelpfortgasse",
          "number": "20",
          "city": "Wien"
        },
        "sources": [
          {
            "type": "osm",
            "id": "node/901058175",
            "version": 0
          }
        ],
        "created": "2026-05-29",
        "updated": "2026-08-17",
        "sources_by_field": {
          "name": "osm",
          "address.street": "osm",
          "address.number": "osm",
          "address.city": "osm"
        },
        "apple_id_attempted": "2026-08-13",
        "google_attempted": "2026-08-14",
        "payment": {}
      }
    },
    {
      "type": "Feature",
      "geometry": {
        "type": "Point",
        "coordinates": [
          16.3793692,
          48.1998301
        ]
      },
      "properties": {
        "id": "tk_at9r_osm_n923938960",
        "name": "Tabak Trafik Samwald",
        "address": {
          "street": "Marokkanergasse",
          "number": "3",
          "city": "Wien"
        },
        "sources": [
          {
            "type": "osm",
            "id": "node/923938960",
            "version": 0
          }
        ],
        "created": "2026-05-29",
        "updated": "2026-08-17",
        "hours": {
          "raw": "Mo-Fr 06:30-18:30"
        },
        "sources_by_field": {
          "name": "osm",
          "address.street": "osm",
          "address.number": "osm",
          "address.city": "osm",
          "hours": "osm"
        },
        "apple_id_attempted": "2026-08-13",
        "google_attempted": "2026-08-14",
        "payment": {}
      }
    },
    {
      "type": "Feature",
      "geometry": {
        "type": "Point",
        "coordinates": [
          16.4627419,
          48.2463536
        ]
      },
      "properties": {
        "id": "tk_at9r_osm_n941388869",
        "name": "Manuela Kalina Pfeifen u. Zigarrenfachgeschäft",
        "address": {
          "street": "Gewerbeparkstraße",
          "city": "Wien"
        },
        "sources": [
          {
            "type": "osm",
            "id": "node/941388869",
            "version": 0
          }
        ],
        "created": "2026-05-29",
        "updated": "2026-08-17",
        "sources_by_field": {
          "name": "osm",
          "address.street": "osm",
          "address.city": "osm"
        },
        "apple_id_attempted": "2026-08-13",
        "google_attempted": "2026-08-14",
        "payment": {}
      }
    },
    {
      "type": "Feature",
      "geometry": {
        "type": "Point",
        "coordinates": [
          16.3523864,
          48.2083436
        ]
      },
      "properties": {
        "id": "tk_at9r_osm_n9493782545",
        "name": "trafik",
        "address": {},
        "sources": [
          {
            "type": "osm",
            "id": "node/9493782545",
            "version": 0
          }
        ],
        "created": "2026-06-15",
        "updated": "2026-08-17",
        "hours": {
          "raw": "Mo-Fr 07:00-13:00,15:00-19:00; Sa 07:00-14:00"
        },
        "sources_by_field": {
          "name": "osm",
          "hours": "osm"
        },
        "apple_id_attempted": "2026-07-23",
        "google_attempted": "2026-07-23",
        "payment": {}
      }
    },
    {
      "type": "Feature",
      "geometry": {
        "type": "Point",
        "coordinates": [
          16.2777919,
          48.1376204
        ]
      },
      "properties": {
        "id": "tk_at9r_osm_w1165180029",
        "name": "Trafik Heindl",
        "address": {
          "street": "Breitenfurter Straße",
          "number": "372/24",
          "city": "Wien"
        },
        "sources": [
          {
            "type": "osm",
            "id": "way/1165180029",
            "version": 0
          }
        ],
        "created": "2026-05-29",
        "updated": "2026-08-17",
        "hours": {
          "raw": "Mo-Th 08:00-19:00; Fr 07:30-19:00; Sa 07:30-18:00; Su,PH off"
        },
        "tags": [
          "barrierefrei"
        ],
        "sources_by_field": {
          "name": "osm",
          "address.street": "osm",
          "address.number": "osm",
          "address.city": "osm",
          "hours": "osm"
        },
        "apple_id_attempted": "2026-08-13",
        "google_attempted": "2026-08-14",
        "payment": {}
      }
    },
    {
      "type": "Feature",
      "geometry": {
        "type": "Point",
        "coordinates": [
          16.4418004,
          48.1457656
        ]
      },
      "properties": {
        "id": "tk_at9r_osm_w1482876489",
        "name": "Getränke/Snackautomaten",
        "address": {},
        "sources": [
          {
            "type": "osm",
            "id": "way/1482876489",
            "version": 0
          }
        ],
        "created": "2026-05-29",
        "updated": "2026-08-17",
        "sources_by_field": {
          "name": "osm"
        },
        "apple_id_attempted": "2026-08-13",
        "google_attempted": "2026-08-14",
        "payment": {}
      }
    },
    {
      "type": "Feature",
      "geometry": {
        "type": "Point",
        "coordinates": [
          16.377358,
          48.2175813
        ]
      },
      "properties": {
        "id": "tk_at9r_osm_w164141544",
        "name": "Tabak-Trafik",
        "address": {},
        "sources": [
          {
            "type": "osm",
            "id": "way/164141544",
            "version": 0
          }
        ],
        "created": "2026-05-29",
        "updated": "2026-08-17",
        "hours": {
          "raw": "Mo 06:00-18:00; Tu-Fr 06:00-18:30; Sa 06:00-13:00"
        },
        "sources_by_field": {
          "name": "osm",
          "hours": "osm"
        },
        "apple_id_attempted": "2026-08-13",
        "google_attempted": "2026-08-14",
        "payment": {}
      }
    },
    {
      "type": "Feature",
      "geometry": {
        "type": "Point",
        "coordinates": [
          16.4749372,
          48.2362713
        ]
      },
      "properties": {
        "id": "tk_at9r_osm_w353246939",
        "name": "Tabak Trafik",
        "address": {
          "city": "Wien"
        },
        "sources": [
          {
            "type": "osm",
            "id": "way/353246939",
            "version": 0
          }
        ],
        "created": "2026-05-29",
        "updated": "2026-08-17",
        "sources_by_field": {
          "name": "osm",
          "address.city": "osm"
        },
        "apple_id_attempted": "2026-08-13",
        "google_attempted": "2026-08-14",
        "payment": {}
      }
    },
    {
      "type": "Feature",
      "geometry": {
        "type": "Point",
        "coordinates": [
          16.4509784,
          48.2772509
        ]
      },
      "properties": {
        "id": "tk_at9r_osm_w412683477",
        "name": "Trafik",
        "address": {},
        "sources": [
          {
            "type": "osm",
            "id": "way/412683477",
            "version": 0
          }
        ],
        "created": "2026-05-29",
        "updated": "2026-08-17",
        "hours": {
          "raw": "Mo-Fr 06:00-18:00; Sa 08:00-12:00"
        },
        "sources_by_field": {
          "name": "osm",
          "hours": "osm"
        },
        "apple_id_attempted": "2026-08-13",
        "google_attempted": "2026-08-14",
        "payment": {}
      }
    },
    {
      "type": "Feature",
      "geometry": {
        "type": "Point",
        "coordinates": [
          16.2809072,
          48.2043168
        ]
      },
      "properties": {
        "id": "tk_at9r_osm_w909267900",
        "name": "Blumen Ossi",
        "address": {},
        "sources": [
          {
            "type": "osm",
            "id": "way/909267900",
            "version": 0
          }
        ],
        "created": "2026-05-29",
        "updated": "2026-08-17",
        "sources_by_field": {
          "name": "osm"
        },
        "apple_id_attempted": "2026-08-13",
        "google_attempted": "2026-08-14",
        "payment": {}
      }
    },
    {
      "type": "Feature",
      "geometry": {
        "type": "Point",
        "coordinates": [
          16.2807168,
          48.2042773
        ]
      },
      "properties": {
        "id": "tk_at9r_osm_w909267901",
        "name": "Blumen Ossi",
        "address": {},
        "sources": [
          {
            "type": "osm",
            "id": "way/909267901",
            "version": 0
          }
        ],
        "created": "2026-06-29",
        "updated": "2026-08-17",
        "sources_by_field": {
          "name": "osm"
        },
        "apple_id_attempted": "2026-08-13",
        "google_attempted": "2026-08-14",
        "payment": {}
      }
    }
  ]
}
