{
  "type": "FeatureCollection",
  "features": [
    {
      "type": "Feature",
      "geometry": {
        "type": "Point",
        "coordinates": [
          12.3208503,
          50.9566289
        ]
      },
      "properties": {
        "id": "tk_thr_osm_n10248406287",
        "name": "ES-Getränke",
        "address": {
          "street": "Lindenstraße",
          "number": "1",
          "postalcode": "04626",
          "city": "Göllnitz"
        },
        "sources": [
          {
            "type": "osm",
            "id": "node/10248406287",
            "version": 0
          },
          {
            "type": "apple",
            "id": "13046463189734077104"
          }
        ],
        "created": "2026-05-29",
        "updated": "2026-07-27",
        "hours": {
          "raw": "Mo-Fr 09:00-18:00; Sa 09:00-15:00"
        },
        "tags": [
          "barrierefrei"
        ],
        "sources_by_field": {
          "name": "osm",
          "address.street": "osm",
          "address.number": "osm",
          "address.postalcode": "osm",
          "address.city": "osm",
          "hours": "apple",
          "payment.cards": "apple",
          "payment.contactless": "apple"
        },
        "apple_attempted": "2026-05-29",
        "payment": {
          "cards": "yes",
          "contactless": "yes"
        }
      }
    },
    {
      "type": "Feature",
      "geometry": {
        "type": "Point",
        "coordinates": [
          12.3205723,
          50.95645
        ]
      },
      "properties": {
        "id": "tk_thr_osm_n10248406288",
        "name": "Neuknob Getränkefachhandel",
        "address": {
          "street": "Lindenstraße",
          "number": "1",
          "postalcode": "04626",
          "city": "Göllnitz"
        },
        "sources": [
          {
            "type": "osm",
            "id": "node/10248406288",
            "version": 0
          },
          {
            "type": "apple",
            "id": "18153414616325601376"
          },
          {
            "type": "gmaps",
            "id": "ChIJCySljSbPpkcRpgeNihKKkMk"
          }
        ],
        "created": "2026-05-29",
        "updated": "2026-07-27",
        "hours": {
          "raw": "Tu 09:00-18:00; Th 09:00-18:00; Fr 09:00-18:00; We 09:00-18:00; Mo 09:00-18:00; Sa 09:00-12:00"
        },
        "sources_by_field": {
          "name": "osm",
          "address.street": "osm",
          "address.number": "osm",
          "address.postalcode": "osm",
          "address.city": "osm",
          "hours": "google",
          "payment.cards": "google",
          "payment.contactless": "google",
          "payment.girocard": "google"
        },
        "apple_attempted": "2026-05-29",
        "google_attempted": "2026-05-29",
        "payment": {
          "cards": "no",
          "contactless": "yes",
          "girocard": "yes"
        }
      }
    },
    {
      "type": "Feature",
      "geometry": {
        "type": "Point",
        "coordinates": [
          10.3230693,
          50.9764836
        ]
      },
      "properties": {
        "id": "tk_thr_osm_n10300677603",
        "name": "Kiosk im Pressehaus Eisenach",
        "address": {
          "street": "Sophienstraße",
          "number": "40a",
          "postalcode": "99817",
          "city": "Eisenach"
        },
        "sources": [
          {
            "type": "osm",
            "id": "node/10300677603",
            "version": 0
          },
          {
            "type": "apple",
            "id": "11857376201185985681"
          }
        ],
        "created": "2026-05-29",
        "updated": "2026-07-27",
        "hours": {
          "raw": "Mo-Fr 05:00-23:00; Sa 06:00-23:00"
        },
        "sources_by_field": {
          "name": "osm",
          "address.street": "osm",
          "address.number": "osm",
          "address.postalcode": "osm",
          "address.city": "osm",
          "hours": "apple",
          "payment.cards": "apple",
          "payment.contactless": "apple"
        },
        "apple_attempted": "2026-05-29",
        "payment": {
          "cards": "yes",
          "contactless": "yes"
        }
      }
    },
    {
      "type": "Feature",
      "geometry": {
        "type": "Point",
        "coordinates": [
          10.3148918,
          50.981889
        ]
      },
      "properties": {
        "id": "tk_thr_osm_n10753588903",
        "name": "SOS-Getränkeshop",
        "address": {
          "street": "Mühlhäuser Straße",
          "number": "28",
          "postalcode": "99817",
          "city": "Eisenach"
        },
        "sources": [
          {
            "type": "osm",
            "id": "node/10753588903",
            "version": 0
          },
          {
            "type": "gmaps",
            "id": "ChIJ0VY6voWbpEcR0pjHPlktPnw"
          }
        ],
        "created": "2026-05-29",
        "updated": "2026-07-27",
        "hours": {
          "raw": "Tu 08:30-18:00; Th 08:30-18:00; Fr 08:30-18:00; We 08:30-18:00; Mo 08:30-18:00; Sa 08:30-13:00"
        },
        "sources_by_field": {
          "name": "osm",
          "address.street": "osm",
          "address.number": "osm",
          "address.postalcode": "osm",
          "address.city": "osm",
          "hours": "google",
          "payment.cards": "google",
          "payment.contactless": "google",
          "payment.girocard": "google"
        },
        "apple_id_attempted": "2026-08-12",
        "google_attempted": "2026-05-29",
        "payment": {
          "cards": "no",
          "contactless": "yes",
          "girocard": "yes"
        }
      }
    },
    {
      "type": "Feature",
      "geometry": {
        "type": "Point",
        "coordinates": [
          10.6850981,
          50.3551537
        ]
      },
      "properties": {
        "id": "tk_thr_osm_n11056591014",
        "name": "Bistro am Straufheim",
        "address": {},
        "sources": [
          {
            "type": "osm",
            "id": "node/11056591014",
            "version": 0
          },
          {
            "type": "gmaps",
            "id": "ChIJSeHOywm6o0cRljtnBBD11b4"
          }
        ],
        "created": "2026-05-29",
        "updated": "2026-07-27",
        "hours": {
          "raw": "Tu, We, Fr 06:00-13:30, 15:00-17:00; Th 06:00-15:00; Sa 07:00-10:00"
        },
        "sources_by_field": {
          "name": "osm",
          "hours": "osm"
        },
        "apple_id_attempted": "2026-08-12",
        "google_attempted": "2026-08-12",
        "payment": {}
      }
    },
    {
      "type": "Feature",
      "geometry": {
        "type": "Point",
        "coordinates": [
          10.3203443,
          50.9739963
        ]
      },
      "properties": {
        "id": "tk_thr_osm_n11156481842",
        "name": "Kiosk am Markt Eisenach",
        "address": {
          "number": "8",
          "postalcode": "99817",
          "city": "Eisenach"
        },
        "sources": [
          {
            "type": "osm",
            "id": "node/11156481842",
            "version": 0
          },
          {
            "type": "apple",
            "id": "5717126945108846031"
          }
        ],
        "created": "2026-05-29",
        "updated": "2026-07-27",
        "hours": {
          "raw": "Mo-Fr 07:00-20:00; Sa 08:00-20:00"
        },
        "sources_by_field": {
          "name": "osm",
          "address.number": "osm",
          "address.postalcode": "osm",
          "address.city": "osm",
          "hours": "apple",
          "payment.cards": "apple",
          "payment.contactless": "apple"
        },
        "apple_attempted": "2026-05-29",
        "payment": {
          "cards": "yes",
          "contactless": "yes"
        }
      }
    },
    {
      "type": "Feature",
      "geometry": {
        "type": "Point",
        "coordinates": [
          10.6920585,
          50.6095325
        ]
      },
      "properties": {
        "id": "tk_thr_osm_n11263972716",
        "name": "Suhler Pfeifendeckel",
        "address": {},
        "sources": [
          {
            "type": "osm",
            "id": "node/11263972716",
            "version": 0
          },
          {
            "type": "apple",
            "id": "14430718030660484943"
          }
        ],
        "created": "2026-05-29",
        "updated": "2026-07-27",
        "hours": {
          "raw": "Mo-Fr 09:00-18:00; Sa 09:00-13:00"
        },
        "sources_by_field": {
          "name": "osm",
          "hours": "apple",
          "payment.cards": "apple",
          "payment.contactless": "apple"
        },
        "apple_attempted": "2026-05-29",
        "payment": {
          "cards": "yes",
          "contactless": "yes"
        }
      }
    },
    {
      "type": "Feature",
      "geometry": {
        "type": "Point",
        "coordinates": [
          10.4475977,
          50.7223788
        ]
      },
      "properties": {
        "id": "tk_thr_osm_n11669208797",
        "name": "Tabak Treff",
        "address": {},
        "sources": [
          {
            "type": "osm",
            "id": "node/11669208797",
            "version": 0
          },
          {
            "type": "gmaps",
            "id": "ChIJPxmAG8x5o0cRi6CFNDIBNCE"
          }
        ],
        "created": "2026-05-29",
        "updated": "2026-07-27",
        "sources_by_field": {
          "name": "osm",
          "hours": "google",
          "payment.cards": "google",
          "payment.contactless": "google",
          "payment.girocard": "google"
        },
        "apple_id_attempted": "2026-08-12",
        "google_attempted": "2026-05-29",
        "hours": {
          "raw": "Tu 08:00-18:00; Th 08:00-18:00; Fr 08:00-18:00; We 08:00-18:00; Mo 08:00-18:00; Sa 08:00-16:00"
        },
        "payment": {
          "cards": "yes",
          "contactless": "yes",
          "girocard": "yes"
        }
      }
    },
    {
      "type": "Feature",
      "geometry": {
        "type": "Point",
        "coordinates": [
          10.4041257,
          50.7805331
        ]
      },
      "properties": {
        "id": "tk_thr_osm_n11958279544",
        "name": "Sagasser",
        "address": {
          "street": "Karl-Marx-Straße",
          "number": "3",
          "postalcode": "98596",
          "city": "Brotterode-Trusetal"
        },
        "sources": [
          {
            "type": "osm",
            "id": "node/11958279544",
            "version": 0
          },
          {
            "type": "gmaps",
            "id": "ChIJ2W0xTT57o0cRgby8LU1Tc1c"
          }
        ],
        "created": "2026-05-29",
        "updated": "2026-06-15",
        "sources_by_field": {
          "name": "osm",
          "address.street": "osm",
          "address.number": "osm",
          "address.postalcode": "osm",
          "address.city": "osm",
          "hours": "google",
          "payment.cards": "google",
          "payment.contactless": "google",
          "payment.girocard": "google"
        },
        "apple_id_attempted": "2026-08-12",
        "google_attempted": "2026-05-29",
        "hours": {
          "raw": "Tu 08:00-19:00; Th 08:00-19:00; Fr 08:00-19:00; We 08:00-19:00; Mo 08:00-19:00; Sa 08:00-16:00"
        },
        "payment": {
          "cards": "no",
          "contactless": "yes",
          "girocard": "yes"
        }
      }
    },
    {
      "type": "Feature",
      "geometry": {
        "type": "Point",
        "coordinates": [
          10.3844477,
          50.7685109
        ]
      },
      "properties": {
        "id": "tk_thr_osm_n11962278231",
        "name": "Getränkevertriebsgesellschaft Rommel",
        "address": {
          "street": "Brotteroder Straße",
          "number": "110 A",
          "postalcode": "98596",
          "city": "Brotterode-Trusetal",
          "district": "Wahles"
        },
        "sources": [
          {
            "type": "osm",
            "id": "node/11962278231",
            "version": 0
          },
          {
            "type": "gmaps",
            "id": "ChIJx5cshbd7o0cR2E67or9Xz3s"
          }
        ],
        "created": "2026-05-29",
        "updated": "2026-07-27",
        "sources_by_field": {
          "name": "osm",
          "address.street": "osm",
          "address.number": "osm",
          "address.postalcode": "osm",
          "address.city": "osm",
          "address.district": "osm"
        },
        "apple_id_attempted": "2026-08-12",
        "google_attempted": "2026-08-12",
        "payment": {}
      }
    },
    {
      "type": "Feature",
      "geometry": {
        "type": "Point",
        "coordinates": [
          11.1540178,
          50.424726
        ]
      },
      "properties": {
        "id": "tk_thr_osm_n12073459426",
        "name": "Steinach-Gold Fruchtsäfte",
        "address": {},
        "sources": [
          {
            "type": "osm",
            "id": "node/12073459426",
            "version": 0
          },
          {
            "type": "apple",
            "id": "17862249813697580648"
          }
        ],
        "created": "2026-05-29",
        "updated": "2026-07-27",
        "hours": {
          "raw": "Mo-Fr 08:30-12:00,12:30-18:00; Sa 08:30-13:00"
        },
        "payment": {
          "cash": "unknown",
          "cards": "yes",
          "contactless": "unknown",
          "girocard": "unknown"
        },
        "sources_by_field": {
          "name": "osm",
          "hours": "osm",
          "payment.cash": "osm",
          "payment.cards": "osm",
          "payment.contactless": "osm",
          "payment.girocard": "osm"
        }
      }
    },
    {
      "type": "Feature",
      "geometry": {
        "type": "Point",
        "coordinates": [
          10.3302817,
          50.9764352
        ]
      },
      "properties": {
        "id": "tk_thr_osm_n12115451756",
        "name": "Eisenach Drinks",
        "address": {},
        "sources": [
          {
            "type": "osm",
            "id": "node/12115451756",
            "version": 0
          },
          {
            "type": "gmaps",
            "id": "ChIJh7v6tKibpEcRilP9FbphJ4Q"
          }
        ],
        "created": "2026-05-29",
        "updated": "2026-07-27",
        "sources_by_field": {
          "name": "osm",
          "hours": "google",
          "payment.cards": "google",
          "payment.contactless": "google",
          "payment.girocard": "google"
        },
        "apple_id_attempted": "2026-08-12",
        "google_attempted": "2026-05-29",
        "hours": {
          "raw": "Tu 09:00-00:00; Th 09:00-00:00; Fr 09:00-02:00; We 09:00-00:00; Mo 09:00-00:00; Sa 09:00-02:00; Su 09:00-00:00"
        },
        "payment": {
          "cards": "yes",
          "contactless": "yes",
          "girocard": "yes"
        }
      }
    },
    {
      "type": "Feature",
      "geometry": {
        "type": "Point",
        "coordinates": [
          11.3769146,
          51.2981932
        ]
      },
      "properties": {
        "id": "tk_thr_osm_n12564912741",
        "name": "Kelterei im Bahnhof",
        "address": {
          "street": "Bahnhofstraße",
          "number": "46",
          "postalcode": "06571",
          "city": "Roßleben-Wiehe",
          "district": "Donndorf"
        },
        "sources": [
          {
            "type": "osm",
            "id": "node/12564912741",
            "version": 0
          },
          {
            "type": "apple",
            "id": "2542771465289497282"
          },
          {
            "type": "gmaps",
            "id": "ChIJw3mZXZ06pEcRhVfW_abOqiQ"
          }
        ],
        "created": "2026-05-29",
        "updated": "2026-07-27",
        "sources_by_field": {
          "name": "osm",
          "address.street": "osm",
          "address.number": "osm",
          "address.postalcode": "osm",
          "address.city": "osm",
          "address.district": "osm",
          "hours": "apple"
        },
        "apple_attempted": "2026-08-12",
        "google_attempted": "2026-08-12",
        "hours": {
          "raw": "Tu-Fr 16:00-19:00"
        },
        "payment": {}
      }
    },
    {
      "type": "Feature",
      "geometry": {
        "type": "Point",
        "coordinates": [
          10.6984051,
          50.6331217
        ]
      },
      "properties": {
        "id": "tk_thr_osm_n12592826915",
        "name": "Sargasser Getränkefachmarkt",
        "address": {
          "street": "Fröhliche-Mann-Straße",
          "number": "1a",
          "postalcode": "98528",
          "city": "Suhl"
        },
        "sources": [
          {
            "type": "osm",
            "id": "node/12592826915",
            "version": 0
          },
          {
            "type": "apple",
            "id": "3230246258945601955"
          }
        ],
        "created": "2026-07-13",
        "updated": "2026-07-27",
        "hours": {
          "raw": "Mo-Fr 08:00-19:00; Sa 08:00-18:00"
        },
        "sources_by_field": {
          "name": "osm",
          "address.street": "osm",
          "address.number": "osm",
          "address.postalcode": "osm",
          "address.city": "osm",
          "hours": "apple",
          "payment.cards": "apple",
          "payment.contactless": "apple"
        },
        "apple_attempted": "2026-07-21",
        "payment": {
          "cards": "yes",
          "contactless": "yes"
        }
      }
    },
    {
      "type": "Feature",
      "geometry": {
        "type": "Point",
        "coordinates": [
          10.7905324,
          51.4945489
        ]
      },
      "properties": {
        "id": "tk_thr_osm_n12875339506",
        "name": "Jan's Kiosk",
        "address": {},
        "sources": [
          {
            "type": "osm",
            "id": "node/12875339506",
            "version": 0
          },
          {
            "type": "apple",
            "id": "12158714322284399946"
          }
        ],
        "created": "2026-05-29",
        "updated": "2026-07-27",
        "sources_by_field": {
          "name": "osm",
          "hours": "apple"
        },
        "apple_attempted": "2026-08-12",
        "google_attempted": "2026-08-12",
        "hours": {
          "raw": "Mo-Fr 08:00-21:00; Sa 09:00-21:00"
        },
        "payment": {}
      }
    },
    {
      "type": "Feature",
      "geometry": {
        "type": "Point",
        "coordinates": [
          11.9785759,
          50.9764153
        ]
      },
      "properties": {
        "id": "tk_thr_osm_n13167865503",
        "name": "Crossener Süßmostkelterei und Getränkevertrieb",
        "address": {},
        "sources": [
          {
            "type": "osm",
            "id": "node/13167865503",
            "version": 0
          },
          {
            "type": "gmaps",
            "id": "ChIJI20vVFbHpkcRbUX6EmlQTqc"
          }
        ],
        "created": "2026-05-29",
        "updated": "2026-08-12",
        "hours": {
          "raw": "Fr 07:00-12:00,14:00-18:00"
        },
        "sources_by_field": {
          "name": "osm",
          "hours": "google"
        },
        "apple_id_attempted": "2026-08-12",
        "google_attempted": "2026-08-12",
        "payment": {}
      }
    },
    {
      "type": "Feature",
      "geometry": {
        "type": "Point",
        "coordinates": [
          12.0797294,
          50.8932723
        ]
      },
      "properties": {
        "id": "tk_thr_osm_n13363909101",
        "name": "Rali's Kiosk",
        "address": {
          "street": "Berliner Straße",
          "number": "147-149",
          "postalcode": "07545"
        },
        "sources": [
          {
            "type": "osm",
            "id": "node/13363909101",
            "version": 0
          },
          {
            "type": "gmaps",
            "id": "ChIJL43QyH_FpkcRKhRXXmdQapQ"
          }
        ],
        "created": "2026-05-29",
        "updated": "2026-07-27",
        "hours": {
          "raw": "Tu 09:00-13:00,14:00-17:30; Th 09:00-13:00,14:00-17:30; Fr 09:00-13:00,14:00-17:30; We 09:00-13:00,14:00-17:30; Mo 09:00-13:00,14:00-17:30; Sa 11:00-13:00"
        },
        "sources_by_field": {
          "name": "osm",
          "address.street": "osm",
          "address.number": "osm",
          "address.postalcode": "osm",
          "hours": "google",
          "payment.cards": "google",
          "payment.contactless": "google",
          "payment.girocard": "google"
        },
        "apple_id_attempted": "2026-08-12",
        "google_attempted": "2026-05-29",
        "payment": {
          "cards": "no",
          "contactless": "yes",
          "girocard": "yes"
        }
      }
    },
    {
      "type": "Feature",
      "geometry": {
        "type": "Point",
        "coordinates": [
          12.2941767,
          50.8890731
        ]
      },
      "properties": {
        "id": "tk_thr_osm_n13437220974",
        "name": "FairBiss",
        "address": {
          "number": "41",
          "postalcode": "04626",
          "city": "Schmölln",
          "district": "Untschen"
        },
        "sources": [
          {
            "type": "osm",
            "id": "node/13437220974",
            "version": 0
          },
          {
            "type": "apple",
            "id": "15617906487220245337"
          },
          {
            "type": "gmaps",
            "id": "ChIJxx9HrXzZpkcRzNy0nZWJSfA"
          }
        ],
        "created": "2026-05-29",
        "updated": "2026-07-27",
        "sources_by_field": {
          "name": "osm",
          "address.number": "osm",
          "address.postalcode": "osm",
          "address.city": "osm",
          "address.district": "osm",
          "hours": "google"
        },
        "apple_attempted": "2026-08-12",
        "google_attempted": "2026-08-12",
        "hours": {
          "raw": "Tu 08:00-20:00; Th 08:00-20:00; Fr 08:00-20:00; We 08:00-20:00; Mo 08:00-20:00; Sa 08:00-20:00; Su 08:00-20:00"
        },
        "payment": {}
      }
    },
    {
      "type": "Feature",
      "geometry": {
        "type": "Point",
        "coordinates": [
          10.5157787,
          50.8734831
        ]
      },
      "properties": {
        "id": "tk_thr_osm_n1344662554",
        "name": "Getränke-Stützpunkt",
        "address": {
          "street": "Zimmerbergstraße",
          "number": "15",
          "postalcode": "99891",
          "city": "Bad Tabarz"
        },
        "sources": [
          {
            "type": "osm",
            "id": "node/1344662554",
            "version": 0
          },
          {
            "type": "apple",
            "id": "403835841844081521"
          }
        ],
        "created": "2026-05-29",
        "updated": "2026-07-13",
        "hours": {
          "raw": "Mo,Tu,Th,Fr 15:00-20:00; Sa,Su 09:30-12:30"
        },
        "sources_by_field": {
          "name": "osm",
          "address.street": "osm",
          "address.number": "osm",
          "address.postalcode": "osm",
          "address.city": "osm",
          "hours": "osm"
        },
        "apple_attempted": "2026-08-12",
        "google_attempted": "2026-08-12",
        "payment": {}
      }
    },
    {
      "type": "Feature",
      "geometry": {
        "type": "Point",
        "coordinates": [
          12.0648737,
          50.8864123
        ]
      },
      "properties": {
        "id": "tk_thr_osm_n13451066395",
        "name": "Osterland Getränkeabholmarkt",
        "address": {
          "street": "Schafwiesenstraße",
          "number": "8",
          "postalcode": "07548",
          "city": "Gera"
        },
        "sources": [
          {
            "type": "osm",
            "id": "node/13451066395",
            "version": 0
          },
          {
            "type": "gmaps",
            "id": "ChIJk0GVYFfPpkcRczH4xQ5vLZI"
          }
        ],
        "created": "2026-05-29",
        "updated": "2026-07-27",
        "hours": {
          "raw": "Tu 09:30-13:30,14:00-17:00; Th 09:30-13:30,14:00-17:00; Fr 09:30-13:30,14:00-17:00; We 09:30-13:30,14:00-17:00; Mo 09:30-13:30,14:00-17:00; Sa 09:30-12:00"
        },
        "sources_by_field": {
          "name": "osm",
          "address.street": "osm",
          "address.number": "osm",
          "address.postalcode": "osm",
          "address.city": "osm",
          "hours": "google",
          "payment.cards": "google",
          "payment.contactless": "google",
          "payment.girocard": "google"
        },
        "apple_id_attempted": "2026-08-12",
        "google_attempted": "2026-05-29",
        "payment": {
          "cards": "yes",
          "contactless": "yes",
          "girocard": "yes"
        }
      }
    },
    {
      "type": "Feature",
      "geometry": {
        "type": "Point",
        "coordinates": [
          11.8460002,
          50.906477
        ]
      },
      "properties": {
        "id": "tk_thr_osm_n13758164115",
        "name": "Huster",
        "address": {
          "street": "Erich-Weinert-Straße",
          "number": "45",
          "postalcode": "07629",
          "city": "Hermsdorf"
        },
        "sources": [
          {
            "type": "osm",
            "id": "node/13758164115",
            "version": 0
          },
          {
            "type": "gmaps",
            "id": "ChIJU0PZyIG3pkcRQiaaY_bfLsw"
          }
        ],
        "created": "2026-05-29",
        "updated": "2026-07-27",
        "hours": {
          "raw": "Tu 08:00-18:00; Th 08:00-18:00; Fr 08:00-18:00; We 08:00-18:00; Mo 08:00-18:00; Sa 08:30-14:00"
        },
        "tags": [
          "barrierefrei"
        ],
        "sources_by_field": {
          "name": "osm",
          "address.street": "osm",
          "address.number": "osm",
          "address.postalcode": "osm",
          "address.city": "osm",
          "hours": "google",
          "payment.cards": "google",
          "payment.contactless": "google",
          "payment.girocard": "google"
        },
        "apple_id_attempted": "2026-08-12",
        "google_attempted": "2026-05-29",
        "payment": {
          "cards": "no",
          "contactless": "yes",
          "girocard": "yes"
        }
      }
    },
    {
      "type": "Feature",
      "geometry": {
        "type": "Point",
        "coordinates": [
          10.8864438,
          50.4519579
        ]
      },
      "properties": {
        "id": "tk_thr_osm_n1395200724",
        "name": "Getränkeparadies Crock",
        "address": {
          "street": "Hirschgraben",
          "number": "2",
          "postalcode": "98673",
          "city": "Auengrund"
        },
        "sources": [
          {
            "type": "osm",
            "id": "node/1395200724",
            "version": 0
          },
          {
            "type": "gmaps",
            "id": "ChIJgY8oivHAo0cRMsH6DHJBjFs"
          }
        ],
        "created": "2026-05-29",
        "updated": "2026-07-27",
        "hours": {
          "raw": "Mo-Fr 08:30-18:30; Sa 08:00-13:00"
        },
        "sources_by_field": {
          "name": "osm",
          "address.street": "osm",
          "address.number": "osm",
          "address.postalcode": "osm",
          "address.city": "osm",
          "hours": "osm",
          "payment.cards": "google",
          "payment.contactless": "google",
          "payment.girocard": "google"
        },
        "apple_id_attempted": "2026-08-12",
        "google_attempted": "2026-05-29",
        "payment": {
          "cards": "no",
          "contactless": "yes",
          "girocard": "yes"
        }
      }
    },
    {
      "type": "Feature",
      "geometry": {
        "type": "Point",
        "coordinates": [
          11.8025372,
          50.7396668
        ]
      },
      "properties": {
        "id": "tk_thr_osm_n1430634214",
        "name": "Rabold",
        "address": {},
        "sources": [
          {
            "type": "osm",
            "id": "node/1430634214",
            "version": 0
          },
          {
            "type": "gmaps",
            "id": "ChIJU5pdGTBLoUcRudetbay7yg8"
          }
        ],
        "created": "2026-05-29",
        "updated": "2026-07-27",
        "hours": {
          "raw": "Th 14:00-17:00; Fr 14:00-17:00; We 14:00-17:00; Sa 09:00-11:30"
        },
        "sources_by_field": {
          "name": "osm",
          "hours": "google"
        },
        "apple_id_attempted": "2026-08-12",
        "google_attempted": "2026-08-12",
        "payment": {}
      }
    },
    {
      "type": "Feature",
      "geometry": {
        "type": "Point",
        "coordinates": [
          10.4994796,
          50.8786046
        ]
      },
      "properties": {
        "id": "tk_thr_osm_n1617995566",
        "name": "logo Getränke-Fachmarkt",
        "address": {},
        "sources": [
          {
            "type": "osm",
            "id": "node/1617995566",
            "version": 0
          },
          {
            "type": "gmaps",
            "id": "ChIJo9qy-NKBpEcRh6gArge4Ncg"
          }
        ],
        "created": "2026-05-29",
        "updated": "2026-06-15",
        "hours": {
          "raw": "Tu 09:00-18:30; Th 09:00-18:30; Fr 09:00-18:30; We 09:00-18:30; Mo 09:00-18:30; Sa 09:00-16:00"
        },
        "sources_by_field": {
          "name": "osm",
          "hours": "google",
          "payment.cards": "google",
          "payment.contactless": "google",
          "payment.girocard": "google"
        },
        "apple_id_attempted": "2026-08-12",
        "google_attempted": "2026-05-29",
        "payment": {
          "cards": "no",
          "contactless": "yes",
          "girocard": "yes"
        }
      }
    },
    {
      "type": "Feature",
      "geometry": {
        "type": "Point",
        "coordinates": [
          10.9085513,
          50.6824744
        ]
      },
      "properties": {
        "id": "tk_thr_osm_n174552409",
        "name": "Sprint Tankstelle",
        "address": {
          "street": "Schleusinger Allee",
          "number": "21a",
          "postalcode": "98693",
          "city": "Ilmenau"
        },
        "sources": [
          {
            "type": "osm",
            "id": "node/174552409",
            "version": 0
          },
          {
            "type": "gmaps",
            "id": "ChIJ6T8lbWmNo0cRdvrXP7Kn4KQ"
          }
        ],
        "created": "2026-05-29",
        "updated": "2026-07-27",
        "hours": {
          "raw": "Tu 06:00-19:00; Th 06:00-19:00; Fr 06:00-19:00; We 06:00-19:00; Mo 06:00-19:00; Sa 08:00-16:00"
        },
        "sources_by_field": {
          "name": "osm",
          "address.street": "osm",
          "address.number": "osm",
          "address.postalcode": "osm",
          "address.city": "osm",
          "hours": "google",
          "payment.cards": "google",
          "payment.contactless": "google",
          "payment.girocard": "google"
        },
        "apple_id_attempted": "2026-08-12",
        "google_attempted": "2026-05-29",
        "payment": {
          "cards": "no",
          "contactless": "yes",
          "girocard": "yes"
        }
      }
    },
    {
      "type": "Feature",
      "geometry": {
        "type": "Point",
        "coordinates": [
          11.1690982,
          50.3655876
        ]
      },
      "properties": {
        "id": "tk_thr_osm_n2261521387",
        "name": "Getränke Joch",
        "address": {},
        "sources": [
          {
            "type": "osm",
            "id": "node/2261521387",
            "version": 0
          },
          {
            "type": "gmaps",
            "id": "ChIJ7QV61W7Zo0cRAULo81eytu4"
          }
        ],
        "created": "2026-05-29",
        "updated": "2026-08-12",
        "hours": {
          "raw": "Tu 08:30-19:00; Th 08:30-19:00; Fr 08:30-19:00; We 08:30-19:00; Mo 08:30-19:00; Sa 08:00-15:00"
        },
        "sources_by_field": {
          "name": "osm",
          "hours": "google",
          "payment.cards": "google",
          "payment.girocard": "google"
        },
        "apple_id_attempted": "2026-08-12",
        "google_attempted": "2026-08-12",
        "payment": {
          "cards": "yes",
          "girocard": "yes"
        }
      }
    },
    {
      "type": "Feature",
      "geometry": {
        "type": "Point",
        "coordinates": [
          10.0767875,
          51.3621217
        ]
      },
      "properties": {
        "id": "tk_thr_osm_n2643727592",
        "name": "Ihr persönliches Kaufhaus",
        "address": {
          "street": "Kirchgasse",
          "number": "2",
          "postalcode": "37318",
          "city": "Uder"
        },
        "sources": [
          {
            "type": "osm",
            "id": "node/2643727592",
            "version": 0
          },
          {
            "type": "gmaps",
            "id": "ChIJbQykoInFpEcRDehQZEOsQv8"
          }
        ],
        "created": "2026-05-29",
        "updated": "2026-07-27",
        "hours": {
          "raw": "Tu 09:00-13:00; Th 14:30-17:30; Fr 09:00-13:00,14:30-17:00; We 09:00-13:00,14:30-17:30; Mo 09:00-13:00,14:30-17:30; Sa 09:00-11:00"
        },
        "tags": [
          "barrierefrei"
        ],
        "sources_by_field": {
          "name": "osm",
          "address.street": "osm",
          "address.number": "osm",
          "address.postalcode": "osm",
          "address.city": "osm",
          "hours": "google",
          "payment.cards": "google",
          "payment.girocard": "google"
        },
        "apple_id_attempted": "2026-08-12",
        "google_attempted": "2026-05-30",
        "payment": {
          "cards": "yes",
          "girocard": "yes"
        }
      }
    },
    {
      "type": "Feature",
      "geometry": {
        "type": "Point",
        "coordinates": [
          10.7399412,
          50.6321727
        ]
      },
      "properties": {
        "id": "tk_thr_osm_n277028381",
        "name": "DP Postfiliale Suhl 6",
        "address": {},
        "sources": [
          {
            "type": "osm",
            "id": "node/277028381",
            "version": 0
          },
          {
            "type": "gmaps",
            "id": "ChIJffXdsWWRo0cRfdkHx199mBA"
          }
        ],
        "created": "2026-05-29",
        "updated": "2026-07-27",
        "tags": [
          "barrierefrei"
        ],
        "sources_by_field": {
          "name": "osm",
          "hours": "google",
          "payment.cards": "google",
          "payment.contactless": "google",
          "payment.girocard": "google"
        },
        "apple_id_attempted": "2026-08-12",
        "google_attempted": "2026-05-30",
        "hours": {
          "raw": "Tu 15:00-17:00; Th 15:00-17:00; Fr 15:00-17:00; We 15:00-17:00; Mo 15:00-17:00; Sa 09:00-11:00"
        },
        "payment": {
          "cards": "yes",
          "contactless": "yes",
          "girocard": "yes"
        }
      }
    },
    {
      "type": "Feature",
      "geometry": {
        "type": "Point",
        "coordinates": [
          10.3392215,
          50.8115939
        ]
      },
      "properties": {
        "id": "tk_thr_osm_n286858316",
        "name": "Avia",
        "address": {
          "street": "Johann-Christian-von-Weiß-Straße",
          "number": "1",
          "postalcode": "36448",
          "city": "Bad Liebenstein",
          "district": "Schweina"
        },
        "sources": [
          {
            "type": "osm",
            "id": "node/286858316",
            "version": 0
          },
          {
            "type": "gmaps",
            "id": "ChIJQXfWbqR8o0cRFDzXY57h_3Q"
          }
        ],
        "created": "2026-05-29",
        "updated": "2026-07-27",
        "hours": {
          "raw": "Tu 06:00-20:00; Th 06:00-20:00; Fr 06:00-20:00; We 06:00-20:00; Mo 06:00-20:00; Sa 07:00-20:00; Su 08:00-20:00"
        },
        "sources_by_field": {
          "name": "osm",
          "address.street": "osm",
          "address.number": "osm",
          "address.postalcode": "osm",
          "address.city": "osm",
          "address.district": "osm",
          "hours": "google",
          "payment.cards": "google",
          "payment.contactless": "google",
          "payment.girocard": "google"
        },
        "apple_id_attempted": "2026-08-12",
        "google_attempted": "2026-05-30",
        "payment": {
          "cards": "no",
          "contactless": "yes",
          "girocard": "yes"
        }
      }
    },
    {
      "type": "Feature",
      "geometry": {
        "type": "Point",
        "coordinates": [
          11.8094876,
          50.8757728
        ]
      },
      "properties": {
        "id": "tk_thr_osm_n2961515935",
        "name": "Serways",
        "address": {},
        "sources": [
          {
            "type": "osm",
            "id": "node/2961515935",
            "version": 0
          },
          {
            "type": "gmaps",
            "id": "ChIJqakO3dWwpkcRYGCxkNOCEo4"
          }
        ],
        "created": "2026-05-29",
        "updated": "2026-07-27",
        "hours": {
          "raw": "24/7"
        },
        "tags": [
          "barrierefrei"
        ],
        "sources_by_field": {
          "name": "osm",
          "hours": "osm"
        },
        "apple_id_attempted": "2026-08-12",
        "google_attempted": "2026-08-12",
        "payment": {}
      }
    },
    {
      "type": "Feature",
      "geometry": {
        "type": "Point",
        "coordinates": [
          10.5066691,
          50.4800658
        ]
      },
      "properties": {
        "id": "tk_thr_osm_n3330886656",
        "name": "Getränkeoase Zimmerma",
        "address": {
          "street": "An den Brauwiesen",
          "number": "20",
          "postalcode": "98631",
          "city": "Grabfeld",
          "district": "Jünchen"
        },
        "sources": [
          {
            "type": "osm",
            "id": "node/3330886656",
            "version": 0
          },
          {
            "type": "gmaps",
            "id": "ChIJN-Xv92uho0cR1gPm9Rb6Ypg"
          }
        ],
        "created": "2026-05-29",
        "updated": "2026-07-27",
        "hours": {
          "raw": "Tu 09:00-12:00,14:30-19:00; Th 09:00-12:00,14:30-19:00; Fr 09:00-12:00,14:30-19:00; We 09:00-12:00,14:30-19:00; Mo 09:00-12:00,14:30-19:00; Sa 09:00-12:00,14:30-19:00"
        },
        "sources_by_field": {
          "name": "osm",
          "address.street": "osm",
          "address.number": "osm",
          "address.postalcode": "osm",
          "address.city": "osm",
          "address.district": "osm",
          "hours": "google",
          "payment.cards": "google",
          "payment.contactless": "google",
          "payment.girocard": "google"
        },
        "apple_id_attempted": "2026-08-12",
        "google_attempted": "2026-05-30",
        "payment": {
          "cards": "yes",
          "contactless": "yes",
          "girocard": "yes"
        }
      }
    },
    {
      "type": "Feature",
      "geometry": {
        "type": "Point",
        "coordinates": [
          10.5280963,
          51.3359904
        ]
      },
      "properties": {
        "id": "tk_thr_osm_n347628351",
        "name": "Tankstelle Keula",
        "address": {
          "street": "Hauptstraße",
          "number": "24",
          "postalcode": "99713",
          "city": "Helbedündorf"
        },
        "sources": [
          {
            "type": "osm",
            "id": "node/347628351",
            "version": 0
          },
          {
            "type": "apple",
            "id": "654695768438727970"
          }
        ],
        "created": "2026-05-29",
        "updated": "2026-07-27",
        "sources_by_field": {
          "name": "osm",
          "address.street": "osm",
          "address.number": "osm",
          "address.postalcode": "osm",
          "address.city": "osm",
          "hours": "apple",
          "payment.cards": "apple",
          "payment.contactless": "apple"
        },
        "apple_attempted": "2026-05-29",
        "hours": {
          "raw": "Sa-Su 07:00-18:00; Mo-Fr 06:00-18:00"
        },
        "payment": {
          "cards": "yes",
          "contactless": "yes"
        }
      }
    },
    {
      "type": "Feature",
      "geometry": {
        "type": "Point",
        "coordinates": [
          11.2998322,
          51.2121807
        ]
      },
      "properties": {
        "id": "tk_thr_osm_n3763687737",
        "name": "Monraburg Mosterei",
        "address": {
          "street": "Harzstraße",
          "number": "117",
          "postalcode": "99625",
          "city": "Kölleda",
          "district": "Großmonra"
        },
        "sources": [
          {
            "type": "osm",
            "id": "node/3763687737",
            "version": 0
          },
          {
            "type": "apple",
            "id": "4881327507786330019"
          }
        ],
        "created": "2026-05-29",
        "updated": "2026-07-27",
        "hours": {
          "raw": "Mo-We 13:00-19:00; Sa 13:00-16:00"
        },
        "sources_by_field": {
          "name": "osm",
          "address.street": "osm",
          "address.number": "osm",
          "address.postalcode": "osm",
          "address.city": "osm",
          "address.district": "osm",
          "hours": "apple",
          "payment.cards": "apple",
          "payment.contactless": "apple"
        },
        "apple_attempted": "2026-05-29",
        "payment": {
          "cards": "yes",
          "contactless": "yes"
        }
      }
    },
    {
      "type": "Feature",
      "geometry": {
        "type": "Point",
        "coordinates": [
          10.4153676,
          50.581923
        ]
      },
      "properties": {
        "id": "tk_thr_osm_n4225655590",
        "name": "Getränkeparadies",
        "address": {},
        "sources": [
          {
            "type": "osm",
            "id": "node/4225655590",
            "version": 0
          },
          {
            "type": "gmaps",
            "id": "ChIJYULEiQV1o0cRif6qmLdacXQ"
          }
        ],
        "created": "2026-05-29",
        "updated": "2026-07-27",
        "sources_by_field": {
          "name": "osm",
          "hours": "google",
          "payment.cards": "google",
          "payment.contactless": "google",
          "payment.girocard": "google"
        },
        "apple_id_attempted": "2026-08-12",
        "google_attempted": "2026-05-30",
        "hours": {
          "raw": "Tu 09:00-12:00,12:30-18:00; Th 09:00-12:00,12:30-18:00; Fr 09:00-12:00,12:30-18:00; We 09:00-12:00,12:30-18:00; Mo 09:00-12:00,12:30-18:00; Sa 09:00-12:00"
        },
        "payment": {
          "cards": "no",
          "contactless": "yes",
          "girocard": "yes"
        }
      }
    },
    {
      "type": "Feature",
      "geometry": {
        "type": "Point",
        "coordinates": [
          10.3746421,
          50.5559236
        ]
      },
      "properties": {
        "id": "tk_thr_osm_n428841649",
        "name": "BFT Tankstelle Walther",
        "address": {
          "street": "Berkeser Straße",
          "number": "18",
          "postalcode": "98617",
          "city": "Meiningen"
        },
        "sources": [
          {
            "type": "osm",
            "id": "node/428841649",
            "version": 0
          },
          {
            "type": "gmaps",
            "id": "ChIJqTXsZM50o0cRpyaeZH3WQIg"
          }
        ],
        "created": "2026-05-29",
        "updated": "2026-07-27",
        "hours": {
          "raw": "Tu 06:00-20:00; Th 06:00-20:00; Fr 06:00-20:00; We 06:00-20:00; Mo 06:00-20:00; Sa 08:00-14:00; Su 08:00-14:00"
        },
        "sources_by_field": {
          "name": "osm",
          "address.street": "osm",
          "address.number": "osm",
          "address.postalcode": "osm",
          "address.city": "osm",
          "hours": "google",
          "payment.cards": "google",
          "payment.contactless": "google",
          "payment.girocard": "google"
        },
        "apple_id_attempted": "2026-08-12",
        "google_attempted": "2026-07-21",
        "payment": {
          "cards": "yes",
          "contactless": "yes",
          "girocard": "yes"
        }
      }
    },
    {
      "type": "Feature",
      "geometry": {
        "type": "Point",
        "coordinates": [
          10.3898088,
          50.9351723
        ]
      },
      "properties": {
        "id": "tk_thr_osm_n457337118",
        "name": "FTO Freie Tankstelle",
        "address": {
          "street": "Hauptstraße",
          "number": "43",
          "postalcode": "99848",
          "city": "Wutha-Farnroda"
        },
        "sources": [
          {
            "type": "osm",
            "id": "node/457337118",
            "version": 0
          },
          {
            "type": "apple",
            "id": "10209419802295805991"
          }
        ],
        "created": "2026-05-29",
        "updated": "2026-07-27",
        "hours": {
          "raw": "Mo-Fr 05:30-22:00; Sa,Su 06:30-22:00"
        },
        "payment": {
          "cash": "yes",
          "cards": "unknown",
          "contactless": "unknown",
          "girocard": "unknown"
        },
        "sources_by_field": {
          "name": "osm",
          "address.street": "osm",
          "address.number": "osm",
          "address.postalcode": "osm",
          "address.city": "osm",
          "hours": "osm",
          "payment.cash": "osm",
          "payment.cards": "osm",
          "payment.contactless": "osm",
          "payment.girocard": "osm"
        }
      }
    },
    {
      "type": "Feature",
      "geometry": {
        "type": "Point",
        "coordinates": [
          10.3468467,
          50.9813161
        ]
      },
      "properties": {
        "id": "tk_thr_osm_n524596393",
        "name": "Tankstelle Hausburg HME",
        "address": {
          "street": "Langensalzaer Straße",
          "number": "77",
          "postalcode": "99817",
          "city": "Eisenach"
        },
        "sources": [
          {
            "type": "osm",
            "id": "node/524596393",
            "version": 0
          },
          {
            "type": "gmaps",
            "id": "ChIJWwDjw2WbpEcRrifuAYyv320"
          }
        ],
        "created": "2026-05-29",
        "updated": "2026-07-27",
        "hours": {
          "raw": "Tu 05:00-22:00; Th 05:00-22:00; Fr 05:00-22:00; We 05:00-22:00; Mo 05:00-22:00; Sa 06:00-22:00; Su 07:00-22:00"
        },
        "sources_by_field": {
          "name": "osm",
          "address.street": "osm",
          "address.number": "osm",
          "address.postalcode": "osm",
          "address.city": "osm",
          "hours": "google",
          "payment.cards": "google",
          "payment.contactless": "google",
          "payment.girocard": "google"
        },
        "apple_id_attempted": "2026-08-12",
        "google_attempted": "2026-05-30",
        "payment": {
          "cards": "yes",
          "contactless": "yes",
          "girocard": "yes"
        }
      }
    },
    {
      "type": "Feature",
      "geometry": {
        "type": "Point",
        "coordinates": [
          10.5786342,
          51.4439995
        ]
      },
      "properties": {
        "id": "tk_thr_osm_n5539355041",
        "name": "Bleicheröder Getränke Center",
        "address": {
          "street": "Nordhäuser Straße",
          "number": "32",
          "postalcode": "99752",
          "city": "Bleicherode"
        },
        "sources": [
          {
            "type": "osm",
            "id": "node/5539355041",
            "version": 0
          },
          {
            "type": "apple",
            "id": "17008350147404220375"
          }
        ],
        "created": "2026-05-29",
        "updated": "2026-07-27",
        "sources_by_field": {
          "name": "osm",
          "address.street": "osm",
          "address.number": "osm",
          "address.postalcode": "osm",
          "address.city": "osm",
          "hours": "apple",
          "payment.cards": "apple",
          "payment.contactless": "apple"
        },
        "apple_attempted": "2026-05-29",
        "hours": {
          "raw": "Mo-Fr 08:00-18:00; Sa 08:00-12:00"
        },
        "payment": {
          "cards": "yes",
          "contactless": "yes"
        }
      }
    },
    {
      "type": "Feature",
      "geometry": {
        "type": "Point",
        "coordinates": [
          10.7745841,
          51.5183218
        ]
      },
      "properties": {
        "id": "tk_thr_osm_n5845597202",
        "name": "Getränke Eck",
        "address": {},
        "sources": [
          {
            "type": "osm",
            "id": "node/5845597202",
            "version": 0
          },
          {
            "type": "gmaps",
            "id": "ChIJHzyKYNr_pEcRQ4W_GUKAkfk"
          }
        ],
        "created": "2026-05-29",
        "updated": "2026-07-27",
        "sources_by_field": {
          "name": "osm"
        },
        "apple_id_attempted": "2026-08-12",
        "google_attempted": "2026-08-12",
        "payment": {}
      }
    },
    {
      "type": "Feature",
      "geometry": {
        "type": "Point",
        "coordinates": [
          11.3364429,
          50.7198515
        ]
      },
      "properties": {
        "id": "tk_thr_osm_n5940183308",
        "name": "Koniig",
        "address": {
          "street": "Alte Straße",
          "number": "1",
          "postalcode": "07407",
          "city": "Rudolstadt"
        },
        "sources": [
          {
            "type": "osm",
            "id": "node/5940183308",
            "version": 0
          },
          {
            "type": "gmaps",
            "id": "ChIJC5Ksi_7_o0cRRdrODikR5QI"
          }
        ],
        "created": "2026-05-29",
        "updated": "2026-07-27",
        "sources_by_field": {
          "name": "osm",
          "address.street": "osm",
          "address.number": "osm",
          "address.postalcode": "osm",
          "address.city": "osm",
          "hours": "google",
          "payment.cards": "google",
          "payment.contactless": "google",
          "payment.girocard": "google"
        },
        "apple_id_attempted": "2026-08-12",
        "google_attempted": "2026-07-21",
        "hours": {
          "raw": "Tu 13:00-23:00; Th 13:00-23:00; Fr 13:00-23:00; We 13:00-23:00; Mo 13:00-23:00; Sa 13:00-20:00; Su 14:00-17:00"
        },
        "payment": {
          "cards": "yes",
          "contactless": "yes",
          "girocard": "yes"
        }
      }
    },
    {
      "type": "Feature",
      "geometry": {
        "type": "Point",
        "coordinates": [
          10.7259505,
          50.8276156
        ]
      },
      "properties": {
        "id": "tk_thr_osm_n6193104643",
        "name": "Sagasser",
        "address": {
          "street": "Zur alten Ziegelei",
          "number": "1-3",
          "postalcode": "99885",
          "city": "Ohrdruf"
        },
        "sources": [
          {
            "type": "osm",
            "id": "node/6193104643",
            "version": 0
          },
          {
            "type": "gmaps",
            "id": "ChIJg-4KvniHo0cRSyofVNnvgdQ"
          }
        ],
        "created": "2026-05-29",
        "updated": "2026-06-15",
        "hours": {
          "raw": "Tu 08:00-19:00; Th 08:00-19:00; Fr 08:00-19:00; We 08:00-19:00; Mo 08:00-19:00; Sa 08:00-16:00"
        },
        "sources_by_field": {
          "name": "osm",
          "address.street": "osm",
          "address.number": "osm",
          "address.postalcode": "osm",
          "address.city": "osm",
          "hours": "google",
          "payment.cards": "google",
          "payment.contactless": "google",
          "payment.girocard": "google"
        },
        "apple_id_attempted": "2026-08-12",
        "google_attempted": "2026-05-30",
        "payment": {
          "cards": "no",
          "contactless": "yes",
          "girocard": "yes"
        }
      }
    },
    {
      "type": "Feature",
      "geometry": {
        "type": "Point",
        "coordinates": [
          12.3058959,
          51.0426558
        ]
      },
      "properties": {
        "id": "tk_thr_osm_n6329574267",
        "name": "Getränke Donat",
        "address": {
          "street": "Heinrich-Heine-Straße",
          "number": "4",
          "postalcode": "04610",
          "city": "Meuselwitz"
        },
        "sources": [
          {
            "type": "osm",
            "id": "node/6329574267",
            "version": 0
          },
          {
            "type": "apple",
            "id": "14982455903968981962"
          }
        ],
        "created": "2026-05-29",
        "updated": "2026-07-27",
        "sources_by_field": {
          "name": "osm",
          "address.street": "osm",
          "address.number": "osm",
          "address.postalcode": "osm",
          "address.city": "osm",
          "hours": "apple",
          "payment.cards": "apple",
          "payment.contactless": "apple"
        },
        "apple_attempted": "2026-05-29",
        "hours": {
          "raw": "Mo-Fr 08:30-18:00; Sa 08:00-12:00"
        },
        "payment": {
          "cards": "yes",
          "contactless": "yes"
        }
      }
    },
    {
      "type": "Feature",
      "geometry": {
        "type": "Point",
        "coordinates": [
          12.0196527,
          50.9296173
        ]
      },
      "properties": {
        "id": "tk_thr_osm_n634368099",
        "name": "Rai Ko Großhandel",
        "address": {
          "street": "Elsteraue",
          "number": "2",
          "postalcode": "07586",
          "city": "Bad Köstritz"
        },
        "sources": [
          {
            "type": "osm",
            "id": "node/634368099",
            "version": 0
          },
          {
            "type": "apple",
            "id": "13196709349997170670"
          }
        ],
        "created": "2026-05-29",
        "updated": "2026-07-27",
        "hours": {
          "raw": "Mo-Th 08:00-16:00; Fr 08:00-14:30"
        },
        "sources_by_field": {
          "name": "osm",
          "address.street": "osm",
          "address.number": "osm",
          "address.postalcode": "osm",
          "address.city": "osm",
          "hours": "apple"
        },
        "apple_attempted": "2026-08-12",
        "google_attempted": "2026-08-12",
        "payment": {}
      }
    },
    {
      "type": "Feature",
      "geometry": {
        "type": "Point",
        "coordinates": [
          10.8337024,
          50.5043527
        ]
      },
      "properties": {
        "id": "tk_thr_osm_n6387754418",
        "name": "TotalEnergies",
        "address": {
          "street": "Hauptstraße",
          "number": "121",
          "postalcode": "98553",
          "city": "Schleusingen",
          "district": "Waldau"
        },
        "sources": [
          {
            "type": "osm",
            "id": "node/6387754418",
            "version": 0
          },
          {
            "type": "gmaps",
            "id": "ChIJ2WuSB9m_o0cR6cVN-Cq92_M"
          }
        ],
        "created": "2026-05-29",
        "updated": "2026-07-27",
        "sources_by_field": {
          "name": "osm",
          "address.street": "osm",
          "address.number": "osm",
          "address.postalcode": "osm",
          "address.city": "osm",
          "address.district": "osm",
          "hours": "google",
          "payment.cards": "google",
          "payment.contactless": "google",
          "payment.girocard": "google"
        },
        "apple_id_attempted": "2026-08-12",
        "google_attempted": "2026-07-21",
        "hours": {
          "raw": "Tu 06:00-20:00; Th 06:00-20:00; Fr 06:00-20:00; We 06:00-20:00; Mo 06:00-20:00; Sa 07:00-20:00; Su 08:00-20:00"
        },
        "payment": {
          "cards": "yes",
          "contactless": "yes",
          "girocard": "yes"
        }
      }
    },
    {
      "type": "Feature",
      "geometry": {
        "type": "Point",
        "coordinates": [
          12.3527451,
          50.8715173
        ]
      },
      "properties": {
        "id": "tk_thr_osm_n6476555546",
        "name": "Getränke Donat",
        "address": {
          "street": "Thomas-Müntzer-Siedlung",
          "number": "1",
          "postalcode": "04626",
          "city": "Schmölln"
        },
        "sources": [
          {
            "type": "osm",
            "id": "node/6476555546",
            "version": 0
          },
          {
            "type": "gmaps",
            "id": "ChIJ32axPzvYpkcRn_4DRGB1ZZM"
          }
        ],
        "created": "2026-05-29",
        "updated": "2026-07-27",
        "hours": {
          "raw": "Tu 09:00-18:00; Th 09:00-18:00; Fr 09:00-18:00; We 09:00-18:00; Mo 09:00-18:00; Sa 08:30-12:00"
        },
        "tags": [
          "barrierefrei"
        ],
        "sources_by_field": {
          "name": "osm",
          "address.street": "osm",
          "address.number": "osm",
          "address.postalcode": "osm",
          "address.city": "osm",
          "hours": "google",
          "payment.cards": "google",
          "payment.contactless": "google",
          "payment.girocard": "google"
        },
        "apple_id_attempted": "2026-08-12",
        "google_attempted": "2026-05-30",
        "payment": {
          "cards": "no",
          "contactless": "yes",
          "girocard": "yes"
        }
      }
    },
    {
      "type": "Feature",
      "geometry": {
        "type": "Point",
        "coordinates": [
          11.585766,
          50.805068
        ]
      },
      "properties": {
        "id": "tk_thr_osm_n6637730573",
        "name": "Sagasser",
        "address": {
          "street": "Bachstraße",
          "number": "7",
          "postalcode": "07768",
          "city": "Kahla"
        },
        "sources": [
          {
            "type": "osm",
            "id": "node/6637730573",
            "version": 0
          },
          {
            "type": "gmaps",
            "id": "ChIJcRIPpWCtpkcRLamkp1n40Rg"
          }
        ],
        "created": "2026-05-29",
        "updated": "2026-06-15",
        "hours": {
          "raw": "Tu 08:00-19:00; Th 08:00-19:00; Fr 08:00-19:00; We 08:00-19:00; Mo 08:00-19:00; Sa 08:00-18:00"
        },
        "sources_by_field": {
          "name": "osm",
          "address.street": "osm",
          "address.number": "osm",
          "address.postalcode": "osm",
          "address.city": "osm",
          "hours": "google",
          "payment.cards": "google",
          "payment.contactless": "google",
          "payment.girocard": "google"
        },
        "apple_id_attempted": "2026-08-12",
        "google_attempted": "2026-05-30",
        "payment": {
          "cards": "no",
          "contactless": "yes",
          "girocard": "yes"
        }
      }
    },
    {
      "type": "Feature",
      "geometry": {
        "type": "Point",
        "coordinates": [
          12.0147835,
          50.9305237
        ]
      },
      "properties": {
        "id": "tk_thr_osm_n664689347",
        "name": "Köstritzer Schwarz Markt",
        "address": {
          "street": "Heinrich-Schütz-Straße",
          "number": "16",
          "postalcode": "07586",
          "city": "Bad Köstritz"
        },
        "sources": [
          {
            "type": "osm",
            "id": "node/664689347",
            "version": 0
          },
          {
            "type": "gmaps",
            "id": "ChIJ65G_QVPGpkcR00Ju3euwsqs"
          }
        ],
        "created": "2026-05-29",
        "updated": "2026-07-27",
        "hours": {
          "raw": "Mo,Th 15:00-17:00"
        },
        "tags": [
          "barrierefrei"
        ],
        "sources_by_field": {
          "name": "osm",
          "address.street": "osm",
          "address.number": "osm",
          "address.postalcode": "osm",
          "address.city": "osm",
          "hours": "osm",
          "payment.cards": "google"
        },
        "apple_id_attempted": "2026-08-12",
        "google_attempted": "2026-05-30",
        "payment": {
          "cards": "yes"
        }
      }
    },
    {
      "type": "Feature",
      "geometry": {
        "type": "Point",
        "coordinates": [
          10.686897,
          50.4125909
        ]
      },
      "properties": {
        "id": "tk_thr_osm_n6913365143",
        "name": "Getränke Nagel",
        "address": {},
        "sources": [
          {
            "type": "osm",
            "id": "node/6913365143",
            "version": 0
          },
          {
            "type": "apple",
            "id": "1222262989165959519"
          }
        ],
        "created": "2026-05-29",
        "updated": "2026-07-27",
        "sources_by_field": {
          "name": "osm",
          "hours": "apple",
          "payment.cards": "apple",
          "payment.contactless": "apple"
        },
        "apple_attempted": "2026-05-29",
        "hours": {
          "raw": "Mo-Fr 08:30-18:00; Sa 08:30-12:00"
        },
        "payment": {
          "cards": "yes",
          "contactless": "yes"
        }
      }
    },
    {
      "type": "Feature",
      "geometry": {
        "type": "Point",
        "coordinates": [
          11.2104318,
          50.3599214
        ]
      },
      "properties": {
        "id": "tk_thr_osm_n694554215",
        "name": "Zeitungseck",
        "address": {},
        "sources": [
          {
            "type": "osm",
            "id": "node/694554215",
            "version": 0
          },
          {
            "type": "gmaps",
            "id": "ChIJjXvivePYo0cR8SoMIUiGjGk"
          }
        ],
        "created": "2026-05-29",
        "updated": "2026-07-27",
        "sources_by_field": {
          "name": "osm",
          "hours": "google",
          "payment.cards": "google",
          "payment.contactless": "google",
          "payment.girocard": "google"
        },
        "apple_id_attempted": "2026-08-12",
        "google_attempted": "2026-05-30",
        "hours": {
          "raw": "Tu 09:00-12:00,14:00-16:30; Th 09:00-12:00,14:00-16:30; Fr 09:00-12:00,14:00-16:30; We 09:00-12:00,14:00-16:30; Mo 09:00-12:00,14:00-16:30; Sa 09:00-11:00"
        },
        "payment": {
          "cards": "yes",
          "contactless": "yes",
          "girocard": "yes"
        }
      }
    },
    {
      "type": "Feature",
      "geometry": {
        "type": "Point",
        "coordinates": [
          11.9784821,
          50.6473284
        ]
      },
      "properties": {
        "id": "tk_thr_osm_n6966947149",
        "name": "Getränkefachhandel Pregler",
        "address": {
          "street": "Untere Neustadt",
          "number": "9",
          "postalcode": "07937",
          "city": "Zeulenroda-Triebes"
        },
        "sources": [
          {
            "type": "osm",
            "id": "node/6966947149",
            "version": 0
          },
          {
            "type": "gmaps",
            "id": "ChIJC5aGmN8zoUcRJk_w1dAeT-w"
          }
        ],
        "created": "2026-05-29",
        "updated": "2026-07-27",
        "sources_by_field": {
          "name": "osm",
          "address.street": "osm",
          "address.number": "osm",
          "address.postalcode": "osm",
          "address.city": "osm",
          "hours": "google"
        },
        "apple_id_attempted": "2026-08-12",
        "google_attempted": "2026-08-12",
        "hours": {
          "raw": "Tu 15:00-18:00; Th 15:00-18:00; Fr 15:00-18:00; We 15:00-18:00; Mo 15:00-18:00; Sa 09:00-12:00"
        },
        "payment": {}
      }
    },
    {
      "type": "Feature",
      "geometry": {
        "type": "Point",
        "coordinates": [
          12.0711046,
          50.8623312
        ]
      },
      "properties": {
        "id": "tk_thr_osm_n6976221663",
        "name": "Donat Getränke",
        "address": {
          "street": "Arminiusstraße",
          "number": "13B",
          "postalcode": "07548",
          "city": "Gera"
        },
        "sources": [
          {
            "type": "osm",
            "id": "node/6976221663",
            "version": 0
          },
          {
            "type": "apple",
            "id": "16987029585137595644"
          }
        ],
        "created": "2026-05-29",
        "updated": "2026-07-27",
        "hours": {
          "raw": "Mo-Fr 08:00-18:00; Sa 08:00-12:30"
        },
        "tags": [
          "barrierefrei"
        ],
        "sources_by_field": {
          "name": "osm",
          "address.street": "osm",
          "address.number": "osm",
          "address.postalcode": "osm",
          "address.city": "osm",
          "hours": "apple",
          "payment.cards": "apple",
          "payment.contactless": "apple"
        },
        "apple_attempted": "2026-05-29",
        "payment": {
          "cards": "yes",
          "contactless": "yes"
        }
      }
    },
    {
      "type": "Feature",
      "geometry": {
        "type": "Point",
        "coordinates": [
          10.7900591,
          51.5003853
        ]
      },
      "properties": {
        "id": "tk_thr_osm_n7235680315",
        "name": "DGS XXL",
        "address": {},
        "sources": [
          {
            "type": "osm",
            "id": "node/7235680315",
            "version": 0
          },
          {
            "type": "apple",
            "id": "4136361345443286727"
          }
        ],
        "created": "2026-05-29",
        "updated": "2026-07-27",
        "hours": {
          "raw": "Mo-Fr 08:00-20:00; Sa 08:00-15:00"
        },
        "tags": [
          "barrierefrei"
        ],
        "sources_by_field": {
          "name": "osm",
          "hours": "apple",
          "payment.cards": "apple",
          "payment.contactless": "apple"
        },
        "apple_attempted": "2026-05-29",
        "payment": {
          "cards": "yes",
          "contactless": "yes"
        }
      }
    },
    {
      "type": "Feature",
      "geometry": {
        "type": "Point",
        "coordinates": [
          10.3931557,
          50.9188691
        ]
      },
      "properties": {
        "id": "tk_thr_osm_n7305730784",
        "name": "Imbiss \"Zum Bahnhof\"",
        "address": {},
        "sources": [
          {
            "type": "osm",
            "id": "node/7305730784",
            "version": 0
          },
          {
            "type": "gmaps",
            "id": "ChIJswO1k-aCpEcRoeoniO1LnjE"
          }
        ],
        "created": "2026-05-29",
        "updated": "2026-07-27",
        "sources_by_field": {
          "name": "osm",
          "hours": "google"
        },
        "apple_id_attempted": "2026-08-12",
        "google_attempted": "2026-08-12",
        "hours": {
          "raw": "Tu 09:00-15:00; Th 09:00-15:00; We 09:00-15:00; Mo 09:00-15:00"
        },
        "payment": {}
      }
    },
    {
      "type": "Feature",
      "geometry": {
        "type": "Point",
        "coordinates": [
          10.6184822,
          50.7991778
        ]
      },
      "properties": {
        "id": "tk_thr_osm_n732711987",
        "name": "BFT Walther",
        "address": {
          "street": "Bahnhofstraße",
          "number": "10",
          "postalcode": "99897",
          "city": "Tambach-Dietharz"
        },
        "sources": [
          {
            "type": "osm",
            "id": "node/732711987",
            "version": 0
          },
          {
            "type": "gmaps",
            "id": "ChIJtd0BVRSBo0cRczjtu14rXMU"
          }
        ],
        "created": "2026-05-29",
        "updated": "2026-07-27",
        "hours": {
          "raw": "Tu 06:00-20:00; Th 06:00-20:00; Fr 06:00-20:00; We 06:00-20:00; Mo 06:00-20:00; Sa 07:00-20:00; Su 07:00-20:00"
        },
        "sources_by_field": {
          "name": "osm",
          "address.street": "osm",
          "address.number": "osm",
          "address.postalcode": "osm",
          "address.city": "osm",
          "hours": "google",
          "payment.cards": "google",
          "payment.contactless": "google",
          "payment.girocard": "google"
        },
        "apple_id_attempted": "2026-08-12",
        "google_attempted": "2026-05-30",
        "payment": {
          "cards": "yes",
          "contactless": "yes",
          "girocard": "yes"
        }
      }
    },
    {
      "type": "Feature",
      "geometry": {
        "type": "Point",
        "coordinates": [
          10.1525093,
          51.3837036
        ]
      },
      "properties": {
        "id": "tk_thr_osm_n7475615145",
        "name": "Heilligenstädter Brauhaus Vertriebs GmbH",
        "address": {
          "street": "Kirchweg",
          "number": "15",
          "postalcode": "37308",
          "city": "Heilbad Heiligenstadt"
        },
        "sources": [
          {
            "type": "osm",
            "id": "node/7475615145",
            "version": 0
          },
          {
            "type": "apple",
            "id": "485703145180963440"
          }
        ],
        "created": "2026-05-29",
        "updated": "2026-07-27",
        "hours": {
          "raw": "Mo-Fr 08:00-18:00; Sa 08:00-12:00"
        },
        "sources_by_field": {
          "name": "osm",
          "address.street": "osm",
          "address.number": "osm",
          "address.postalcode": "osm",
          "address.city": "osm",
          "hours": "apple",
          "payment.cards": "apple",
          "payment.contactless": "apple"
        },
        "apple_attempted": "2026-05-29",
        "payment": {
          "cards": "yes",
          "contactless": "yes"
        }
      }
    },
    {
      "type": "Feature",
      "geometry": {
        "type": "Point",
        "coordinates": [
          12.3542299,
          50.9017593
        ]
      },
      "properties": {
        "id": "tk_thr_osm_n7558812520",
        "name": "Netto Getränke-Discount",
        "address": {
          "street": "Robert-Koch-Straße",
          "number": "74",
          "postalcode": "04626",
          "city": "Schmölln"
        },
        "sources": [
          {
            "type": "osm",
            "id": "node/7558812520",
            "version": 0
          },
          {
            "type": "gmaps",
            "id": "ChIJQZwyqvjYpkcRdQiKd1_8l-U"
          }
        ],
        "created": "2026-05-29",
        "updated": "2026-06-15",
        "hours": {
          "raw": "Tu 08:00-20:00; Th 08:00-20:00; Fr 08:00-20:00; We 08:00-20:00; Mo 08:00-20:00; Sa 08:00-20:00"
        },
        "tags": [
          "barrierefrei"
        ],
        "sources_by_field": {
          "name": "osm",
          "address.street": "osm",
          "address.number": "osm",
          "address.postalcode": "osm",
          "address.city": "osm",
          "hours": "google",
          "payment.cards": "google",
          "payment.contactless": "google",
          "payment.girocard": "google"
        },
        "apple_id_attempted": "2026-08-12",
        "google_attempted": "2026-05-30",
        "payment": {
          "cards": "no",
          "contactless": "yes",
          "girocard": "yes"
        }
      }
    },
    {
      "type": "Feature",
      "geometry": {
        "type": "Point",
        "coordinates": [
          10.2431719,
          50.8071422
        ]
      },
      "properties": {
        "id": "tk_thr_osm_n7560082085",
        "name": "Tabak Basis",
        "address": {},
        "sources": [
          {
            "type": "osm",
            "id": "node/7560082085",
            "version": 0
          },
          {
            "type": "gmaps",
            "id": "ChIJseMAOHFko0cRRg1pOotkCFg"
          }
        ],
        "created": "2026-05-29",
        "updated": "2026-07-27",
        "hours": {
          "raw": "Tu 09:00-18:00; Th 09:00-18:00; Fr 09:00-18:00; We 09:00-18:00; Mo 09:00-18:00; Sa 09:00-13:00"
        },
        "sources_by_field": {
          "name": "osm",
          "hours": "google",
          "payment.cards": "google",
          "payment.contactless": "google",
          "payment.girocard": "google"
        },
        "apple_id_attempted": "2026-08-12",
        "google_attempted": "2026-05-30",
        "payment": {
          "cards": "yes",
          "contactless": "yes",
          "girocard": "yes"
        }
      }
    },
    {
      "type": "Feature",
      "geometry": {
        "type": "Point",
        "coordinates": [
          10.2507393,
          51.2375182
        ]
      },
      "properties": {
        "id": "tk_thr_osm_n8162339555",
        "name": "Getränke Stude",
        "address": {},
        "sources": [
          {
            "type": "osm",
            "id": "node/8162339555",
            "version": 0
          },
          {
            "type": "apple",
            "id": "15761427394353941668"
          }
        ],
        "created": "2026-05-29",
        "updated": "2026-07-27",
        "sources_by_field": {
          "name": "osm",
          "hours": "apple",
          "payment.cards": "apple",
          "payment.contactless": "apple"
        },
        "apple_attempted": "2026-05-29",
        "hours": {
          "raw": "Tu-We 08:00-15:00; Th-Fr 08:00-12:00,14:00-18:00; Sa 07:00-12:00"
        },
        "payment": {
          "cards": "yes",
          "contactless": "yes"
        }
      }
    },
    {
      "type": "Feature",
      "geometry": {
        "type": "Point",
        "coordinates": [
          10.6357227,
          50.8552049
        ]
      },
      "properties": {
        "id": "tk_thr_osm_n8251116035",
        "name": "Getränke Kein",
        "address": {
          "street": "Engelsbacher Straße",
          "number": "14",
          "postalcode": "99887",
          "city": "Georgenthal"
        },
        "sources": [
          {
            "type": "osm",
            "id": "node/8251116035",
            "version": 0
          },
          {
            "type": "apple",
            "id": "7108130967456038495"
          },
          {
            "type": "gmaps",
            "id": "ChIJz-xW6ZuAo0cRnF-BjT-C_xQ"
          }
        ],
        "created": "2026-05-29",
        "updated": "2026-07-27",
        "sources_by_field": {
          "name": "osm",
          "address.street": "osm",
          "address.number": "osm",
          "address.postalcode": "osm",
          "address.city": "osm",
          "hours": "google"
        },
        "apple_attempted": "2026-08-12",
        "google_attempted": "2026-08-12",
        "hours": {
          "raw": "Tu 09:00-18:30; Th 09:00-18:30; Fr 09:00-00:00; We 09:00-18:30; Mo 09:00-18:30; Sa 09:00-18:30; Su 17:00-00:00"
        },
        "payment": {}
      }
    },
    {
      "type": "Feature",
      "geometry": {
        "type": "Point",
        "coordinates": [
          12.3224806,
          50.8394163
        ]
      },
      "properties": {
        "id": "tk_thr_osm_n8268058986",
        "name": "Getränkehandel Seifert",
        "address": {
          "street": "Dorfstraße",
          "number": "7",
          "postalcode": "04626",
          "city": "Thonhausen"
        },
        "sources": [
          {
            "type": "osm",
            "id": "node/8268058986",
            "version": 0
          },
          {
            "type": "gmaps",
            "id": "ChIJo4x8rKHXpkcR5Fc78gN9_Go"
          }
        ],
        "created": "2026-05-29",
        "updated": "2026-07-27",
        "sources_by_field": {
          "name": "osm",
          "address.street": "osm",
          "address.number": "osm",
          "address.postalcode": "osm",
          "address.city": "osm"
        },
        "apple_id_attempted": "2026-08-12",
        "google_attempted": "2026-08-12",
        "payment": {}
      }
    },
    {
      "type": "Feature",
      "geometry": {
        "type": "Point",
        "coordinates": [
          10.3329288,
          51.0740337
        ]
      },
      "properties": {
        "id": "tk_thr_osm_n841813000",
        "name": "Getränkeservice Moschkau",
        "address": {
          "street": "Rosenallee",
          "number": "12",
          "postalcode": "99831",
          "city": "Amt Creuzburg",
          "district": "Mihla"
        },
        "sources": [
          {
            "type": "osm",
            "id": "node/841813000",
            "version": 0
          },
          {
            "type": "gmaps",
            "id": "ChIJ52uu38SQcUERv0qfbDqc7oY"
          }
        ],
        "created": "2026-05-29",
        "updated": "2026-07-27",
        "sources_by_field": {
          "name": "osm",
          "address.street": "osm",
          "address.number": "osm",
          "address.postalcode": "osm",
          "address.city": "osm",
          "address.district": "osm"
        },
        "apple_id_attempted": "2026-08-12",
        "google_attempted": "2026-08-12",
        "payment": {}
      }
    },
    {
      "type": "Feature",
      "geometry": {
        "type": "Point",
        "coordinates": [
          10.3313992,
          50.7620884
        ]
      },
      "properties": {
        "id": "tk_thr_osm_n892700513",
        "name": "Angelbedarf Leyh GmbH",
        "address": {
          "street": "Nürnberger Straße",
          "number": "51",
          "postalcode": "98597",
          "city": "Breitungen/Werra"
        },
        "sources": [
          {
            "type": "osm",
            "id": "node/892700513",
            "version": 0
          },
          {
            "type": "apple",
            "id": "7465630656531275193"
          }
        ],
        "created": "2026-05-29",
        "updated": "2026-06-15",
        "sources_by_field": {
          "name": "osm",
          "address.street": "osm",
          "address.number": "osm",
          "address.postalcode": "osm",
          "address.city": "osm",
          "hours": "apple",
          "payment.cards": "apple",
          "payment.contactless": "apple"
        },
        "apple_attempted": "2026-05-29",
        "hours": {
          "raw": "Mo-Fr 10:00-12:00,15:00-18:00; Sa 10:00-12:00"
        },
        "payment": {
          "cards": "yes",
          "contactless": "yes"
        }
      }
    },
    {
      "type": "Feature",
      "geometry": {
        "type": "Point",
        "coordinates": [
          10.923288,
          50.6943662
        ]
      },
      "properties": {
        "id": "tk_thr_osm_n9003277073",
        "name": "Brauerei Jäcklein",
        "address": {
          "street": "Unterpörlitzer Straße",
          "number": "49",
          "postalcode": "98693",
          "city": "Ilmenau"
        },
        "sources": [
          {
            "type": "osm",
            "id": "node/9003277073",
            "version": 0
          },
          {
            "type": "gmaps",
            "id": "ChIJdewVQyozckERpQnWg3xSS30"
          }
        ],
        "created": "2026-05-29",
        "updated": "2026-08-12",
        "sources_by_field": {
          "name": "osm",
          "address.street": "osm",
          "address.number": "osm",
          "address.postalcode": "osm",
          "address.city": "osm",
          "hours": "google",
          "payment.cards": "google",
          "payment.girocard": "google"
        },
        "apple_id_attempted": "2026-08-12",
        "google_attempted": "2026-08-12",
        "hours": {
          "raw": "Tu 10:00-12:00,15:00-18:00; Th 10:00-12:00,15:00-18:00; Fr 10:00-12:00,15:00-18:00; We 10:00-12:00,15:00-18:00; Mo 10:00-12:00,15:00-18:00; Sa 09:00-12:00"
        },
        "payment": {
          "cards": "yes",
          "girocard": "yes"
        }
      }
    },
    {
      "type": "Feature",
      "geometry": {
        "type": "Point",
        "coordinates": [
          10.3071207,
          51.2604947
        ]
      },
      "properties": {
        "id": "tk_thr_osm_n9027181528",
        "name": "Goldmann's Abholmarkt",
        "address": {
          "street": "Hauptstraße",
          "number": "59",
          "postalcode": "37359",
          "city": "Büttstedt"
        },
        "sources": [
          {
            "type": "osm",
            "id": "node/9027181528",
            "version": 0
          },
          {
            "type": "apple",
            "id": "8326317170590374849"
          },
          {
            "type": "gmaps",
            "id": "ChIJL9SQLuXqpEcRybiheCrH08c"
          }
        ],
        "created": "2026-05-29",
        "updated": "2026-07-27",
        "sources_by_field": {
          "name": "osm",
          "address.street": "osm",
          "address.number": "osm",
          "address.postalcode": "osm",
          "address.city": "osm",
          "hours": "apple"
        },
        "apple_attempted": "2026-08-12",
        "google_attempted": "2026-08-12",
        "hours": {
          "raw": "Su 16:00-21:00; Mo-Sa 09:00-21:00"
        },
        "payment": {}
      }
    },
    {
      "type": "Feature",
      "geometry": {
        "type": "Point",
        "coordinates": [
          12.0834292,
          50.8780888
        ]
      },
      "properties": {
        "id": "tk_thr_osm_n9240152299",
        "name": "Gugo's Kiosk",
        "address": {
          "street": "Sorge",
          "number": "17",
          "postalcode": "07545",
          "city": "Gera"
        },
        "sources": [
          {
            "type": "osm",
            "id": "node/9240152299",
            "version": 0
          },
          {
            "type": "gmaps",
            "id": "ChIJpUCbfoLPpkcRtZKo64H_rKE"
          }
        ],
        "created": "2026-05-29",
        "updated": "2026-08-12",
        "tags": [
          "barrierefrei"
        ],
        "sources_by_field": {
          "name": "osm",
          "address.street": "osm",
          "address.number": "osm",
          "address.postalcode": "osm",
          "address.city": "osm",
          "payment.cards": "google",
          "payment.contactless": "google",
          "payment.girocard": "google"
        },
        "apple_id_attempted": "2026-08-12",
        "google_attempted": "2026-08-12",
        "payment": {
          "cards": "yes",
          "contactless": "yes",
          "girocard": "yes"
        }
      }
    },
    {
      "type": "Feature",
      "geometry": {
        "type": "Point",
        "coordinates": [
          10.4782963,
          50.7989249
        ]
      },
      "properties": {
        "id": "tk_thr_osm_n9667905691",
        "name": "Elvira Gantz Getränkefachmarkt",
        "address": {},
        "sources": [
          {
            "type": "osm",
            "id": "node/9667905691",
            "version": 0
          },
          {
            "type": "gmaps",
            "id": "ChIJCdkV9NZ-o0cRttpGPTK9ltc"
          }
        ],
        "created": "2026-05-29",
        "updated": "2026-07-27",
        "sources_by_field": {
          "name": "osm"
        },
        "apple_id_attempted": "2026-08-12",
        "google_attempted": "2026-08-12",
        "payment": {}
      }
    },
    {
      "type": "Feature",
      "geometry": {
        "type": "Point",
        "coordinates": [
          11.1732769,
          50.35987
        ]
      },
      "properties": {
        "id": "tk_thr_osm_n9852536979",
        "name": "Bifröst",
        "address": {
          "street": "Bernhardstraße",
          "number": "20a",
          "postalcode": "96515",
          "city": "Sonneberg"
        },
        "sources": [
          {
            "type": "osm",
            "id": "node/9852536979",
            "version": 0
          },
          {
            "type": "gmaps",
            "id": "ChIJiQUd7z7Zo0cRU5oeqv9eS7c"
          }
        ],
        "created": "2026-05-29",
        "updated": "2026-07-27",
        "sources_by_field": {
          "name": "osm",
          "address.street": "osm",
          "address.number": "osm",
          "address.postalcode": "osm",
          "address.city": "osm"
        },
        "apple_id_attempted": "2026-08-12",
        "google_attempted": "2026-08-12",
        "payment": {}
      }
    },
    {
      "type": "Feature",
      "geometry": {
        "type": "Point",
        "coordinates": [
          12.1895469,
          50.657847
        ]
      },
      "properties": {
        "id": "tk_thr_osm_n9885233674",
        "name": "Getränkequelle Liebold",
        "address": {
          "street": "Zeulenrodaer Straße",
          "number": "6",
          "postalcode": "07973",
          "city": "Greiz"
        },
        "sources": [
          {
            "type": "osm",
            "id": "node/9885233674",
            "version": 0
          },
          {
            "type": "apple",
            "id": "12046699250745410364"
          }
        ],
        "created": "2026-05-29",
        "updated": "2026-07-27",
        "sources_by_field": {
          "name": "osm",
          "address.street": "osm",
          "address.number": "osm",
          "address.postalcode": "osm",
          "address.city": "osm",
          "hours": "apple",
          "payment.cards": "apple",
          "payment.contactless": "apple"
        },
        "apple_attempted": "2026-05-29",
        "hours": {
          "raw": "Mo-Fr 08:00-19:00; Sa 08:00-13:00"
        },
        "payment": {
          "cards": "yes",
          "contactless": "yes"
        }
      }
    },
    {
      "type": "Feature",
      "geometry": {
        "type": "Point",
        "coordinates": [
          10.6985659,
          50.6332271
        ]
      },
      "properties": {
        "id": "tk_thr_osm_w107214176",
        "name": "Sagasser",
        "address": {
          "street": "Fröhliche-Mann-Straße",
          "number": "1a",
          "postalcode": "98528",
          "city": "Suhl"
        },
        "sources": [
          {
            "type": "osm",
            "id": "way/107214176",
            "version": 0
          },
          {
            "type": "gmaps",
            "id": "ChIJs-HH1Xeao0cRWnYwwURXXAc"
          }
        ],
        "created": "2026-05-29",
        "updated": "2026-06-15",
        "hours": {
          "raw": "Tu 08:00-19:00; Th 08:00-19:00; Fr 08:00-19:00; We 08:00-19:00; Mo 08:00-19:00; Sa 08:00-18:00"
        },
        "sources_by_field": {
          "name": "osm",
          "address.street": "osm",
          "address.number": "osm",
          "address.postalcode": "osm",
          "address.city": "osm",
          "hours": "google",
          "payment.cards": "google",
          "payment.contactless": "google",
          "payment.girocard": "google"
        },
        "apple_id_attempted": "2026-08-12",
        "google_attempted": "2026-06-04",
        "payment": {
          "cards": "no",
          "contactless": "yes",
          "girocard": "yes"
        }
      }
    },
    {
      "type": "Feature",
      "geometry": {
        "type": "Point",
        "coordinates": [
          11.3917525,
          50.6567859
        ]
      },
      "properties": {
        "id": "tk_thr_osm_w111836944",
        "name": "Getränkewelt",
        "address": {
          "street": "Rasenweg",
          "number": "2",
          "postalcode": "07318",
          "city": "Saalfeld/Saale",
          "district": "Gorndorf"
        },
        "sources": [
          {
            "type": "osm",
            "id": "way/111836944",
            "version": 0
          },
          {
            "type": "gmaps",
            "id": "ChIJEaBDMH39o0cRJOtmsEmxlt8"
          }
        ],
        "created": "2026-05-29",
        "updated": "2026-06-15",
        "hours": {
          "raw": "Tu 09:00-19:00; Th 09:00-19:00; Fr 09:00-19:00; We 09:00-19:00; Mo 09:00-19:00; Sa 09:00-14:00"
        },
        "tags": [
          "barrierefrei"
        ],
        "sources_by_field": {
          "name": "osm",
          "address.street": "osm",
          "address.number": "osm",
          "address.postalcode": "osm",
          "address.city": "osm",
          "address.district": "osm",
          "hours": "google",
          "payment.cards": "google",
          "payment.contactless": "google",
          "payment.girocard": "google"
        },
        "apple_id_attempted": "2026-08-12",
        "google_attempted": "2026-06-04",
        "payment": {
          "cards": "no",
          "contactless": "yes",
          "girocard": "yes"
        }
      }
    },
    {
      "type": "Feature",
      "geometry": {
        "type": "Point",
        "coordinates": [
          11.7337856,
          50.5058282
        ]
      },
      "properties": {
        "id": "tk_thr_osm_w1304804878",
        "name": "Lottis Einkaufsmarkt",
        "address": {},
        "sources": [
          {
            "type": "osm",
            "id": "way/1304804878",
            "version": 0
          },
          {
            "type": "apple",
            "id": "6493048859845966024"
          }
        ],
        "created": "2026-05-29",
        "updated": "2026-07-27",
        "hours": {
          "raw": "24/7"
        },
        "payment": {
          "cash": "yes",
          "cards": "unknown",
          "contactless": "unknown",
          "girocard": "unknown"
        },
        "sources_by_field": {
          "name": "osm",
          "hours": "osm",
          "payment.cash": "osm",
          "payment.cards": "osm",
          "payment.contactless": "osm",
          "payment.girocard": "osm"
        }
      }
    },
    {
      "type": "Feature",
      "geometry": {
        "type": "Point",
        "coordinates": [
          11.901049,
          50.8086548
        ]
      },
      "properties": {
        "id": "tk_thr_osm_w148496374",
        "name": "Imbiss am Kletterwald",
        "address": {
          "street": "Am Kreisverkehr Neuensorga",
          "postalcode": "07589",
          "city": "Münchenbernsdorf"
        },
        "sources": [
          {
            "type": "osm",
            "id": "way/148496374",
            "version": 0
          },
          {
            "type": "gmaps",
            "id": "ChIJ-8VoPfa1pkcRPXom0oZcAyE"
          }
        ],
        "created": "2026-05-29",
        "updated": "2026-08-12",
        "sources_by_field": {
          "name": "osm",
          "address.street": "osm",
          "address.postalcode": "osm",
          "address.city": "osm",
          "hours": "google"
        },
        "apple_id_attempted": "2026-08-12",
        "google_attempted": "2026-08-12",
        "hours": {
          "raw": "Tu 10:00-20:00; Th 10:00-20:00; Fr 10:00-20:00; We 10:00-20:00; Mo 10:00-20:00; Sa 10:00-20:00; Su 10:00-20:00"
        },
        "payment": {}
      }
    },
    {
      "type": "Feature",
      "geometry": {
        "type": "Point",
        "coordinates": [
          11.8892707,
          50.9694693
        ]
      },
      "properties": {
        "id": "tk_thr_osm_w152307625",
        "name": "Netto Getränke-Discount",
        "address": {
          "street": "Jenaer Straße",
          "number": "15",
          "postalcode": "07607",
          "city": "Eisenberg"
        },
        "sources": [
          {
            "type": "osm",
            "id": "way/152307625",
            "version": 0
          },
          {
            "type": "gmaps",
            "id": "ChIJ-eSL9PS5pkcR_AEgct0V19k"
          }
        ],
        "created": "2026-05-29",
        "updated": "2026-06-15",
        "hours": {
          "raw": "Tu 08:00-20:00; Th 08:00-20:00; Fr 08:00-20:00; We 08:00-20:00; Mo 08:00-20:00; Sa 08:00-20:00"
        },
        "tags": [
          "barrierefrei"
        ],
        "sources_by_field": {
          "name": "osm",
          "address.street": "osm",
          "address.number": "osm",
          "address.postalcode": "osm",
          "address.city": "osm",
          "hours": "google",
          "payment.cards": "google",
          "payment.contactless": "google",
          "payment.girocard": "google"
        },
        "apple_id_attempted": "2026-08-12",
        "google_attempted": "2026-06-04",
        "payment": {
          "cards": "no",
          "contactless": "yes",
          "girocard": "yes"
        }
      }
    },
    {
      "type": "Feature",
      "geometry": {
        "type": "Point",
        "coordinates": [
          11.8754596,
          50.9714219
        ]
      },
      "properties": {
        "id": "tk_thr_osm_w156048722",
        "name": "Shell",
        "address": {
          "street": "Jenaer Straße",
          "number": "52",
          "postalcode": "07607",
          "city": "Eisenberg"
        },
        "sources": [
          {
            "type": "osm",
            "id": "way/156048722",
            "version": 0
          },
          {
            "type": "gmaps",
            "id": "ChIJnWJLrGm5pkcR8f0IgfkD_pE"
          }
        ],
        "created": "2026-05-29",
        "updated": "2026-07-27",
        "hours": {
          "raw": "24/7"
        },
        "tags": [
          "barrierefrei"
        ],
        "sources_by_field": {
          "name": "osm",
          "address.street": "osm",
          "address.number": "osm",
          "address.postalcode": "osm",
          "address.city": "osm",
          "hours": "osm",
          "payment.cards": "google",
          "payment.contactless": "google",
          "payment.girocard": "google"
        },
        "apple_id_attempted": "2026-08-12",
        "google_attempted": "2026-06-04",
        "payment": {
          "cards": "no",
          "contactless": "yes",
          "girocard": "yes"
        }
      }
    },
    {
      "type": "Feature",
      "geometry": {
        "type": "Point",
        "coordinates": [
          12.0835541,
          50.8858324
        ]
      },
      "properties": {
        "id": "tk_thr_osm_w166396541",
        "name": "Sagasser",
        "address": {
          "street": "Franz-Petrich-Straße",
          "number": "8",
          "postalcode": "07545",
          "city": "Gera"
        },
        "sources": [
          {
            "type": "osm",
            "id": "way/166396541",
            "version": 0
          },
          {
            "type": "apple",
            "id": "18205064946942703689"
          }
        ],
        "created": "2026-05-29",
        "updated": "2026-06-15",
        "hours": {
          "raw": "Mo-Fr 08:00-19:00; Sa 08:00-18:00"
        },
        "tags": [
          "barrierefrei"
        ],
        "sources_by_field": {
          "name": "osm",
          "address.street": "osm",
          "address.number": "osm",
          "address.postalcode": "osm",
          "address.city": "osm",
          "hours": "apple",
          "payment.cards": "apple",
          "payment.contactless": "apple"
        },
        "apple_attempted": "2026-05-29",
        "payment": {
          "cards": "yes",
          "contactless": "yes"
        }
      }
    },
    {
      "type": "Feature",
      "geometry": {
        "type": "Point",
        "coordinates": [
          10.9504852,
          50.8420599
        ]
      },
      "properties": {
        "id": "tk_thr_osm_w186521289",
        "name": "Sagasser",
        "address": {
          "street": "Rehestädter Weg",
          "number": "1",
          "postalcode": "99310",
          "city": "Arnstadt"
        },
        "sources": [
          {
            "type": "osm",
            "id": "way/186521289",
            "version": 0
          },
          {
            "type": "apple",
            "id": "9945375872090849834"
          }
        ],
        "created": "2026-05-29",
        "updated": "2026-06-15",
        "hours": {
          "raw": "Mo-Fr 08:00-20:00; Sa 08:00-18:00"
        },
        "tags": [
          "barrierefrei"
        ],
        "sources_by_field": {
          "name": "osm",
          "address.street": "osm",
          "address.number": "osm",
          "address.postalcode": "osm",
          "address.city": "osm",
          "hours": "apple",
          "payment.cards": "apple",
          "payment.contactless": "apple"
        },
        "apple_attempted": "2026-05-29",
        "payment": {
          "cards": "yes",
          "contactless": "yes"
        }
      }
    },
    {
      "type": "Feature",
      "geometry": {
        "type": "Point",
        "coordinates": [
          11.8071881,
          50.5809495
        ]
      },
      "properties": {
        "id": "tk_thr_osm_w192081190",
        "name": "Huster GmbH & Co. Getränkegroßhandels KG GmbH & Co. KG",
        "address": {
          "street": "Geraer Straße",
          "number": "21 a",
          "postalcode": "07907",
          "city": "Schleiz"
        },
        "sources": [
          {
            "type": "osm",
            "id": "way/192081190",
            "version": 0
          },
          {
            "type": "gmaps",
            "id": "ChIJjzw5cf83oUcRYBUXMPV10yo"
          }
        ],
        "created": "2026-05-29",
        "updated": "2026-07-27",
        "hours": {
          "raw": "Tu 08:00-19:00; Th 08:00-19:00; Fr 08:00-19:00; We 08:00-19:00; Mo 08:00-19:00; Sa 08:00-16:00"
        },
        "sources_by_field": {
          "name": "osm",
          "address.street": "osm",
          "address.number": "osm",
          "address.postalcode": "osm",
          "address.city": "osm",
          "hours": "google",
          "payment.cards": "google",
          "payment.contactless": "google",
          "payment.girocard": "google"
        },
        "apple_id_attempted": "2026-08-12",
        "google_attempted": "2026-07-21",
        "payment": {
          "cards": "yes",
          "contactless": "yes",
          "girocard": "yes"
        }
      }
    },
    {
      "type": "Feature",
      "geometry": {
        "type": "Point",
        "coordinates": [
          10.8470469,
          50.4723092
        ]
      },
      "properties": {
        "id": "tk_thr_osm_w205754890",
        "name": "Sagasser",
        "address": {
          "street": "Schleusinger Straße",
          "number": "35",
          "postalcode": "98673",
          "city": "Auengrund"
        },
        "sources": [
          {
            "type": "osm",
            "id": "way/205754890",
            "version": 0
          },
          {
            "type": "gmaps",
            "id": "ChIJOZgWIIW_o0cRgwKKp4PMGTM"
          }
        ],
        "created": "2026-05-29",
        "updated": "2026-06-15",
        "hours": {
          "raw": "Tu 08:00-19:00; Th 08:00-19:00; Fr 08:00-19:00; We 08:00-19:00; Mo 08:00-19:00; Sa 08:00-14:00"
        },
        "sources_by_field": {
          "name": "osm",
          "address.street": "osm",
          "address.number": "osm",
          "address.postalcode": "osm",
          "address.city": "osm",
          "hours": "google",
          "payment.cards": "google",
          "payment.contactless": "google",
          "payment.girocard": "google"
        },
        "apple_id_attempted": "2026-08-12",
        "google_attempted": "2026-06-04",
        "payment": {
          "cards": "no",
          "contactless": "yes",
          "girocard": "yes"
        }
      }
    },
    {
      "type": "Feature",
      "geometry": {
        "type": "Point",
        "coordinates": [
          12.1753275,
          50.879609
        ]
      },
      "properties": {
        "id": "tk_thr_osm_w208123592",
        "name": "Neuknob Getränkefachhandel",
        "address": {
          "street": "Wiesenring",
          "number": "1",
          "postalcode": "07554",
          "city": "Korbußen"
        },
        "sources": [
          {
            "type": "osm",
            "id": "way/208123592",
            "version": 0
          },
          {
            "type": "apple",
            "id": "16717428569595193220"
          }
        ],
        "created": "2026-05-29",
        "updated": "2026-07-27",
        "hours": {
          "raw": "Mo-Fr 07:00-16:00"
        },
        "sources_by_field": {
          "name": "osm",
          "address.street": "osm",
          "address.number": "osm",
          "address.postalcode": "osm",
          "address.city": "osm",
          "hours": "apple"
        },
        "apple_attempted": "2026-08-12",
        "google_attempted": "2026-08-12",
        "payment": {}
      }
    },
    {
      "type": "Feature",
      "geometry": {
        "type": "Point",
        "coordinates": [
          10.4102378,
          51.5362111
        ]
      },
      "properties": {
        "id": "tk_thr_osm_w220899343",
        "name": "Getränkefachgroßhandel Mollnau",
        "address": {
          "street": "In den Mühlwiesen",
          "number": "1"
        },
        "sources": [
          {
            "type": "osm",
            "id": "way/220899343",
            "version": 0
          },
          {
            "type": "apple",
            "id": "13386083480402684875"
          }
        ],
        "created": "2026-05-29",
        "updated": "2026-07-27",
        "hours": {
          "raw": "Mo-Fr 08:00-18:30; Sa 08:00-13:00"
        },
        "sources_by_field": {
          "name": "osm",
          "address.street": "osm",
          "address.number": "osm",
          "hours": "apple",
          "payment.cards": "apple",
          "payment.contactless": "apple"
        },
        "apple_attempted": "2026-05-29",
        "payment": {
          "cards": "yes",
          "contactless": "yes"
        }
      }
    },
    {
      "type": "Feature",
      "geometry": {
        "type": "Point",
        "coordinates": [
          11.1673336,
          50.361853
        ]
      },
      "properties": {
        "id": "tk_thr_osm_w274262478",
        "name": "Getränkekeller Renneberg",
        "address": {
          "street": "Bettelhecker Straße",
          "number": "14",
          "postalcode": "96515",
          "city": "Sonneberg"
        },
        "sources": [
          {
            "type": "osm",
            "id": "way/274262478",
            "version": 0
          },
          {
            "type": "apple",
            "id": "14807076740358380978"
          }
        ],
        "created": "2026-05-29",
        "updated": "2026-07-27",
        "hours": {
          "raw": "Mo-Fr 09:00-17:00"
        },
        "tags": [
          "barrierefrei"
        ],
        "sources_by_field": {
          "name": "osm",
          "address.street": "osm",
          "address.number": "osm",
          "address.postalcode": "osm",
          "address.city": "osm",
          "hours": "apple",
          "payment.cards": "apple",
          "payment.contactless": "apple"
        },
        "apple_attempted": "2026-05-29",
        "payment": {
          "cards": "yes",
          "contactless": "yes"
        }
      }
    },
    {
      "type": "Feature",
      "geometry": {
        "type": "Point",
        "coordinates": [
          12.3361851,
          50.8937892
        ]
      },
      "properties": {
        "id": "tk_thr_osm_w278603522",
        "name": "Getränke Donat",
        "address": {
          "street": "Ronneburger Straße",
          "number": "112",
          "postalcode": "04626",
          "city": "Schmölln"
        },
        "sources": [
          {
            "type": "osm",
            "id": "way/278603522",
            "version": 0
          },
          {
            "type": "gmaps",
            "id": "ChIJrVTyCRaHcUER8ukQSamHReo"
          }
        ],
        "created": "2026-05-29",
        "updated": "2026-07-27",
        "hours": {
          "raw": "Tu 08:00-18:00; Th 08:00-18:00; Fr 08:00-18:00; We 08:00-18:00; Mo 08:00-18:00; Sa 08:30-12:00"
        },
        "tags": [
          "barrierefrei"
        ],
        "sources_by_field": {
          "name": "osm",
          "address.street": "osm",
          "address.number": "osm",
          "address.postalcode": "osm",
          "address.city": "osm",
          "hours": "google",
          "payment.cards": "google",
          "payment.contactless": "google",
          "payment.girocard": "google"
        },
        "apple_id_attempted": "2026-08-12",
        "google_attempted": "2026-06-04",
        "payment": {
          "cards": "no",
          "contactless": "yes",
          "girocard": "yes"
        }
      }
    },
    {
      "type": "Feature",
      "geometry": {
        "type": "Point",
        "coordinates": [
          11.9812613,
          50.9692436
        ]
      },
      "properties": {
        "id": "tk_thr_osm_w288148407",
        "name": "Netto Getränke-Discount",
        "address": {
          "street": "Lange Wiese",
          "number": "2",
          "postalcode": "07613",
          "city": "Crossen an der Elster"
        },
        "sources": [
          {
            "type": "osm",
            "id": "way/288148407",
            "version": 0
          },
          {
            "type": "gmaps",
            "id": "ChIJBaKCQKXHpkcRILzbfWBvpmA"
          }
        ],
        "created": "2026-05-29",
        "updated": "2026-06-15",
        "hours": {
          "raw": "Tu 08:00-20:00; Th 08:00-20:00; Fr 08:00-20:00; We 08:00-20:00; Mo 08:00-20:00; Sa 08:00-20:00"
        },
        "tags": [
          "barrierefrei"
        ],
        "sources_by_field": {
          "name": "osm",
          "address.street": "osm",
          "address.number": "osm",
          "address.postalcode": "osm",
          "address.city": "osm",
          "hours": "google",
          "payment.cards": "google",
          "payment.contactless": "google",
          "payment.girocard": "google"
        },
        "apple_id_attempted": "2026-08-12",
        "google_attempted": "2026-06-04",
        "payment": {
          "cards": "yes",
          "contactless": "yes",
          "girocard": "yes"
        }
      }
    },
    {
      "type": "Feature",
      "geometry": {
        "type": "Point",
        "coordinates": [
          11.199477,
          51.2992219
        ]
      },
      "properties": {
        "id": "tk_thr_osm_w295034629",
        "name": "Getränke Schinköthe",
        "address": {
          "street": "Zur Thüringer Pforte",
          "number": "3a",
          "postalcode": "06577",
          "city": "An der Schmücke",
          "district": "Bahnhof Heldrungen"
        },
        "sources": [
          {
            "type": "osm",
            "id": "way/295034629",
            "version": 0
          },
          {
            "type": "gmaps",
            "id": "ChIJbS0XCRI4pEcRjcKCKNgVr5Q"
          }
        ],
        "created": "2026-05-29",
        "updated": "2026-07-27",
        "sources_by_field": {
          "name": "osm",
          "address.street": "osm",
          "address.number": "osm",
          "address.postalcode": "osm",
          "address.city": "osm",
          "address.district": "osm"
        },
        "apple_id_attempted": "2026-08-12",
        "google_attempted": "2026-08-12",
        "payment": {}
      }
    },
    {
      "type": "Feature",
      "geometry": {
        "type": "Point",
        "coordinates": [
          10.9257897,
          50.6828309
        ]
      },
      "properties": {
        "id": "tk_thr_osm_w38163708",
        "name": "Sagasser",
        "address": {
          "street": "Langewiesener Straße",
          "number": "17a",
          "postalcode": "98693",
          "city": "Ilmenau"
        },
        "sources": [
          {
            "type": "osm",
            "id": "way/38163708",
            "version": 0
          },
          {
            "type": "apple",
            "id": "862129283042927116"
          }
        ],
        "created": "2026-05-29",
        "updated": "2026-06-15",
        "hours": {
          "raw": "Mo-Sa 08:00-20:00"
        },
        "tags": [
          "barrierefrei"
        ],
        "sources_by_field": {
          "name": "osm",
          "address.street": "osm",
          "address.number": "osm",
          "address.postalcode": "osm",
          "address.city": "osm",
          "hours": "apple",
          "payment.cards": "apple",
          "payment.contactless": "apple"
        },
        "apple_attempted": "2026-05-29",
        "payment": {
          "cards": "yes",
          "contactless": "yes"
        }
      }
    },
    {
      "type": "Feature",
      "geometry": {
        "type": "Point",
        "coordinates": [
          10.2760537,
          51.4683984
        ]
      },
      "properties": {
        "id": "tk_thr_osm_w428890543",
        "name": "Netto Getränke-Discount",
        "address": {
          "street": "Am Dämmig",
          "number": "2",
          "postalcode": "37339",
          "city": "Teistungen"
        },
        "sources": [
          {
            "type": "osm",
            "id": "way/428890543",
            "version": 0
          },
          {
            "type": "gmaps",
            "id": "ChIJ5QtoVxHdpEcRDfygQ0R7aIA"
          }
        ],
        "created": "2026-05-29",
        "updated": "2026-06-15",
        "hours": {
          "raw": "Tu 08:00-20:00; Th 08:00-20:00; Fr 08:00-20:00; We 08:00-20:00; Mo 08:00-20:00; Sa 08:00-20:00"
        },
        "tags": [
          "barrierefrei"
        ],
        "sources_by_field": {
          "name": "osm",
          "address.street": "osm",
          "address.number": "osm",
          "address.postalcode": "osm",
          "address.city": "osm",
          "hours": "google",
          "payment.cards": "google",
          "payment.contactless": "google",
          "payment.girocard": "google"
        },
        "apple_id_attempted": "2026-08-12",
        "google_attempted": "2026-06-04",
        "payment": {
          "cards": "yes",
          "contactless": "yes",
          "girocard": "yes"
        }
      }
    },
    {
      "type": "Feature",
      "geometry": {
        "type": "Point",
        "coordinates": [
          11.9602557,
          50.6742711
        ]
      },
      "properties": {
        "id": "tk_thr_osm_w435017244",
        "name": "Milchzapfanlage Silberfeld",
        "address": {},
        "sources": [
          {
            "type": "osm",
            "id": "way/435017244",
            "version": 0
          },
          {
            "type": "apple",
            "id": "78712178090773930"
          },
          {
            "type": "gmaps",
            "id": "ChIJ4WxW9YkzoUcRi78ocqe3AG8"
          }
        ],
        "created": "2026-05-29",
        "updated": "2026-07-27",
        "hours": {
          "raw": "Mo-Su 00:00-24:00"
        },
        "sources_by_field": {
          "name": "osm",
          "hours": "apple"
        },
        "apple_attempted": "2026-08-12",
        "google_attempted": "2026-08-12",
        "payment": {}
      }
    },
    {
      "type": "Feature",
      "geometry": {
        "type": "Point",
        "coordinates": [
          12.0969608,
          50.6746339
        ]
      },
      "properties": {
        "id": "tk_thr_osm_w472412488",
        "name": "24h Milchtankstelle Langenwetzendorf",
        "address": {},
        "sources": [
          {
            "type": "osm",
            "id": "way/472412488",
            "version": 0
          },
          {
            "type": "gmaps",
            "id": "ChIJYRUoa54toUcRqWsYs5M5mkU"
          }
        ],
        "created": "2026-05-29",
        "updated": "2026-07-27",
        "hours": {
          "raw": "24/7"
        },
        "sources_by_field": {
          "name": "osm",
          "hours": "osm"
        },
        "apple_id_attempted": "2026-08-12",
        "google_attempted": "2026-08-12",
        "payment": {}
      }
    },
    {
      "type": "Feature",
      "geometry": {
        "type": "Point",
        "coordinates": [
          10.9007475,
          50.6929408
        ]
      },
      "properties": {
        "id": "tk_thr_osm_w48630637",
        "name": "Tankstelle Ilmenau",
        "address": {
          "street": "Erfurter Straße",
          "number": "65",
          "postalcode": "98693",
          "city": "Ilmenau"
        },
        "sources": [
          {
            "type": "osm",
            "id": "way/48630637",
            "version": 0
          },
          {
            "type": "gmaps",
            "id": "ChIJGZ3osw2No0cR60oKjNHjEY0"
          },
          {
            "type": "apple",
            "id": "827338589756138590"
          }
        ],
        "created": "2026-05-29",
        "updated": "2026-07-27",
        "hours": {
          "raw": "Tu 05:00-23:00; Th 05:00-23:00; Fr 05:00-23:00; We 05:00-23:00; Mo 05:00-23:00; Sa 07:00-23:00; Su 07:00-23:00"
        },
        "tags": [
          "barrierefrei"
        ],
        "sources_by_field": {
          "name": "osm",
          "address.street": "osm",
          "address.number": "osm",
          "address.postalcode": "osm",
          "address.city": "osm",
          "hours": "google",
          "payment.cards": "google",
          "payment.contactless": "google",
          "payment.girocard": "google"
        },
        "google_attempted": "2026-06-04",
        "payment": {
          "cards": "yes",
          "contactless": "yes",
          "girocard": "yes"
        }
      }
    },
    {
      "type": "Feature",
      "geometry": {
        "type": "Point",
        "coordinates": [
          10.7856186,
          51.4870692
        ]
      },
      "properties": {
        "id": "tk_thr_osm_w490022410",
        "name": "Stadtladen Mund's Mühle (Landhandel & Hoffleischerei)",
        "address": {
          "street": "Darrweg",
          "number": "27",
          "postalcode": "99734",
          "city": "Nordhausen"
        },
        "sources": [
          {
            "type": "osm",
            "id": "way/490022410",
            "version": 0
          },
          {
            "type": "apple",
            "id": "14510110805036947514"
          },
          {
            "type": "gmaps",
            "id": "ChIJ000KY5z_pEcRDdhMvJ5ZjlQ"
          }
        ],
        "created": "2026-05-29",
        "updated": "2026-07-27",
        "sources_by_field": {
          "name": "osm",
          "address.street": "osm",
          "address.number": "osm",
          "address.postalcode": "osm",
          "address.city": "osm",
          "payment.cards": "google",
          "payment.contactless": "apple",
          "payment.girocard": "google"
        },
        "apple_attempted": "2026-08-12",
        "google_attempted": "2026-08-12",
        "payment": {
          "cards": "no",
          "contactless": "yes",
          "girocard": "yes"
        }
      }
    },
    {
      "type": "Feature",
      "geometry": {
        "type": "Point",
        "coordinates": [
          12.2064949,
          50.9501571
        ]
      },
      "properties": {
        "id": "tk_thr_osm_w504486207",
        "name": "Getränke Donat",
        "address": {
          "street": "Ronneburger Straße",
          "number": "3 - 4",
          "postalcode": "07554",
          "city": "Pölzig"
        },
        "sources": [
          {
            "type": "osm",
            "id": "way/504486207",
            "version": 0
          },
          {
            "type": "gmaps",
            "id": "ChIJ4Sm7W4bbpkcRZqCNb3JV7zU"
          }
        ],
        "created": "2026-05-29",
        "updated": "2026-07-27",
        "hours": {
          "raw": "Tu 08:00-18:00; Th 08:00-18:00; Fr 08:00-18:00; We 08:00-18:00; Mo 08:00-18:00; Sa 08:00-12:00"
        },
        "sources_by_field": {
          "name": "osm",
          "address.street": "osm",
          "address.number": "osm",
          "address.postalcode": "osm",
          "address.city": "osm",
          "hours": "google",
          "payment.cards": "google",
          "payment.contactless": "google",
          "payment.girocard": "google"
        },
        "apple_id_attempted": "2026-08-12",
        "google_attempted": "2026-06-04",
        "payment": {
          "cards": "no",
          "contactless": "yes",
          "girocard": "yes"
        }
      }
    },
    {
      "type": "Feature",
      "geometry": {
        "type": "Point",
        "coordinates": [
          10.9366133,
          50.6781835
        ]
      },
      "properties": {
        "id": "tk_thr_osm_w50956030",
        "name": "Getränke Krüger",
        "address": {
          "street": "Grenzhammer",
          "number": "4c",
          "postalcode": "98693",
          "city": "Ilmenau"
        },
        "sources": [
          {
            "type": "osm",
            "id": "way/50956030",
            "version": 0
          },
          {
            "type": "gmaps",
            "id": "ChIJXbvYrE2No0cRd2HKQhruJRA"
          }
        ],
        "created": "2026-05-29",
        "updated": "2026-07-27",
        "sources_by_field": {
          "name": "osm",
          "address.street": "osm",
          "address.number": "osm",
          "address.postalcode": "osm",
          "address.city": "osm",
          "hours": "google",
          "payment.cards": "google",
          "payment.contactless": "google",
          "payment.girocard": "google"
        },
        "apple_id_attempted": "2026-08-12",
        "google_attempted": "2026-06-04",
        "hours": {
          "raw": "Tu 09:00-19:00; Th 09:00-19:00; Fr 09:00-19:00; We 09:00-19:00; Mo 09:00-19:00; Sa 09:00-16:00"
        },
        "payment": {
          "cards": "no",
          "contactless": "yes",
          "girocard": "yes"
        }
      }
    },
    {
      "type": "Feature",
      "geometry": {
        "type": "Point",
        "coordinates": [
          12.1265195,
          50.6627303
        ]
      },
      "properties": {
        "id": "tk_thr_osm_w591411125",
        "name": "Zog'ser Hofladen",
        "address": {},
        "sources": [
          {
            "type": "osm",
            "id": "way/591411125",
            "version": 0
          },
          {
            "type": "apple",
            "id": "18042256094026273994"
          }
        ],
        "created": "2026-05-29",
        "updated": "2026-07-27",
        "hours": {
          "raw": "Tu-Fr 09:00-17:00; Sa 09:30-12:00"
        },
        "sources_by_field": {
          "name": "osm",
          "hours": "apple",
          "payment.cards": "apple",
          "payment.contactless": "apple"
        },
        "apple_attempted": "2026-05-29",
        "payment": {
          "cards": "yes",
          "contactless": "yes"
        }
      }
    },
    {
      "type": "Feature",
      "geometry": {
        "type": "Point",
        "coordinates": [
          12.0229413,
          50.6876003
        ]
      },
      "properties": {
        "id": "tk_thr_osm_w592851110",
        "name": "Vogtland Getränkefachmarkt",
        "address": {
          "street": "Triebesgrund",
          "number": "5",
          "postalcode": "07950",
          "city": "Zeulenroda-Triebes"
        },
        "sources": [
          {
            "type": "osm",
            "id": "way/592851110",
            "version": 0
          },
          {
            "type": "gmaps",
            "id": "ChIJg3LoFf4yoUcR9eEwcy2U4LA"
          }
        ],
        "created": "2026-05-29",
        "updated": "2026-07-27",
        "hours": {
          "raw": "Tu 08:00-19:00; Th 08:00-19:00; Fr 08:00-19:00; We 08:00-19:00; Mo 08:00-19:00; Sa 08:00-13:30"
        },
        "tags": [
          "barrierefrei"
        ],
        "sources_by_field": {
          "name": "osm",
          "address.street": "osm",
          "address.number": "osm",
          "address.postalcode": "osm",
          "address.city": "osm",
          "hours": "google",
          "payment.cards": "google",
          "payment.contactless": "google",
          "payment.girocard": "google"
        },
        "apple_id_attempted": "2026-08-12",
        "google_attempted": "2026-06-04",
        "payment": {
          "cards": "no",
          "contactless": "yes",
          "girocard": "yes"
        }
      }
    },
    {
      "type": "Feature",
      "geometry": {
        "type": "Point",
        "coordinates": [
          12.1705496,
          50.8934239
        ]
      },
      "properties": {
        "id": "tk_thr_osm_w610995173",
        "name": "Korbuß'ner Frischmilchquelle",
        "address": {
          "street": "Mückernscher Weg",
          "number": "7",
          "postalcode": "07554",
          "city": "Korbußen"
        },
        "sources": [
          {
            "type": "osm",
            "id": "way/610995173",
            "version": 0
          },
          {
            "type": "gmaps",
            "id": "ChIJW3w0P7PapkcRpsit62qRRE0"
          }
        ],
        "created": "2026-05-29",
        "updated": "2026-07-27",
        "sources_by_field": {
          "name": "osm",
          "address.street": "osm",
          "address.number": "osm",
          "address.postalcode": "osm",
          "address.city": "osm"
        },
        "apple_id_attempted": "2026-08-12",
        "google_attempted": "2026-08-12",
        "payment": {}
      }
    },
    {
      "type": "Feature",
      "geometry": {
        "type": "Point",
        "coordinates": [
          11.2590345,
          50.6855648
        ]
      },
      "properties": {
        "id": "tk_thr_osm_w65487922",
        "name": "Zitzer - der Flitzer Getränkehandel",
        "address": {
          "street": "Königseer Straße",
          "number": "6",
          "postalcode": "07422",
          "city": "Bad Blankenburg"
        },
        "sources": [
          {
            "type": "osm",
            "id": "way/65487922",
            "version": 0
          },
          {
            "type": "gmaps",
            "id": "ChIJmVVHjpn7o0cRvhXxW9K6J6c"
          }
        ],
        "created": "2026-05-29",
        "updated": "2026-07-27",
        "hours": {
          "raw": "Tu 09:00-17:00; Th 09:00-17:00; Fr 09:00-17:00; We 09:00-17:00; Mo 09:00-17:00; Sa 09:00-12:00"
        },
        "sources_by_field": {
          "name": "osm",
          "address.street": "osm",
          "address.number": "osm",
          "address.postalcode": "osm",
          "address.city": "osm",
          "hours": "google",
          "payment.cards": "google",
          "payment.girocard": "google"
        },
        "apple_id_attempted": "2026-08-12",
        "google_attempted": "2026-06-04",
        "payment": {
          "cards": "yes",
          "girocard": "yes"
        }
      }
    },
    {
      "type": "Feature",
      "geometry": {
        "type": "Point",
        "coordinates": [
          11.7297184,
          50.8392137
        ]
      },
      "properties": {
        "id": "tk_thr_osm_w744991843",
        "name": "Tröbnitzer Getränkehandel",
        "address": {},
        "sources": [
          {
            "type": "osm",
            "id": "way/744991843",
            "version": 0
          },
          {
            "type": "apple",
            "id": "17157674624488696199"
          }
        ],
        "created": "2026-05-29",
        "updated": "2026-07-27",
        "hours": {
          "raw": "Mo-Fr 09:30-13:00,13:30-18:00; Sa 09:30-11:00"
        },
        "payment": {
          "cash": "unknown",
          "cards": "no",
          "contactless": "unknown",
          "girocard": "unknown"
        },
        "tags": [
          "barrierefrei"
        ],
        "sources_by_field": {
          "name": "osm",
          "hours": "osm",
          "payment.cash": "osm",
          "payment.cards": "osm",
          "payment.contactless": "osm",
          "payment.girocard": "osm"
        }
      }
    },
    {
      "type": "Feature",
      "geometry": {
        "type": "Point",
        "coordinates": [
          10.8025931,
          51.498271
        ]
      },
      "properties": {
        "id": "tk_thr_osm_w82164624",
        "name": "Tintenklecks",
        "address": {
          "street": "Taschenberg",
          "number": "45",
          "postalcode": "99734",
          "city": "Nordhausen"
        },
        "sources": [
          {
            "type": "osm",
            "id": "way/82164624",
            "version": 0
          },
          {
            "type": "gmaps",
            "id": "ChIJPxO47Iv_pEcRjrkmJobA8cY"
          }
        ],
        "created": "2026-05-29",
        "updated": "2026-07-27",
        "hours": {
          "raw": "Tu 07:30-12:00,14:00-18:00; Th 07:30-12:00,14:00-18:00; Fr 07:30-12:00,14:00-18:00; We 07:30-12:00,14:00-18:00; Mo 07:30-12:00,14:00-18:00; Sa 07:30-12:00"
        },
        "sources_by_field": {
          "name": "osm",
          "address.street": "osm",
          "address.number": "osm",
          "address.postalcode": "osm",
          "address.city": "osm",
          "hours": "google",
          "payment.cards": "google",
          "payment.contactless": "google",
          "payment.girocard": "google"
        },
        "apple_id_attempted": "2026-08-12",
        "google_attempted": "2026-06-04",
        "payment": {
          "cards": "no",
          "contactless": "yes",
          "girocard": "yes"
        }
      }
    },
    {
      "type": "Feature",
      "geometry": {
        "type": "Point",
        "coordinates": [
          11.0845198,
          50.6581408
        ]
      },
      "properties": {
        "id": "tk_thr_osm_w93859936",
        "name": "Avia",
        "address": {
          "street": "Gehrener Straße",
          "number": "65",
          "postalcode": "07426"
        },
        "sources": [
          {
            "type": "osm",
            "id": "way/93859936",
            "version": 0
          },
          {
            "type": "gmaps",
            "id": "ChIJ4VWkadrxo0cRWQJJ93nd4Mc"
          }
        ],
        "created": "2026-05-29",
        "updated": "2026-07-27",
        "sources_by_field": {
          "name": "osm",
          "address.street": "osm",
          "address.number": "osm",
          "address.postalcode": "osm",
          "hours": "google",
          "payment.cards": "google",
          "payment.contactless": "google",
          "payment.girocard": "google"
        },
        "apple_id_attempted": "2026-08-12",
        "google_attempted": "2026-06-04",
        "hours": {
          "raw": "Tu 06:00-20:30; Th 06:00-20:30; Fr 06:00-20:30; We 06:00-20:30; Mo 06:00-20:30; Sa 06:00-20:30; Su 07:00-20:30"
        },
        "payment": {
          "cards": "no",
          "contactless": "yes",
          "girocard": "yes"
        }
      }
    },
    {
      "type": "Feature",
      "geometry": {
        "type": "Point",
        "coordinates": [
          10.7243729,
          50.2771876
        ]
      },
      "properties": {
        "id": "tk_thr_osm_n10301278585",
        "name": "Kaiser",
        "address": {},
        "sources": [
          {
            "type": "osm",
            "id": "node/10301278585",
            "version": 0
          }
        ],
        "created": "2026-05-29",
        "updated": "2026-07-27",
        "sources_by_field": {
          "name": "osm"
        },
        "apple_id_attempted": "2026-08-12",
        "google_attempted": "2026-08-12",
        "payment": {}
      }
    },
    {
      "type": "Feature",
      "geometry": {
        "type": "Point",
        "coordinates": [
          10.4544525,
          50.8824578
        ]
      },
      "properties": {
        "id": "tk_thr_osm_n10875180217",
        "name": "Getränkeshop Heßland",
        "address": {},
        "sources": [
          {
            "type": "osm",
            "id": "node/10875180217",
            "version": 0
          }
        ],
        "created": "2026-05-29",
        "updated": "2026-07-27",
        "tags": [
          "barrierefrei"
        ],
        "sources_by_field": {
          "name": "osm"
        },
        "apple_id_attempted": "2026-08-12",
        "google_attempted": "2026-08-12",
        "payment": {}
      }
    },
    {
      "type": "Feature",
      "geometry": {
        "type": "Point",
        "coordinates": [
          10.1786978,
          51.0653705
        ]
      },
      "properties": {
        "id": "tk_thr_osm_n10881786789",
        "name": "Getränkeshop",
        "address": {},
        "sources": [
          {
            "type": "osm",
            "id": "node/10881786789",
            "version": 0
          }
        ],
        "created": "2026-05-29",
        "updated": "2026-07-27",
        "sources_by_field": {
          "name": "osm"
        },
        "apple_id_attempted": "2026-08-12",
        "google_attempted": "2026-08-12",
        "payment": {}
      }
    },
    {
      "type": "Feature",
      "geometry": {
        "type": "Point",
        "coordinates": [
          10.8622472,
          51.3790691
        ]
      },
      "properties": {
        "id": "tk_thr_osm_n11101110891",
        "name": "Getränkewelt",
        "address": {},
        "sources": [
          {
            "type": "osm",
            "id": "node/11101110891",
            "version": 0
          }
        ],
        "created": "2026-05-29",
        "updated": "2026-07-27",
        "sources_by_field": {
          "name": "osm"
        },
        "apple_id_attempted": "2026-08-12",
        "google_attempted": "2026-08-12",
        "payment": {}
      }
    },
    {
      "type": "Feature",
      "geometry": {
        "type": "Point",
        "coordinates": [
          11.8882365,
          50.9632213
        ]
      },
      "properties": {
        "id": "tk_thr_osm_n11753962881",
        "name": "Huster",
        "address": {},
        "sources": [
          {
            "type": "osm",
            "id": "node/11753962881",
            "version": 0
          }
        ],
        "created": "2026-05-29",
        "updated": "2026-07-27",
        "sources_by_field": {
          "name": "osm"
        },
        "apple_id_attempted": "2026-08-12",
        "google_attempted": "2026-08-12",
        "payment": {}
      }
    },
    {
      "type": "Feature",
      "geometry": {
        "type": "Point",
        "coordinates": [
          10.3157895,
          51.32325
        ]
      },
      "properties": {
        "id": "tk_thr_osm_n11769011213",
        "name": "Logo",
        "address": {},
        "sources": [
          {
            "type": "osm",
            "id": "node/11769011213",
            "version": 0
          }
        ],
        "created": "2026-05-29",
        "updated": "2026-07-27",
        "sources_by_field": {
          "name": "osm"
        },
        "apple_id_attempted": "2026-08-12",
        "google_attempted": "2026-08-12",
        "payment": {}
      }
    },
    {
      "type": "Feature",
      "geometry": {
        "type": "Point",
        "coordinates": [
          10.6830334,
          50.6051334
        ]
      },
      "properties": {
        "id": "tk_thr_osm_n12093330673",
        "name": "Lokschuppen",
        "address": {
          "street": "Bahnhofstraße",
          "number": "28",
          "postalcode": "98527",
          "city": "Suhl"
        },
        "sources": [
          {
            "type": "osm",
            "id": "node/12093330673",
            "version": 0
          }
        ],
        "created": "2026-05-29",
        "updated": "2026-07-27",
        "hours": {
          "raw": "Mo-Fr 06:00-17:00, Sa 08:00-17:00, Su off"
        },
        "payment": {
          "cash": "yes",
          "cards": "yes",
          "contactless": "yes",
          "girocard": "unknown"
        },
        "sources_by_field": {
          "name": "osm",
          "address.street": "osm",
          "address.number": "osm",
          "address.postalcode": "osm",
          "address.city": "osm",
          "hours": "osm",
          "payment.cash": "osm",
          "payment.cards": "osm",
          "payment.contactless": "osm",
          "payment.girocard": "osm"
        },
        "apple_id_attempted": "2026-08-12"
      }
    },
    {
      "type": "Feature",
      "geometry": {
        "type": "Point",
        "coordinates": [
          11.3262238,
          50.6962053
        ]
      },
      "properties": {
        "id": "tk_thr_osm_n12492500377",
        "name": "cigo",
        "address": {},
        "sources": [
          {
            "type": "osm",
            "id": "node/12492500377",
            "version": 0
          }
        ],
        "created": "2026-05-29",
        "updated": "2026-07-27",
        "sources_by_field": {
          "name": "osm"
        },
        "apple_id_attempted": "2026-08-12",
        "google_attempted": "2026-08-12",
        "payment": {}
      }
    },
    {
      "type": "Feature",
      "geometry": {
        "type": "Point",
        "coordinates": [
          10.6584376,
          50.6558627
        ]
      },
      "properties": {
        "id": "tk_thr_osm_n12864934954",
        "name": "EDEKA",
        "address": {},
        "sources": [
          {
            "type": "osm",
            "id": "node/12864934954",
            "version": 0
          }
        ],
        "created": "2026-05-29",
        "updated": "2026-07-27",
        "hours": {
          "raw": "Mo-Sa 07:00-20:00"
        },
        "sources_by_field": {
          "name": "osm",
          "hours": "osm"
        },
        "apple_id_attempted": "2026-08-12",
        "google_attempted": "2026-08-12",
        "payment": {}
      }
    },
    {
      "type": "Feature",
      "geometry": {
        "type": "Point",
        "coordinates": [
          12.0921547,
          50.8801666
        ]
      },
      "properties": {
        "id": "tk_thr_osm_n13089605056",
        "name": "SnackCat 24/7 Automatenkiosk",
        "address": {},
        "sources": [
          {
            "type": "osm",
            "id": "node/13089605056",
            "version": 0
          }
        ],
        "created": "2026-05-29",
        "updated": "2026-07-27",
        "sources_by_field": {
          "name": "osm"
        },
        "apple_id_attempted": "2026-08-12",
        "google_attempted": "2026-08-12",
        "payment": {}
      }
    },
    {
      "type": "Feature",
      "geometry": {
        "type": "Point",
        "coordinates": [
          10.4557735,
          50.5310803
        ]
      },
      "properties": {
        "id": "tk_thr_osm_n13116352168",
        "name": "Sagasser",
        "address": {
          "street": "Einhäuser Straße",
          "number": "8",
          "postalcode": "98617",
          "city": "Obermaßfeld-Grimmenthal"
        },
        "sources": [
          {
            "type": "osm",
            "id": "node/13116352168",
            "version": 0
          }
        ],
        "created": "2026-05-29",
        "updated": "2026-06-15",
        "hours": {
          "raw": "Mo-Fr 08:00-20:00; Sa 08:00-18:00; PH off"
        },
        "sources_by_field": {
          "name": "osm",
          "address.street": "osm",
          "address.number": "osm",
          "address.postalcode": "osm",
          "address.city": "osm",
          "hours": "osm"
        },
        "apple_id_attempted": "2026-08-12",
        "google_attempted": "2026-08-12",
        "payment": {},
        "osm_removed": true
      }
    },
    {
      "type": "Feature",
      "geometry": {
        "type": "Point",
        "coordinates": [
          12.0762335,
          50.8629388
        ]
      },
      "properties": {
        "id": "tk_thr_osm_n1314205686",
        "name": "Huster Getränke",
        "address": {
          "street": "Fröbelstraße",
          "number": "15",
          "postalcode": "07548",
          "city": "Gera"
        },
        "sources": [
          {
            "type": "osm",
            "id": "node/1314205686",
            "version": 0
          }
        ],
        "created": "2026-05-29",
        "updated": "2026-07-27",
        "hours": {
          "raw": "Mo-Fr 08:00-19:00; Sa 08:00-16:00; Su,PH off"
        },
        "tags": [
          "barrierefrei"
        ],
        "sources_by_field": {
          "name": "osm",
          "address.street": "osm",
          "address.number": "osm",
          "address.postalcode": "osm",
          "address.city": "osm",
          "hours": "osm"
        },
        "apple_id_attempted": "2026-08-12",
        "google_attempted": "2026-08-12",
        "payment": {}
      }
    },
    {
      "type": "Feature",
      "geometry": {
        "type": "Point",
        "coordinates": [
          10.1235986,
          50.8238378
        ]
      },
      "properties": {
        "id": "tk_thr_osm_n13232482974",
        "name": "Sagasser",
        "address": {
          "street": "Zufahrtstraße",
          "number": "1a",
          "postalcode": "36460",
          "city": "Krayenberggemeinde",
          "district": "Merkers"
        },
        "sources": [
          {
            "type": "osm",
            "id": "node/13232482974",
            "version": 0
          }
        ],
        "created": "2026-05-29",
        "updated": "2026-06-15",
        "sources_by_field": {
          "name": "osm",
          "address.street": "osm",
          "address.number": "osm",
          "address.postalcode": "osm",
          "address.city": "osm",
          "address.district": "osm"
        },
        "apple_id_attempted": "2026-08-12",
        "google_attempted": "2026-08-12",
        "payment": {},
        "osm_removed": true
      }
    },
    {
      "type": "Feature",
      "geometry": {
        "type": "Point",
        "coordinates": [
          11.1558738,
          50.4357591
        ]
      },
      "properties": {
        "id": "tk_thr_osm_n13476111399",
        "name": "Sagasser",
        "address": {
          "street": "Eichhornsgasse",
          "number": "4",
          "postalcode": "96523",
          "city": "Steinach"
        },
        "sources": [
          {
            "type": "osm",
            "id": "node/13476111399",
            "version": 0
          }
        ],
        "created": "2026-05-29",
        "updated": "2026-06-15",
        "hours": {
          "raw": "Mo-Fr 08:00-19:00; Sa 08:00-13:00; Su,PH off"
        },
        "tags": [
          "barrierefrei"
        ],
        "sources_by_field": {
          "name": "osm",
          "address.street": "osm",
          "address.number": "osm",
          "address.postalcode": "osm",
          "address.city": "osm",
          "hours": "osm"
        },
        "apple_id_attempted": "2026-08-12",
        "google_attempted": "2026-08-12",
        "payment": {},
        "osm_removed": true
      }
    },
    {
      "type": "Feature",
      "geometry": {
        "type": "Point",
        "coordinates": [
          11.3347669,
          50.715128
        ]
      },
      "properties": {
        "id": "tk_thr_osm_n1349440809",
        "name": "Rolschter Sportsbar",
        "address": {},
        "sources": [
          {
            "type": "osm",
            "id": "node/1349440809",
            "version": 0
          }
        ],
        "created": "2026-05-29",
        "updated": "2026-07-27",
        "hours": {
          "raw": "Mo-Fr 17:00-23:00; Sa 15:00+"
        },
        "tags": [
          "draussen"
        ],
        "sources_by_field": {
          "name": "osm",
          "hours": "osm"
        },
        "apple_id_attempted": "2026-08-12",
        "google_attempted": "2026-08-12",
        "payment": {}
      }
    },
    {
      "type": "Feature",
      "geometry": {
        "type": "Point",
        "coordinates": [
          10.7175719,
          50.9510933
        ]
      },
      "properties": {
        "id": "tk_thr_osm_n13614777787",
        "name": "Sagasser",
        "address": {},
        "sources": [
          {
            "type": "osm",
            "id": "node/13614777787",
            "version": 0
          },
          {
            "type": "gmaps",
            "id": "ChIJUZG_JgB7pEcRxDiSUz4Uh7g"
          }
        ],
        "created": "2026-05-29",
        "updated": "2026-08-12",
        "sources_by_field": {
          "name": "osm",
          "payment.cards": "google",
          "payment.contactless": "google",
          "payment.girocard": "google",
          "hours": "google"
        },
        "apple_id_attempted": "2026-08-12",
        "google_attempted": "2026-08-12",
        "payment": {
          "cards": "yes",
          "contactless": "yes",
          "girocard": "yes"
        },
        "osm_removed": true,
        "hours": {
          "raw": "Tu 08:00-19:00; Th 08:00-19:00; Fr 08:00-19:00; We 08:00-19:00; Mo 08:00-19:00; Sa 08:00-18:00"
        }
      }
    },
    {
      "type": "Feature",
      "geometry": {
        "type": "Point",
        "coordinates": [
          12.0431286,
          50.7768633
        ]
      },
      "properties": {
        "id": "tk_thr_osm_n1401021433",
        "name": "Getränkewelt",
        "address": {
          "street": "Neustädter Straße",
          "number": "77",
          "postalcode": "07570",
          "city": "Weida"
        },
        "sources": [
          {
            "type": "osm",
            "id": "node/1401021433",
            "version": 0
          }
        ],
        "created": "2026-05-29",
        "updated": "2026-06-15",
        "hours": {
          "raw": "Mo-Fr 09:00-19:00; Sa 09:00-16:00; Su,PH off"
        },
        "tags": [
          "barrierefrei"
        ],
        "sources_by_field": {
          "name": "osm",
          "address.street": "osm",
          "address.number": "osm",
          "address.postalcode": "osm",
          "address.city": "osm",
          "hours": "osm"
        },
        "apple_id_attempted": "2026-08-12",
        "google_attempted": "2026-08-12",
        "payment": {},
        "osm_removed": true
      }
    },
    {
      "type": "Feature",
      "geometry": {
        "type": "Point",
        "coordinates": [
          10.9970109,
          50.4016972
        ]
      },
      "properties": {
        "id": "tk_thr_osm_n1544896870",
        "name": "Getränke Paradies",
        "address": {
          "street": "Eisfelder Straße",
          "number": "34",
          "postalcode": "96528",
          "city": "Schalkau"
        },
        "sources": [
          {
            "type": "osm",
            "id": "node/1544896870",
            "version": 0
          }
        ],
        "created": "2026-05-29",
        "updated": "2026-07-27",
        "hours": {
          "raw": "Mo 10:00-19:00; Tu-Fr 08:45-19:00; Sa 08:45-14:00"
        },
        "tags": [
          "barrierefrei"
        ],
        "sources_by_field": {
          "name": "osm",
          "address.street": "osm",
          "address.number": "osm",
          "address.postalcode": "osm",
          "address.city": "osm",
          "hours": "osm"
        },
        "apple_id_attempted": "2026-08-12",
        "google_attempted": "2026-08-12",
        "payment": {}
      }
    },
    {
      "type": "Feature",
      "geometry": {
        "type": "Point",
        "coordinates": [
          11.8147383,
          50.6432344
        ]
      },
      "properties": {
        "id": "tk_thr_osm_n1700656893",
        "name": "OIL!",
        "address": {
          "street": "Plothener Straße",
          "number": "1",
          "postalcode": "07907",
          "city": "Dittersdorf"
        },
        "sources": [
          {
            "type": "osm",
            "id": "node/1700656893",
            "version": 0
          }
        ],
        "created": "2026-05-29",
        "updated": "2026-07-27",
        "hours": {
          "raw": "Mo-Fr 06:30-19:00; Sa 07:00-14:30; Su,PH 08:00-13:00"
        },
        "sources_by_field": {
          "name": "osm",
          "address.street": "osm",
          "address.number": "osm",
          "address.postalcode": "osm",
          "address.city": "osm",
          "hours": "osm"
        },
        "apple_id_attempted": "2026-08-12",
        "google_attempted": "2026-08-12",
        "payment": {}
      }
    },
    {
      "type": "Feature",
      "geometry": {
        "type": "Point",
        "coordinates": [
          10.7448565,
          51.3947684
        ]
      },
      "properties": {
        "id": "tk_thr_osm_n1747408321",
        "name": "Rodelbahn",
        "address": {},
        "sources": [
          {
            "type": "osm",
            "id": "node/1747408321",
            "version": 0
          }
        ],
        "created": "2026-05-29",
        "updated": "2026-07-27",
        "sources_by_field": {
          "name": "osm"
        },
        "apple_id_attempted": "2026-08-12",
        "google_attempted": "2026-08-12",
        "payment": {}
      }
    },
    {
      "type": "Feature",
      "geometry": {
        "type": "Point",
        "coordinates": [
          12.0777735,
          50.8832459
        ]
      },
      "properties": {
        "id": "tk_thr_osm_n1867690287",
        "name": "ServiceStore DB",
        "address": {},
        "sources": [
          {
            "type": "osm",
            "id": "node/1867690287",
            "version": 0
          }
        ],
        "created": "2026-05-29",
        "updated": "2026-07-27",
        "hours": {
          "raw": "Mo-Fr 06:00-19:00; Sa 08:00-18:00;Su 08:00-20:00;PH 08:00-18:00"
        },
        "tags": [
          "barrierefrei"
        ],
        "sources_by_field": {
          "name": "osm",
          "hours": "osm"
        },
        "apple_id_attempted": "2026-08-12",
        "google_attempted": "2026-08-12",
        "payment": {}
      }
    },
    {
      "type": "Feature",
      "geometry": {
        "type": "Point",
        "coordinates": [
          10.4687979,
          50.716982
        ]
      },
      "properties": {
        "id": "tk_thr_osm_n1879814665",
        "name": "Heimatland",
        "address": {
          "street": "Näherstiller Straße",
          "number": "47",
          "postalcode": "98574",
          "city": "Schmalkalden"
        },
        "sources": [
          {
            "type": "osm",
            "id": "node/1879814665",
            "version": 0
          }
        ],
        "created": "2026-05-29",
        "updated": "2026-07-27",
        "tags": [
          "barrierefrei"
        ],
        "sources_by_field": {
          "name": "osm",
          "address.street": "osm",
          "address.number": "osm",
          "address.postalcode": "osm",
          "address.city": "osm"
        },
        "apple_id_attempted": "2026-08-12",
        "google_attempted": "2026-08-12",
        "payment": {}
      }
    },
    {
      "type": "Feature",
      "geometry": {
        "type": "Point",
        "coordinates": [
          10.481191,
          50.7062
        ]
      },
      "properties": {
        "id": "tk_thr_osm_n2006773348",
        "name": "bft-Tankstelle",
        "address": {
          "street": "Suhler Straße",
          "number": "1a",
          "postalcode": "98574",
          "city": "Schmalkalden",
          "district": "Mittelstille"
        },
        "sources": [
          {
            "type": "osm",
            "id": "node/2006773348",
            "version": 0
          }
        ],
        "created": "2026-05-29",
        "updated": "2026-07-27",
        "hours": {
          "raw": "Mo-Fr 05:00-21:00; Sa,Su,PH 07:00-21:00"
        },
        "sources_by_field": {
          "name": "osm",
          "address.street": "osm",
          "address.number": "osm",
          "address.postalcode": "osm",
          "address.city": "osm",
          "address.district": "osm",
          "hours": "osm"
        },
        "apple_id_attempted": "2026-08-12",
        "google_attempted": "2026-08-12",
        "payment": {}
      }
    },
    {
      "type": "Feature",
      "geometry": {
        "type": "Point",
        "coordinates": [
          10.316901,
          50.9934355
        ]
      },
      "properties": {
        "id": "tk_thr_osm_n205192212",
        "name": "Marktkauf",
        "address": {},
        "sources": [
          {
            "type": "osm",
            "id": "node/205192212",
            "version": 0
          }
        ],
        "created": "2026-05-29",
        "updated": "2026-07-27",
        "hours": {
          "raw": "Mo-Sa 08:00-20:00"
        },
        "tags": [
          "barrierefrei"
        ],
        "sources_by_field": {
          "name": "osm",
          "hours": "osm"
        },
        "apple_id_attempted": "2026-08-12",
        "google_attempted": "2026-08-12",
        "payment": {}
      }
    },
    {
      "type": "Feature",
      "geometry": {
        "type": "Point",
        "coordinates": [
          11.6509837,
          50.4496021
        ]
      },
      "properties": {
        "id": "tk_thr_osm_n2093490593",
        "name": "Markgrafen Getränke",
        "address": {
          "street": "Langer Weg",
          "number": "9 b",
          "postalcode": "07356",
          "city": "Bad Lobenstein"
        },
        "sources": [
          {
            "type": "osm",
            "id": "node/2093490593",
            "version": 0
          }
        ],
        "created": "2026-05-29",
        "updated": "2026-07-27",
        "hours": {
          "raw": "Mo-Fr 08:30-18:30; Sa 08:00-12:00; Su,PH off"
        },
        "sources_by_field": {
          "name": "osm",
          "address.street": "osm",
          "address.number": "osm",
          "address.postalcode": "osm",
          "address.city": "osm",
          "hours": "osm"
        },
        "apple_id_attempted": "2026-08-12",
        "google_attempted": "2026-08-12",
        "payment": {}
      }
    },
    {
      "type": "Feature",
      "geometry": {
        "type": "Point",
        "coordinates": [
          11.5932352,
          50.6948384
        ]
      },
      "properties": {
        "id": "tk_thr_osm_n2260757360",
        "name": "Lotto Thüringen",
        "address": {
          "street": "Breite Straße",
          "number": "16",
          "postalcode": "07381",
          "city": "Pößneck"
        },
        "sources": [
          {
            "type": "osm",
            "id": "node/2260757360",
            "version": 0
          }
        ],
        "created": "2026-05-29",
        "updated": "2026-07-27",
        "hours": {
          "raw": "Mo-Fr 08:29-17:30; Sa 09:00-12:00"
        },
        "sources_by_field": {
          "name": "osm",
          "address.street": "osm",
          "address.number": "osm",
          "address.postalcode": "osm",
          "address.city": "osm",
          "hours": "osm"
        },
        "apple_id_attempted": "2026-08-12",
        "google_attempted": "2026-08-12",
        "payment": {}
      }
    },
    {
      "type": "Feature",
      "geometry": {
        "type": "Point",
        "coordinates": [
          11.6591035,
          50.5288174
        ]
      },
      "properties": {
        "id": "tk_thr_osm_n2404119521",
        "name": "Katrin's Lädchen",
        "address": {},
        "sources": [
          {
            "type": "osm",
            "id": "node/2404119521",
            "version": 0
          }
        ],
        "created": "2026-05-29",
        "updated": "2026-07-27",
        "sources_by_field": {
          "name": "osm"
        },
        "apple_id_attempted": "2026-08-12",
        "google_attempted": "2026-08-12",
        "payment": {}
      }
    },
    {
      "type": "Feature",
      "geometry": {
        "type": "Point",
        "coordinates": [
          10.442676,
          51.21944
        ]
      },
      "properties": {
        "id": "tk_thr_osm_n2414255449",
        "name": "Alter Tankstellenkiosk",
        "address": {},
        "sources": [
          {
            "type": "osm",
            "id": "node/2414255449",
            "version": 0
          }
        ],
        "created": "2026-05-29",
        "updated": "2026-07-27",
        "tags": [
          "barrierefrei"
        ],
        "sources_by_field": {
          "name": "osm"
        },
        "apple_id_attempted": "2026-08-12",
        "google_attempted": "2026-08-12",
        "payment": {}
      }
    },
    {
      "type": "Feature",
      "geometry": {
        "type": "Point",
        "coordinates": [
          11.2510727,
          51.1845355
        ]
      },
      "properties": {
        "id": "tk_thr_osm_n2505019256",
        "name": "Getränkequelle",
        "address": {},
        "sources": [
          {
            "type": "osm",
            "id": "node/2505019256",
            "version": 0
          }
        ],
        "created": "2026-05-29",
        "updated": "2026-07-27",
        "sources_by_field": {
          "name": "osm"
        },
        "apple_id_attempted": "2026-08-12",
        "google_attempted": "2026-08-12",
        "payment": {}
      }
    },
    {
      "type": "Feature",
      "geometry": {
        "type": "Point",
        "coordinates": [
          10.3235382,
          50.8014547
        ]
      },
      "properties": {
        "id": "tk_thr_osm_n258902240",
        "name": "Walther",
        "address": {},
        "sources": [
          {
            "type": "osm",
            "id": "node/258902240",
            "version": 0
          }
        ],
        "created": "2026-05-29",
        "updated": "2026-07-27",
        "hours": {
          "raw": "Mo-Fr 06:00-22:00; Sa 07:00-22:00; Su 08:00-22:00"
        },
        "sources_by_field": {
          "name": "osm",
          "hours": "osm"
        },
        "apple_id_attempted": "2026-08-12",
        "google_attempted": "2026-08-12",
        "payment": {}
      }
    },
    {
      "type": "Feature",
      "geometry": {
        "type": "Point",
        "coordinates": [
          10.9441725,
          50.8345696
        ]
      },
      "properties": {
        "id": "tk_thr_osm_n2929614220",
        "name": "Arnstadt Drinks",
        "address": {},
        "sources": [
          {
            "type": "osm",
            "id": "node/2929614220",
            "version": 0
          }
        ],
        "created": "2026-05-29",
        "updated": "2026-07-27",
        "hours": {
          "raw": "Mo-Sa 13:00-18:00"
        },
        "sources_by_field": {
          "name": "osm",
          "hours": "osm"
        },
        "apple_id_attempted": "2026-08-12",
        "google_attempted": "2026-08-12",
        "payment": {}
      }
    },
    {
      "type": "Feature",
      "geometry": {
        "type": "Point",
        "coordinates": [
          11.0962656,
          51.3583591
        ]
      },
      "properties": {
        "id": "tk_thr_osm_n299435362",
        "name": "Krankenhauskiosk",
        "address": {},
        "sources": [
          {
            "type": "osm",
            "id": "node/299435362",
            "version": 0
          }
        ],
        "created": "2026-05-29",
        "updated": "2026-07-27",
        "sources_by_field": {
          "name": "osm"
        },
        "apple_id_attempted": "2026-08-12",
        "google_attempted": "2026-08-12",
        "payment": {}
      }
    },
    {
      "type": "Feature",
      "geometry": {
        "type": "Point",
        "coordinates": [
          10.9334946,
          50.568244
        ]
      },
      "properties": {
        "id": "tk_thr_osm_n2996764733",
        "name": "Getränkehandel Heinz",
        "address": {
          "street": "Kahlert",
          "number": "2",
          "postalcode": "98701",
          "city": "Großbreitenbach",
          "district": "Kahlert"
        },
        "sources": [
          {
            "type": "osm",
            "id": "node/2996764733",
            "version": 0
          }
        ],
        "created": "2026-05-29",
        "updated": "2026-07-27",
        "sources_by_field": {
          "name": "osm",
          "address.street": "osm",
          "address.number": "osm",
          "address.postalcode": "osm",
          "address.city": "osm",
          "address.district": "osm"
        },
        "apple_id_attempted": "2026-08-12",
        "google_attempted": "2026-08-21",
        "payment": {}
      }
    },
    {
      "type": "Feature",
      "geometry": {
        "type": "Point",
        "coordinates": [
          12.169434,
          50.8783231
        ]
      },
      "properties": {
        "id": "tk_thr_osm_n3070761339",
        "name": "Getränkewelt",
        "address": {
          "street": "Wiesenring",
          "number": "13",
          "postalcode": "07554",
          "city": "Korbußen"
        },
        "sources": [
          {
            "type": "osm",
            "id": "node/3070761339",
            "version": 0
          }
        ],
        "created": "2026-05-29",
        "updated": "2026-07-27",
        "hours": {
          "raw": "Mo-Fr 09:00-18:00; Sa 09:00-12:00; Su,PH off"
        },
        "sources_by_field": {
          "name": "osm",
          "address.street": "osm",
          "address.number": "osm",
          "address.postalcode": "osm",
          "address.city": "osm",
          "hours": "osm"
        },
        "apple_id_attempted": "2026-08-12",
        "google_attempted": "2026-08-21",
        "payment": {}
      }
    },
    {
      "type": "Feature",
      "geometry": {
        "type": "Point",
        "coordinates": [
          12.0550767,
          50.9187604
        ]
      },
      "properties": {
        "id": "tk_thr_osm_n3084548891",
        "name": "Getränkewelt",
        "address": {
          "street": "Langenberger Straße",
          "number": "21",
          "postalcode": "07552",
          "city": "Gera",
          "district": "Langenberg"
        },
        "sources": [
          {
            "type": "osm",
            "id": "node/3084548891",
            "version": 0
          }
        ],
        "created": "2026-05-29",
        "updated": "2026-07-27",
        "hours": {
          "raw": "Mo-Fr 08:00-19:00; Sa 08:00-14:00; Su,PH off"
        },
        "sources_by_field": {
          "name": "osm",
          "address.street": "osm",
          "address.number": "osm",
          "address.postalcode": "osm",
          "address.city": "osm",
          "address.district": "osm",
          "hours": "osm"
        },
        "apple_id_attempted": "2026-08-12",
        "google_attempted": "2026-08-21",
        "payment": {}
      }
    },
    {
      "type": "Feature",
      "geometry": {
        "type": "Point",
        "coordinates": [
          10.8353007,
          51.5660583
        ]
      },
      "properties": {
        "id": "tk_thr_osm_n3101293221",
        "name": "Gondelteich",
        "address": {},
        "sources": [
          {
            "type": "osm",
            "id": "node/3101293221",
            "version": 0
          }
        ],
        "created": "2026-05-29",
        "updated": "2026-07-27",
        "sources_by_field": {
          "name": "osm"
        },
        "apple_id_attempted": "2026-08-12",
        "google_attempted": "2026-08-21",
        "payment": {}
      }
    },
    {
      "type": "Feature",
      "geometry": {
        "type": "Point",
        "coordinates": [
          10.4566325,
          51.2075521
        ]
      },
      "properties": {
        "id": "tk_thr_osm_n3110641129",
        "name": "Glücksoase",
        "address": {},
        "sources": [
          {
            "type": "osm",
            "id": "node/3110641129",
            "version": 0
          }
        ],
        "created": "2026-05-29",
        "updated": "2026-07-27",
        "sources_by_field": {
          "name": "osm"
        },
        "apple_id_attempted": "2026-08-12",
        "google_attempted": "2026-08-21",
        "payment": {}
      }
    },
    {
      "type": "Feature",
      "geometry": {
        "type": "Point",
        "coordinates": [
          10.6004311,
          50.65055
        ]
      },
      "properties": {
        "id": "tk_thr_osm_n3310759114",
        "name": "Rohrer Getränkevertrieb GmbH",
        "address": {},
        "sources": [
          {
            "type": "osm",
            "id": "node/3310759114",
            "version": 0
          }
        ],
        "created": "2026-05-29",
        "updated": "2026-07-27",
        "sources_by_field": {
          "name": "osm"
        },
        "apple_id_attempted": "2026-08-12",
        "google_attempted": "2026-08-21",
        "payment": {}
      }
    },
    {
      "type": "Feature",
      "geometry": {
        "type": "Point",
        "coordinates": [
          11.8726097,
          50.9231255
        ]
      },
      "properties": {
        "id": "tk_thr_osm_n3377083584",
        "name": "Sagasser",
        "address": {
          "street": "An den Brandeichen",
          "number": "2",
          "postalcode": "07639",
          "city": "Weißenborn"
        },
        "sources": [
          {
            "type": "osm",
            "id": "node/3377083584",
            "version": 0
          }
        ],
        "created": "2026-05-29",
        "updated": "2026-06-15",
        "hours": {
          "raw": "Mo-Fr 08:30-18:30; Sa 08:00-14:00"
        },
        "tags": [
          "barrierefrei"
        ],
        "sources_by_field": {
          "name": "osm",
          "address.street": "osm",
          "address.number": "osm",
          "address.postalcode": "osm",
          "address.city": "osm",
          "hours": "osm"
        },
        "apple_id_attempted": "2026-08-12",
        "google_attempted": "2026-08-21",
        "payment": {},
        "osm_removed": true
      }
    },
    {
      "type": "Feature",
      "geometry": {
        "type": "Point",
        "coordinates": [
          10.3277927,
          51.3881699
        ]
      },
      "properties": {
        "id": "tk_thr_osm_n3431375924",
        "name": "K kiosk",
        "address": {
          "street": "Bahnhofstraße",
          "number": "48",
          "postalcode": "37327",
          "city": "Leinefelde-Worbis",
          "district": "Leinefelde"
        },
        "sources": [
          {
            "type": "osm",
            "id": "node/3431375924",
            "version": 0
          }
        ],
        "created": "2026-05-29",
        "updated": "2026-07-27",
        "hours": {
          "raw": "Mo-Sa 09:00-18:00"
        },
        "sources_by_field": {
          "name": "osm",
          "address.street": "osm",
          "address.number": "osm",
          "address.postalcode": "osm",
          "address.city": "osm",
          "address.district": "osm",
          "hours": "osm"
        },
        "apple_id_attempted": "2026-08-12",
        "google_attempted": "2026-08-21",
        "payment": {}
      }
    },
    {
      "type": "Feature",
      "geometry": {
        "type": "Point",
        "coordinates": [
          11.3242178,
          50.6911075
        ]
      },
      "properties": {
        "id": "tk_thr_osm_n3451628851",
        "name": "Sagasser",
        "address": {
          "street": "Anne-Frank-Straße",
          "number": "1",
          "postalcode": "07407",
          "city": "Rudolstadt"
        },
        "sources": [
          {
            "type": "osm",
            "id": "node/3451628851",
            "version": 0
          }
        ],
        "created": "2026-05-29",
        "updated": "2026-06-15",
        "hours": {
          "raw": "Mo-Sa 08:00-20:00; PH off"
        },
        "tags": [
          "barrierefrei"
        ],
        "sources_by_field": {
          "name": "osm",
          "address.street": "osm",
          "address.number": "osm",
          "address.postalcode": "osm",
          "address.city": "osm",
          "hours": "osm"
        },
        "apple_id_attempted": "2026-08-12",
        "google_attempted": "2026-08-21",
        "payment": {},
        "osm_removed": true
      }
    },
    {
      "type": "Feature",
      "geometry": {
        "type": "Point",
        "coordinates": [
          10.1246243,
          51.3769237
        ]
      },
      "properties": {
        "id": "tk_thr_osm_n3647653126",
        "name": "Bahnhos Eck",
        "address": {
          "street": "Bahnhofsplatz",
          "postalcode": "37308",
          "city": "Heilbad Heiligenstadt"
        },
        "sources": [
          {
            "type": "osm",
            "id": "node/3647653126",
            "version": 0
          }
        ],
        "created": "2026-05-29",
        "updated": "2026-07-27",
        "hours": {
          "raw": "Mo-Fr 09:00-16:00; PH off"
        },
        "sources_by_field": {
          "name": "osm",
          "address.street": "osm",
          "address.postalcode": "osm",
          "address.city": "osm",
          "hours": "osm"
        },
        "apple_id_attempted": "2026-08-12",
        "google_attempted": "2026-08-21",
        "payment": {}
      }
    },
    {
      "type": "Feature",
      "geometry": {
        "type": "Point",
        "coordinates": [
          11.622511,
          50.7024077
        ]
      },
      "properties": {
        "id": "tk_thr_osm_n3703722344",
        "name": "Sagasser",
        "address": {
          "street": "Weidenäckerstraße",
          "number": "2",
          "postalcode": "07381",
          "city": "Pößneck"
        },
        "sources": [
          {
            "type": "osm",
            "id": "node/3703722344",
            "version": 0
          }
        ],
        "created": "2026-05-29",
        "updated": "2026-06-15",
        "sources_by_field": {
          "name": "osm",
          "address.street": "osm",
          "address.number": "osm",
          "address.postalcode": "osm",
          "address.city": "osm"
        },
        "apple_id_attempted": "2026-08-12",
        "google_attempted": "2026-08-21",
        "payment": {},
        "osm_removed": true
      }
    },
    {
      "type": "Feature",
      "geometry": {
        "type": "Point",
        "coordinates": [
          10.0752081,
          50.9456451
        ]
      },
      "properties": {
        "id": "tk_thr_osm_n3791150312",
        "name": "Logo",
        "address": {
          "street": "Wildecker Straße",
          "number": "15",
          "postalcode": "99837",
          "city": "Werra-Suhl-Tal",
          "district": "Berka/Werra"
        },
        "sources": [
          {
            "type": "osm",
            "id": "node/3791150312",
            "version": 0
          }
        ],
        "created": "2026-05-29",
        "updated": "2026-06-15",
        "hours": {
          "raw": "Mo-Sa 08:30-19:00; PH off"
        },
        "sources_by_field": {
          "name": "osm",
          "address.street": "osm",
          "address.number": "osm",
          "address.postalcode": "osm",
          "address.city": "osm",
          "address.district": "osm",
          "hours": "osm"
        },
        "apple_id_attempted": "2026-08-12",
        "google_attempted": "2026-08-21",
        "payment": {},
        "osm_removed": true
      }
    },
    {
      "type": "Feature",
      "geometry": {
        "type": "Point",
        "coordinates": [
          12.1291833,
          50.8972314
        ]
      },
      "properties": {
        "id": "tk_thr_osm_n4068500688",
        "name": "Getränke Shop Gerhardt",
        "address": {
          "street": "Trebnitz",
          "number": "65",
          "postalcode": "07554",
          "city": "Gera",
          "district": "Trebnitz"
        },
        "sources": [
          {
            "type": "osm",
            "id": "node/4068500688",
            "version": 0
          }
        ],
        "created": "2026-05-29",
        "updated": "2026-07-27",
        "sources_by_field": {
          "name": "osm",
          "address.street": "osm",
          "address.number": "osm",
          "address.postalcode": "osm",
          "address.city": "osm",
          "address.district": "osm"
        },
        "apple_id_attempted": "2026-08-12",
        "google_attempted": "2026-08-21",
        "payment": {}
      }
    },
    {
      "type": "Feature",
      "geometry": {
        "type": "Point",
        "coordinates": [
          10.6337109,
          51.5455314
        ]
      },
      "properties": {
        "id": "tk_thr_osm_n4084043157",
        "name": "Köhler",
        "address": {},
        "sources": [
          {
            "type": "osm",
            "id": "node/4084043157",
            "version": 0
          }
        ],
        "created": "2026-05-29",
        "updated": "2026-07-27",
        "sources_by_field": {
          "name": "osm"
        },
        "apple_id_attempted": "2026-08-12",
        "google_attempted": "2026-08-21",
        "payment": {}
      }
    },
    {
      "type": "Feature",
      "geometry": {
        "type": "Point",
        "coordinates": [
          11.0409731,
          50.40987
        ]
      },
      "properties": {
        "id": "tk_thr_osm_n411501128",
        "name": "Sagasser",
        "address": {
          "street": "Bahnhofstraße",
          "number": "70",
          "postalcode": "96528",
          "city": "Frankenblick",
          "district": "Rauenstein"
        },
        "sources": [
          {
            "type": "osm",
            "id": "node/411501128",
            "version": 0
          }
        ],
        "created": "2026-05-29",
        "updated": "2026-06-15",
        "hours": {
          "raw": "Mo-Fr 09:00-18:30; Sa 09:00-13:00; Su,PH off"
        },
        "tags": [
          "barrierefrei"
        ],
        "sources_by_field": {
          "name": "osm",
          "address.street": "osm",
          "address.number": "osm",
          "address.postalcode": "osm",
          "address.city": "osm",
          "address.district": "osm",
          "hours": "osm"
        },
        "apple_id_attempted": "2026-08-12",
        "google_attempted": "2026-08-21",
        "payment": {},
        "osm_removed": true
      }
    },
    {
      "type": "Feature",
      "geometry": {
        "type": "Point",
        "coordinates": [
          10.4114704,
          50.5622731
        ]
      },
      "properties": {
        "id": "tk_thr_osm_n419159671",
        "name": "Sagasser",
        "address": {},
        "sources": [
          {
            "type": "osm",
            "id": "node/419159671",
            "version": 0
          }
        ],
        "created": "2026-05-29",
        "updated": "2026-06-15",
        "hours": {
          "raw": "Mo-Fr 08:00-20:00; Sa 08:00-18:00"
        },
        "sources_by_field": {
          "name": "osm",
          "hours": "osm"
        },
        "apple_id_attempted": "2026-08-12",
        "google_attempted": "2026-08-21",
        "payment": {},
        "osm_removed": true
      }
    },
    {
      "type": "Feature",
      "geometry": {
        "type": "Point",
        "coordinates": [
          10.766903,
          50.8979141
        ]
      },
      "properties": {
        "id": "tk_thr_osm_n4197814591",
        "name": "Sagasser",
        "address": {
          "street": "Am Oberried",
          "number": "8",
          "postalcode": "99869",
          "city": "Drei Gleichen",
          "district": "Günthersleben"
        },
        "sources": [
          {
            "type": "osm",
            "id": "node/4197814591",
            "version": 0
          }
        ],
        "created": "2026-05-29",
        "updated": "2026-06-15",
        "hours": {
          "raw": "Mo-Fr 09:00-19:00; Sa 08:00-14:00; Su,PH off"
        },
        "tags": [
          "barrierefrei"
        ],
        "sources_by_field": {
          "name": "osm",
          "address.street": "osm",
          "address.number": "osm",
          "address.postalcode": "osm",
          "address.city": "osm",
          "address.district": "osm",
          "hours": "osm"
        },
        "apple_id_attempted": "2026-08-12",
        "google_attempted": "2026-08-21",
        "payment": {},
        "osm_removed": true
      }
    },
    {
      "type": "Feature",
      "geometry": {
        "type": "Point",
        "coordinates": [
          11.8000313,
          50.574037
        ]
      },
      "properties": {
        "id": "tk_thr_osm_n4334458579",
        "name": "Sagasser",
        "address": {
          "street": "Oschitzer Straße",
          "number": "33",
          "postalcode": "07907",
          "city": "Schleiz"
        },
        "sources": [
          {
            "type": "osm",
            "id": "node/4334458579",
            "version": 0
          }
        ],
        "created": "2026-05-29",
        "updated": "2026-06-15",
        "hours": {
          "raw": "Mo-Fr 09:00-19:00; Sa 09:00-18:00"
        },
        "sources_by_field": {
          "name": "osm",
          "address.street": "osm",
          "address.number": "osm",
          "address.postalcode": "osm",
          "address.city": "osm",
          "hours": "osm"
        },
        "apple_id_attempted": "2026-08-12",
        "google_attempted": "2026-08-21",
        "payment": {},
        "osm_removed": true
      }
    },
    {
      "type": "Feature",
      "geometry": {
        "type": "Point",
        "coordinates": [
          10.7089537,
          50.4201271
        ]
      },
      "properties": {
        "id": "tk_thr_osm_n4588186901",
        "name": "Sagasser",
        "address": {},
        "sources": [
          {
            "type": "osm",
            "id": "node/4588186901",
            "version": 0
          }
        ],
        "created": "2026-05-29",
        "updated": "2026-06-15",
        "hours": {
          "raw": "Mo-Sa 08:00-20:00; PH off"
        },
        "sources_by_field": {
          "name": "osm",
          "hours": "osm"
        },
        "apple_id_attempted": "2026-08-12",
        "google_attempted": "2026-08-21",
        "payment": {},
        "osm_removed": true
      }
    },
    {
      "type": "Feature",
      "geometry": {
        "type": "Point",
        "coordinates": [
          11.0033921,
          50.6462947
        ]
      },
      "properties": {
        "id": "tk_thr_osm_n5245536721",
        "name": "Sagasser",
        "address": {
          "street": "Amtsstraße",
          "number": "11-13",
          "postalcode": "98694",
          "city": "Ilmenau",
          "district": "Gehren"
        },
        "sources": [
          {
            "type": "osm",
            "id": "node/5245536721",
            "version": 0
          }
        ],
        "created": "2026-05-29",
        "updated": "2026-06-15",
        "hours": {
          "raw": "Mo-Fr 08:00-19:00; Sa 08:00-16:00; PH off"
        },
        "sources_by_field": {
          "name": "osm",
          "address.street": "osm",
          "address.number": "osm",
          "address.postalcode": "osm",
          "address.city": "osm",
          "address.district": "osm",
          "hours": "osm"
        },
        "apple_id_attempted": "2026-08-12",
        "google_attempted": "2026-08-21",
        "payment": {},
        "osm_removed": true
      }
    },
    {
      "type": "Feature",
      "geometry": {
        "type": "Point",
        "coordinates": [
          10.343915,
          50.9789269
        ]
      },
      "properties": {
        "id": "tk_thr_osm_n527940157",
        "name": "Getränkehalle",
        "address": {
          "street": "Langensalzaer Straße",
          "number": "45",
          "postalcode": "99817",
          "city": "Eisenach"
        },
        "sources": [
          {
            "type": "osm",
            "id": "node/527940157",
            "version": 0
          }
        ],
        "created": "2026-05-29",
        "updated": "2026-07-27",
        "hours": {
          "raw": "Mo-Fr 09:00-19:00; Sa 09:00-16:00"
        },
        "tags": [
          "barrierefrei"
        ],
        "sources_by_field": {
          "name": "osm",
          "address.street": "osm",
          "address.number": "osm",
          "address.postalcode": "osm",
          "address.city": "osm",
          "hours": "osm"
        },
        "apple_id_attempted": "2026-08-12",
        "google_attempted": "2026-08-21",
        "payment": {}
      }
    },
    {
      "type": "Feature",
      "geometry": {
        "type": "Point",
        "coordinates": [
          10.7932599,
          50.782405
        ]
      },
      "properties": {
        "id": "tk_thr_osm_n5331032094",
        "name": "Ute Kloß Getränkehandel",
        "address": {
          "street": "Gosseler Straße",
          "number": "15 B",
          "postalcode": "99885",
          "city": "Ohrdruf",
          "district": "Crawinkel"
        },
        "sources": [
          {
            "type": "osm",
            "id": "node/5331032094",
            "version": 0
          }
        ],
        "created": "2026-05-29",
        "updated": "2026-07-27",
        "sources_by_field": {
          "name": "osm",
          "address.street": "osm",
          "address.number": "osm",
          "address.postalcode": "osm",
          "address.city": "osm",
          "address.district": "osm"
        },
        "apple_id_attempted": "2026-08-12",
        "google_attempted": "2026-08-21",
        "payment": {}
      }
    },
    {
      "type": "Feature",
      "geometry": {
        "type": "Point",
        "coordinates": [
          11.0075694,
          50.5821133
        ]
      },
      "properties": {
        "id": "tk_thr_osm_n5338540821",
        "name": "Weinhandlung Machholdt",
        "address": {},
        "sources": [
          {
            "type": "osm",
            "id": "node/5338540821",
            "version": 0
          }
        ],
        "created": "2026-05-29",
        "updated": "2026-07-27",
        "sources_by_field": {
          "name": "osm"
        },
        "apple_id_attempted": "2026-08-12",
        "google_attempted": "2026-08-21",
        "payment": {}
      }
    },
    {
      "type": "Feature",
      "geometry": {
        "type": "Point",
        "coordinates": [
          10.3591053,
          50.7211803
        ]
      },
      "properties": {
        "id": "tk_thr_osm_n5813044844",
        "name": "Heimatland",
        "address": {},
        "sources": [
          {
            "type": "osm",
            "id": "node/5813044844",
            "version": 0
          }
        ],
        "created": "2026-05-29",
        "updated": "2026-07-27",
        "sources_by_field": {
          "name": "osm"
        },
        "apple_id_attempted": "2026-08-12",
        "google_attempted": "2026-08-21",
        "payment": {}
      }
    },
    {
      "type": "Feature",
      "geometry": {
        "type": "Point",
        "coordinates": [
          12.1776921,
          50.8661923
        ]
      },
      "properties": {
        "id": "tk_thr_osm_n6453149315",
        "name": "Donat",
        "address": {
          "street": "Am Kühlen Grund",
          "number": "1",
          "postalcode": "07580",
          "city": "Ronneburg"
        },
        "sources": [
          {
            "type": "osm",
            "id": "node/6453149315",
            "version": 0
          }
        ],
        "created": "2026-05-29",
        "updated": "2026-07-27",
        "hours": {
          "raw": "Mo-Fr 09:00-18:00; Sa 08:00-12:00; Su,PH off"
        },
        "tags": [
          "barrierefrei"
        ],
        "sources_by_field": {
          "name": "osm",
          "address.street": "osm",
          "address.number": "osm",
          "address.postalcode": "osm",
          "address.city": "osm",
          "hours": "osm"
        },
        "apple_id_attempted": "2026-08-12",
        "google_attempted": "2026-08-21",
        "payment": {}
      }
    },
    {
      "type": "Feature",
      "geometry": {
        "type": "Point",
        "coordinates": [
          10.9971704,
          50.4005893
        ]
      },
      "properties": {
        "id": "tk_thr_osm_n665869204",
        "name": "Gulf",
        "address": {
          "street": "Eisfelder Straße",
          "number": "17",
          "postalcode": "96528",
          "city": "Schalkau"
        },
        "sources": [
          {
            "type": "osm",
            "id": "node/665869204",
            "version": 0
          }
        ],
        "created": "2026-05-29",
        "updated": "2026-07-27",
        "hours": {
          "raw": "Mo-Fr 05:30-21:30; Sa,Su 08:00-21:30"
        },
        "sources_by_field": {
          "name": "osm",
          "address.street": "osm",
          "address.number": "osm",
          "address.postalcode": "osm",
          "address.city": "osm",
          "hours": "osm"
        },
        "apple_id_attempted": "2026-08-12",
        "google_attempted": "2026-08-21",
        "payment": {}
      }
    },
    {
      "type": "Feature",
      "geometry": {
        "type": "Point",
        "coordinates": [
          10.4740396,
          50.7597864
        ]
      },
      "properties": {
        "id": "tk_thr_osm_n7037831904",
        "name": "Getränkefachmarkt Thorwarth",
        "address": {
          "street": "Die Aue",
          "number": "12",
          "postalcode": "98593",
          "city": "Floh-Seligenthal",
          "district": "Seligenthal"
        },
        "sources": [
          {
            "type": "osm",
            "id": "node/7037831904",
            "version": 0
          }
        ],
        "created": "2026-05-29",
        "updated": "2026-07-27",
        "hours": {
          "raw": "Mo-Fr 08:00-18:00; Sa 08:00-13:00; Su,PH off"
        },
        "sources_by_field": {
          "name": "osm",
          "address.street": "osm",
          "address.number": "osm",
          "address.postalcode": "osm",
          "address.city": "osm",
          "address.district": "osm",
          "hours": "osm"
        },
        "apple_id_attempted": "2026-08-12",
        "google_attempted": "2026-08-21",
        "payment": {}
      }
    },
    {
      "type": "Feature",
      "geometry": {
        "type": "Point",
        "coordinates": [
          10.1772263,
          51.0643224
        ]
      },
      "properties": {
        "id": "tk_thr_osm_n7470617394",
        "name": "Getränkehandl. Siemon",
        "address": {
          "street": "Alte Linde",
          "number": "17",
          "postalcode": "99830",
          "city": "Treffurt",
          "district": "Berka/Werra"
        },
        "sources": [
          {
            "type": "osm",
            "id": "node/7470617394",
            "version": 0
          }
        ],
        "created": "2026-05-29",
        "updated": "2026-07-27",
        "sources_by_field": {
          "name": "osm",
          "address.street": "osm",
          "address.number": "osm",
          "address.postalcode": "osm",
          "address.city": "osm",
          "address.district": "osm"
        },
        "apple_id_attempted": "2026-08-12",
        "google_attempted": "2026-08-21",
        "payment": {}
      }
    },
    {
      "type": "Feature",
      "geometry": {
        "type": "Point",
        "coordinates": [
          10.2380073,
          51.1361445
        ]
      },
      "properties": {
        "id": "tk_thr_osm_n7518521297",
        "name": "Rohfeld",
        "address": {
          "street": "Hessische Straße",
          "number": "13",
          "postalcode": "99830",
          "city": "Treffurt",
          "district": "Berka/Werra"
        },
        "sources": [
          {
            "type": "osm",
            "id": "node/7518521297",
            "version": 0
          }
        ],
        "created": "2026-05-29",
        "updated": "2026-07-27",
        "sources_by_field": {
          "name": "osm",
          "address.street": "osm",
          "address.number": "osm",
          "address.postalcode": "osm",
          "address.city": "osm",
          "address.district": "osm"
        },
        "apple_id_attempted": "2026-08-12",
        "google_attempted": "2026-08-21",
        "payment": {}
      }
    },
    {
      "type": "Feature",
      "geometry": {
        "type": "Point",
        "coordinates": [
          10.6862908,
          50.6079555
        ]
      },
      "properties": {
        "id": "tk_thr_osm_n7551545107",
        "name": "Sagasser",
        "address": {
          "street": "Dr.-Theodor-Neubauer-Straße",
          "number": "7",
          "postalcode": "98527",
          "city": "Suhl"
        },
        "sources": [
          {
            "type": "osm",
            "id": "node/7551545107",
            "version": 0
          },
          {
            "type": "gmaps",
            "id": "ChIJ4RXE4e-bo0cRqZLg7htGP_g"
          }
        ],
        "created": "2026-05-29",
        "updated": "2026-08-21",
        "hours": {
          "raw": "Tu 08:00-19:00; Th 08:00-19:00; Fr 08:00-19:00; We 08:00-19:00; Mo 08:00-19:00; Sa 08:00-16:00"
        },
        "tags": [
          "barrierefrei"
        ],
        "sources_by_field": {
          "name": "osm",
          "address.street": "osm",
          "address.number": "osm",
          "address.postalcode": "osm",
          "address.city": "osm",
          "hours": "google"
        },
        "apple_id_attempted": "2026-08-12",
        "google_attempted": "2026-08-21",
        "payment": {},
        "osm_removed": true
      }
    },
    {
      "type": "Feature",
      "geometry": {
        "type": "Point",
        "coordinates": [
          11.3233402,
          50.6895499
        ]
      },
      "properties": {
        "id": "tk_thr_osm_n793198770",
        "name": "Leseland",
        "address": {},
        "sources": [
          {
            "type": "osm",
            "id": "node/793198770",
            "version": 0
          }
        ],
        "created": "2026-05-29",
        "updated": "2026-07-27",
        "sources_by_field": {
          "name": "osm"
        },
        "apple_id_attempted": "2026-08-12",
        "google_attempted": "2026-08-22",
        "payment": {}
      }
    },
    {
      "type": "Feature",
      "geometry": {
        "type": "Point",
        "coordinates": [
          12.0686424,
          50.8846824
        ]
      },
      "properties": {
        "id": "tk_thr_osm_n8422982884",
        "name": "Tabak Shop",
        "address": {
          "street": "Friedrich-Naumann-Platz",
          "number": "1",
          "postalcode": "07548",
          "city": "Gera"
        },
        "sources": [
          {
            "type": "osm",
            "id": "node/8422982884",
            "version": 0
          }
        ],
        "created": "2026-05-29",
        "updated": "2026-07-27",
        "hours": {
          "raw": "Mo-Fr 08:00-17:00"
        },
        "sources_by_field": {
          "name": "osm",
          "address.street": "osm",
          "address.number": "osm",
          "address.postalcode": "osm",
          "address.city": "osm",
          "hours": "osm"
        },
        "apple_id_attempted": "2026-08-12",
        "google_attempted": "2026-08-22",
        "payment": {}
      }
    },
    {
      "type": "Feature",
      "geometry": {
        "type": "Point",
        "coordinates": [
          11.1212983,
          50.6679197
        ]
      },
      "properties": {
        "id": "tk_thr_osm_n842409072",
        "name": "Sagasser",
        "address": {
          "street": "Industrie- und Gewerbepark",
          "number": "1e",
          "postalcode": "07426",
          "city": "Königsee-Rottenbach",
          "district": "Königsee"
        },
        "sources": [
          {
            "type": "osm",
            "id": "node/842409072",
            "version": 0
          }
        ],
        "created": "2026-05-29",
        "updated": "2026-06-15",
        "hours": {
          "raw": "Mo-Fr 08:00-19:00; Sa 08:00-18:00"
        },
        "sources_by_field": {
          "name": "osm",
          "address.street": "osm",
          "address.number": "osm",
          "address.postalcode": "osm",
          "address.city": "osm",
          "address.district": "osm",
          "hours": "osm"
        },
        "apple_id_attempted": "2026-08-12",
        "google_attempted": "2026-08-22",
        "payment": {},
        "osm_removed": true
      }
    },
    {
      "type": "Feature",
      "geometry": {
        "type": "Point",
        "coordinates": [
          10.9424722,
          50.8359127
        ]
      },
      "properties": {
        "id": "tk_thr_osm_n8655493709",
        "name": "Geschenke Boutique",
        "address": {},
        "sources": [
          {
            "type": "osm",
            "id": "node/8655493709",
            "version": 0
          }
        ],
        "created": "2026-06-15",
        "updated": "2026-07-27",
        "sources_by_field": {
          "name": "osm"
        },
        "apple_id_attempted": "2026-08-21",
        "google_attempted": "2026-07-31",
        "payment": {}
      }
    },
    {
      "type": "Feature",
      "geometry": {
        "type": "Point",
        "coordinates": [
          11.6915277,
          50.3984812
        ]
      },
      "properties": {
        "id": "tk_thr_osm_n870293703",
        "name": "Getränke Schmidt",
        "address": {
          "street": "Straße des Friedens",
          "number": "37",
          "postalcode": "07366",
          "city": "Rosenthal am Rennsteig",
          "district": "Blankenstein"
        },
        "sources": [
          {
            "type": "osm",
            "id": "node/870293703",
            "version": 0
          }
        ],
        "created": "2026-05-29",
        "updated": "2026-07-27",
        "sources_by_field": {
          "name": "osm",
          "address.street": "osm",
          "address.number": "osm",
          "address.postalcode": "osm",
          "address.city": "osm",
          "address.district": "osm"
        },
        "apple_id_attempted": "2026-08-12",
        "google_attempted": "2026-08-22",
        "payment": {}
      }
    },
    {
      "type": "Feature",
      "geometry": {
        "type": "Point",
        "coordinates": [
          10.313991,
          51.1639514
        ]
      },
      "properties": {
        "id": "tk_thr_osm_n874378985",
        "name": "Eiscafé \"Hafenstübchen\"",
        "address": {
          "street": "Hermann-Löns-Straße",
          "number": "8",
          "postalcode": "99988",
          "city": "Südeichsfeld",
          "district": "Heyerode"
        },
        "sources": [
          {
            "type": "osm",
            "id": "node/874378985",
            "version": 0
          }
        ],
        "created": "2026-05-29",
        "updated": "2026-07-27",
        "sources_by_field": {
          "name": "osm",
          "address.street": "osm",
          "address.number": "osm",
          "address.postalcode": "osm",
          "address.city": "osm",
          "address.district": "osm"
        },
        "apple_id_attempted": "2026-08-12",
        "google_attempted": "2026-08-22",
        "payment": {}
      }
    },
    {
      "type": "Feature",
      "geometry": {
        "type": "Point",
        "coordinates": [
          10.9463326,
          50.69166
        ]
      },
      "properties": {
        "id": "tk_thr_osm_n883443038",
        "name": "Globus Getränkecenter",
        "address": {},
        "sources": [
          {
            "type": "osm",
            "id": "node/883443038",
            "version": 0
          }
        ],
        "created": "2026-05-29",
        "updated": "2026-07-27",
        "tags": [
          "barrierefrei"
        ],
        "sources_by_field": {
          "name": "osm"
        },
        "apple_id_attempted": "2026-08-12",
        "google_attempted": "2026-08-22",
        "payment": {}
      }
    },
    {
      "type": "Feature",
      "geometry": {
        "type": "Point",
        "coordinates": [
          12.1389663,
          50.8865962
        ]
      },
      "properties": {
        "id": "tk_thr_osm_n9026568891",
        "name": "Globus Getränkecenter",
        "address": {
          "street": "An der Beerweinschänke",
          "number": "2",
          "postalcode": "07554",
          "city": "Gera",
          "district": "Trebnitz"
        },
        "sources": [
          {
            "type": "osm",
            "id": "node/9026568891",
            "version": 0
          }
        ],
        "created": "2026-05-29",
        "updated": "2026-07-27",
        "hours": {
          "raw": "Mo,Th,Fr 08:00-20:00; Tu,We 08:00-20:30; Sa 08:00-19:00; Su,PH off"
        },
        "sources_by_field": {
          "name": "osm",
          "address.street": "osm",
          "address.number": "osm",
          "address.postalcode": "osm",
          "address.city": "osm",
          "address.district": "osm",
          "hours": "osm"
        },
        "apple_id_attempted": "2026-08-12",
        "google_attempted": "2026-08-22",
        "payment": {}
      }
    },
    {
      "type": "Feature",
      "geometry": {
        "type": "Point",
        "coordinates": [
          11.1140437,
          51.1492336
        ]
      },
      "properties": {
        "id": "tk_thr_osm_n9101851032",
        "name": "Sagasser",
        "address": {
          "street": "Erfurter Straße",
          "number": "46",
          "postalcode": "99610",
          "city": "Sömmerda"
        },
        "sources": [
          {
            "type": "osm",
            "id": "node/9101851032",
            "version": 0
          }
        ],
        "created": "2026-05-29",
        "updated": "2026-06-15",
        "sources_by_field": {
          "name": "osm",
          "address.street": "osm",
          "address.number": "osm",
          "address.postalcode": "osm",
          "address.city": "osm"
        },
        "apple_id_attempted": "2026-08-12",
        "google_attempted": "2026-08-22",
        "payment": {},
        "osm_removed": true
      }
    },
    {
      "type": "Feature",
      "geometry": {
        "type": "Point",
        "coordinates": [
          10.4663763,
          50.7181237
        ]
      },
      "properties": {
        "id": "tk_thr_osm_n9224570774",
        "name": "Sagasser",
        "address": {
          "street": "Näherstiller Straße",
          "number": "37",
          "postalcode": "98574",
          "city": "Schmalkalden"
        },
        "sources": [
          {
            "type": "osm",
            "id": "node/9224570774",
            "version": 0
          }
        ],
        "created": "2026-05-29",
        "updated": "2026-06-15",
        "hours": {
          "raw": "Mo-Fr 08:00-19:00; Sa 08:00-18:00"
        },
        "tags": [
          "barrierefrei"
        ],
        "sources_by_field": {
          "name": "osm",
          "address.street": "osm",
          "address.number": "osm",
          "address.postalcode": "osm",
          "address.city": "osm",
          "hours": "osm"
        },
        "apple_id_attempted": "2026-08-12",
        "google_attempted": "2026-08-22",
        "payment": {},
        "osm_removed": true
      }
    },
    {
      "type": "Feature",
      "geometry": {
        "type": "Point",
        "coordinates": [
          11.2094701,
          50.353925
        ]
      },
      "properties": {
        "id": "tk_thr_osm_n924685291",
        "name": "Sagasser",
        "address": {
          "street": "Neuhäuser Straße",
          "number": "13",
          "postalcode": "96515",
          "city": "Sonneberg",
          "district": "Köppelsdorf"
        },
        "sources": [
          {
            "type": "osm",
            "id": "node/924685291",
            "version": 0
          }
        ],
        "created": "2026-05-29",
        "updated": "2026-06-15",
        "hours": {
          "raw": "Mo-Sa 08:00-19:00; Su,PH off"
        },
        "payment": {
          "cash": "yes",
          "cards": "unknown",
          "contactless": "unknown",
          "girocard": "yes"
        },
        "tags": [
          "barrierefrei"
        ],
        "sources_by_field": {
          "name": "osm",
          "address.street": "osm",
          "address.number": "osm",
          "address.postalcode": "osm",
          "address.city": "osm",
          "address.district": "osm",
          "hours": "osm",
          "payment.cash": "osm",
          "payment.cards": "osm",
          "payment.contactless": "osm",
          "payment.girocard": "osm"
        },
        "apple_id_attempted": "2026-08-12",
        "osm_removed": true
      }
    },
    {
      "type": "Feature",
      "geometry": {
        "type": "Point",
        "coordinates": [
          10.6103061,
          50.5009361
        ]
      },
      "properties": {
        "id": "tk_thr_osm_n929891437",
        "name": "Sagasser",
        "address": {},
        "sources": [
          {
            "type": "osm",
            "id": "node/929891437",
            "version": 0
          }
        ],
        "created": "2026-05-29",
        "updated": "2026-06-15",
        "hours": {
          "raw": "Mo-Fr 08:00-18:00; Sa 08:00-16:00; PH off"
        },
        "sources_by_field": {
          "name": "osm",
          "hours": "osm"
        },
        "apple_id_attempted": "2026-08-12",
        "google_attempted": "2026-08-22",
        "payment": {},
        "osm_removed": true
      }
    },
    {
      "type": "Feature",
      "geometry": {
        "type": "Point",
        "coordinates": [
          10.7415656,
          51.2884952
        ]
      },
      "properties": {
        "id": "tk_thr_osm_n9457848818",
        "name": "Der Getränke-Spezialist",
        "address": {},
        "sources": [
          {
            "type": "osm",
            "id": "node/9457848818",
            "version": 0
          }
        ],
        "created": "2026-05-29",
        "updated": "2026-07-27",
        "sources_by_field": {
          "name": "osm"
        },
        "apple_id_attempted": "2026-08-12",
        "google_attempted": "2026-08-22",
        "payment": {}
      }
    },
    {
      "type": "Feature",
      "geometry": {
        "type": "Point",
        "coordinates": [
          10.3239627,
          50.7629679
        ]
      },
      "properties": {
        "id": "tk_thr_osm_n951240041",
        "name": "Gessner",
        "address": {},
        "sources": [
          {
            "type": "osm",
            "id": "node/951240041",
            "version": 0
          }
        ],
        "created": "2026-05-29",
        "updated": "2026-07-27",
        "sources_by_field": {
          "name": "osm"
        },
        "apple_id_attempted": "2026-08-12",
        "google_attempted": "2026-08-22",
        "payment": {}
      }
    },
    {
      "type": "Feature",
      "geometry": {
        "type": "Point",
        "coordinates": [
          10.3721653,
          50.9045239
        ]
      },
      "properties": {
        "id": "tk_thr_osm_w112695176",
        "name": "Sagasser",
        "address": {
          "street": "Bahnhofstraße",
          "number": "40",
          "postalcode": "99842",
          "city": "Ruhla"
        },
        "sources": [
          {
            "type": "osm",
            "id": "way/112695176",
            "version": 0
          }
        ],
        "created": "2026-05-29",
        "updated": "2026-07-27",
        "hours": {
          "raw": "Mo-Sa 08:00-20:00"
        },
        "sources_by_field": {
          "name": "osm",
          "address.street": "osm",
          "address.number": "osm",
          "address.postalcode": "osm",
          "address.city": "osm",
          "hours": "osm"
        },
        "apple_id_attempted": "2026-08-12",
        "google_attempted": "2026-08-22",
        "payment": {}
      }
    },
    {
      "type": "Feature",
      "geometry": {
        "type": "Point",
        "coordinates": [
          9.9409796,
          51.3739415
        ]
      },
      "properties": {
        "id": "tk_thr_osm_w1351803978",
        "name": "Honsel",
        "address": {
          "street": "Halle-Kasseler-Straße",
          "number": "61a",
          "postalcode": "37318",
          "city": "Hohengandern"
        },
        "sources": [
          {
            "type": "osm",
            "id": "way/1351803978",
            "version": 0
          }
        ],
        "created": "2026-05-29",
        "updated": "2026-07-27",
        "hours": {
          "raw": "Mo-Fr 05:00-21:00; Sa,Su 06:00-21:00"
        },
        "payment": {
          "cash": "yes",
          "cards": "unknown",
          "contactless": "yes",
          "girocard": "unknown"
        },
        "sources_by_field": {
          "name": "osm",
          "address.street": "osm",
          "address.number": "osm",
          "address.postalcode": "osm",
          "address.city": "osm",
          "hours": "osm",
          "payment.cash": "osm",
          "payment.cards": "osm",
          "payment.contactless": "osm",
          "payment.girocard": "osm"
        },
        "apple_id_attempted": "2026-08-12"
      }
    },
    {
      "type": "Feature",
      "geometry": {
        "type": "Point",
        "coordinates": [
          10.5668253,
          51.2507077
        ]
      },
      "properties": {
        "id": "tk_thr_osm_w149823325",
        "name": "Pforte",
        "address": {},
        "sources": [
          {
            "type": "osm",
            "id": "way/149823325",
            "version": 0
          }
        ],
        "created": "2026-05-29",
        "updated": "2026-07-27",
        "sources_by_field": {
          "name": "osm"
        },
        "apple_id_attempted": "2026-08-12",
        "google_attempted": "2026-08-22",
        "payment": {}
      }
    },
    {
      "type": "Feature",
      "geometry": {
        "type": "Point",
        "coordinates": [
          12.0311112,
          50.8654726
        ]
      },
      "properties": {
        "id": "tk_thr_osm_w150801292",
        "name": "bft",
        "address": {
          "street": "Stadtrodaer Straße",
          "number": "8",
          "postalcode": "07548",
          "city": "Gera",
          "district": "Windischenbernsdorf"
        },
        "sources": [
          {
            "type": "osm",
            "id": "way/150801292",
            "version": 0
          }
        ],
        "created": "2026-05-29",
        "updated": "2026-07-27",
        "hours": {
          "raw": "Mo-Fr 06:30-21:30; Sa 07:30-21:00; Su 08:00-21:00"
        },
        "sources_by_field": {
          "name": "osm",
          "address.street": "osm",
          "address.number": "osm",
          "address.postalcode": "osm",
          "address.city": "osm",
          "address.district": "osm",
          "hours": "osm"
        },
        "apple_id_attempted": "2026-08-12",
        "google_attempted": "2026-08-22",
        "payment": {}
      }
    },
    {
      "type": "Feature",
      "geometry": {
        "type": "Point",
        "coordinates": [
          11.4304021,
          51.2947611
        ]
      },
      "properties": {
        "id": "tk_thr_osm_w175153027",
        "name": "Fiedlers Imbiss und Getränke",
        "address": {
          "street": "Wiehesche Straße",
          "number": "3",
          "postalcode": "06571",
          "city": "Roßleben-Wiehe",
          "district": "Roßleben"
        },
        "sources": [
          {
            "type": "osm",
            "id": "way/175153027",
            "version": 0
          }
        ],
        "created": "2026-05-29",
        "updated": "2026-07-27",
        "sources_by_field": {
          "name": "osm",
          "address.street": "osm",
          "address.number": "osm",
          "address.postalcode": "osm",
          "address.city": "osm",
          "address.district": "osm"
        },
        "apple_id_attempted": "2026-08-12",
        "google_attempted": "2026-08-22",
        "payment": {}
      }
    },
    {
      "type": "Feature",
      "geometry": {
        "type": "Point",
        "coordinates": [
          11.7084922,
          50.7840633
        ]
      },
      "properties": {
        "id": "tk_thr_osm_w182979374",
        "name": "Kiosk am Waldbad",
        "address": {},
        "sources": [
          {
            "type": "osm",
            "id": "way/182979374",
            "version": 0
          }
        ],
        "created": "2026-05-29",
        "updated": "2026-07-27",
        "sources_by_field": {
          "name": "osm"
        },
        "apple_id_attempted": "2026-08-12",
        "google_attempted": "2026-08-22",
        "payment": {}
      }
    },
    {
      "type": "Feature",
      "geometry": {
        "type": "Point",
        "coordinates": [
          10.1876005,
          50.8186515
        ]
      },
      "properties": {
        "id": "tk_thr_osm_w196010562",
        "name": "Sagasser",
        "address": {
          "street": "Salzunger Straße",
          "number": "120f",
          "postalcode": "36433",
          "city": "Leimbach"
        },
        "sources": [
          {
            "type": "osm",
            "id": "way/196010562",
            "version": 0
          }
        ],
        "created": "2026-05-29",
        "updated": "2026-07-27",
        "sources_by_field": {
          "name": "osm",
          "address.street": "osm",
          "address.number": "osm",
          "address.postalcode": "osm",
          "address.city": "osm"
        },
        "apple_id_attempted": "2026-08-12",
        "google_attempted": "2026-08-22",
        "payment": {}
      }
    },
    {
      "type": "Feature",
      "geometry": {
        "type": "Point",
        "coordinates": [
          10.2068468,
          50.8113238
        ]
      },
      "properties": {
        "id": "tk_thr_osm_w199126846",
        "name": "HERKULES",
        "address": {
          "street": "Salzunger Straße",
          "number": "1",
          "postalcode": "36433",
          "city": "Leimbach"
        },
        "sources": [
          {
            "type": "osm",
            "id": "way/199126846",
            "version": 0
          }
        ],
        "created": "2026-05-29",
        "updated": "2026-07-27",
        "payment": {
          "cash": "unknown",
          "cards": "yes",
          "contactless": "unknown",
          "girocard": "unknown"
        },
        "tags": [
          "barrierefrei"
        ],
        "sources_by_field": {
          "name": "osm",
          "address.street": "osm",
          "address.number": "osm",
          "address.postalcode": "osm",
          "address.city": "osm",
          "payment.cash": "osm",
          "payment.cards": "osm",
          "payment.contactless": "osm",
          "payment.girocard": "osm"
        },
        "apple_id_attempted": "2026-08-12",
        "google_attempted": "2026-08-22"
      }
    },
    {
      "type": "Feature",
      "geometry": {
        "type": "Point",
        "coordinates": [
          11.8569419,
          50.9046861
        ]
      },
      "properties": {
        "id": "tk_thr_osm_w203915004",
        "name": "ELAN",
        "address": {
          "street": "Eisenberger Straße",
          "number": "89",
          "postalcode": "07629",
          "city": "Hermsdorf"
        },
        "sources": [
          {
            "type": "osm",
            "id": "way/203915004",
            "version": 0
          }
        ],
        "created": "2026-05-29",
        "updated": "2026-07-27",
        "hours": {
          "raw": "Mo-Fr 04:00-22:00; Sa-Su 05:00-22:00"
        },
        "tags": [
          "barrierefrei"
        ],
        "sources_by_field": {
          "name": "osm",
          "address.street": "osm",
          "address.number": "osm",
          "address.postalcode": "osm",
          "address.city": "osm",
          "hours": "osm"
        },
        "apple_id_attempted": "2026-08-12",
        "google_attempted": "2026-08-22",
        "payment": {}
      }
    },
    {
      "type": "Feature",
      "geometry": {
        "type": "Point",
        "coordinates": [
          10.7726996,
          51.5042288
        ]
      },
      "properties": {
        "id": "tk_thr_osm_w207949538",
        "name": "DGS",
        "address": {
          "street": "Straße der Genossenschaften",
          "number": "18",
          "postalcode": "99734",
          "city": "Nordhausen"
        },
        "sources": [
          {
            "type": "osm",
            "id": "way/207949538",
            "version": 0
          }
        ],
        "created": "2026-05-29",
        "updated": "2026-07-27",
        "sources_by_field": {
          "name": "osm",
          "address.street": "osm",
          "address.number": "osm",
          "address.postalcode": "osm",
          "address.city": "osm"
        },
        "apple_id_attempted": "2026-08-12",
        "google_attempted": "2026-08-22",
        "payment": {}
      }
    },
    {
      "type": "Feature",
      "geometry": {
        "type": "Point",
        "coordinates": [
          11.0028748,
          50.6389998
        ]
      },
      "properties": {
        "id": "tk_thr_osm_w244585540",
        "name": "AVIA Express",
        "address": {
          "street": "Großbreitenbacher Straße",
          "number": "31a",
          "postalcode": "98694",
          "city": "Ilmenau",
          "district": "Gehren"
        },
        "sources": [
          {
            "type": "osm",
            "id": "way/244585540",
            "version": 0
          }
        ],
        "created": "2026-05-29",
        "updated": "2026-07-27",
        "hours": {
          "raw": "24/7"
        },
        "sources_by_field": {
          "name": "osm",
          "address.street": "osm",
          "address.number": "osm",
          "address.postalcode": "osm",
          "address.city": "osm",
          "address.district": "osm",
          "hours": "osm"
        },
        "apple_id_attempted": "2026-08-12",
        "google_attempted": "2026-08-22",
        "payment": {}
      }
    },
    {
      "type": "Feature",
      "geometry": {
        "type": "Point",
        "coordinates": [
          10.3445615,
          50.9783037
        ]
      },
      "properties": {
        "id": "tk_thr_osm_w254108718",
        "name": "Nahkauf - Getränkediscount",
        "address": {},
        "sources": [
          {
            "type": "osm",
            "id": "way/254108718",
            "version": 0
          }
        ],
        "created": "2026-05-29",
        "updated": "2026-07-27",
        "hours": {
          "raw": "Mo-Sa 07:00-20:00"
        },
        "sources_by_field": {
          "name": "osm",
          "hours": "osm"
        },
        "apple_id_attempted": "2026-08-12",
        "google_attempted": "2026-08-22",
        "payment": {}
      }
    },
    {
      "type": "Feature",
      "geometry": {
        "type": "Point",
        "coordinates": [
          11.1694324,
          50.3576405
        ]
      },
      "properties": {
        "id": "tk_thr_osm_w256467768",
        "name": "Sagasser",
        "address": {
          "street": "Gustav-König-Straße",
          "number": "35",
          "postalcode": "96515",
          "city": "Sonneberg"
        },
        "sources": [
          {
            "type": "osm",
            "id": "way/256467768",
            "version": 0
          }
        ],
        "created": "2026-05-29",
        "updated": "2026-06-15",
        "hours": {
          "raw": "Mo-Fr 08:00-19:00; Sa 08:00-14:00; Su,PH off"
        },
        "tags": [
          "barrierefrei"
        ],
        "sources_by_field": {
          "name": "osm",
          "address.street": "osm",
          "address.number": "osm",
          "address.postalcode": "osm",
          "address.city": "osm",
          "hours": "osm"
        },
        "apple_id_attempted": "2026-08-12",
        "google_attempted": "2026-08-22",
        "payment": {},
        "osm_removed": true
      }
    },
    {
      "type": "Feature",
      "geometry": {
        "type": "Point",
        "coordinates": [
          10.7190448,
          50.4248634
        ]
      },
      "properties": {
        "id": "tk_thr_osm_w281146058",
        "name": "Snack Eck",
        "address": {},
        "sources": [
          {
            "type": "osm",
            "id": "way/281146058",
            "version": 0
          }
        ],
        "created": "2026-05-29",
        "updated": "2026-07-27",
        "hours": {
          "raw": "Mo-Fr 09:30-15:30"
        },
        "sources_by_field": {
          "name": "osm",
          "hours": "osm"
        },
        "apple_id_attempted": "2026-08-12",
        "google_attempted": "2026-08-22",
        "payment": {}
      }
    },
    {
      "type": "Feature",
      "geometry": {
        "type": "Point",
        "coordinates": [
          12.3130578,
          51.0393733
        ]
      },
      "properties": {
        "id": "tk_thr_osm_w282123421",
        "name": "Huster",
        "address": {
          "street": "Altenburger Straße",
          "number": "71",
          "postalcode": "04610",
          "city": "Meuselwitz"
        },
        "sources": [
          {
            "type": "osm",
            "id": "way/282123421",
            "version": 0
          }
        ],
        "created": "2026-05-29",
        "updated": "2026-07-27",
        "hours": {
          "raw": "Mo-Fr 08:00-18:30; Sa 08:00-13:00; Su,PH off"
        },
        "tags": [
          "barrierefrei"
        ],
        "sources_by_field": {
          "name": "osm",
          "address.street": "osm",
          "address.number": "osm",
          "address.postalcode": "osm",
          "address.city": "osm",
          "hours": "osm"
        },
        "apple_id_attempted": "2026-08-12",
        "google_attempted": "2026-08-22",
        "payment": {}
      }
    },
    {
      "type": "Feature",
      "geometry": {
        "type": "Point",
        "coordinates": [
          12.2131804,
          50.6602208
        ]
      },
      "properties": {
        "id": "tk_thr_osm_w282431229",
        "name": "Cash",
        "address": {},
        "sources": [
          {
            "type": "osm",
            "id": "way/282431229",
            "version": 0
          }
        ],
        "created": "2026-05-29",
        "updated": "2026-07-27",
        "sources_by_field": {
          "name": "osm"
        },
        "apple_id_attempted": "2026-08-12",
        "google_attempted": "2026-08-22",
        "payment": {}
      }
    },
    {
      "type": "Feature",
      "geometry": {
        "type": "Point",
        "coordinates": [
          10.9976219,
          50.5825929
        ]
      },
      "properties": {
        "id": "tk_thr_osm_w292407200",
        "name": "Agip",
        "address": {
          "street": "Ilmenauer Straße",
          "number": "7g",
          "postalcode": "98701",
          "city": "Großbreitenbach"
        },
        "sources": [
          {
            "type": "osm",
            "id": "way/292407200",
            "version": 0
          }
        ],
        "created": "2026-05-29",
        "updated": "2026-07-27",
        "hours": {
          "raw": "Mo-Fr 06:00-22:00; Sa,Su 06:00-21:00"
        },
        "sources_by_field": {
          "name": "osm",
          "address.street": "osm",
          "address.number": "osm",
          "address.postalcode": "osm",
          "address.city": "osm",
          "hours": "osm"
        },
        "apple_id_attempted": "2026-08-12",
        "google_attempted": "2026-08-22",
        "payment": {}
      }
    },
    {
      "type": "Feature",
      "geometry": {
        "type": "Point",
        "coordinates": [
          10.9377778,
          50.5787695
        ]
      },
      "properties": {
        "id": "tk_thr_osm_w295919455",
        "name": "Q1 Tankstelle",
        "address": {
          "street": "Rennsteigstraße",
          "number": "1",
          "postalcode": "98701",
          "city": "Großbreitenbach",
          "district": "Neustadt am Rennsteig"
        },
        "sources": [
          {
            "type": "osm",
            "id": "way/295919455",
            "version": 0
          }
        ],
        "created": "2026-05-29",
        "updated": "2026-07-27",
        "hours": {
          "raw": "Mo-Fr 07:00-19:00; Sa,Su,PH 08:00-19:00"
        },
        "payment": {
          "cash": "yes",
          "cards": "unknown",
          "contactless": "unknown",
          "girocard": "yes"
        },
        "sources_by_field": {
          "name": "osm",
          "address.street": "osm",
          "address.number": "osm",
          "address.postalcode": "osm",
          "address.city": "osm",
          "address.district": "osm",
          "hours": "osm",
          "payment.cash": "osm",
          "payment.cards": "osm",
          "payment.contactless": "osm",
          "payment.girocard": "osm"
        },
        "apple_id_attempted": "2026-08-12"
      }
    },
    {
      "type": "Feature",
      "geometry": {
        "type": "Point",
        "coordinates": [
          11.4358114,
          51.2958086
        ]
      },
      "properties": {
        "id": "tk_thr_osm_w314853715",
        "name": "Getränkeabholmarkt Merl",
        "address": {
          "street": "Wendelsteiner Straße",
          "number": "24",
          "postalcode": "06571",
          "city": "Roßleben-Wiehe",
          "district": "Roßleben"
        },
        "sources": [
          {
            "type": "osm",
            "id": "way/314853715",
            "version": 0
          }
        ],
        "created": "2026-05-29",
        "updated": "2026-07-27",
        "sources_by_field": {
          "name": "osm",
          "address.street": "osm",
          "address.number": "osm",
          "address.postalcode": "osm",
          "address.city": "osm",
          "address.district": "osm"
        },
        "apple_id_attempted": "2026-08-12",
        "google_attempted": "2026-08-22",
        "payment": {}
      }
    },
    {
      "type": "Feature",
      "geometry": {
        "type": "Point",
        "coordinates": [
          10.57092,
          51.4452263
        ]
      },
      "properties": {
        "id": "tk_thr_osm_w321293637",
        "name": "Der Getränke Spezialist",
        "address": {},
        "sources": [
          {
            "type": "osm",
            "id": "way/321293637",
            "version": 0
          }
        ],
        "created": "2026-05-29",
        "updated": "2026-07-27",
        "hours": {
          "raw": "Mo-We 08:30-18:00; Th,Fr 08:30-18:30; Sa 08:00-13:00"
        },
        "sources_by_field": {
          "name": "osm",
          "hours": "osm"
        },
        "apple_id_attempted": "2026-08-12",
        "google_attempted": "2026-08-22",
        "payment": {}
      }
    },
    {
      "type": "Feature",
      "geometry": {
        "type": "Point",
        "coordinates": [
          11.1113151,
          51.3443685
        ]
      },
      "properties": {
        "id": "tk_thr_osm_w324093819",
        "name": "Raiffeisen Tankstelle",
        "address": {
          "street": "Seehäuser Straße",
          "number": "73",
          "postalcode": "06567",
          "city": "Bad Frankenhausen/Kyffhäuser"
        },
        "sources": [
          {
            "type": "osm",
            "id": "way/324093819",
            "version": 0
          }
        ],
        "created": "2026-05-29",
        "updated": "2026-07-27",
        "hours": {
          "raw": "24/7"
        },
        "payment": {
          "cash": "unknown",
          "cards": "unknown",
          "contactless": "unknown",
          "girocard": "unknown"
        },
        "tags": [
          "barrierefrei"
        ],
        "sources_by_field": {
          "name": "osm",
          "address.street": "osm",
          "address.number": "osm",
          "address.postalcode": "osm",
          "address.city": "osm",
          "hours": "osm",
          "payment.cash": "osm",
          "payment.cards": "osm",
          "payment.contactless": "osm",
          "payment.girocard": "osm"
        },
        "apple_id_attempted": "2026-08-12"
      }
    },
    {
      "type": "Feature",
      "geometry": {
        "type": "Point",
        "coordinates": [
          10.807605,
          51.5004962
        ]
      },
      "properties": {
        "id": "tk_thr_osm_w372367755",
        "name": "Lotto Thüringen & Deutsche Post Filiale 645",
        "address": {
          "street": "Hohekreuzstraße",
          "number": "17",
          "postalcode": "99734",
          "city": "Nordhausen"
        },
        "sources": [
          {
            "type": "osm",
            "id": "way/372367755",
            "version": 0
          }
        ],
        "created": "2026-05-29",
        "updated": "2026-07-27",
        "hours": {
          "raw": "Mo,Tu,Th,Fr 09:00-13:00,15:00-18:00; We 13:00-18:00; Sa 09:00-12:00"
        },
        "sources_by_field": {
          "name": "osm",
          "address.street": "osm",
          "address.number": "osm",
          "address.postalcode": "osm",
          "address.city": "osm",
          "hours": "osm"
        },
        "apple_id_attempted": "2026-08-12",
        "google_attempted": "2026-08-22",
        "payment": {}
      }
    },
    {
      "type": "Feature",
      "geometry": {
        "type": "Point",
        "coordinates": [
          10.3314324,
          50.9765328
        ]
      },
      "properties": {
        "id": "tk_thr_osm_w409052352",
        "name": "ServiceStore DB",
        "address": {},
        "sources": [
          {
            "type": "osm",
            "id": "way/409052352",
            "version": 0
          }
        ],
        "created": "2026-05-29",
        "updated": "2026-07-27",
        "hours": {
          "raw": "Mo-Th 05:30-21:00; Fr 05:30-22:00; Sa 07:00-21:00; PH,Su 07:00-22:00"
        },
        "tags": [
          "barrierefrei"
        ],
        "sources_by_field": {
          "name": "osm",
          "hours": "osm"
        },
        "apple_id_attempted": "2026-08-12",
        "google_attempted": "2026-08-22",
        "payment": {}
      }
    },
    {
      "type": "Feature",
      "geometry": {
        "type": "Point",
        "coordinates": [
          10.2727687,
          51.4692126
        ]
      },
      "properties": {
        "id": "tk_thr_osm_w428890469",
        "name": "Agip",
        "address": {
          "street": "Bergstraße",
          "number": "39",
          "postalcode": "37339",
          "city": "Teistungen"
        },
        "sources": [
          {
            "type": "osm",
            "id": "way/428890469",
            "version": 0
          }
        ],
        "created": "2026-05-29",
        "updated": "2026-07-27",
        "hours": {
          "raw": "Mo-Sa 06:00-22:00; Su 07:00-22:00"
        },
        "sources_by_field": {
          "name": "osm",
          "address.street": "osm",
          "address.number": "osm",
          "address.postalcode": "osm",
          "address.city": "osm",
          "hours": "osm"
        },
        "apple_id_attempted": "2026-08-12",
        "google_attempted": "2026-08-22",
        "payment": {}
      }
    },
    {
      "type": "Feature",
      "geometry": {
        "type": "Point",
        "coordinates": [
          12.0244023,
          50.6882327
        ]
      },
      "properties": {
        "id": "tk_thr_osm_w442768008",
        "name": "Huster",
        "address": {
          "street": "Hauptstraße",
          "number": "59",
          "postalcode": "07950",
          "city": "Zeulenroda-Triebes"
        },
        "sources": [
          {
            "type": "osm",
            "id": "way/442768008",
            "version": 0
          }
        ],
        "created": "2026-05-29",
        "updated": "2026-07-27",
        "hours": {
          "raw": "Mo-Fr 08:30-18:30; Sa 08:00-14:00; PH,Su off"
        },
        "sources_by_field": {
          "name": "osm",
          "address.street": "osm",
          "address.number": "osm",
          "address.postalcode": "osm",
          "address.city": "osm",
          "hours": "osm"
        },
        "apple_id_attempted": "2026-08-12",
        "google_attempted": "2026-08-22",
        "payment": {}
      }
    },
    {
      "type": "Feature",
      "geometry": {
        "type": "Point",
        "coordinates": [
          10.7556259,
          50.5189223
        ]
      },
      "properties": {
        "id": "tk_thr_osm_w45896503",
        "name": "Getränkequelle",
        "address": {
          "street": "Suhler Straße",
          "postalcode": "98553",
          "city": "Schleusingen"
        },
        "sources": [
          {
            "type": "osm",
            "id": "way/45896503",
            "version": 0
          }
        ],
        "created": "2026-05-29",
        "updated": "2026-07-27",
        "tags": [
          "barrierefrei"
        ],
        "sources_by_field": {
          "name": "osm",
          "address.street": "osm",
          "address.postalcode": "osm",
          "address.city": "osm"
        },
        "apple_id_attempted": "2026-08-12",
        "google_attempted": "2026-08-22",
        "payment": {}
      }
    },
    {
      "type": "Feature",
      "geometry": {
        "type": "Point",
        "coordinates": [
          10.9360244,
          50.6785962
        ]
      },
      "properties": {
        "id": "tk_thr_osm_w48630915",
        "name": "Total",
        "address": {
          "street": "Grenzhammer",
          "number": "4",
          "postalcode": "98693",
          "city": "Ilmenau"
        },
        "sources": [
          {
            "type": "osm",
            "id": "way/48630915",
            "version": 0
          }
        ],
        "created": "2026-05-29",
        "updated": "2026-07-27",
        "hours": {
          "raw": "Mo-Fr 05:30-22:30; Sa,Su 06:00-23:00"
        },
        "sources_by_field": {
          "name": "osm",
          "address.street": "osm",
          "address.number": "osm",
          "address.postalcode": "osm",
          "address.city": "osm",
          "hours": "osm"
        },
        "apple_id_attempted": "2026-08-12",
        "google_attempted": "2026-08-22",
        "payment": {}
      }
    },
    {
      "type": "Feature",
      "geometry": {
        "type": "Point",
        "coordinates": [
          12.3470366,
          50.8913563
        ]
      },
      "properties": {
        "id": "tk_thr_osm_w550886480",
        "name": "Donat",
        "address": {
          "street": "Sommeritzer Straße",
          "number": "41",
          "postalcode": "04626",
          "city": "Schmölln"
        },
        "sources": [
          {
            "type": "osm",
            "id": "way/550886480",
            "version": 0
          }
        ],
        "created": "2026-05-29",
        "updated": "2026-07-27",
        "hours": {
          "raw": "Mo-Fr 08:30-18:00; Sa 08:30-12:00; Su,PH off"
        },
        "tags": [
          "barrierefrei"
        ],
        "sources_by_field": {
          "name": "osm",
          "address.street": "osm",
          "address.number": "osm",
          "address.postalcode": "osm",
          "address.city": "osm",
          "hours": "osm"
        },
        "apple_id_attempted": "2026-08-12",
        "google_attempted": "2026-08-22",
        "payment": {}
      }
    },
    {
      "type": "Feature",
      "geometry": {
        "type": "Point",
        "coordinates": [
          10.7520799,
          50.5117843
        ]
      },
      "properties": {
        "id": "tk_thr_osm_w55380383",
        "name": "Sagasser",
        "address": {
          "street": "Jägerhausstraße",
          "number": "7",
          "postalcode": "98553",
          "city": "Schleusingen"
        },
        "sources": [
          {
            "type": "osm",
            "id": "way/55380383",
            "version": 0
          }
        ],
        "created": "2026-05-29",
        "updated": "2026-06-15",
        "hours": {
          "raw": "Mo-Sa 08:00-20:00; Su,PH off"
        },
        "tags": [
          "barrierefrei"
        ],
        "sources_by_field": {
          "name": "osm",
          "address.street": "osm",
          "address.number": "osm",
          "address.postalcode": "osm",
          "address.city": "osm",
          "hours": "osm"
        },
        "apple_id_attempted": "2026-08-12",
        "google_attempted": "2026-08-22",
        "payment": {},
        "osm_removed": true
      }
    },
    {
      "type": "Feature",
      "geometry": {
        "type": "Point",
        "coordinates": [
          11.8982984,
          50.977007
        ]
      },
      "properties": {
        "id": "tk_thr_osm_w583603259",
        "name": "Sagasser",
        "address": {
          "street": "Königshofener Straße",
          "number": "25",
          "postalcode": "07607",
          "city": "Eisenberg"
        },
        "sources": [
          {
            "type": "osm",
            "id": "way/583603259",
            "version": 0
          }
        ],
        "created": "2026-05-29",
        "updated": "2026-06-15",
        "tags": [
          "barrierefrei"
        ],
        "sources_by_field": {
          "name": "osm",
          "address.street": "osm",
          "address.number": "osm",
          "address.postalcode": "osm",
          "address.city": "osm"
        },
        "apple_id_attempted": "2026-08-12",
        "google_attempted": "2026-08-22",
        "payment": {},
        "osm_removed": true
      }
    },
    {
      "type": "Feature",
      "geometry": {
        "type": "Point",
        "coordinates": [
          11.7505605,
          50.5653034
        ]
      },
      "properties": {
        "id": "tk_thr_osm_w615625208",
        "name": "Getränkehandel Richter",
        "address": {
          "street": "Burgker Straße",
          "number": "12",
          "postalcode": "07907",
          "city": "Schleiz",
          "district": "Möschlitz"
        },
        "sources": [
          {
            "type": "osm",
            "id": "way/615625208",
            "version": 0
          }
        ],
        "created": "2026-05-29",
        "updated": "2026-07-27",
        "sources_by_field": {
          "name": "osm",
          "address.street": "osm",
          "address.number": "osm",
          "address.postalcode": "osm",
          "address.city": "osm",
          "address.district": "osm"
        },
        "apple_id_attempted": "2026-08-12",
        "google_attempted": "2026-08-22",
        "payment": {}
      }
    },
    {
      "type": "Feature",
      "geometry": {
        "type": "Point",
        "coordinates": [
          10.3513568,
          51.4257062
        ]
      },
      "properties": {
        "id": "tk_thr_osm_w735156385",
        "name": "Brauerei Verkaufsshop",
        "address": {},
        "sources": [
          {
            "type": "osm",
            "id": "way/735156385",
            "version": 0
          }
        ],
        "created": "2026-05-29",
        "updated": "2026-07-27",
        "sources_by_field": {
          "name": "osm"
        },
        "apple_id_attempted": "2026-08-12",
        "google_attempted": "2026-08-22",
        "payment": {}
      }
    },
    {
      "type": "Feature",
      "geometry": {
        "type": "Point",
        "coordinates": [
          10.8084935,
          50.4153538
        ]
      },
      "properties": {
        "id": "tk_thr_osm_w742377042",
        "name": "Sagasser",
        "address": {},
        "sources": [
          {
            "type": "osm",
            "id": "way/742377042",
            "version": 0
          },
          {
            "type": "gmaps",
            "id": "ChIJbeGL-se4o0cRCkb_jAUDq0Y"
          }
        ],
        "created": "2026-05-29",
        "updated": "2026-07-31",
        "tags": [
          "barrierefrei"
        ],
        "sources_by_field": {
          "name": "osm",
          "payment.cards": "google",
          "payment.contactless": "google",
          "payment.girocard": "google",
          "hours": "google"
        },
        "apple_id_attempted": "2026-08-12",
        "google_attempted": "2026-07-31",
        "payment": {
          "cards": "yes",
          "contactless": "yes",
          "girocard": "yes"
        },
        "osm_removed": true,
        "hours": {
          "raw": "Tu 08:00-19:00; Th 08:00-19:00; Fr 08:00-19:00; We 08:00-19:00; Mo 08:00-19:00; Sa 08:00-16:00"
        }
      }
    },
    {
      "type": "Feature",
      "geometry": {
        "type": "Point",
        "coordinates": [
          11.9111202,
          50.9667024
        ]
      },
      "properties": {
        "id": "tk_thr_osm_w858669196",
        "name": "Imbiss",
        "address": {},
        "sources": [
          {
            "type": "osm",
            "id": "way/858669196",
            "version": 0
          }
        ],
        "created": "2026-05-29",
        "updated": "2026-07-27",
        "sources_by_field": {
          "name": "osm"
        },
        "apple_id_attempted": "2026-08-12",
        "google_attempted": "2026-07-31",
        "payment": {}
      }
    },
    {
      "type": "Feature",
      "geometry": {
        "type": "Point",
        "coordinates": [
          11.5834605,
          50.6952933
        ]
      },
      "properties": {
        "id": "tk_thr_osm_w87202557",
        "name": "TOP-Getränke Poehag",
        "address": {
          "street": "Schlettweiner Weg",
          "postalcode": "07381",
          "city": "Pößneck"
        },
        "sources": [
          {
            "type": "osm",
            "id": "way/87202557",
            "version": 0
          }
        ],
        "created": "2026-05-29",
        "updated": "2026-07-27",
        "sources_by_field": {
          "name": "osm",
          "address.street": "osm",
          "address.postalcode": "osm",
          "address.city": "osm"
        },
        "apple_id_attempted": "2026-08-12",
        "google_attempted": "2026-07-31",
        "payment": {}
      }
    },
    {
      "type": "Feature",
      "geometry": {
        "type": "Point",
        "coordinates": [
          11.2561824,
          50.6875896
        ]
      },
      "properties": {
        "id": "tk_thr_osm_w87691572",
        "name": "Wacholderhof",
        "address": {
          "street": "Wacholderweg",
          "number": "5",
          "postalcode": "07422",
          "city": "Bad Blankenburg"
        },
        "sources": [
          {
            "type": "osm",
            "id": "way/87691572",
            "version": 0
          }
        ],
        "created": "2026-05-29",
        "updated": "2026-07-27",
        "sources_by_field": {
          "name": "osm",
          "address.street": "osm",
          "address.number": "osm",
          "address.postalcode": "osm",
          "address.city": "osm"
        },
        "apple_id_attempted": "2026-08-12",
        "google_attempted": "2026-07-31",
        "payment": {}
      }
    },
    {
      "type": "Feature",
      "geometry": {
        "type": "Point",
        "coordinates": [
          11.1191825,
          50.6668631
        ]
      },
      "properties": {
        "id": "tk_thr_osm_w93859947",
        "name": "Shell",
        "address": {},
        "sources": [
          {
            "type": "osm",
            "id": "way/93859947",
            "version": 0
          }
        ],
        "created": "2026-05-29",
        "updated": "2026-07-27",
        "hours": {
          "raw": "Mo-Fr 06:00-21:00; Sa,Su 06:00-21:00"
        },
        "payment": {
          "cash": "unknown",
          "cards": "yes",
          "contactless": "unknown",
          "girocard": "unknown"
        },
        "sources_by_field": {
          "name": "osm",
          "hours": "osm",
          "payment.cash": "osm",
          "payment.cards": "osm",
          "payment.contactless": "osm",
          "payment.girocard": "osm"
        },
        "apple_id_attempted": "2026-08-12"
      }
    },
    {
      "type": "Feature",
      "geometry": {
        "type": "Point",
        "coordinates": [
          11.100895,
          50.6739416
        ]
      },
      "properties": {
        "id": "tk_thr_osm_w955276011",
        "name": "Kiosk",
        "address": {},
        "sources": [
          {
            "type": "osm",
            "id": "way/955276011",
            "version": 0
          }
        ],
        "created": "2026-05-29",
        "updated": "2026-07-27",
        "sources_by_field": {
          "name": "osm"
        },
        "apple_id_attempted": "2026-08-12",
        "google_attempted": "2026-07-31",
        "payment": {}
      }
    },
    {
      "type": "Feature",
      "geometry": {
        "type": "Point",
        "coordinates": [
          10.5411194,
          50.8623781
        ]
      },
      "properties": {
        "id": "tk_thr_osm_w975477799",
        "name": "Gruppenfotos Marienglashöhle",
        "address": {},
        "sources": [
          {
            "type": "osm",
            "id": "way/975477799",
            "version": 0
          }
        ],
        "created": "2026-05-29",
        "updated": "2026-07-27",
        "hours": {
          "raw": "Apr-Oct 10:00-17:00; Nov-Mar 10:00-16:00"
        },
        "sources_by_field": {
          "name": "osm",
          "hours": "osm"
        },
        "apple_id_attempted": "2026-08-12",
        "google_attempted": "2026-07-31",
        "payment": {}
      }
    }
  ]
}
